2026-06-22 15:55:02 [INFO   ] Log file: C:\Users\sandeep\Downloads\Claudes\investment\logs\ca_bulk_2026-06-22_15-55-02.log
2026-06-22 15:55:02 [INFO   ] 
2026-06-22 15:55:02 [INFO   ] ==============================================================
2026-06-22 15:55:02 [INFO   ] PROGRESS | Bulk CA import — goal 1000 new email(s), batch size 50
2026-06-22 15:55:02 [INFO   ] ==============================================================
2026-06-22 15:55:02 [INFO   ] 
2026-06-22 15:55:02 [INFO   ] ==============================================================
2026-06-22 15:55:02 [INFO   ] PROGRESS | Listing harvest — Audit | Maharashtra | Thane
2026-06-22 15:55:02 [INFO   ] ==============================================================
2026-06-22 15:55:04 [INFO   ] Opening CA Connect search page: https://caconnect.icai.org/search-your-ca
2026-06-22 15:55:09 [INFO   ] Selecting service=Audit state=Maharashtra city=Thane
2026-06-22 15:55:09 [INFO   ] City matched: Thane -> Dombivli
2026-06-22 15:55:13 [INFO   ] Search results URL: https://caconnect.icai.org/search?_token=DeCFmZoWHz3NJK7VfZ9DkdufCcxqlOKPg1JyAHEh&type=&services=Audit&state=Maharashtra&city=Dombivli
2026-06-22 15:55:14 [INFO   ] Members tab: 10 cards
2026-06-22 15:55:17 [INFO   ] CA Firms tab: 10 cards
2026-06-22 15:55:18 [INFO   ] Stored 9 new listing(s) (20 total on page) for Audit / Maharashtra / Thane
2026-06-22 15:55:18 [INFO   ] Enriching 9 profile(s) — Audit | Maharashtra | Thane (9 pending in this city)
2026-06-22 15:55:20 [INFO   ] Logging in to CA Connect as sandeepjain200019@gmail.com
2026-06-22 15:55:28 [INFO   ] Login OK — current URL: https://caconnect.icai.org/home
2026-06-22 15:55:31 [INFO   ] PROGRESS | CA Connect 1/9 | VEDHAS KIRAN KATPATAL | vedhaskk@gmail.com
2026-06-22 15:55:31 [INFO   ]   [1/9] VEDHAS KIRAN KATPATAL | vedhaskk@gmail.com
2026-06-22 15:55:36 [INFO   ] PROGRESS | CA Connect 2/9 | DAVID GEORGE & COMPANY | cadavidgc1811@gmail.com
2026-06-22 15:55:36 [INFO   ]   [2/9] DAVID GEORGE & COMPANY | cadavidgc1811@gmail.com
2026-06-22 15:55:42 [INFO   ] PROGRESS | CA Connect 3/9 | S M PRABHUDESAI & CO | santosh.prabhudesai@gmail.com
2026-06-22 15:55:42 [INFO   ]   [3/9] S M PRABHUDESAI & CO | santosh.prabhudesai@gmail.com
2026-06-22 15:55:47 [INFO   ] PROGRESS | CA Connect 4/9 | KEVAL NAGDA & CO | kevalnagda96@gmail.com
2026-06-22 15:55:47 [INFO   ]   [4/9] KEVAL NAGDA & CO | kevalnagda96@gmail.com
2026-06-22 15:55:52 [INFO   ] PROGRESS | CA Connect 5/9 | AMBEKAR SHELAR KARVE & AMBARDEKAR | suhas.ambekar@ca-aska.com
2026-06-22 15:55:52 [INFO   ]   [5/9] AMBEKAR SHELAR KARVE & AMBARDEKAR | suhas.ambekar@ca-aska.com
2026-06-22 15:55:57 [INFO   ] PROGRESS | CA Connect 6/9 | UMESH S PATWARI & ASSOCIATES | uspassociates@yahoo.co.in
2026-06-22 15:55:57 [INFO   ]   [6/9] UMESH S PATWARI & ASSOCIATES | uspassociates@yahoo.co.in
2026-06-22 15:56:02 [INFO   ] PROGRESS | CA Connect 7/9 | A Y KALE & ASSOCIATES | aishkale36@gmail.com
2026-06-22 15:56:02 [INFO   ]   [7/9] A Y KALE & ASSOCIATES | aishkale36@gmail.com
2026-06-22 15:56:07 [INFO   ] PROGRESS | CA Connect 8/9 | S V CHITRE & CO | sanjay_chitre2002@yahoo.co.in
2026-06-22 15:56:07 [INFO   ]   [8/9] S V CHITRE & CO | sanjay_chitre2002@yahoo.co.in
2026-06-22 15:56:13 [INFO   ] PROGRESS | CA Connect 9/9 | MOHINI K & ASSOCIATES | mohinilokhande89@gmail.com
2026-06-22 15:56:13 [INFO   ]   [9/9] MOHINI K & ASSOCIATES | mohinilokhande89@gmail.com
2026-06-22 15:56:13 [INFO   ] Batch done — 9 new email(s) this batch | run total 9 / 1000
2026-06-22 15:56:13 [INFO   ] 
2026-06-22 15:56:13 [INFO   ] ==============================================================
2026-06-22 15:56:13 [INFO   ] PROGRESS | Listing harvest — Audit | Maharashtra | Aurangabad
2026-06-22 15:56:13 [INFO   ] ==============================================================
2026-06-22 15:56:14 [INFO   ] Opening CA Connect search page: https://caconnect.icai.org/search-your-ca
2026-06-22 15:56:19 [INFO   ] Selecting service=Audit state=Maharashtra city=Aurangabad
2026-06-22 15:56:19 [INFO   ] City matched: Aurangabad -> Aurangabad (MH)
2026-06-22 15:56:23 [INFO   ] Search results URL: https://caconnect.icai.org/search?_token=vqssJ3GNiWI7wJMmPUieDWqwgH2WZWCTYaWqjUOx&type=&services=Audit&state=Maharashtra&city=Aurangabad+%28MH%29
2026-06-22 15:56:25 [INFO   ] Members tab: 48 cards
2026-06-22 15:56:32 [INFO   ] CA Firms tab: 48 cards
2026-06-22 15:56:32 [INFO   ] Stored 44 new listing(s) (96 total on page) for Audit / Maharashtra / Aurangabad
2026-06-22 15:56:32 [INFO   ] Enriching 44 profile(s) — Audit | Maharashtra | Aurangabad (44 pending in this city)
2026-06-22 15:56:34 [INFO   ] Logging in to CA Connect as sandeepjain200019@gmail.com
2026-06-22 15:56:41 [INFO   ] Login OK — current URL: https://caconnect.icai.org/home
2026-06-22 15:56:45 [INFO   ] PROGRESS | CA Connect 1/44 | MOHAMMED FARHAN MOHAMMAD FAROOQUE SAQUI | mdfarhansaqui@gmail.com
2026-06-22 15:56:45 [INFO   ]   [1/44] MOHAMMED FARHAN MOHAMMAD FAROOQUE SAQUI | mdfarhansaqui@gmail.com
2026-06-22 15:56:50 [INFO   ] PROGRESS | CA Connect 2/44 | SIDDHARTH MAHAVIR SODANI | sidsodani21@gmail.com
2026-06-22 15:56:50 [INFO   ]   [2/44] SIDDHARTH MAHAVIR SODANI | sidsodani21@gmail.com
2026-06-22 15:56:55 [INFO   ] PROGRESS | CA Connect 3/44 | AKASH SANDEEP SETHI | aakash05595@gmail.com
2026-06-22 15:56:55 [INFO   ]   [3/44] AKASH SANDEEP SETHI | aakash05595@gmail.com
2026-06-22 15:57:01 [INFO   ] PROGRESS | CA Connect 4/44 | RISHIKESH DEVICHANDLAL JAISWAL | ca.rdjaiswal@gmail.com
2026-06-22 15:57:01 [INFO   ]   [4/44] RISHIKESH DEVICHANDLAL JAISWAL | ca.rdjaiswal@gmail.com
2026-06-22 15:57:06 [INFO   ] PROGRESS | CA Connect 5/44 | RUSHIKESH SATYANARAYAN MUNDADA | rushimundada11@gmail.com
2026-06-22 15:57:06 [INFO   ]   [5/44] RUSHIKESH SATYANARAYAN MUNDADA | rushimundada11@gmail.com
2026-06-22 15:57:11 [INFO   ] PROGRESS | CA Connect 6/44 | VASUNDHARA SANJEEV RASAL | vsrasal@yahoo.co.in
2026-06-22 15:57:11 [INFO   ]   [6/44] VASUNDHARA SANJEEV RASAL | vsrasal@yahoo.co.in
2026-06-22 15:57:17 [INFO   ] PROGRESS | CA Connect 7/44 | SAURABH SUBODH AGRAWAL | casaurabhsagrawal@gmail.com
2026-06-22 15:57:17 [INFO   ]   [7/44] SAURABH SUBODH AGRAWAL | casaurabhsagrawal@gmail.com
2026-06-22 15:57:22 [INFO   ] PROGRESS | CA Connect 8/44 | ABHIJEET RATNAKAR PATIL | capatilabhijeet@gmail.com
2026-06-22 15:57:22 [INFO   ]   [8/44] ABHIJEET RATNAKAR PATIL | capatilabhijeet@gmail.com
2026-06-22 15:57:28 [INFO   ] PROGRESS | CA Connect 9/44 | PRIYANKA SANJAY THIGALE | priyankathigale20@gmail.com
2026-06-22 15:57:28 [INFO   ]   [9/44] PRIYANKA SANJAY THIGALE | priyankathigale20@gmail.com
2026-06-22 15:57:33 [INFO   ] PROGRESS | CA Connect 10/44 | PRATIK RAJENDRA DHOOT | pratikrdhoot.96@gmail.com
2026-06-22 15:57:33 [INFO   ]   [10/44] PRATIK RAJENDRA DHOOT | pratikrdhoot.96@gmail.com
2026-06-22 15:57:38 [INFO   ] PROGRESS | CA Connect 11/44 | PANKAJ PRADIPRAO DAWALKAR | capankaj.dawalkar@gmail.com
2026-06-22 15:57:38 [INFO   ]   [11/44] PANKAJ PRADIPRAO DAWALKAR | capankaj.dawalkar@gmail.com
2026-06-22 15:57:44 [INFO   ] PROGRESS | CA Connect 12/44 | SANJOG JAIN | ca.sanjogrjain@gmail.com
2026-06-22 15:57:44 [INFO   ]   [12/44] SANJOG JAIN | ca.sanjogrjain@gmail.com
2026-06-22 15:57:49 [INFO   ] PROGRESS | CA Connect 13/44 | AMOL BHIKKAN BADAK | caamolbbadak@gmail.com
2026-06-22 15:57:49 [INFO   ]   [13/44] AMOL BHIKKAN BADAK | caamolbbadak@gmail.com
2026-06-22 15:57:54 [INFO   ] PROGRESS | CA Connect 14/44 | AMIT SUNIL TAWANI | caamittawani@gmail.com
2026-06-22 15:57:54 [INFO   ]   [14/44] AMIT SUNIL TAWANI | caamittawani@gmail.com
2026-06-22 15:57:59 [INFO   ] PROGRESS | CA Connect 15/44 | SACHIN SHANTILAL JAISWAL | sachin.sjaiswal2309@gmail.com
2026-06-22 15:57:59 [INFO   ]   [15/44] SACHIN SHANTILAL JAISWAL | sachin.sjaiswal2309@gmail.com
2026-06-22 15:58:04 [INFO   ] PROGRESS | CA Connect 16/44 | ANAND RATANLALJI NAHAR | anandrnahar@gmail.com
2026-06-22 15:58:04 [INFO   ]   [16/44] ANAND RATANLALJI NAHAR | anandrnahar@gmail.com
2026-06-22 15:58:09 [INFO   ] PROGRESS | CA Connect 17/44 | DEEPAK DHOOT & ASSOCIATES | dhoot_deepak@rediffmail.com
2026-06-22 15:58:09 [INFO   ]   [17/44] DEEPAK DHOOT & ASSOCIATES | dhoot_deepak@rediffmail.com
2026-06-22 15:58:14 [INFO   ] PROGRESS | CA Connect 18/44 | KRISHNA SOMANI & ASSOCIATES | krishnasomani0904@gmail.com
2026-06-22 15:58:14 [INFO   ]   [18/44] KRISHNA SOMANI & ASSOCIATES | krishnasomani0904@gmail.com
2026-06-22 15:58:20 [INFO   ] PROGRESS | CA Connect 19/44 | R K MAGAR & ASSOCIATES | rkmaca@gmail.com
2026-06-22 15:58:20 [INFO   ]   [19/44] R K MAGAR & ASSOCIATES | rkmaca@gmail.com
2026-06-22 15:58:25 [INFO   ] PROGRESS | CA Connect 20/44 | CHARKHA BAJAJ & ASSOCIATES | charkha.bajaj@gmail.com
2026-06-22 15:58:25 [INFO   ]   [20/44] CHARKHA BAJAJ & ASSOCIATES | charkha.bajaj@gmail.com
2026-06-22 15:58:30 [INFO   ] PROGRESS | CA Connect 21/44 | DATTARAJ & CO | dattaraj.meshram@rediffmail.com
2026-06-22 15:58:30 [INFO   ]   [21/44] DATTARAJ & CO | dattaraj.meshram@rediffmail.com
2026-06-22 15:58:35 [INFO   ] PROGRESS | CA Connect 22/44 | A P RAWKA & ASSOCIATES | caaprawka@gmail.com
2026-06-22 15:58:35 [INFO   ]   [22/44] A P RAWKA & ASSOCIATES | caaprawka@gmail.com
2026-06-22 15:58:41 [INFO   ] PROGRESS | CA Connect 23/44 | G M QUAZI & ASSOCIATES | quaziandassociates@gmail.com
2026-06-22 15:58:41 [INFO   ]   [23/44] G M QUAZI & ASSOCIATES | quaziandassociates@gmail.com
2026-06-22 15:58:46 [INFO   ] PROGRESS | CA Connect 24/44 | SHUBHAM METHI & ASSOCIATES | cashubhammethi@gmail.com
2026-06-22 15:58:46 [INFO   ]   [24/44] SHUBHAM METHI & ASSOCIATES | cashubhammethi@gmail.com
2026-06-22 15:58:51 [INFO   ] PROGRESS | CA Connect 25/44 | YADKIKAR & CHANDAK | yadkikar@rediffmail.com
2026-06-22 15:58:51 [INFO   ]   [25/44] YADKIKAR & CHANDAK | yadkikar@rediffmail.com
2026-06-22 15:58:56 [INFO   ] PROGRESS | CA Connect 26/44 | L B & COMPANY | ca.silkybedmutha@gmail.com
2026-06-22 15:58:56 [INFO   ]   [26/44] L B & COMPANY | ca.silkybedmutha@gmail.com
2026-06-22 15:59:02 [INFO   ] PROGRESS | CA Connect 27/44 | PATNI & PATNI | patnipalash94@gmail.com
2026-06-22 15:59:02 [INFO   ]   [27/44] PATNI & PATNI | patnipalash94@gmail.com
2026-06-22 15:59:07 [INFO   ] PROGRESS | CA Connect 28/44 | S V BADJATE & ASSOCIATES | cashubhambadjate@gmail.com
2026-06-22 15:59:07 [INFO   ]   [28/44] S V BADJATE & ASSOCIATES | cashubhambadjate@gmail.com
2026-06-22 15:59:12 [INFO   ] PROGRESS | CA Connect 29/44 | KESHAV ARDAD & ASSOCIATES | ardadkeshav@gmail.com
2026-06-22 15:59:12 [INFO   ]   [29/44] KESHAV ARDAD & ASSOCIATES | ardadkeshav@gmail.com
2026-06-22 15:59:18 [INFO   ] PROGRESS | CA Connect 30/44 | SHUBHAM CHHAJED & ASSOCIATES | cshubham2@gmail.com
2026-06-22 15:59:18 [INFO   ]   [30/44] SHUBHAM CHHAJED & ASSOCIATES | cshubham2@gmail.com
2026-06-22 15:59:23 [INFO   ] PROGRESS | CA Connect 31/44 | N V M & ASSOCIATES | nsmalpani@hotmail.com
2026-06-22 15:59:23 [INFO   ]   [31/44] N V M & ASSOCIATES | nsmalpani@hotmail.com
2026-06-22 15:59:28 [INFO   ] PROGRESS | CA Connect 32/44 | CHARKHA & GATTANI | hedapriya17@gmail.com
2026-06-22 15:59:28 [INFO   ]   [32/44] CHARKHA & GATTANI | hedapriya17@gmail.com
2026-06-22 15:59:33 [INFO   ] PROGRESS | CA Connect 33/44 | A L S AND ASSOCIATES | casagarsomani@gmail.com
2026-06-22 15:59:33 [INFO   ]   [33/44] A L S AND ASSOCIATES | casagarsomani@gmail.com
2026-06-22 15:59:39 [INFO   ] PROGRESS | CA Connect 34/44 | AKASH NAVPUTE & ASSOCIATES | akash.navpute1@gmail.com
2026-06-22 15:59:39 [INFO   ]   [34/44] AKASH NAVPUTE & ASSOCIATES | akash.navpute1@gmail.com
2026-06-22 15:59:44 [INFO   ] PROGRESS | CA Connect 35/44 | KUNAL TARGHALE & CO | ca.targhalekunal@gmail.com
2026-06-22 15:59:44 [INFO   ]   [35/44] KUNAL TARGHALE & CO | ca.targhalekunal@gmail.com
2026-06-22 15:59:49 [INFO   ] PROGRESS | CA Connect 36/44 | KUNAL KABRA AND ASSOCIATES | kunalkabra@gmail.com
2026-06-22 15:59:49 [INFO   ]   [36/44] KUNAL KABRA AND ASSOCIATES | kunalkabra@gmail.com
2026-06-22 15:59:54 [INFO   ] PROGRESS | CA Connect 37/44 | PRATIK DILIP AGRAWAL & ASSOCIATES | ca.pratik02@gmail.com
2026-06-22 15:59:54 [INFO   ]   [37/44] PRATIK DILIP AGRAWAL & ASSOCIATES | ca.pratik02@gmail.com
2026-06-22 15:59:59 [INFO   ] PROGRESS | CA Connect 38/44 | KUMAR KARWA & ASSOCIATES | karwa3734@gmail.com
2026-06-22 15:59:59 [INFO   ]   [38/44] KUMAR KARWA & ASSOCIATES | karwa3734@gmail.com
2026-06-22 16:00:05 [INFO   ] PROGRESS | CA Connect 39/44 | CHETAN A JAIN AND ASSOCIATES | cajainchetan1008@gmail.com
2026-06-22 16:00:05 [INFO   ]   [39/44] CHETAN A JAIN AND ASSOCIATES | cajainchetan1008@gmail.com
2026-06-22 16:00:10 [INFO   ] PROGRESS | CA Connect 40/44 | PRATIK BADJATE & ASSOCIATES | capratikbadjate@gmail.com
2026-06-22 16:00:10 [INFO   ]   [40/44] PRATIK BADJATE & ASSOCIATES | capratikbadjate@gmail.com
2026-06-22 16:00:16 [INFO   ] PROGRESS | CA Connect 41/44 | YASH PATNI & ASSOCIATES | yashpatni5858@gmail.com
2026-06-22 16:00:16 [INFO   ]   [41/44] YASH PATNI & ASSOCIATES | yashpatni5858@gmail.com
2026-06-22 16:00:21 [INFO   ] PROGRESS | CA Connect 42/44 | SANTOSH SAKHARE & ASSOCIATES | stsakhare@gmail.com
2026-06-22 16:00:21 [INFO   ]   [42/44] SANTOSH SAKHARE & ASSOCIATES | stsakhare@gmail.com
2026-06-22 16:00:26 [INFO   ] PROGRESS | CA Connect 43/44 | DHANANJAY WARUDIKAR & CO | djgaldhar@gmail.com
2026-06-22 16:00:26 [INFO   ]   [43/44] DHANANJAY WARUDIKAR & CO | djgaldhar@gmail.com
2026-06-22 16:00:32 [INFO   ] PROGRESS | CA Connect 44/44 | GAURAV GADEKAR & ASSOCIATES | gaurav.gadekar@mail.ca.in
2026-06-22 16:00:32 [INFO   ]   [44/44] GAURAV GADEKAR & ASSOCIATES | gaurav.gadekar@mail.ca.in
2026-06-22 16:00:32 [INFO   ] Batch done — 44 new email(s) this batch | run total 53 / 1000
2026-06-22 16:00:32 [INFO   ] 
2026-06-22 16:00:32 [INFO   ] ==============================================================
2026-06-22 16:00:32 [INFO   ] PROGRESS | Listing harvest — Audit | Karnataka | Bengaluru
2026-06-22 16:00:32 [INFO   ] ==============================================================
2026-06-22 16:00:33 [INFO   ] Opening CA Connect search page: https://caconnect.icai.org/search-your-ca
2026-06-22 16:00:39 [INFO   ] Selecting service=Audit state=Karnataka city=Bengaluru
2026-06-22 16:00:39 [INFO   ] City matched: Bengaluru -> Bangalore
2026-06-22 16:00:43 [INFO   ] Search results URL: https://caconnect.icai.org/search?_token=YkRyjZBmY52w1x5eUX5vL6Ad22NmiTzurGekPQ62&type=&services=Audit&state=Karnataka&city=Bangalore
2026-06-22 16:00:58 [INFO   ] Members tab: 166 cards
2026-06-22 16:01:16 [INFO   ] CA Firms tab: 166 cards
2026-06-22 16:01:16 [INFO   ] Stored 166 new listing(s) (332 total on page) for Audit / Karnataka / Bengaluru
2026-06-22 16:01:16 [INFO   ] Enriching 50 profile(s) — Audit | Karnataka | Bengaluru (166 pending in this city)
2026-06-22 16:01:17 [INFO   ] Logging in to CA Connect as sandeepjain200019@gmail.com
2026-06-22 16:01:25 [INFO   ] Login OK — current URL: https://caconnect.icai.org/home
2026-06-22 16:01:29 [INFO   ] PROGRESS | CA Connect 1/50 | POONAM LOHIYA | poonamsinghal07@gmail.com
2026-06-22 16:01:29 [INFO   ]   [1/50] POONAM LOHIYA | poonamsinghal07@gmail.com
2026-06-22 16:01:34 [INFO   ] PROGRESS | CA Connect 2/50 | MAHESH A | mahesh@primeaccounting.in
2026-06-22 16:01:34 [INFO   ]   [2/50] MAHESH A | mahesh@primeaccounting.in
2026-06-22 16:01:39 [INFO   ] PROGRESS | CA Connect 3/50 | RAGHUNATH RAMACHANDRA | raghuraghunath006@gmail.com
2026-06-22 16:01:39 [INFO   ]   [3/50] RAGHUNATH RAMACHANDRA | raghuraghunath006@gmail.com
2026-06-22 16:01:44 [INFO   ] PROGRESS | CA Connect 4/50 | RUDRABHATLA PRAVEEN | prawiinca@gmail.com
2026-06-22 16:01:44 [INFO   ]   [4/50] RUDRABHATLA PRAVEEN | prawiinca@gmail.com
2026-06-22 16:01:49 [INFO   ] PROGRESS | CA Connect 5/50 | JAIN K SHAJI | cashajihsr@gmail.com
2026-06-22 16:01:49 [INFO   ]   [5/50] JAIN K SHAJI | cashajihsr@gmail.com
2026-06-22 16:01:54 [INFO   ] PROGRESS | CA Connect 6/50 | SANGMESH PRABHU RAO YELSHATTI | ca.sangmesh@gmail.com
2026-06-22 16:01:54 [INFO   ]   [6/50] SANGMESH PRABHU RAO YELSHATTI | ca.sangmesh@gmail.com
2026-06-22 16:02:00 [INFO   ] PROGRESS | CA Connect 7/50 | SOUNDARAM PADMANABHAN | padmanabhan_2654@yahoo.co.in
2026-06-22 16:02:00 [INFO   ]   [7/50] SOUNDARAM PADMANABHAN | padmanabhan_2654@yahoo.co.in
2026-06-22 16:02:05 [INFO   ] PROGRESS | CA Connect 8/50 | PRASHANTH K N | caprashanth.kn@gmail.com
2026-06-22 16:02:05 [INFO   ]   [8/50] PRASHANTH K N | caprashanth.kn@gmail.com
2026-06-22 16:02:10 [INFO   ] PROGRESS | CA Connect 9/50 | SANKARAN VARADARAJAN | 020055@icai.org
2026-06-22 16:02:10 [INFO   ]   [9/50] SANKARAN VARADARAJAN | 020055@icai.org
2026-06-22 16:02:15 [INFO   ] PROGRESS | CA Connect 10/50 | BABU HAMSA DILEEP | dileep@bhdandassociates.com
2026-06-22 16:02:15 [INFO   ]   [10/50] BABU HAMSA DILEEP | dileep@bhdandassociates.com
2026-06-22 16:02:20 [INFO   ] PROGRESS | CA Connect 11/50 | KAVASSERY NARAYANA RAMACHANDRAN | rabaya369@gmail.com
2026-06-22 16:02:20 [INFO   ]   [11/50] KAVASSERY NARAYANA RAMACHANDRAN | rabaya369@gmail.com
2026-06-22 16:02:25 [INFO   ] PROGRESS | CA Connect 12/50 | VRUTI MEHTA | vrutimehta02@gmail.com
2026-06-22 16:02:25 [INFO   ]   [12/50] VRUTI MEHTA | vrutimehta02@gmail.com
2026-06-22 16:02:31 [INFO   ] PROGRESS | CA Connect 13/50 | MUKESH P SHET | ca.mukesh.in@gmail.com
2026-06-22 16:02:31 [INFO   ]   [13/50] MUKESH P SHET | ca.mukesh.in@gmail.com
2026-06-22 16:02:36 [INFO   ] PROGRESS | CA Connect 14/50 | GURRAM ASHOK KUMAR | gurramashokkumar@gmail.com
2026-06-22 16:02:36 [INFO   ]   [14/50] GURRAM ASHOK KUMAR | gurramashokkumar@gmail.com
2026-06-22 16:02:41 [INFO   ] PROGRESS | CA Connect 15/50 | AYUSH BAPNA | ayushbapna99@gmail.com
2026-06-22 16:02:41 [INFO   ]   [15/50] AYUSH BAPNA | ayushbapna99@gmail.com
2026-06-22 16:02:46 [INFO   ] PROGRESS | CA Connect 16/50 | KORLAKUNTA LAKSHMINARAYANA | klncacma@gmail.com
2026-06-22 16:02:46 [INFO   ]   [16/50] KORLAKUNTA LAKSHMINARAYANA | klncacma@gmail.com
2026-06-22 16:02:52 [INFO   ] PROGRESS | CA Connect 17/50 | SAKTHIVEL T | shakthivel71825@gmail.com
2026-06-22 16:02:52 [INFO   ]   [17/50] SAKTHIVEL T | shakthivel71825@gmail.com
2026-06-22 16:02:57 [INFO   ] PROGRESS | CA Connect 18/50 | VENKATESH SRINIVAS KIKKERI | venkateshkikkeri@rediffmail.com
2026-06-22 16:02:57 [INFO   ]   [18/50] VENKATESH SRINIVAS KIKKERI | venkateshkikkeri@rediffmail.com
2026-06-22 16:03:02 [INFO   ] PROGRESS | CA Connect 19/50 | EPPE RAMARAJU | epperamaraju55@gmail.com
2026-06-22 16:03:02 [INFO   ]   [19/50] EPPE RAMARAJU | epperamaraju55@gmail.com
2026-06-22 16:03:08 [INFO   ] PROGRESS | CA Connect 20/50 | GIRISH RAVIKUMAR BANDODAKAR | cagirishbandodakar@gmail.com
2026-06-22 16:03:08 [INFO   ]   [20/50] GIRISH RAVIKUMAR BANDODAKAR | cagirishbandodakar@gmail.com
2026-06-22 16:03:13 [INFO   ] PROGRESS | CA Connect 21/50 | NIRANJAN K | knvn123@gmail.com
2026-06-22 16:03:13 [INFO   ]   [21/50] NIRANJAN K | knvn123@gmail.com
2026-06-22 16:03:18 [INFO   ] PROGRESS | CA Connect 22/50 | MADHUSUDHAN V | pad50141@gmail.com
2026-06-22 16:03:18 [INFO   ]   [22/50] MADHUSUDHAN V | pad50141@gmail.com
2026-06-22 16:03:23 [INFO   ] PROGRESS | CA Connect 23/50 | RAJESH S P | rajeshsp@caspr.in
2026-06-22 16:03:23 [INFO   ]   [23/50] RAJESH S P | rajeshsp@caspr.in
2026-06-22 16:03:29 [INFO   ] PROGRESS | CA Connect 24/50 | KRISHNA PRASAD B K | prasad_belur@hotmail.com
2026-06-22 16:03:29 [INFO   ]   [24/50] KRISHNA PRASAD B K | prasad_belur@hotmail.com
2026-06-22 16:03:34 [INFO   ] PROGRESS | CA Connect 25/50 | RAJASEKHAR SETTY R | rajasekharr21@yahoo.com
2026-06-22 16:03:34 [INFO   ]   [25/50] RAJASEKHAR SETTY R | rajasekharr21@yahoo.com
2026-06-22 16:03:39 [INFO   ] PROGRESS | CA Connect 26/50 | RAJA GOPALA SETTY ESTURI NANDAKISHORE | dna.cananda@gmail.com
2026-06-22 16:03:39 [INFO   ]   [26/50] RAJA GOPALA SETTY ESTURI NANDAKISHORE | dna.cananda@gmail.com
2026-06-22 16:03:45 [INFO   ] PROGRESS | CA Connect 27/50 | MOHD SWALEH | swaleh.b.com@gmail.com
2026-06-22 16:03:45 [INFO   ]   [27/50] MOHD SWALEH | swaleh.b.com@gmail.com
2026-06-22 16:03:50 [INFO   ] PROGRESS | CA Connect 28/50 | MARGARETE SADAMAL | ca.margarete@gmail.com
2026-06-22 16:03:50 [INFO   ]   [28/50] MARGARETE SADAMAL | ca.margarete@gmail.com
2026-06-22 16:03:55 [INFO   ] PROGRESS | CA Connect 29/50 | ASLAM PASHA | caaslampasha@gmail.com
2026-06-22 16:03:55 [INFO   ]   [29/50] ASLAM PASHA | caaslampasha@gmail.com
2026-06-22 16:04:00 [INFO   ] PROGRESS | CA Connect 30/50 | NAMA AVINASH | avinashnamaassociates@gmail.com
2026-06-22 16:04:00 [INFO   ]   [30/50] NAMA AVINASH | avinashnamaassociates@gmail.com
2026-06-22 16:04:05 [INFO   ] PROGRESS | CA Connect 31/50 | VINOD KUMAR K G | vkumar02.93@gmail.com
2026-06-22 16:04:05 [INFO   ]   [31/50] VINOD KUMAR K G | vkumar02.93@gmail.com
2026-06-22 16:04:11 [INFO   ] PROGRESS | CA Connect 32/50 | BRINDA SHREE A | brindashree@hotmail.com
2026-06-22 16:04:11 [INFO   ]   [32/50] BRINDA SHREE A | brindashree@hotmail.com
2026-06-22 16:04:16 [INFO   ] PROGRESS | CA Connect 33/50 | MRIDUL AGARWAL | mridul1992@gmail.com
2026-06-22 16:04:16 [INFO   ]   [33/50] MRIDUL AGARWAL | mridul1992@gmail.com
2026-06-22 16:04:21 [INFO   ] PROGRESS | CA Connect 34/50 | UMA MAHESWAR DEVATA | uma_mahe338@yahoo.co.in
2026-06-22 16:04:21 [INFO   ]   [34/50] UMA MAHESWAR DEVATA | uma_mahe338@yahoo.co.in
2026-06-22 16:04:26 [INFO   ] PROGRESS | CA Connect 35/50 | CHETAN VASANT HADIMANE | chetuhadimane87@gmail.com
2026-06-22 16:04:26 [INFO   ]   [35/50] CHETAN VASANT HADIMANE | chetuhadimane87@gmail.com
2026-06-22 16:04:31 [INFO   ] PROGRESS | CA Connect 36/50 | SRI GANESH M DONTHI | ganeshh9999@gmail.com
2026-06-22 16:04:31 [INFO   ]   [36/50] SRI GANESH M DONTHI | ganeshh9999@gmail.com
2026-06-22 16:04:36 [INFO   ] PROGRESS | CA Connect 37/50 | BHARATHKUMAR K V | bharathkvhegde@gmail.com
2026-06-22 16:04:36 [INFO   ]   [37/50] BHARATHKUMAR K V | bharathkvhegde@gmail.com
2026-06-22 16:04:42 [INFO   ] PROGRESS | CA Connect 38/50 | JAYARAJA B C | jayarajanaidubc@gmail.com
2026-06-22 16:04:42 [INFO   ]   [38/50] JAYARAJA B C | jayarajanaidubc@gmail.com
2026-06-22 16:04:47 [INFO   ] PROGRESS | CA Connect 39/50 | SUNIL PUTTY A | sunilputty3@gmail.com
2026-06-22 16:04:47 [INFO   ]   [39/50] SUNIL PUTTY A | sunilputty3@gmail.com
2026-06-22 16:04:52 [INFO   ] PROGRESS | CA Connect 40/50 | RAVI SHANKAR B R | ravishankarbr@protonmail.com
2026-06-22 16:04:52 [INFO   ]   [40/50] RAVI SHANKAR B R | ravishankarbr@protonmail.com
2026-06-22 16:04:58 [INFO   ] PROGRESS | CA Connect 41/50 | KEERTHANA YATHIRAJ | ca.keerthanay@gmail.com
2026-06-22 16:04:58 [INFO   ]   [41/50] KEERTHANA YATHIRAJ | ca.keerthanay@gmail.com
2026-06-22 16:05:03 [INFO   ] PROGRESS | CA Connect 42/50 | YANAMALA LOKESH REDDY | calokeshreddy7@gmail.com
2026-06-22 16:05:03 [INFO   ]   [42/50] YANAMALA LOKESH REDDY | calokeshreddy7@gmail.com
2026-06-22 16:05:08 [INFO   ] PROGRESS | CA Connect 43/50 | DASH PINAKI DUTTA | pinaki.dash@gmail.com
2026-06-22 16:05:08 [INFO   ]   [43/50] DASH PINAKI DUTTA | pinaki.dash@gmail.com
2026-06-22 16:05:13 [INFO   ] PROGRESS | CA Connect 44/50 | CHANDRASHEKAR S J | chandru.sj07@gmail.com
2026-06-22 16:05:13 [INFO   ]   [44/50] CHANDRASHEKAR S J | chandru.sj07@gmail.com
2026-06-22 16:05:18 [INFO   ] PROGRESS | CA Connect 45/50 | NEHA JAIN | canehajain06@gmail.com
2026-06-22 16:05:18 [INFO   ]   [45/50] NEHA JAIN | canehajain06@gmail.com
2026-06-22 16:05:23 [INFO   ] PROGRESS | CA Connect 46/50 | AMARESHA K | caamaresha@gmail.com
2026-06-22 16:05:23 [INFO   ]   [46/50] AMARESHA K | caamaresha@gmail.com
2026-06-22 16:05:29 [INFO   ] PROGRESS | CA Connect 47/50 | SATHYANARAYANA PRASAD S | ssprasadca@gmail.com
2026-06-22 16:05:29 [INFO   ]   [47/50] SATHYANARAYANA PRASAD S | ssprasadca@gmail.com
2026-06-22 16:05:34 [INFO   ] PROGRESS | CA Connect 48/50 | VIRUPAKSH HIPPARAGI | vhipparagi@gmail.com
2026-06-22 16:05:34 [INFO   ]   [48/50] VIRUPAKSH HIPPARAGI | vhipparagi@gmail.com
2026-06-22 16:05:39 [INFO   ] PROGRESS | CA Connect 49/50 | MANOJ KUMAR G | mk@cagraj.com
2026-06-22 16:05:39 [INFO   ]   [49/50] MANOJ KUMAR G | mk@cagraj.com
2026-06-22 16:05:44 [INFO   ] PROGRESS | CA Connect 50/50 | ELANGOVAN AND ASSOCIATES LLP | elangovan@enaca.in
2026-06-22 16:05:44 [INFO   ]   [50/50] ELANGOVAN AND ASSOCIATES LLP | elangovan@enaca.in
2026-06-22 16:05:45 [INFO   ] Batch done — 50 new email(s) this batch | run total 103 / 1000
2026-06-22 16:05:45 [INFO   ] Enriching 50 profile(s) — Audit | Karnataka | Bengaluru (116 pending in this city)
2026-06-22 16:05:46 [INFO   ] Logging in to CA Connect as sandeepjain200019@gmail.com
2026-06-22 16:05:55 [INFO   ] Login OK — current URL: https://caconnect.icai.org/home
2026-06-22 16:05:59 [INFO   ] PROGRESS | CA Connect 1/50 | MAHESH V & ASSOCIATES | mahesh@mvassociates.in
2026-06-22 16:05:59 [INFO   ]   [1/50] MAHESH V & ASSOCIATES | mahesh@mvassociates.in
2026-06-22 16:06:04 [INFO   ] PROGRESS | CA Connect 2/50 | CHANDRA & GURUKAR | ajaneshgurukar@gmail.com
2026-06-22 16:06:04 [INFO   ]   [2/50] CHANDRA & GURUKAR | ajaneshgurukar@gmail.com
2026-06-22 16:06:09 [INFO   ] PROGRESS | CA Connect 3/50 | S V R Y & CO | shivanaiduca@gmail.com
2026-06-22 16:06:09 [INFO   ]   [3/50] S V R Y & CO | shivanaiduca@gmail.com
2026-06-22 16:06:14 [INFO   ] PROGRESS | CA Connect 4/50 | VIKRAM VARMA & CO | g.vikramvarma9866@gmail.com
2026-06-22 16:06:14 [INFO   ]   [4/50] VIKRAM VARMA & CO | g.vikramvarma9866@gmail.com
2026-06-22 16:06:20 [INFO   ] PROGRESS | CA Connect 5/50 | U D R & ASSOCIATES | udrassociates@gmail.com
2026-06-22 16:06:20 [INFO   ]   [5/50] U D R & ASSOCIATES | udrassociates@gmail.com
2026-06-22 16:06:25 [INFO   ] PROGRESS | CA Connect 6/50 | SHAMANTH & CO | shamanthk99@gmail.com
2026-06-22 16:06:25 [INFO   ]   [6/50] SHAMANTH & CO | shamanthk99@gmail.com
2026-06-22 16:06:30 [INFO   ] PROGRESS | CA Connect 7/50 | CHANDAN SHANBHOGUE Y & ASSOCIATES | chandanshanbhogue@gmail.com
2026-06-22 16:06:30 [INFO   ]   [7/50] CHANDAN SHANBHOGUE Y & ASSOCIATES | chandanshanbhogue@gmail.com
2026-06-22 16:06:35 [INFO   ] PROGRESS | CA Connect 8/50 | SANJEEV K & CO | sanjeevkumar142@gmail.com
2026-06-22 16:06:35 [INFO   ]   [8/50] SANJEEV K & CO | sanjeevkumar142@gmail.com
2026-06-22 16:06:41 [INFO   ] PROGRESS | CA Connect 9/50 | C S N V & ASSOCIATES | nagarajaca2005@gmail.com
2026-06-22 16:06:41 [INFO   ]   [9/50] C S N V & ASSOCIATES | nagarajaca2005@gmail.com
2026-06-22 16:06:46 [INFO   ] PROGRESS | CA Connect 10/50 | MAYUR ANKIT & ASSOCIATES | mayurjaint7@gmail.com
2026-06-22 16:06:46 [INFO   ]   [10/50] MAYUR ANKIT & ASSOCIATES | mayurjaint7@gmail.com
2026-06-22 16:06:51 [INFO   ] PROGRESS | CA Connect 11/50 | SHEKHAR AND SWASTHIK | shekharraju04@gmail.com
2026-06-22 16:06:51 [INFO   ]   [11/50] SHEKHAR AND SWASTHIK | shekharraju04@gmail.com
2026-06-22 16:06:56 [INFO   ] PROGRESS | CA Connect 12/50 | G V ACHARYA & CO | gvacharyaco@gmail.com
2026-06-22 16:06:56 [INFO   ]   [12/50] G V ACHARYA & CO | gvacharyaco@gmail.com
2026-06-22 16:07:02 [INFO   ] PROGRESS | CA Connect 13/50 | BELLALA & RAGHAVENDRA | sunilkbellala@gmail.com
2026-06-22 16:07:02 [INFO   ]   [13/50] BELLALA & RAGHAVENDRA | sunilkbellala@gmail.com
2026-06-22 16:07:07 [INFO   ] PROGRESS | CA Connect 14/50 | KRISHNAKANTH AND CO | krishnakanthk66@gmail.com
2026-06-22 16:07:07 [INFO   ]   [14/50] KRISHNAKANTH AND CO | krishnakanthk66@gmail.com
2026-06-22 16:07:12 [INFO   ] PROGRESS | CA Connect 15/50 | P K SUBRAMANIAM & CO | sgi@pksandco.in
2026-06-22 16:07:12 [INFO   ]   [15/50] P K SUBRAMANIAM & CO | sgi@pksandco.in
2026-06-22 16:07:17 [INFO   ] PROGRESS | CA Connect 16/50 | RAM NARESH & CO LLP | canktaylor@icai.org
2026-06-22 16:07:17 [INFO   ]   [16/50] RAM NARESH & CO LLP | canktaylor@icai.org
2026-06-22 16:07:23 [INFO   ] PROGRESS | CA Connect 17/50 | Swati K & CO | swatirk7@gmail.com
2026-06-22 16:07:23 [INFO   ]   [17/50] Swati K & CO | swatirk7@gmail.com
2026-06-22 16:07:28 [INFO   ] PROGRESS | CA Connect 18/50 | MURALIDHARAN & MANOGARAN | manogaranr@gmail.com
2026-06-22 16:07:28 [INFO   ]   [18/50] MURALIDHARAN & MANOGARAN | manogaranr@gmail.com
2026-06-22 16:07:33 [INFO   ] PROGRESS | CA Connect 19/50 | CHENGAIAH P & CO | cachengaiah22@gmail.com
2026-06-22 16:07:33 [INFO   ]   [19/50] CHENGAIAH P & CO | cachengaiah22@gmail.com
2026-06-22 16:07:38 [INFO   ] PROGRESS | CA Connect 20/50 | SHABBIR AND GANESH | yganesh_co@yahoo.com
2026-06-22 16:07:38 [INFO   ]   [20/50] SHABBIR AND GANESH | yganesh_co@yahoo.com
2026-06-22 16:07:43 [INFO   ] PROGRESS | CA Connect 21/50 | B C SHETTY & CO | sarvothama@bcshettyco.com
2026-06-22 16:07:43 [INFO   ]   [21/50] B C SHETTY & CO | sarvothama@bcshettyco.com
2026-06-22 16:07:49 [INFO   ] PROGRESS | CA Connect 22/50 | K K P AND CO | cakuntu@gmail.com
2026-06-22 16:07:49 [INFO   ]   [22/50] K K P AND CO | cakuntu@gmail.com
2026-06-22 16:07:54 [INFO   ] PROGRESS | CA Connect 23/50 | SUBHASH NAYIK & ASSOCIATES | subhashsnayik@gmail.com
2026-06-22 16:07:54 [INFO   ]   [23/50] SUBHASH NAYIK & ASSOCIATES | subhashsnayik@gmail.com
2026-06-22 16:07:59 [INFO   ] PROGRESS | CA Connect 24/50 | KEREMUTT AND ASSOCIATES LLP | abhiram.bhat@keremutt.com
2026-06-22 16:07:59 [INFO   ]   [24/50] KEREMUTT AND ASSOCIATES LLP | abhiram.bhat@keremutt.com
2026-06-22 16:08:05 [INFO   ] PROGRESS | CA Connect 25/50 | P K RUNGTA & CO | pkrungta@vsnl.com
2026-06-22 16:08:05 [INFO   ]   [25/50] P K RUNGTA & CO | pkrungta@vsnl.com
2026-06-22 16:08:10 [INFO   ] PROGRESS | CA Connect 26/50 | NAVIN NAYAK & ASSOCIATES | navin@nknca.in
2026-06-22 16:08:10 [INFO   ]   [26/50] NAVIN NAYAK & ASSOCIATES | navin@nknca.in
2026-06-22 16:08:15 [INFO   ] PROGRESS | CA Connect 27/50 | RADHESHYAM N BAGADI & CO | shyambagadi@yahoo.co.in
2026-06-22 16:08:15 [INFO   ]   [27/50] RADHESHYAM N BAGADI & CO | shyambagadi@yahoo.co.in
2026-06-22 16:08:20 [INFO   ] PROGRESS | CA Connect 28/50 | K VINEETH REDDY & CO | cavineeth@cakvr.com
2026-06-22 16:08:20 [INFO   ]   [28/50] K VINEETH REDDY & CO | cavineeth@cakvr.com
2026-06-22 16:08:26 [INFO   ] PROGRESS | CA Connect 29/50 | T S P & CO | pappuru.tharun@mail.ca.in
2026-06-22 16:08:26 [INFO   ]   [29/50] T S P & CO | pappuru.tharun@mail.ca.in
2026-06-22 16:08:31 [INFO   ] PROGRESS | CA Connect 30/50 | NAGARAJA K H & CO | nagarajkalse@gmail.com
2026-06-22 16:08:31 [INFO   ]   [30/50] NAGARAJA K H & CO | nagarajkalse@gmail.com
2026-06-22 16:08:36 [INFO   ] PROGRESS | CA Connect 31/50 | RAO & EMMAR | sbs.raoemmar@gmail.com
2026-06-22 16:08:36 [INFO   ]   [31/50] RAO & EMMAR | sbs.raoemmar@gmail.com
2026-06-22 16:08:41 [INFO   ] PROGRESS | CA Connect 32/50 | NAVEENA & ASSOCIATES | canaveenasetty@gmail.com
2026-06-22 16:08:41 [INFO   ]   [32/50] NAVEENA & ASSOCIATES | canaveenasetty@gmail.com
2026-06-22 16:08:47 [INFO   ] PROGRESS | CA Connect 33/50 | RAVI & SHRIHARI | ksravi121@gmail.com
2026-06-22 16:08:47 [INFO   ]   [33/50] RAVI & SHRIHARI | ksravi121@gmail.com
2026-06-22 16:08:52 [INFO   ] PROGRESS | CA Connect 34/50 | G P S V & CO | bhat@gpsv.in
2026-06-22 16:08:52 [INFO   ]   [34/50] G P S V & CO | bhat@gpsv.in
2026-06-22 16:08:57 [INFO   ] PROGRESS | CA Connect 35/50 | M KRISHNA G & CO | mkrishnagco@gmail.com
2026-06-22 16:08:57 [INFO   ]   [35/50] M KRISHNA G & CO | mkrishnagco@gmail.com
2026-06-22 16:09:02 [INFO   ] PROGRESS | CA Connect 36/50 | M Y RAMESHA & CO | rameshamy@yahoo.com
2026-06-22 16:09:02 [INFO   ]   [36/50] M Y RAMESHA & CO | rameshamy@yahoo.com
2026-06-22 16:09:08 [INFO   ] PROGRESS | CA Connect 37/50 | VIGHNESH C N & ASSOCIATES | cavighnesh@gmail.com
2026-06-22 16:09:08 [INFO   ]   [37/50] VIGHNESH C N & ASSOCIATES | cavighnesh@gmail.com
2026-06-22 16:09:13 [INFO   ] PROGRESS | CA Connect 38/50 | R BHAT & ASSOCIATES | rama.bhat@yahoo.co.in
2026-06-22 16:09:13 [INFO   ]   [38/50] R BHAT & ASSOCIATES | rama.bhat@yahoo.co.in
2026-06-22 16:09:19 [INFO   ] PROGRESS | CA Connect 39/50 | G SRIDHAR & ASSOCIATES | sridharg@hotmail.com
2026-06-22 16:09:19 [INFO   ]   [39/50] G SRIDHAR & ASSOCIATES | sridharg@hotmail.com
2026-06-22 16:09:24 [INFO   ] PROGRESS | CA Connect 40/50 | SHASHI SANTOSH & ASSOCIATES | casantosh15@gmail.com
2026-06-22 16:09:24 [INFO   ]   [40/50] SHASHI SANTOSH & ASSOCIATES | casantosh15@gmail.com
2026-06-22 16:09:29 [INFO   ] PROGRESS | CA Connect 41/50 | S P R N & ASSOCIATES | shinoj.ca@gmail.com
2026-06-22 16:09:29 [INFO   ]   [41/50] S P R N & ASSOCIATES | shinoj.ca@gmail.com
2026-06-22 16:09:34 [INFO   ] PROGRESS | CA Connect 42/50 | N V DALABHANJAN & CO | nvd.nvdca@gmail.com
2026-06-22 16:09:34 [INFO   ]   [42/50] N V DALABHANJAN & CO | nvd.nvdca@gmail.com
2026-06-22 16:09:40 [INFO   ] PROGRESS | CA Connect 43/50 | M M A K & CO | mahaveermehta@gmail.com
2026-06-22 16:09:40 [INFO   ]   [43/50] M M A K & CO | mahaveermehta@gmail.com
2026-06-22 16:09:45 [INFO   ] PROGRESS | CA Connect 44/50 | HEGDE AND MORE | shashank@hegdeandmore.com
2026-06-22 16:09:45 [INFO   ]   [44/50] HEGDE AND MORE | shashank@hegdeandmore.com
2026-06-22 16:09:50 [INFO   ] PROGRESS | CA Connect 45/50 | R S T & CO | info@cabandco.com
2026-06-22 16:09:50 [INFO   ]   [45/50] R S T & CO | info@cabandco.com
2026-06-22 16:09:55 [INFO   ] PROGRESS | CA Connect 46/50 | VASUDHA & PRAKASH | vasudhaca@gmail.com
2026-06-22 16:09:55 [INFO   ]   [46/50] VASUDHA & PRAKASH | vasudhaca@gmail.com
2026-06-22 16:10:00 [INFO   ] PROGRESS | CA Connect 47/50 | B K AGARWAL & CO | bishnuagarwal@gmail.com
2026-06-22 16:10:00 [INFO   ]   [47/50] B K AGARWAL & CO | bishnuagarwal@gmail.com
2026-06-22 16:10:06 [INFO   ] PROGRESS | CA Connect 48/50 | NEELAKARI MAHINDRAKAR ASSOCIATES | nmagbn_ca@rediffmail.com
2026-06-22 16:10:06 [INFO   ]   [48/50] NEELAKARI MAHINDRAKAR ASSOCIATES | nmagbn_ca@rediffmail.com
2026-06-22 16:10:11 [INFO   ] PROGRESS | CA Connect 49/50 | D P PILLAI & CO | dppillai@dppca.in
2026-06-22 16:10:11 [INFO   ]   [49/50] D P PILLAI & CO | dppillai@dppca.in
2026-06-22 16:10:16 [INFO   ] PROGRESS | CA Connect 50/50 | DATTATRAYA & CO | datta.nvl@gmail.com
2026-06-22 16:10:16 [INFO   ]   [50/50] DATTATRAYA & CO | datta.nvl@gmail.com
2026-06-22 16:10:17 [INFO   ] Batch done — 50 new email(s) this batch | run total 153 / 1000
2026-06-22 16:10:17 [INFO   ] Enriching 50 profile(s) — Audit | Karnataka | Bengaluru (66 pending in this city)
2026-06-22 16:10:19 [INFO   ] Logging in to CA Connect as sandeepjain200019@gmail.com
2026-06-22 16:10:27 [INFO   ] Login OK — current URL: https://caconnect.icai.org/home
2026-06-22 16:10:31 [INFO   ] PROGRESS | CA Connect 1/50 | ADITYA PRADEEP & CO | ca.pradeepsn@outlook.com
2026-06-22 16:10:31 [INFO   ]   [1/50] ADITYA PRADEEP & CO | ca.pradeepsn@outlook.com
2026-06-22 16:10:36 [INFO   ] PROGRESS | CA Connect 2/50 | PANISHETTI & ASSOCIATES | pravinpanishetti1988@gmail.com
2026-06-22 16:10:36 [INFO   ]   [2/50] PANISHETTI & ASSOCIATES | pravinpanishetti1988@gmail.com
2026-06-22 16:10:41 [INFO   ] PROGRESS | CA Connect 3/50 | VIJAY N JAIN & ASSOCIATES | cavijaynjain@gmail.com
2026-06-22 16:10:41 [INFO   ]   [3/50] VIJAY N JAIN & ASSOCIATES | cavijaynjain@gmail.com
2026-06-22 16:10:46 [INFO   ] PROGRESS | CA Connect 4/50 | A V BHAT & ASSOCIATES | vkbhatca@gmail.com
2026-06-22 16:10:46 [INFO   ]   [4/50] A V BHAT & ASSOCIATES | vkbhatca@gmail.com
2026-06-22 16:10:51 [INFO   ] PROGRESS | CA Connect 5/50 | arunakumara p r AND CO | arun.associates@outlook.in
2026-06-22 16:10:51 [INFO   ]   [5/50] arunakumara p r AND CO | arun.associates@outlook.in
2026-06-22 16:10:56 [INFO   ] PROGRESS | CA Connect 6/50 | KARTHIK M & ASSOCIATES | karthikrm93@gmail.com
2026-06-22 16:10:56 [INFO   ]   [6/50] KARTHIK M & ASSOCIATES | karthikrm93@gmail.com
2026-06-22 16:11:01 [INFO   ] PROGRESS | CA Connect 7/50 | C S HARISH & CO | csharish.ca@gmail.com
2026-06-22 16:11:01 [INFO   ]   [7/50] C S HARISH & CO | csharish.ca@gmail.com
2026-06-22 16:11:07 [INFO   ] PROGRESS | CA Connect 8/50 | VISHNU DAYA & CO LLP | daya@vishnudaya.com
2026-06-22 16:11:07 [INFO   ]   [8/50] VISHNU DAYA & CO LLP | daya@vishnudaya.com
2026-06-22 16:11:12 [INFO   ] PROGRESS | CA Connect 9/50 | DUNDLODIA & CO | girish@dundlodia.com
2026-06-22 16:11:12 [INFO   ]   [9/50] DUNDLODIA & CO | girish@dundlodia.com
2026-06-22 16:11:17 [INFO   ] PROGRESS | CA Connect 10/50 | R BADARI NATH & CO | rbadarinath@yahoo.com
2026-06-22 16:11:17 [INFO   ]   [10/50] R BADARI NATH & CO | rbadarinath@yahoo.com
2026-06-22 16:11:22 [INFO   ] PROGRESS | CA Connect 11/50 | M D AND ASSOCIATES | msurendranathreddy94@gmail.com
2026-06-22 16:11:22 [INFO   ]   [11/50] M D AND ASSOCIATES | msurendranathreddy94@gmail.com
2026-06-22 16:11:27 [INFO   ] PROGRESS | CA Connect 12/50 | SANATH & ASSOCIATES | sanathrai@outlook.com
2026-06-22 16:11:27 [INFO   ]   [12/50] SANATH & ASSOCIATES | sanathrai@outlook.com
2026-06-22 16:11:32 [INFO   ] PROGRESS | CA Connect 13/50 | RAHUL R KOTHARI & ASSOCIATES | rahulrkothari23@gmail.com
2026-06-22 16:11:32 [INFO   ]   [13/50] RAHUL R KOTHARI & ASSOCIATES | rahulrkothari23@gmail.com
2026-06-22 16:11:37 [INFO   ] PROGRESS | CA Connect 14/50 | VIJAY SAGAR & CO | vijaysagarvishnu.ca@gmail.com
2026-06-22 16:11:37 [INFO   ]   [14/50] VIJAY SAGAR & CO | vijaysagarvishnu.ca@gmail.com
2026-06-22 16:11:42 [INFO   ] PROGRESS | CA Connect 15/50 | BABU & BADAT | cababu2011@gmail.com
2026-06-22 16:11:42 [INFO   ]   [15/50] BABU & BADAT | cababu2011@gmail.com
2026-06-22 16:11:47 [INFO   ] PROGRESS | CA Connect 16/50 | MALLYA & MALLYA | jag@mallyamallya.com
2026-06-22 16:11:47 [INFO   ]   [16/50] MALLYA & MALLYA | jag@mallyamallya.com
2026-06-22 16:11:52 [INFO   ] PROGRESS | CA Connect 17/50 | SHANTH KUMAR & VENKATESH | brskumar15@gmail.com
2026-06-22 16:11:52 [INFO   ]   [17/50] SHANTH KUMAR & VENKATESH | brskumar15@gmail.com
2026-06-22 16:11:57 [INFO   ] PROGRESS | CA Connect 18/50 | BENNET G NAZARETH & CO | bennetnaz@gmail.com
2026-06-22 16:11:57 [INFO   ]   [18/50] BENNET G NAZARETH & CO | bennetnaz@gmail.com
2026-06-22 16:12:02 [INFO   ] PROGRESS | CA Connect 19/50 | KISHOR SINGH AND CO | caksraj1995@gmail.com
2026-06-22 16:12:02 [INFO   ]   [19/50] KISHOR SINGH AND CO | caksraj1995@gmail.com
2026-06-22 16:12:08 [INFO   ] PROGRESS | CA Connect 20/50 | S S B & ASSOCIATES | cothas@yukthi.co.in
2026-06-22 16:12:08 [INFO   ]   [20/50] S S B & ASSOCIATES | cothas@yukthi.co.in
2026-06-22 16:12:13 [INFO   ] PROGRESS | CA Connect 21/50 | M L B R & ASSOCIATES | mcmahendar@gmail.com
2026-06-22 16:12:13 [INFO   ]   [21/50] M L B R & ASSOCIATES | mcmahendar@gmail.com
2026-06-22 16:12:18 [INFO   ] PROGRESS | CA Connect 22/50 | SRIHARI K R & CO | srihari.snc@outlook.com
2026-06-22 16:12:18 [INFO   ]   [22/50] SRIHARI K R & CO | srihari.snc@outlook.com
2026-06-22 16:12:23 [INFO   ] PROGRESS | CA Connect 23/50 | MANJUNATHA N & CO | camanju525@gmail.com
2026-06-22 16:12:23 [INFO   ]   [23/50] MANJUNATHA N & CO | camanju525@gmail.com
2026-06-22 16:12:28 [INFO   ] PROGRESS | CA Connect 24/50 | ARUN S & CO | caarunshreedhar@gmail.com
2026-06-22 16:12:28 [INFO   ]   [24/50] ARUN S & CO | caarunshreedhar@gmail.com
2026-06-22 16:12:33 [INFO   ] PROGRESS | CA Connect 25/50 | R R R & ASSOCIATES | raja5raman@yahoo.co.in
2026-06-22 16:12:33 [INFO   ]   [25/50] R R R & ASSOCIATES | raja5raman@yahoo.co.in
2026-06-22 16:12:38 [INFO   ] PROGRESS | CA Connect 26/50 | A KEDIA & ASSOCIATES | atulke@gmail.com
2026-06-22 16:12:38 [INFO   ]   [26/50] A KEDIA & ASSOCIATES | atulke@gmail.com
2026-06-22 16:12:43 [INFO   ] PROGRESS | CA Connect 27/50 | VIKRAM & GOWRAV | vikramsimhask@gmail.com
2026-06-22 16:12:43 [INFO   ]   [27/50] VIKRAM & GOWRAV | vikramsimhask@gmail.com
2026-06-22 16:12:48 [INFO   ] PROGRESS | CA Connect 28/50 | NIDHI SAJAN & CO | nidhisajan@gmail.com
2026-06-22 16:12:48 [INFO   ]   [28/50] NIDHI SAJAN & CO | nidhisajan@gmail.com
2026-06-22 16:12:53 [INFO   ] PROGRESS | CA Connect 29/50 | UMESH & RAVI CHANDER | subbhu89@gmail.com
2026-06-22 16:12:53 [INFO   ]   [29/50] UMESH & RAVI CHANDER | subbhu89@gmail.com
2026-06-22 16:12:58 [INFO   ] PROGRESS | CA Connect 30/50 | M K TYAGI & CO | mukeshat@hotmail.com
2026-06-22 16:12:58 [INFO   ]   [30/50] M K TYAGI & CO | mukeshat@hotmail.com
2026-06-22 16:13:03 [INFO   ] PROGRESS | CA Connect 31/50 | RAVEENDRA BHAT & CO | ca.raveendrabhat@gmail.com
2026-06-22 16:13:03 [INFO   ]   [31/50] RAVEENDRA BHAT & CO | ca.raveendrabhat@gmail.com
2026-06-22 16:13:08 [INFO   ] PROGRESS | CA Connect 32/50 | VISHRANTH & KARTHIK | karthikmv87@gmail.com
2026-06-22 16:13:08 [INFO   ]   [32/50] VISHRANTH & KARTHIK | karthikmv87@gmail.com
2026-06-22 16:13:13 [INFO   ] PROGRESS | CA Connect 33/50 | PRAKASH N & ASSOCIATES | ncaprakash@gmail.com
2026-06-22 16:13:13 [INFO   ]   [33/50] PRAKASH N & ASSOCIATES | ncaprakash@gmail.com
2026-06-22 16:13:18 [INFO   ] PROGRESS | CA Connect 34/50 | PRIYA B & ASSOCIATES | priyabthumsi@gmail.com
2026-06-22 16:13:18 [INFO   ]   [34/50] PRIYA B & ASSOCIATES | priyabthumsi@gmail.com
2026-06-22 16:13:23 [INFO   ] PROGRESS | CA Connect 35/50 | M K BAGRECHA & ASSOCIATES | mahendra.kumar@icai.org
2026-06-22 16:13:23 [INFO   ]   [35/50] M K BAGRECHA & ASSOCIATES | mahendra.kumar@icai.org
2026-06-22 16:13:28 [INFO   ] PROGRESS | CA Connect 36/50 | H V N & CO | hiten11.hn@gmail.com
2026-06-22 16:13:28 [INFO   ]   [36/50] H V N & CO | hiten11.hn@gmail.com
2026-06-22 16:13:33 [INFO   ] PROGRESS | CA Connect 37/50 | SURESH NANDINI ASSOCIATES | nsuresh_ca@yahoo.com
2026-06-22 16:13:33 [INFO   ]   [37/50] SURESH NANDINI ASSOCIATES | nsuresh_ca@yahoo.com
2026-06-22 16:13:38 [INFO   ] PROGRESS | CA Connect 38/50 | SUDARSHAN HEGDE AND CO | sudarshanhegde@mail.ca.in
2026-06-22 16:13:38 [INFO   ]   [38/50] SUDARSHAN HEGDE AND CO | sudarshanhegde@mail.ca.in
2026-06-22 16:13:43 [INFO   ] PROGRESS | CA Connect 39/50 | SANATH SHESHAGIRI & CO | sanath.ks120@gmail.com
2026-06-22 16:13:43 [INFO   ]   [39/50] SANATH SHESHAGIRI & CO | sanath.ks120@gmail.com
2026-06-22 16:13:48 [INFO   ] PROGRESS | CA Connect 40/50 | M A N N & CO | catilakmylar@gmail.com
2026-06-22 16:13:48 [INFO   ]   [40/50] M A N N & CO | catilakmylar@gmail.com
2026-06-22 16:13:53 [INFO   ] PROGRESS | CA Connect 41/50 | DHARMA RAJU AND COMPANY | dharma_katwa@yahoo.co.in
2026-06-22 16:13:53 [INFO   ]   [41/50] DHARMA RAJU AND COMPANY | dharma_katwa@yahoo.co.in
2026-06-22 16:13:58 [INFO   ] PROGRESS | CA Connect 42/50 | SRIDEVI G & ASSOCIATES | sridevigrao@gmail.com
2026-06-22 16:13:58 [INFO   ]   [42/50] SRIDEVI G & ASSOCIATES | sridevigrao@gmail.com
2026-06-22 16:14:03 [INFO   ] PROGRESS | CA Connect 43/50 | KALAL & CO | caudaykalal@gmail.com
2026-06-22 16:14:03 [INFO   ]   [43/50] KALAL & CO | caudaykalal@gmail.com
2026-06-22 16:14:08 [INFO   ] PROGRESS | CA Connect 44/50 | SHARATH R & CO | casharathgowda@gmail.com
2026-06-22 16:14:08 [INFO   ]   [44/50] SHARATH R & CO | casharathgowda@gmail.com
2026-06-22 16:14:13 [INFO   ] PROGRESS | CA Connect 45/50 | DHANALAKSHMI N & ASSOCIATES | dhanalakshmi.satya09@gmail.com
2026-06-22 16:14:13 [INFO   ]   [45/50] DHANALAKSHMI N & ASSOCIATES | dhanalakshmi.satya09@gmail.com
2026-06-22 16:14:19 [INFO   ] PROGRESS | CA Connect 46/50 | INDRANI BANERJEE & ASSOCIATES | indranibanerjee2012@gmail.com
2026-06-22 16:14:19 [INFO   ]   [46/50] INDRANI BANERJEE & ASSOCIATES | indranibanerjee2012@gmail.com
2026-06-22 16:14:24 [INFO   ] PROGRESS | CA Connect 47/50 | SAGAR G DIVAKAR & CO | casagargdivakar@gmail.com
2026-06-22 16:14:24 [INFO   ]   [47/50] SAGAR G DIVAKAR & CO | casagargdivakar@gmail.com
2026-06-22 16:14:29 [INFO   ] PROGRESS | CA Connect 48/50 | SUDHINDRA M S & ASSOCIATES | somayajims@gmail.com
2026-06-22 16:14:29 [INFO   ]   [48/50] SUDHINDRA M S & ASSOCIATES | somayajims@gmail.com
2026-06-22 16:14:34 [INFO   ] PROGRESS | CA Connect 49/50 | N M ARUNKUMAR, P S ANANDA RAO & CO | nma.psa@gmail.com
2026-06-22 16:14:34 [INFO   ]   [49/50] N M ARUNKUMAR, P S ANANDA RAO & CO | nma.psa@gmail.com
2026-06-22 16:14:39 [INFO   ] PROGRESS | CA Connect 50/50 | K K RAJ & CO | kkrajandco@gmail.com
2026-06-22 16:14:39 [INFO   ]   [50/50] K K RAJ & CO | kkrajandco@gmail.com
2026-06-22 16:14:39 [INFO   ] Batch done — 50 new email(s) this batch | run total 203 / 1000
2026-06-22 16:14:39 [INFO   ] Enriching 16 profile(s) — Audit | Karnataka | Bengaluru (16 pending in this city)
2026-06-22 16:14:40 [INFO   ] Logging in to CA Connect as sandeepjain200019@gmail.com
2026-06-22 16:14:47 [INFO   ] Login OK — current URL: https://caconnect.icai.org/home
2026-06-22 16:14:51 [INFO   ] PROGRESS | CA Connect 1/16 | H S R P & CO | kolkatawork2020@gmail.com
2026-06-22 16:14:51 [INFO   ]   [1/16] H S R P & CO | kolkatawork2020@gmail.com
2026-06-22 16:14:56 [INFO   ] PROGRESS | CA Connect 2/16 | RAKESH L & ASSOCIATES | ca.cs.rakeshl@gmail.com
2026-06-22 16:14:56 [INFO   ]   [2/16] RAKESH L & ASSOCIATES | ca.cs.rakeshl@gmail.com
2026-06-22 16:15:01 [INFO   ] PROGRESS | CA Connect 3/16 | BIRJU KUMAR & ASSOCIATES | birjukumar@gmail.com
2026-06-22 16:15:01 [INFO   ]   [3/16] BIRJU KUMAR & ASSOCIATES | birjukumar@gmail.com
2026-06-22 16:15:06 [INFO   ] PROGRESS | CA Connect 4/16 | RAO ASSOCIATES | sudhindra@raoassociates.com
2026-06-22 16:15:06 [INFO   ]   [4/16] RAO ASSOCIATES | sudhindra@raoassociates.com
2026-06-22 16:15:11 [INFO   ] PROGRESS | CA Connect 5/16 | NAGESH HEGDE & CO | nagesh474@gmail.com
2026-06-22 16:15:11 [INFO   ]   [5/16] NAGESH HEGDE & CO | nagesh474@gmail.com
2026-06-22 16:15:16 [INFO   ] PROGRESS | CA Connect 6/16 | GUNASHEELA AND ASSOCIATES | guna@gunasheelaassociates.com
2026-06-22 16:15:16 [INFO   ]   [6/16] GUNASHEELA AND ASSOCIATES | guna@gunasheelaassociates.com
2026-06-22 16:15:21 [INFO   ] PROGRESS | CA Connect 7/16 | A N LALITHA & CO | lalitha.an4@gmail.com
2026-06-22 16:15:21 [INFO   ]   [7/16] A N LALITHA & CO | lalitha.an4@gmail.com
2026-06-22 16:15:26 [INFO   ] PROGRESS | CA Connect 8/16 | A S J C & CO | jcpraveen17@yahoo.in
2026-06-22 16:15:26 [INFO   ]   [8/16] A S J C & CO | jcpraveen17@yahoo.in
2026-06-22 16:15:31 [INFO   ] PROGRESS | CA Connect 9/16 | GIRISH D N & ASSOCIATES | cagirishdn@gmail.com
2026-06-22 16:15:31 [INFO   ]   [9/16] GIRISH D N & ASSOCIATES | cagirishdn@gmail.com
2026-06-22 16:15:36 [INFO   ] PROGRESS | CA Connect 10/16 | GNANASHEKAR & ASSOCIATES | cagshekar@gmail.com
2026-06-22 16:15:36 [INFO   ]   [10/16] GNANASHEKAR & ASSOCIATES | cagshekar@gmail.com
2026-06-22 16:15:42 [INFO   ] PROGRESS | CA Connect 11/16 | M S MADHURI & CO | msmadhuriandco@gmail.com
2026-06-22 16:15:42 [INFO   ]   [11/16] M S MADHURI & CO | msmadhuriandco@gmail.com
2026-06-22 16:15:47 [INFO   ] PROGRESS | CA Connect 12/16 | KUPENDRA & ASSOCIATES | kupendraas@gmail.com
2026-06-22 16:15:47 [INFO   ]   [12/16] KUPENDRA & ASSOCIATES | kupendraas@gmail.com
2026-06-22 16:15:52 [INFO   ] PROGRESS | CA Connect 13/16 | C KRISHNAMURTHY & ASSOCIATES | c.krishnamurthy2610@gmail.com
2026-06-22 16:15:52 [INFO   ]   [13/16] C KRISHNAMURTHY & ASSOCIATES | c.krishnamurthy2610@gmail.com
2026-06-22 16:15:57 [INFO   ] PROGRESS | CA Connect 14/16 | R H H P & ASSOCIATES | rharidas@rhhpa.com
2026-06-22 16:15:57 [INFO   ]   [14/16] R H H P & ASSOCIATES | rharidas@rhhpa.com
2026-06-22 16:16:02 [INFO   ] PROGRESS | CA Connect 15/16 | CHANDRASHEKHAR S & CO | chandrashekar.spsc@gmail.com
2026-06-22 16:16:02 [INFO   ]   [15/16] CHANDRASHEKHAR S & CO | chandrashekar.spsc@gmail.com
2026-06-22 16:16:07 [INFO   ] PROGRESS | CA Connect 16/16 | K R M N & ASSOCIATES | kishore@krmn.in
2026-06-22 16:16:07 [INFO   ]   [16/16] K R M N & ASSOCIATES | kishore@krmn.in
2026-06-22 16:16:07 [INFO   ] Batch done — 16 new email(s) this batch | run total 219 / 1000
2026-06-22 16:16:07 [INFO   ] 
2026-06-22 16:16:07 [INFO   ] ==============================================================
2026-06-22 16:16:07 [INFO   ] PROGRESS | Listing harvest — Audit | Karnataka | Mysuru
2026-06-22 16:16:07 [INFO   ] ==============================================================
2026-06-22 16:16:09 [INFO   ] Opening CA Connect search page: https://caconnect.icai.org/search-your-ca
2026-06-22 16:16:17 [INFO   ] Selecting service=Audit state=Karnataka city=Mysuru
2026-06-22 16:16:17 [INFO   ] City matched: Mysuru -> Mysore
2026-06-22 16:16:21 [INFO   ] Search results URL: https://caconnect.icai.org/search?_token=zo6WYrI5VDmNVWiFHnnHU1EwwQs90tPFQSMeckdV&type=&services=Audit&state=Karnataka&city=Mysore
2026-06-22 16:16:21 [INFO   ] Members tab: 4 cards
2026-06-22 16:16:24 [INFO   ] CA Firms tab: 4 cards
2026-06-22 16:16:24 [INFO   ] Stored 3 new listing(s) (8 total on page) for Audit / Karnataka / Mysuru
2026-06-22 16:16:24 [INFO   ] Enriching 3 profile(s) — Audit | Karnataka | Mysuru (3 pending in this city)
2026-06-22 16:16:25 [INFO   ] Logging in to CA Connect as sandeepjain200019@gmail.com
2026-06-22 16:16:32 [INFO   ] Login OK — current URL: https://caconnect.icai.org/home
2026-06-22 16:16:35 [INFO   ] PROGRESS | CA Connect 1/3 | NITHESH V | nithesh.smg@gmail.com
2026-06-22 16:16:35 [INFO   ]   [1/3] NITHESH V | nithesh.smg@gmail.com
2026-06-22 16:16:41 [INFO   ] PROGRESS | CA Connect 2/3 | SAGAR V | sagarvrao93@gmail.com
2026-06-22 16:16:41 [INFO   ]   [2/3] SAGAR V | sagarvrao93@gmail.com
2026-06-22 16:16:46 [INFO   ] PROGRESS | CA Connect 3/3 | KANCHANA R M | divyakanu2008@yahoo.com
2026-06-22 16:16:46 [INFO   ]   [3/3] KANCHANA R M | divyakanu2008@yahoo.com
2026-06-22 16:16:46 [INFO   ] Batch done — 3 new email(s) this batch | run total 222 / 1000
2026-06-22 16:16:46 [INFO   ] 
2026-06-22 16:16:46 [INFO   ] ==============================================================
2026-06-22 16:16:46 [INFO   ] PROGRESS | Listing harvest — Audit | Tamil Nadu | Chennai
2026-06-22 16:16:46 [INFO   ] ==============================================================
2026-06-22 16:16:47 [INFO   ] Opening CA Connect search page: https://caconnect.icai.org/search-your-ca
2026-06-22 16:16:51 [INFO   ] Selecting service=Audit state=Tamil Nadu city=Chennai
2026-06-22 16:16:56 [INFO   ] Search results URL: https://caconnect.icai.org/search?_token=YwlgO7xhuLprjtOZOmCjsZLxRXObrWCfIq5zxkDp&type=&services=Audit&state=Tamil+Nadu&city=Chennai
2026-06-22 16:17:05 [INFO   ] Members tab: 202 cards
2026-06-22 16:17:17 [INFO   ] CA Firms tab: 202 cards
2026-06-22 16:17:17 [INFO   ] Stored 202 new listing(s) (404 total on page) for Audit / Tamil Nadu / Chennai
2026-06-22 16:17:17 [INFO   ] Enriching 50 profile(s) — Audit | Tamil Nadu | Chennai (202 pending in this city)
2026-06-22 16:17:18 [INFO   ] Logging in to CA Connect as sandeepjain200019@gmail.com
2026-06-22 16:17:26 [INFO   ] Login OK — current URL: https://caconnect.icai.org/home
2026-06-22 16:17:29 [INFO   ] PROGRESS | CA Connect 1/50 | INDHU PRIYADHARSHINI R | indhupriyadharshini85@gmail.com
2026-06-22 16:17:29 [INFO   ]   [1/50] INDHU PRIYADHARSHINI R | indhupriyadharshini85@gmail.com
2026-06-22 16:17:34 [INFO   ] PROGRESS | CA Connect 2/50 | SAI NIRANJAN A M | amsainiranjan@gmail.com
2026-06-22 16:17:34 [INFO   ]   [2/50] SAI NIRANJAN A M | amsainiranjan@gmail.com
2026-06-22 16:17:39 [INFO   ] PROGRESS | CA Connect 3/50 | ANNA RAMAMOORTHY KANNAN | caanna@mail.ca.in
2026-06-22 16:17:39 [INFO   ]   [3/50] ANNA RAMAMOORTHY KANNAN | caanna@mail.ca.in
2026-06-22 16:17:44 [INFO   ] PROGRESS | CA Connect 4/50 | VENKHATESH U S | venkhatesh.us@gmail.com
2026-06-22 16:17:44 [INFO   ]   [4/50] VENKHATESH U S | venkhatesh.us@gmail.com
2026-06-22 16:17:49 [INFO   ] PROGRESS | CA Connect 5/50 | GOPALAKRISHNAN N | ngk89@hotmail.com
2026-06-22 16:17:49 [INFO   ]   [5/50] GOPALAKRISHNAN N | ngk89@hotmail.com
2026-06-22 16:17:54 [INFO   ] PROGRESS | CA Connect 6/50 | MOHUDOOM MOHAMED M S | msmohudoom@gmail.com
2026-06-22 16:17:54 [INFO   ]   [6/50] MOHUDOOM MOHAMED M S | msmohudoom@gmail.com
2026-06-22 16:18:00 [INFO   ] PROGRESS | CA Connect 7/50 | POONIMANGADU SUBRAMANIYAN MANOHAR | manohar2207@gmail.com
2026-06-22 16:18:00 [INFO   ]   [7/50] POONIMANGADU SUBRAMANIYAN MANOHAR | manohar2207@gmail.com
2026-06-22 16:18:05 [INFO   ] PROGRESS | CA Connect 8/50 | RAVICHANDRAN PERUMAL | caraviperumal@gmail.com
2026-06-22 16:18:05 [INFO   ]   [8/50] RAVICHANDRAN PERUMAL | caraviperumal@gmail.com
2026-06-22 16:18:10 [INFO   ] PROGRESS | CA Connect 9/50 | VADIVEL V S | vsvadivelfca@gmail.com
2026-06-22 16:18:10 [INFO   ]   [9/50] VADIVEL V S | vsvadivelfca@gmail.com
2026-06-22 16:18:15 [INFO   ] PROGRESS | CA Connect 10/50 | SUJAYA P R | ahana.suji@hotmail.com
2026-06-22 16:18:15 [INFO   ]   [10/50] SUJAYA P R | ahana.suji@hotmail.com
2026-06-22 16:18:20 [INFO   ] PROGRESS | CA Connect 11/50 | SRINIVASAN N | snarayansamy@yahoo.co.in
2026-06-22 16:18:20 [INFO   ]   [11/50] SRINIVASAN N | snarayansamy@yahoo.co.in
2026-06-22 16:18:25 [INFO   ] PROGRESS | CA Connect 12/50 | RAMADURAI K | kr@rsjvcas.com
2026-06-22 16:18:25 [INFO   ]   [12/50] RAMADURAI K | kr@rsjvcas.com
2026-06-22 16:18:30 [INFO   ] PROGRESS | CA Connect 13/50 | KOLANJIVEL V | kvkolanjivelca@yahoo.com
2026-06-22 16:18:30 [INFO   ]   [13/50] KOLANJIVEL V | kvkolanjivelca@yahoo.com
2026-06-22 16:18:35 [INFO   ] PROGRESS | CA Connect 14/50 | GANESWAR SAHOO | caganeswarsahoo@gmail.com
2026-06-22 16:18:35 [INFO   ]   [14/50] GANESWAR SAHOO | caganeswarsahoo@gmail.com
2026-06-22 16:18:40 [INFO   ] PROGRESS | CA Connect 15/50 | RAJKAPOOR R | rajkapoor@icai.org
2026-06-22 16:18:40 [INFO   ]   [15/50] RAJKAPOOR R | rajkapoor@icai.org
2026-06-22 16:18:45 [INFO   ] PROGRESS | CA Connect 16/50 | SUNIL S AHUJA | ssunilahuja@gmail.com
2026-06-22 16:18:45 [INFO   ]   [16/50] SUNIL S AHUJA | ssunilahuja@gmail.com
2026-06-22 16:18:50 [INFO   ] PROGRESS | CA Connect 17/50 | MUTHUKUMARAN JAYARAMAN | jayaramanm@yahoo.com
2026-06-22 16:18:50 [INFO   ]   [17/50] MUTHUKUMARAN JAYARAMAN | jayaramanm@yahoo.com
2026-06-22 16:18:55 [INFO   ] PROGRESS | CA Connect 18/50 | YENUMULA AYYAPPA | y.v.s535@gmail.com
2026-06-22 16:18:55 [INFO   ]   [18/50] YENUMULA AYYAPPA | y.v.s535@gmail.com
2026-06-22 16:19:00 [INFO   ] PROGRESS | CA Connect 19/50 | SUBRAMANIAN N | ns1940@gmail.com
2026-06-22 16:19:00 [INFO   ]   [19/50] SUBRAMANIAN N | ns1940@gmail.com
2026-06-22 16:19:05 [INFO   ] PROGRESS | CA Connect 20/50 | ASULA RAJESH KUMAR | asulabros@gmail.com
2026-06-22 16:19:05 [INFO   ]   [20/50] ASULA RAJESH KUMAR | asulabros@gmail.com
2026-06-22 16:19:11 [INFO   ] PROGRESS | CA Connect 21/50 | YELLASIRI BANUTEJA | banuteja2809@gmail.com
2026-06-22 16:19:11 [INFO   ]   [21/50] YELLASIRI BANUTEJA | banuteja2809@gmail.com
2026-06-22 16:19:16 [INFO   ] PROGRESS | CA Connect 22/50 | UTTAM SINGH P DAHIYA | causdahiya40@gmail.com
2026-06-22 16:19:16 [INFO   ]   [22/50] UTTAM SINGH P DAHIYA | causdahiya40@gmail.com
2026-06-22 16:19:21 [INFO   ] PROGRESS | CA Connect 23/50 | RANGARAJAN K S | ksranga2004@gmail.com
2026-06-22 16:19:21 [INFO   ]   [23/50] RANGARAJAN K S | ksranga2004@gmail.com
2026-06-22 16:19:26 [INFO   ] PROGRESS | CA Connect 24/50 | SARANYA | psaranya_ca@yahoo.co.in
2026-06-22 16:19:26 [INFO   ]   [24/50] SARANYA | psaranya_ca@yahoo.co.in
2026-06-22 16:19:31 [INFO   ] PROGRESS | CA Connect 25/50 | SATHIYANARAYANAN K | sathya@karra.in
2026-06-22 16:19:31 [INFO   ]   [25/50] SATHIYANARAYANAN K | sathya@karra.in
2026-06-22 16:19:36 [INFO   ] PROGRESS | CA Connect 26/50 | GANESAN P | pganesanassociates@gmail.com
2026-06-22 16:19:36 [INFO   ]   [26/50] GANESAN P | pganesanassociates@gmail.com
2026-06-22 16:19:41 [INFO   ] PROGRESS | CA Connect 27/50 | PRABAGARAN G | phream12600@gmail.com
2026-06-22 16:19:41 [INFO   ]   [27/50] PRABAGARAN G | phream12600@gmail.com
2026-06-22 16:19:46 [INFO   ] PROGRESS | CA Connect 28/50 | SHOBHANA R | ranjan.shobhana@gmail.com
2026-06-22 16:19:46 [INFO   ]   [28/50] SHOBHANA R | ranjan.shobhana@gmail.com
2026-06-22 16:19:51 [INFO   ] PROGRESS | CA Connect 29/50 | UMA SANJEEVIRAMAN | caumasanjeevi89@gmail.com
2026-06-22 16:19:51 [INFO   ]   [29/50] UMA SANJEEVIRAMAN | caumasanjeevi89@gmail.com
2026-06-22 16:19:56 [INFO   ] PROGRESS | CA Connect 30/50 | SATHYANARAIN B S | sathyanarain24@gmail.com
2026-06-22 16:19:56 [INFO   ]   [30/50] SATHYANARAIN B S | sathyanarain24@gmail.com
2026-06-22 16:20:01 [INFO   ] PROGRESS | CA Connect 31/50 | SUNDEEPKUMAR M | sundeepbaradiya@gmail.com
2026-06-22 16:20:01 [INFO   ]   [31/50] SUNDEEPKUMAR M | sundeepbaradiya@gmail.com
2026-06-22 16:20:07 [INFO   ] PROGRESS | CA Connect 32/50 | LAKSHMAN KUMAR AMAVARAPU | lak.feb23@gmail.com
2026-06-22 16:20:07 [INFO   ]   [32/50] LAKSHMAN KUMAR AMAVARAPU | lak.feb23@gmail.com
2026-06-22 16:20:12 [INFO   ] PROGRESS | CA Connect 33/50 | KALPANA SATHEESH | cakalpz@gmail.com
2026-06-22 16:20:12 [INFO   ]   [33/50] KALPANA SATHEESH | cakalpz@gmail.com
2026-06-22 16:20:17 [INFO   ] PROGRESS | CA Connect 34/50 | SHARAN R | sharanramachandran16@gmail.com
2026-06-22 16:20:17 [INFO   ]   [34/50] SHARAN R | sharanramachandran16@gmail.com
2026-06-22 16:20:22 [INFO   ] PROGRESS | CA Connect 35/50 | KISHORE KUMAR M | mkishoreca@gmail.com
2026-06-22 16:20:22 [INFO   ]   [35/50] KISHORE KUMAR M | mkishoreca@gmail.com
2026-06-22 16:20:27 [INFO   ] PROGRESS | CA Connect 36/50 | SABARISH M | casabarish.m@gmail.com
2026-06-22 16:20:27 [INFO   ]   [36/50] SABARISH M | casabarish.m@gmail.com
2026-06-22 16:20:32 [INFO   ] PROGRESS | CA Connect 37/50 | VIGNESH J | jvignesh210@gmail.com
2026-06-22 16:20:32 [INFO   ]   [37/50] VIGNESH J | jvignesh210@gmail.com
2026-06-22 16:20:37 [INFO   ] PROGRESS | CA Connect 38/50 | RUPAA SHREE DILLI BATCHA | rupaashree682@gmail.com
2026-06-22 16:20:37 [INFO   ]   [38/50] RUPAA SHREE DILLI BATCHA | rupaashree682@gmail.com
2026-06-22 16:20:43 [INFO   ] PROGRESS | CA Connect 39/50 | RAJKUMAR K | cakrajkumar@gmail.com
2026-06-22 16:20:43 [INFO   ]   [39/50] RAJKUMAR K | cakrajkumar@gmail.com
2026-06-22 16:20:48 [INFO   ] PROGRESS | CA Connect 40/50 | RAMAKRISHNAN R | rrknan@gmail.com
2026-06-22 16:20:48 [INFO   ]   [40/50] RAMAKRISHNAN R | rrknan@gmail.com
2026-06-22 16:20:53 [INFO   ] PROGRESS | CA Connect 41/50 | NEELAMBAL S | neelaambal@gmail.com
2026-06-22 16:20:53 [INFO   ]   [41/50] NEELAMBAL S | neelaambal@gmail.com
2026-06-22 16:20:58 [INFO   ] PROGRESS | CA Connect 42/50 | BADRI NARAYANAN N S | nsbadri@hotmail.com
2026-06-22 16:20:58 [INFO   ]   [42/50] BADRI NARAYANAN N S | nsbadri@hotmail.com
2026-06-22 16:21:03 [INFO   ] PROGRESS | CA Connect 43/50 | ARUN KUMAR K | cakarunkumar@gmail.com
2026-06-22 16:21:03 [INFO   ]   [43/50] ARUN KUMAR K | cakarunkumar@gmail.com
2026-06-22 16:21:08 [INFO   ] PROGRESS | CA Connect 44/50 | JAYALAKSHMI K | ca.jaya2020@gmail.com
2026-06-22 16:21:08 [INFO   ]   [44/50] JAYALAKSHMI K | ca.jaya2020@gmail.com
2026-06-22 16:21:13 [INFO   ] PROGRESS | CA Connect 45/50 | NILAY JAIN | nilay16112001@gmail.com
2026-06-22 16:21:13 [INFO   ]   [45/50] NILAY JAIN | nilay16112001@gmail.com
2026-06-22 16:21:18 [INFO   ] PROGRESS | CA Connect 46/50 | HAREESH D | dhareesh06062k@gmail.com
2026-06-22 16:21:18 [INFO   ]   [46/50] HAREESH D | dhareesh06062k@gmail.com
2026-06-22 16:21:24 [INFO   ] PROGRESS | CA Connect 47/50 | SURANA SURESH KUMAR | sureshsurana@gmail.com
2026-06-22 16:21:24 [INFO   ]   [47/50] SURANA SURESH KUMAR | sureshsurana@gmail.com
2026-06-22 16:21:29 [INFO   ] PROGRESS | CA Connect 48/50 | SRIVIDHYA S | svidhya_96@yahoo.com
2026-06-22 16:21:29 [INFO   ]   [48/50] SRIVIDHYA S | svidhya_96@yahoo.com
2026-06-22 16:21:34 [INFO   ] PROGRESS | CA Connect 49/50 | DHINESH S | sdhineshca@gmail.com
2026-06-22 16:21:34 [INFO   ]   [49/50] DHINESH S | sdhineshca@gmail.com
2026-06-22 16:21:39 [INFO   ] PROGRESS | CA Connect 50/50 | ANAND KRISHNA | mails2anandkrishna@gmail.com
2026-06-22 16:21:39 [INFO   ]   [50/50] ANAND KRISHNA | mails2anandkrishna@gmail.com
2026-06-22 16:21:39 [INFO   ] Batch done — 50 new email(s) this batch | run total 272 / 1000
2026-06-22 16:21:39 [INFO   ] Enriching 50 profile(s) — Audit | Tamil Nadu | Chennai (152 pending in this city)
2026-06-22 16:21:41 [INFO   ] Logging in to CA Connect as sandeepjain200019@gmail.com
2026-06-22 16:21:48 [INFO   ] Login OK — current URL: https://caconnect.icai.org/home
2026-06-22 16:21:52 [INFO   ] PROGRESS | CA Connect 1/50 | SANDHYA RAMACHANDRAN | sanram@outlook.com
2026-06-22 16:21:52 [INFO   ]   [1/50] SANDHYA RAMACHANDRAN | sanram@outlook.com
2026-06-22 16:21:57 [INFO   ] PROGRESS | CA Connect 2/50 | VIKAS KUMAR G | vikas6181@gmail.com
2026-06-22 16:21:57 [INFO   ]   [2/50] VIKAS KUMAR G | vikas6181@gmail.com
2026-06-22 16:22:02 [INFO   ] PROGRESS | CA Connect 3/50 | LAWANYA S | lawanyasridharan@gmail.com
2026-06-22 16:22:02 [INFO   ]   [3/50] LAWANYA S | lawanyasridharan@gmail.com
2026-06-22 16:22:07 [INFO   ] PROGRESS | CA Connect 4/50 | RISHABH | rishabhanandmutha@gmail.com
2026-06-22 16:22:07 [INFO   ]   [4/50] RISHABH | rishabhanandmutha@gmail.com
2026-06-22 16:22:12 [INFO   ] PROGRESS | CA Connect 5/50 | MAHESWARI R | mahekish@gmail.com
2026-06-22 16:22:12 [INFO   ]   [5/50] MAHESWARI R | mahekish@gmail.com
2026-06-22 16:22:17 [INFO   ] PROGRESS | CA Connect 6/50 | CHIRAG CHANDAK | chiragchandak2014@gmail.com
2026-06-22 16:22:17 [INFO   ]   [6/50] CHIRAG CHANDAK | chiragchandak2014@gmail.com
2026-06-22 16:22:22 [INFO   ] PROGRESS | CA Connect 7/50 | NERELLA SRI RANGA NAYAKULU | nerellaandassociates@gmail.com
2026-06-22 16:22:22 [INFO   ]   [7/50] NERELLA SRI RANGA NAYAKULU | nerellaandassociates@gmail.com
2026-06-22 16:22:27 [INFO   ] PROGRESS | CA Connect 8/50 | VISHAL RAJ J | vishal.kagrecha@gmail.com
2026-06-22 16:22:27 [INFO   ]   [8/50] VISHAL RAJ J | vishal.kagrecha@gmail.com
2026-06-22 16:22:32 [INFO   ] PROGRESS | CA Connect 9/50 | MADHAVANN A N L | alavur@gmail.com
2026-06-22 16:22:32 [INFO   ]   [9/50] MADHAVANN A N L | alavur@gmail.com
2026-06-22 16:22:38 [INFO   ] PROGRESS | CA Connect 10/50 | LAKSHMI NARAYANAN K S | ksl@handnca.com
2026-06-22 16:22:38 [INFO   ]   [10/50] LAKSHMI NARAYANAN K S | ksl@handnca.com
2026-06-22 16:22:43 [INFO   ] PROGRESS | CA Connect 11/50 | KUMAR B | cabkumar69@gmail.com
2026-06-22 16:22:43 [INFO   ]   [11/50] KUMAR B | cabkumar69@gmail.com
2026-06-22 16:22:48 [INFO   ] PROGRESS | CA Connect 12/50 | DEEPA G | cadeepadgd@gmail.com
2026-06-22 16:22:48 [INFO   ]   [12/50] DEEPA G | cadeepadgd@gmail.com
2026-06-22 16:22:53 [INFO   ] PROGRESS | CA Connect 13/50 | NEELAKANDAN Y | neelakandan.y@larsentoubro.com
2026-06-22 16:22:53 [INFO   ]   [13/50] NEELAKANDAN Y | neelakandan.y@larsentoubro.com
2026-06-22 16:22:58 [INFO   ] PROGRESS | CA Connect 14/50 | RAMESH RAO A | indras.ramesh@gmail.com
2026-06-22 16:22:58 [INFO   ]   [14/50] RAMESH RAO A | indras.ramesh@gmail.com
2026-06-22 16:23:03 [INFO   ] PROGRESS | CA Connect 15/50 | THAMIZHMANI T | lawtaxgst@gmail.com
2026-06-22 16:23:03 [INFO   ]   [15/50] THAMIZHMANI T | lawtaxgst@gmail.com
2026-06-22 16:23:08 [INFO   ] PROGRESS | CA Connect 16/50 | GV RAMANA | gvramana2012@gmail.com
2026-06-22 16:23:08 [INFO   ]   [16/50] GV RAMANA | gvramana2012@gmail.com
2026-06-22 16:23:13 [INFO   ] PROGRESS | CA Connect 17/50 | VINOD KUMAR D | dvkumarca@gmail.com
2026-06-22 16:23:13 [INFO   ]   [17/50] VINOD KUMAR D | dvkumarca@gmail.com
2026-06-22 16:23:18 [INFO   ] PROGRESS | CA Connect 18/50 | ANKITH JAWAHARLAL JAIN | ankithjain274@gmail.com
2026-06-22 16:23:18 [INFO   ]   [18/50] ANKITH JAWAHARLAL JAIN | ankithjain274@gmail.com
2026-06-22 16:23:23 [INFO   ] PROGRESS | CA Connect 19/50 | MOHAN C R | mohancr1962@gmail.com
2026-06-22 16:23:23 [INFO   ]   [19/50] MOHAN C R | mohancr1962@gmail.com
2026-06-22 16:23:28 [INFO   ] PROGRESS | CA Connect 20/50 | VAIDYANATHAN K | vaidya68@yahoo.com
2026-06-22 16:23:28 [INFO   ]   [20/50] VAIDYANATHAN K | vaidya68@yahoo.com
2026-06-22 16:23:33 [INFO   ] PROGRESS | CA Connect 21/50 | VISWANATHAN V | viswanath54@gmail.com
2026-06-22 16:23:33 [INFO   ]   [21/50] VISWANATHAN V | viswanath54@gmail.com
2026-06-22 16:23:38 [INFO   ] PROGRESS | CA Connect 22/50 | BHAAVESH GUPTA M | bhaavesh.52@gmail.com
2026-06-22 16:23:38 [INFO   ]   [22/50] BHAAVESH GUPTA M | bhaavesh.52@gmail.com
2026-06-22 16:23:44 [INFO   ] PROGRESS | CA Connect 23/50 | ASHOK R | rashok5@hotmail.com
2026-06-22 16:23:44 [INFO   ]   [23/50] ASHOK R | rashok5@hotmail.com
2026-06-22 16:23:49 [INFO   ] PROGRESS | CA Connect 24/50 | NARAYANA MISHRA | canmishra2018@gmail.com
2026-06-22 16:23:49 [INFO   ]   [24/50] NARAYANA MISHRA | canmishra2018@gmail.com
2026-06-22 16:23:54 [INFO   ] PROGRESS | CA Connect 25/50 | RAMASWAMY S | sram1710@gmail.com
2026-06-22 16:23:54 [INFO   ]   [25/50] RAMASWAMY S | sram1710@gmail.com
2026-06-22 16:23:59 [INFO   ] PROGRESS | CA Connect 26/50 | SANJEEV S | ssanjeev6239@gmail.com
2026-06-22 16:23:59 [INFO   ]   [26/50] SANJEEV S | ssanjeev6239@gmail.com
2026-06-22 16:24:04 [INFO   ] PROGRESS | CA Connect 27/50 | GOWSHIGAN P | gowshi45@gmail.com
2026-06-22 16:24:04 [INFO   ]   [27/50] GOWSHIGAN P | gowshi45@gmail.com
2026-06-22 16:24:09 [INFO   ] PROGRESS | CA Connect 28/50 | VIKAS PATWA | vikas@vikaspatwa.com
2026-06-22 16:24:09 [INFO   ]   [28/50] VIKAS PATWA | vikas@vikaspatwa.com
2026-06-22 16:24:14 [INFO   ] PROGRESS | CA Connect 29/50 | CHELLADURAI R | carchelladurai@gmail.com
2026-06-22 16:24:14 [INFO   ]   [29/50] CHELLADURAI R | carchelladurai@gmail.com
2026-06-22 16:24:19 [INFO   ] PROGRESS | CA Connect 30/50 | CHANDRASEKAR G | shekar_ganapathy@yahoo.com
2026-06-22 16:24:19 [INFO   ]   [30/50] CHANDRASEKAR G | shekar_ganapathy@yahoo.com
2026-06-22 16:24:24 [INFO   ] PROGRESS | CA Connect 31/50 | CHAMUNDESWARI M | chamubaskar@gmail.com
2026-06-22 16:24:24 [INFO   ]   [31/50] CHAMUNDESWARI M | chamubaskar@gmail.com
2026-06-22 16:24:29 [INFO   ] PROGRESS | CA Connect 32/50 | GOPTHREE S | gopthree.sga@gmail.com
2026-06-22 16:24:29 [INFO   ]   [32/50] GOPTHREE S | gopthree.sga@gmail.com
2026-06-22 16:24:34 [INFO   ] PROGRESS | CA Connect 33/50 | BHARTI KOTHARI | bharti.auditor@gmail.com
2026-06-22 16:24:34 [INFO   ]   [33/50] BHARTI KOTHARI | bharti.auditor@gmail.com
2026-06-22 16:24:40 [INFO   ] PROGRESS | CA Connect 34/50 | JEGADESAN S K | skjegadesan@gmail.com
2026-06-22 16:24:40 [INFO   ]   [34/50] JEGADESAN S K | skjegadesan@gmail.com
2026-06-22 16:24:45 [INFO   ] PROGRESS | CA Connect 35/50 | SRIKANT P S | pssandco.ca@gmail.com
2026-06-22 16:24:45 [INFO   ]   [35/50] SRIKANT P S | pssandco.ca@gmail.com
2026-06-22 16:24:50 [INFO   ] PROGRESS | CA Connect 36/50 | SRIRAM T S | sriram111213@gmail.com
2026-06-22 16:24:50 [INFO   ]   [36/50] SRIRAM T S | sriram111213@gmail.com
2026-06-22 16:24:55 [INFO   ] PROGRESS | CA Connect 37/50 | DHARMI CHAND MOHAN CHAND KHATOD | dmohanchandca@rediffmail.com
2026-06-22 16:24:55 [INFO   ]   [37/50] DHARMI CHAND MOHAN CHAND KHATOD | dmohanchandca@rediffmail.com
2026-06-22 16:25:00 [INFO   ] PROGRESS | CA Connect 38/50 | KANNAN R | kannanr1970@gmail.com
2026-06-22 16:25:00 [INFO   ]   [38/50] KANNAN R | kannanr1970@gmail.com
2026-06-22 16:25:05 [INFO   ] PROGRESS | CA Connect 39/50 | SUMIT DAFTARY | casumitdaftary@gmail.com
2026-06-22 16:25:05 [INFO   ]   [39/50] SUMIT DAFTARY | casumitdaftary@gmail.com
2026-06-22 16:25:10 [INFO   ] PROGRESS | CA Connect 40/50 | RAHUL N R | rahulajith96@gmail.com
2026-06-22 16:25:10 [INFO   ]   [40/50] RAHUL N R | rahulajith96@gmail.com
2026-06-22 16:25:15 [INFO   ] PROGRESS | CA Connect 41/50 | HARISHA T G | harisha.621@gmail.com
2026-06-22 16:25:15 [INFO   ]   [41/50] HARISHA T G | harisha.621@gmail.com
2026-06-22 16:25:20 [INFO   ] PROGRESS | CA Connect 42/50 | SUBRAMANIAN B | subramanianbs@gmail.com
2026-06-22 16:25:20 [INFO   ]   [42/50] SUBRAMANIAN B | subramanianbs@gmail.com
2026-06-22 16:25:26 [INFO   ] PROGRESS | CA Connect 43/50 | KEERTHY S | cakeerthys@gmail.com
2026-06-22 16:25:26 [INFO   ]   [43/50] KEERTHY S | cakeerthys@gmail.com
2026-06-22 16:25:31 [INFO   ] PROGRESS | CA Connect 44/50 | DOLPHIN REVANTH B | bdolphinrevanth.ca@outlook.com
2026-06-22 16:25:31 [INFO   ]   [44/50] DOLPHIN REVANTH B | bdolphinrevanth.ca@outlook.com
2026-06-22 16:25:38 [INFO   ] PROGRESS | CA Connect 45/50 | SRITHAR S | srihari32000@yahoo.co.in
2026-06-22 16:25:38 [INFO   ]   [45/50] SRITHAR S | srihari32000@yahoo.co.in
2026-06-22 16:25:43 [INFO   ] PROGRESS | CA Connect 46/50 | DARSHAN LUNAWAT | darshanlunawat90116@gmail.com
2026-06-22 16:25:43 [INFO   ]   [46/50] DARSHAN LUNAWAT | darshanlunawat90116@gmail.com
2026-06-22 16:25:48 [INFO   ] PROGRESS | CA Connect 47/50 | RAVICHANDRAN N | nravinca@gmail.com
2026-06-22 16:25:48 [INFO   ]   [47/50] RAVICHANDRAN N | nravinca@gmail.com
2026-06-22 16:25:53 [INFO   ] PROGRESS | CA Connect 48/50 | MURALI S | camuralisanthanam@gmail.com
2026-06-22 16:25:53 [INFO   ]   [48/50] MURALI S | camuralisanthanam@gmail.com
2026-06-22 16:25:58 [INFO   ] PROGRESS | CA Connect 49/50 | HARISHANKAR P R | hariprshankar@gmail.com
2026-06-22 16:25:58 [INFO   ]   [49/50] HARISHANKAR P R | hariprshankar@gmail.com
2026-06-22 16:26:03 [INFO   ] PROGRESS | CA Connect 50/50 | SANKAR | ask.sandg@gmail.com
2026-06-22 16:26:03 [INFO   ]   [50/50] SANKAR | ask.sandg@gmail.com
2026-06-22 16:26:03 [INFO   ] Batch done — 50 new email(s) this batch | run total 322 / 1000
2026-06-22 16:26:03 [INFO   ] Enriching 50 profile(s) — Audit | Tamil Nadu | Chennai (102 pending in this city)
2026-06-22 16:26:04 [INFO   ] Logging in to CA Connect as sandeepjain200019@gmail.com
2026-06-22 16:26:11 [INFO   ] Login OK — current URL: https://caconnect.icai.org/home
2026-06-22 16:26:15 [INFO   ] PROGRESS | CA Connect 1/50 | SHAHILL KUMAR | shahill@saaasllp.com
2026-06-22 16:26:15 [INFO   ]   [1/50] SHAHILL KUMAR | shahill@saaasllp.com
2026-06-22 16:26:20 [INFO   ] PROGRESS | CA Connect 2/50 | UMAR FAROOK S | s.umarfarook@gmail.com
2026-06-22 16:26:20 [INFO   ]   [2/50] UMAR FAROOK S | s.umarfarook@gmail.com
2026-06-22 16:26:25 [INFO   ] PROGRESS | CA Connect 3/50 | SHATHIK BASHA A | shathik.sb@gmail.com
2026-06-22 16:26:25 [INFO   ]   [3/50] SHATHIK BASHA A | shathik.sb@gmail.com
2026-06-22 16:26:30 [INFO   ] PROGRESS | CA Connect 4/50 | AROORAN AND ASSOCIATES | deepsvicki@gmail.com
2026-06-22 16:26:30 [INFO   ]   [4/50] AROORAN AND ASSOCIATES | deepsvicki@gmail.com
2026-06-22 16:26:35 [INFO   ] PROGRESS | CA Connect 5/50 | VARUN AGARWAL & ASSOCIATES | augustvarun@gmail.com
2026-06-22 16:26:35 [INFO   ]   [5/50] VARUN AGARWAL & ASSOCIATES | augustvarun@gmail.com
2026-06-22 16:26:40 [INFO   ] PROGRESS | CA Connect 6/50 | P D K & ASSOCIATES | pdeepakcwa@gmail.com
2026-06-22 16:26:40 [INFO   ]   [6/50] P D K & ASSOCIATES | pdeepakcwa@gmail.com
2026-06-22 16:26:45 [INFO   ] PROGRESS | CA Connect 7/50 | S BALA & CO | sbala392013@gmail.com
2026-06-22 16:26:45 [INFO   ]   [7/50] S BALA & CO | sbala392013@gmail.com
2026-06-22 16:26:50 [INFO   ] PROGRESS | CA Connect 8/50 | P M KUMAR & CO | mohankumarcakmm@gmail.com
2026-06-22 16:26:50 [INFO   ]   [8/50] P M KUMAR & CO | mohankumarcakmm@gmail.com
2026-06-22 16:26:55 [INFO   ] PROGRESS | CA Connect 9/50 | P N A & ASSOCIATES | pnaassociates@rediffmail.com
2026-06-22 16:26:55 [INFO   ]   [9/50] P N A & ASSOCIATES | pnaassociates@rediffmail.com
2026-06-22 16:27:00 [INFO   ] PROGRESS | CA Connect 10/50 | PRABHAVATHY & CO | caprabha2018@gmail.com
2026-06-22 16:27:00 [INFO   ]   [10/50] PRABHAVATHY & CO | caprabha2018@gmail.com
2026-06-22 16:27:06 [INFO   ] PROGRESS | CA Connect 11/50 | J THOMAS FERNANDO & CO | jtfandco@gmail.com; caxavierfernando@gmail.com
2026-06-22 16:27:06 [INFO   ]   [11/50] J THOMAS FERNANDO & CO | jtfandco@gmail.com; caxavierfernando@gmail.com
2026-06-22 16:27:11 [INFO   ] PROGRESS | CA Connect 12/50 | ATISHAY RUPESH & CO | rayassociates24@gmail.com
2026-06-22 16:27:11 [INFO   ]   [12/50] ATISHAY RUPESH & CO | rayassociates24@gmail.com
2026-06-22 16:27:16 [INFO   ] PROGRESS | CA Connect 13/50 | SELVAKUMAR S & ASSOCIATES | caselvaa@gmail.com
2026-06-22 16:27:16 [INFO   ]   [13/50] SELVAKUMAR S & ASSOCIATES | caselvaa@gmail.com
2026-06-22 16:27:22 [INFO   ] PROGRESS | CA Connect 14/50 | R R P M & ASSOCIATES LLP | rajha@rrpm.co.in
2026-06-22 16:27:22 [INFO   ]   [14/50] R R P M & ASSOCIATES LLP | rajha@rrpm.co.in
2026-06-22 16:27:27 [INFO   ] PROGRESS | CA Connect 15/50 | SHANKER GIRI & PRABHAKAR | shanker.sgp@gmail.com
2026-06-22 16:27:27 [INFO   ]   [15/50] SHANKER GIRI & PRABHAKAR | shanker.sgp@gmail.com
2026-06-22 16:27:32 [INFO   ] PROGRESS | CA Connect 16/50 | VARUN C DAS & ASSOCIATES | varun.cdas@gmail.com
2026-06-22 16:27:32 [INFO   ]   [16/50] VARUN C DAS & ASSOCIATES | varun.cdas@gmail.com
2026-06-22 16:27:37 [INFO   ] PROGRESS | CA Connect 17/50 | SHABBIR & ASSOCIATES | cashabbir@gmail.com
2026-06-22 16:27:37 [INFO   ]   [17/50] SHABBIR & ASSOCIATES | cashabbir@gmail.com
2026-06-22 16:27:42 [INFO   ] PROGRESS | CA Connect 18/50 | V M B G & CO | vmbabu78@gmail.com
2026-06-22 16:27:42 [INFO   ]   [18/50] V M B G & CO | vmbabu78@gmail.com
2026-06-22 16:27:47 [INFO   ] PROGRESS | CA Connect 19/50 | CHANDRAN & RAMAN | pnr49@rediffmail.com
2026-06-22 16:27:47 [INFO   ]   [19/50] CHANDRAN & RAMAN | pnr49@rediffmail.com
2026-06-22 16:27:54 [INFO   ] PROGRESS | CA Connect 20/50 | MURALI RAMESH AND ASSOCIATES LLP | mirra1990@gmail.com
2026-06-22 16:27:54 [INFO   ]   [20/50] MURALI RAMESH AND ASSOCIATES LLP | mirra1990@gmail.com
2026-06-22 16:28:01 [INFO   ] PROGRESS | CA Connect 21/50 | N V MANOHAR & ASSOCIATES | manoharnooka@gmail.com
2026-06-22 16:28:01 [INFO   ]   [21/50] N V MANOHAR & ASSOCIATES | manoharnooka@gmail.com
2026-06-22 16:28:06 [INFO   ] PROGRESS | CA Connect 22/50 | SRINIVASAN AND SRIVATHSAN | cnsvrs@gmail.com
2026-06-22 16:28:06 [INFO   ]   [22/50] SRINIVASAN AND SRIVATHSAN | cnsvrs@gmail.com
2026-06-22 16:28:11 [INFO   ] PROGRESS | CA Connect 23/50 | VENKATA RAGHAVAN AND GOVARDHAN | govardhan@govencas.com
2026-06-22 16:28:11 [INFO   ]   [23/50] VENKATA RAGHAVAN AND GOVARDHAN | govardhan@govencas.com
2026-06-22 16:28:16 [INFO   ] PROGRESS | CA Connect 24/50 | LALITHA & CO | lalitharca@gmail.com
2026-06-22 16:28:16 [INFO   ]   [24/50] LALITHA & CO | lalitharca@gmail.com
2026-06-22 16:28:21 [INFO   ] PROGRESS | CA Connect 25/50 | Dhiraj Shubham & CO LLP | reachoutdhiraj@gmail.com
2026-06-22 16:28:21 [INFO   ]   [25/50] Dhiraj Shubham & CO LLP | reachoutdhiraj@gmail.com
2026-06-22 16:28:28 [INFO   ] PROGRESS | CA Connect 26/50 | VENKATASH & ANANTHARAMAN | h_ganesh62@hotmail.com
2026-06-22 16:28:28 [INFO   ]   [26/50] VENKATASH & ANANTHARAMAN | h_ganesh62@hotmail.com
2026-06-22 16:28:33 [INFO   ] PROGRESS | CA Connect 27/50 | PERUMAL & COMPANY | karthick9999@yahoo.com
2026-06-22 16:28:33 [INFO   ]   [27/50] PERUMAL & COMPANY | karthick9999@yahoo.com
2026-06-22 16:28:38 [INFO   ] PROGRESS | CA Connect 28/50 | AJITH KUMAR & CO | caajith.work@gmail.com
2026-06-22 16:28:38 [INFO   ]   [28/50] AJITH KUMAR & CO | caajith.work@gmail.com
2026-06-22 16:28:43 [INFO   ] PROGRESS | CA Connect 29/50 | S PAVITHRA & ASSOCIATES | reachcapavithra@gmail.com
2026-06-22 16:28:43 [INFO   ]   [29/50] S PAVITHRA & ASSOCIATES | reachcapavithra@gmail.com
2026-06-22 16:28:48 [INFO   ] PROGRESS | CA Connect 30/50 | D RAMANUJAN & CO | sdramanujan23@gmail.com
2026-06-22 16:28:48 [INFO   ]   [30/50] D RAMANUJAN & CO | sdramanujan23@gmail.com
2026-06-22 16:28:53 [INFO   ] PROGRESS | CA Connect 31/50 | B C S & CO | chelladurai.b@icai.org
2026-06-22 16:28:53 [INFO   ]   [31/50] B C S & CO | chelladurai.b@icai.org
2026-06-22 16:28:58 [INFO   ] PROGRESS | CA Connect 32/50 | BANU & ASSOCIATES | ca.nasreenbanu@gmail.com
2026-06-22 16:28:58 [INFO   ]   [32/50] BANU & ASSOCIATES | ca.nasreenbanu@gmail.com
2026-06-22 16:29:03 [INFO   ] PROGRESS | CA Connect 33/50 | RANJITHA & CO | ca.ranjithaa@gmail.com
2026-06-22 16:29:03 [INFO   ]   [33/50] RANJITHA & CO | ca.ranjithaa@gmail.com
2026-06-22 16:29:08 [INFO   ] PROGRESS | CA Connect 34/50 | RAVIKANTH & ASSOCIATES | ravikanth0505@gmail.com
2026-06-22 16:29:08 [INFO   ]   [34/50] RAVIKANTH & ASSOCIATES | ravikanth0505@gmail.com
2026-06-22 16:29:14 [INFO   ] PROGRESS | CA Connect 35/50 | L U KRISHNAN & CO | pkmanoj.fca@gmail.com
2026-06-22 16:29:14 [INFO   ]   [35/50] L U KRISHNAN & CO | pkmanoj.fca@gmail.com
2026-06-22 16:29:19 [INFO   ] PROGRESS | CA Connect 36/50 | SWARNAPRIYA AND ASSOCIATES | capriyasankar@gmail.com
2026-06-22 16:29:19 [INFO   ]   [36/50] SWARNAPRIYA AND ASSOCIATES | capriyasankar@gmail.com
2026-06-22 16:29:24 [INFO   ] PROGRESS | CA Connect 37/50 | A K RAJAGOPALAN & CO | akrajagopalanandco@gmail.com
2026-06-22 16:29:24 [INFO   ]   [37/50] A K RAJAGOPALAN & CO | akrajagopalanandco@gmail.com
2026-06-22 16:29:29 [INFO   ] PROGRESS | CA Connect 38/50 | SOLETI ASSOCIATES | soletiassociates@yahoo.co.in
2026-06-22 16:29:29 [INFO   ]   [38/50] SOLETI ASSOCIATES | soletiassociates@yahoo.co.in
2026-06-22 16:29:34 [INFO   ] PROGRESS | CA Connect 39/50 | A PONIBASS & CO | ap@ponibass.com
2026-06-22 16:29:34 [INFO   ]   [39/50] A PONIBASS & CO | ap@ponibass.com
2026-06-22 16:29:39 [INFO   ] PROGRESS | CA Connect 40/50 | ARUN AND SUJATHA | avarun77@gmail.com
2026-06-22 16:29:39 [INFO   ]   [40/50] ARUN AND SUJATHA | avarun77@gmail.com
2026-06-22 16:29:44 [INFO   ] PROGRESS | CA Connect 41/50 | SIDDHARTH M SHAH & ASSOCIATES | shahsiddharth46@gmail.com
2026-06-22 16:29:44 [INFO   ]   [41/50] SIDDHARTH M SHAH & ASSOCIATES | shahsiddharth46@gmail.com
2026-06-22 16:29:51 [INFO   ] PROGRESS | CA Connect 42/50 | B PURUSHOTTAM & CO | purshotham@bpcca.in
2026-06-22 16:29:51 [INFO   ]   [42/50] B PURUSHOTTAM & CO | purshotham@bpcca.in
2026-06-22 16:29:56 [INFO   ] PROGRESS | CA Connect 43/50 | AHALYA & ASSOCIATES | ahalya.t@gmail.com
2026-06-22 16:29:56 [INFO   ]   [43/50] AHALYA & ASSOCIATES | ahalya.t@gmail.com
2026-06-22 16:30:01 [INFO   ] PROGRESS | CA Connect 44/50 | GANESH & VENKAT | sath.vedha.narayanan.r@icai.org
2026-06-22 16:30:01 [INFO   ]   [44/50] GANESH & VENKAT | sath.vedha.narayanan.r@icai.org
2026-06-22 16:30:07 [INFO   ] PROGRESS | CA Connect 45/50 | A SENTHIL KUMAR & ASSOCIATES | auditorsenthil@gmail.com
2026-06-22 16:30:07 [INFO   ]   [45/50] A SENTHIL KUMAR & ASSOCIATES | auditorsenthil@gmail.com
2026-06-22 16:30:12 [INFO   ] PROGRESS | CA Connect 46/50 | PONRAJ & CO | vivekananthan2001@gmail.com
2026-06-22 16:30:12 [INFO   ]   [46/50] PONRAJ & CO | vivekananthan2001@gmail.com
2026-06-22 16:30:17 [INFO   ] PROGRESS | CA Connect 47/50 | J MARTIN & ASSOCIATES | jmartin996@gmail.com
2026-06-22 16:30:17 [INFO   ]   [47/50] J MARTIN & ASSOCIATES | jmartin996@gmail.com
2026-06-22 16:30:23 [INFO   ] PROGRESS | CA Connect 48/50 | U C J & ASSOCIATES | ucj.associates@gmail.com
2026-06-22 16:30:23 [INFO   ]   [48/50] U C J & ASSOCIATES | ucj.associates@gmail.com
2026-06-22 16:30:28 [INFO   ] PROGRESS | CA Connect 49/50 | H G S & CO | hemakumaraswami@gmail.com
2026-06-22 16:30:28 [INFO   ]   [49/50] H G S & CO | hemakumaraswami@gmail.com
2026-06-22 16:30:33 [INFO   ] PROGRESS | CA Connect 50/50 | VISHALI RAVINDRAN & ASSOCIATES | vishaliraviiii@gmail.com
2026-06-22 16:30:33 [INFO   ]   [50/50] VISHALI RAVINDRAN & ASSOCIATES | vishaliraviiii@gmail.com
2026-06-22 16:30:33 [INFO   ] Batch done — 50 new email(s) this batch | run total 372 / 1000
2026-06-22 16:30:33 [INFO   ] Enriching 50 profile(s) — Audit | Tamil Nadu | Chennai (52 pending in this city)
2026-06-22 16:30:34 [INFO   ] Logging in to CA Connect as sandeepjain200019@gmail.com
2026-06-22 16:30:42 [INFO   ] Login OK — current URL: https://caconnect.icai.org/home
2026-06-22 16:30:45 [INFO   ] PROGRESS | CA Connect 1/50 | BALAJI SRINIVASAN ASSOCIATES | vthulasi@tcoca.com
2026-06-22 16:30:45 [INFO   ]   [1/50] BALAJI SRINIVASAN ASSOCIATES | vthulasi@tcoca.com
2026-06-22 16:30:50 [INFO   ] PROGRESS | CA Connect 2/50 | M R BOTHRAA & ASSOCIATES | mrbothraa@gmail.com
2026-06-22 16:30:50 [INFO   ]   [2/50] M R BOTHRAA & ASSOCIATES | mrbothraa@gmail.com
2026-06-22 16:30:55 [INFO   ] PROGRESS | CA Connect 3/50 | V P MUKUNDAN & ASSOCIATES | vpm7@rediffmail.com
2026-06-22 16:30:55 [INFO   ]   [3/50] V P MUKUNDAN & ASSOCIATES | vpm7@rediffmail.com
2026-06-22 16:31:01 [INFO   ] PROGRESS | CA Connect 4/50 | D U R V AND ASSOCIATES LLP | sriram@durv.in
2026-06-22 16:31:01 [INFO   ]   [4/50] D U R V AND ASSOCIATES LLP | sriram@durv.in
2026-06-22 16:31:07 [INFO   ] PROGRESS | CA Connect 5/50 | SUNIL ROSHAN AND ASSOCIATES | sunil@sraa.net.in
2026-06-22 16:31:07 [INFO   ]   [5/50] SUNIL ROSHAN AND ASSOCIATES | sunil@sraa.net.in
2026-06-22 16:31:12 [INFO   ] PROGRESS | CA Connect 6/50 | M S P S & ASSOCIATES | maruthy@mspsca.com
2026-06-22 16:31:12 [INFO   ]   [6/50] M S P S & ASSOCIATES | maruthy@mspsca.com
2026-06-22 16:31:18 [INFO   ] PROGRESS | CA Connect 7/50 | P S MANOHAR & CO | manohar_auditor@yahoo.co.in
2026-06-22 16:31:18 [INFO   ]   [7/50] P S MANOHAR & CO | manohar_auditor@yahoo.co.in
2026-06-22 16:31:23 [INFO   ] PROGRESS | CA Connect 8/50 | G H G ASSOCIATES | hareshauditor@gmail.com
2026-06-22 16:31:23 [INFO   ]   [8/50] G H G ASSOCIATES | hareshauditor@gmail.com
2026-06-22 16:31:28 [INFO   ] PROGRESS | CA Connect 9/50 | RENGASWAMY & ASSOCIATES | thirurenga@gmail.com
2026-06-22 16:31:28 [INFO   ]   [9/50] RENGASWAMY & ASSOCIATES | thirurenga@gmail.com
2026-06-22 16:31:33 [INFO   ] PROGRESS | CA Connect 10/50 | M SARATH KUMAR & ASSOCIATES | sarathsit3@gmail.com
2026-06-22 16:31:33 [INFO   ]   [10/50] M SARATH KUMAR & ASSOCIATES | sarathsit3@gmail.com
2026-06-22 16:31:38 [INFO   ] PROGRESS | CA Connect 11/50 | NARASIMHAN & ASSOCIATES | narasimhan@nandaca.com
2026-06-22 16:31:38 [INFO   ]   [11/50] NARASIMHAN & ASSOCIATES | narasimhan@nandaca.com
2026-06-22 16:31:43 [INFO   ] PROGRESS | CA Connect 12/50 | Y KRISHNA KUMAR & ASSOCIATES | ykrishnakumar123@yahoo.co.in
2026-06-22 16:31:43 [INFO   ]   [12/50] Y KRISHNA KUMAR & ASSOCIATES | ykrishnakumar123@yahoo.co.in
2026-06-22 16:31:48 [INFO   ] PROGRESS | CA Connect 13/50 | RAVI DEEPAK & CO | ravideepakandco@gmail.com
2026-06-22 16:31:48 [INFO   ]   [13/50] RAVI DEEPAK & CO | ravideepakandco@gmail.com
2026-06-22 16:31:53 [INFO   ] PROGRESS | CA Connect 14/50 | PASUMARTHY & CO | pasumarthy82@gmail.com
2026-06-22 16:31:53 [INFO   ]   [14/50] PASUMARTHY & CO | pasumarthy82@gmail.com
2026-06-22 16:31:59 [INFO   ] PROGRESS | CA Connect 15/50 | K M P C & ASSOCIATES LLP | chordiamohit92@gmail.com
2026-06-22 16:31:59 [INFO   ]   [15/50] K M P C & ASSOCIATES LLP | chordiamohit92@gmail.com
2026-06-22 16:32:04 [INFO   ] PROGRESS | CA Connect 16/50 | REVANTH & CO | mrevanth91@gmail.com
2026-06-22 16:32:04 [INFO   ]   [16/50] REVANTH & CO | mrevanth91@gmail.com
2026-06-22 16:32:09 [INFO   ] PROGRESS | CA Connect 17/50 | SATHISH RAM & ASSOCIATES | casathishram@gmail.com
2026-06-22 16:32:09 [INFO   ]   [17/50] SATHISH RAM & ASSOCIATES | casathishram@gmail.com
2026-06-22 16:32:14 [INFO   ] PROGRESS | CA Connect 18/50 | V B S & ASSOCIATES | ammangivbalaji@gmail.com
2026-06-22 16:32:14 [INFO   ]   [18/50] V B S & ASSOCIATES | ammangivbalaji@gmail.com
2026-06-22 16:32:19 [INFO   ] PROGRESS | CA Connect 19/50 | S P R D & CO | sriram@balacoca.com
2026-06-22 16:32:19 [INFO   ]   [19/50] S P R D & CO | sriram@balacoca.com
2026-06-22 16:32:24 [INFO   ] PROGRESS | CA Connect 20/50 | RAMACHANDRAN S & CO | ramanvsm@gmail.com
2026-06-22 16:32:24 [INFO   ]   [20/50] RAMACHANDRAN S & CO | ramanvsm@gmail.com
2026-06-22 16:32:29 [INFO   ] PROGRESS | CA Connect 21/50 | B S KUMAR & ASSOCIATES | lalapetsathish@gmail.com
2026-06-22 16:32:29 [INFO   ]   [21/50] B S KUMAR & ASSOCIATES | lalapetsathish@gmail.com
2026-06-22 16:32:34 [INFO   ] PROGRESS | CA Connect 22/50 | K V & CO | cavijaykumar1983@gmail.com
2026-06-22 16:32:34 [INFO   ]   [22/50] K V & CO | cavijaykumar1983@gmail.com
2026-06-22 16:32:39 [INFO   ] PROGRESS | CA Connect 23/50 | M R V S AND ASSOCIATES | yahooramji@gmail.com
2026-06-22 16:32:39 [INFO   ]   [23/50] M R V S AND ASSOCIATES | yahooramji@gmail.com
2026-06-22 16:32:44 [INFO   ] PROGRESS | CA Connect 24/50 | P L & ASSOCIATES | govindprabhaca@yahoo.co.in
2026-06-22 16:32:44 [INFO   ]   [24/50] P L & ASSOCIATES | govindprabhaca@yahoo.co.in
2026-06-22 16:32:49 [INFO   ] PROGRESS | CA Connect 25/50 | A R R R & ASSOCIATES | varakeeb@gmail.com
2026-06-22 16:32:49 [INFO   ]   [25/50] A R R R & ASSOCIATES | varakeeb@gmail.com
2026-06-22 16:32:54 [INFO   ] PROGRESS | CA Connect 26/50 | A B D M & ASSOCIATES | infoabdassociates@gmail.com
2026-06-22 16:32:54 [INFO   ]   [26/50] A B D M & ASSOCIATES | infoabdassociates@gmail.com
2026-06-22 16:32:59 [INFO   ] PROGRESS | CA Connect 27/50 | A SEKAR & ASSOCIATES | asekar51@gmail.com
2026-06-22 16:32:59 [INFO   ]   [27/50] A SEKAR & ASSOCIATES | asekar51@gmail.com
2026-06-22 16:33:04 [INFO   ] PROGRESS | CA Connect 28/50 | R RAVI & R VAIDHYANATHAN | vaidhyanathanca@gmail.com
2026-06-22 16:33:04 [INFO   ]   [28/50] R RAVI & R VAIDHYANATHAN | vaidhyanathanca@gmail.com
2026-06-22 16:33:09 [INFO   ] PROGRESS | CA Connect 29/50 | ASHWIN KRISHNAMURTHY & ASSOCIATES | kashwin238@gmail.com
2026-06-22 16:33:09 [INFO   ]   [29/50] ASHWIN KRISHNAMURTHY & ASSOCIATES | kashwin238@gmail.com
2026-06-22 16:33:16 [INFO   ] PROGRESS | CA Connect 30/50 | RAJAN CHAKRAVARTHY & ASSOCIATES | rcachennai@gmail.com
2026-06-22 16:33:16 [INFO   ]   [30/50] RAJAN CHAKRAVARTHY & ASSOCIATES | rcachennai@gmail.com
2026-06-22 16:33:21 [INFO   ] PROGRESS | CA Connect 31/50 | V SENTHILNATHAN & CO | basenthil@gmail.com
2026-06-22 16:33:21 [INFO   ]   [31/50] V SENTHILNATHAN & CO | basenthil@gmail.com
2026-06-22 16:33:27 [INFO   ] PROGRESS | CA Connect 32/50 | A B J JAIN & ASSOCIATES | jainassociates2020@gmail.com
2026-06-22 16:33:27 [INFO   ]   [32/50] A B J JAIN & ASSOCIATES | jainassociates2020@gmail.com
2026-06-22 16:33:32 [INFO   ] PROGRESS | CA Connect 33/50 | YUVARAJ ASSOCIATES | yuvaraj59@gmail.com
2026-06-22 16:33:32 [INFO   ]   [33/50] YUVARAJ ASSOCIATES | yuvaraj59@gmail.com
2026-06-22 16:33:38 [INFO   ] PROGRESS | CA Connect 34/50 | K MUNUSAMI & CO | kmcochennai@gmail.com
2026-06-22 16:33:38 [INFO   ]   [34/50] K MUNUSAMI & CO | kmcochennai@gmail.com
2026-06-22 16:33:43 [INFO   ] PROGRESS | CA Connect 35/50 | ARAVAZHI & ASSOCIATES | aravazhimanju@rediffmail.com
2026-06-22 16:33:43 [INFO   ]   [35/50] ARAVAZHI & ASSOCIATES | aravazhimanju@rediffmail.com
2026-06-22 16:33:48 [INFO   ] PROGRESS | CA Connect 36/50 | T BALAJI AND ASSOCIATES | tbalaji19@gmail.com
2026-06-22 16:33:48 [INFO   ]   [36/50] T BALAJI AND ASSOCIATES | tbalaji19@gmail.com
2026-06-22 16:33:53 [INFO   ] PROGRESS | CA Connect 37/50 | VENKATA MANOHAR & CO | camanoharm@gmail.com
2026-06-22 16:33:53 [INFO   ]   [37/50] VENKATA MANOHAR & CO | camanoharm@gmail.com
2026-06-22 16:34:00 [INFO   ] PROGRESS | CA Connect 38/50 | M VINOTHRAJ & ASSOCIATES | vinothraj.ca@gmail.com
2026-06-22 16:34:00 [INFO   ]   [38/50] M VINOTHRAJ & ASSOCIATES | vinothraj.ca@gmail.com
2026-06-22 16:34:06 [INFO   ] PROGRESS | CA Connect 39/50 | SANJIV SHAH & ASSOCIATES | rajendrakumarp@icai.org
2026-06-22 16:34:06 [INFO   ]   [39/50] SANJIV SHAH & ASSOCIATES | rajendrakumarp@icai.org
2026-06-22 16:34:12 [INFO   ] PROGRESS | CA Connect 40/50 | S N A N & ASSOCIATES | nafizahamed79@gmail.com
2026-06-22 16:34:12 [INFO   ]   [40/50] S N A N & ASSOCIATES | nafizahamed79@gmail.com
2026-06-22 16:34:17 [INFO   ] PROGRESS | CA Connect 41/50 | ALAMELU AND ASSOCIATES | alamelujaghan@gmail.com
2026-06-22 16:34:17 [INFO   ]   [41/50] ALAMELU AND ASSOCIATES | alamelujaghan@gmail.com
2026-06-22 16:34:22 [INFO   ] PROGRESS | CA Connect 42/50 | M A SURYANARAYANAN & CO | masnarayanan@gmail.com
2026-06-22 16:34:22 [INFO   ]   [42/50] M A SURYANARAYANAN & CO | masnarayanan@gmail.com
2026-06-22 16:34:28 [INFO   ] PROGRESS | CA Connect 43/50 | P R R AND CO | rskmail.in@gmail.com
2026-06-22 16:34:28 [INFO   ]   [43/50] P R R AND CO | rskmail.in@gmail.com
2026-06-22 16:34:33 [INFO   ] PROGRESS | CA Connect 44/50 | SUNIL BARDIA & CO | audit.tax@gmail.com
2026-06-22 16:34:33 [INFO   ]   [44/50] SUNIL BARDIA & CO | audit.tax@gmail.com
2026-06-22 16:34:38 [INFO   ] PROGRESS | CA Connect 45/50 | S K O R P & ASSOCIATES | sreekamal05@gmail.com
2026-06-22 16:34:38 [INFO   ]   [45/50] S K O R P & ASSOCIATES | sreekamal05@gmail.com
2026-06-22 16:34:43 [INFO   ] PROGRESS | CA Connect 46/50 | MEIYAPPAN AND ASSOCIATES | carameiyappan@gmail.com
2026-06-22 16:34:43 [INFO   ]   [46/50] MEIYAPPAN AND ASSOCIATES | carameiyappan@gmail.com
2026-06-22 16:34:48 [INFO   ] PROGRESS | CA Connect 47/50 | N R T & ASSOCIATES | nprem93@gmail.com
2026-06-22 16:34:48 [INFO   ]   [47/50] N R T & ASSOCIATES | nprem93@gmail.com
2026-06-22 16:34:53 [INFO   ] PROGRESS | CA Connect 48/50 | R V J & COMPANY | rj.carahuljain@gmail.com
2026-06-22 16:34:53 [INFO   ]   [48/50] R V J & COMPANY | rj.carahuljain@gmail.com
2026-06-22 16:34:58 [INFO   ] PROGRESS | CA Connect 49/50 | JIGAR & NIRAJ LLP | nirajdavey@gmail.com
2026-06-22 16:34:58 [INFO   ]   [49/50] JIGAR & NIRAJ LLP | nirajdavey@gmail.com
2026-06-22 16:35:04 [INFO   ] PROGRESS | CA Connect 50/50 | ANAND & MADHAN | anand@anandmadhan.in
2026-06-22 16:35:04 [INFO   ]   [50/50] ANAND & MADHAN | anand@anandmadhan.in
2026-06-22 16:35:06 [INFO   ] Batch done — 50 new email(s) this batch | run total 422 / 1000
2026-06-22 16:35:06 [INFO   ] Enriching 2 profile(s) — Audit | Tamil Nadu | Chennai (2 pending in this city)
2026-06-22 16:35:08 [INFO   ] Logging in to CA Connect as sandeepjain200019@gmail.com
2026-06-22 16:35:16 [INFO   ] Login OK — current URL: https://caconnect.icai.org/home
2026-06-22 16:35:20 [INFO   ] PROGRESS | CA Connect 1/2 | RAGAVENDER & ASSOCIATES | ragav@raca.in
2026-06-22 16:35:20 [INFO   ]   [1/2] RAGAVENDER & ASSOCIATES | ragav@raca.in
2026-06-22 16:35:26 [INFO   ] PROGRESS | CA Connect 2/2 | N NAGARAJAN AND ASSOCIATES | canrajan@gmail.com
2026-06-22 16:35:26 [INFO   ]   [2/2] N NAGARAJAN AND ASSOCIATES | canrajan@gmail.com
2026-06-22 16:35:26 [INFO   ] Batch done — 2 new email(s) this batch | run total 424 / 1000
2026-06-22 16:35:26 [INFO   ] 
2026-06-22 16:35:26 [INFO   ] ==============================================================
2026-06-22 16:35:26 [INFO   ] PROGRESS | Listing harvest — Audit | Tamil Nadu | Coimbatore
2026-06-22 16:35:26 [INFO   ] ==============================================================
2026-06-22 16:35:27 [INFO   ] Opening CA Connect search page: https://caconnect.icai.org/search-your-ca
2026-06-22 16:35:32 [INFO   ] Selecting service=Audit state=Tamil Nadu city=Coimbatore
2026-06-22 16:35:37 [INFO   ] Search results URL: https://caconnect.icai.org/search?_token=IzNqA7qSexHY1GOrAdSOifyWUViXlPoZHjPOuh0f&type=&services=Audit&state=Tamil+Nadu&city=Coimbatore
2026-06-22 16:35:39 [INFO   ] Members tab: 44 cards
2026-06-22 16:35:44 [INFO   ] CA Firms tab: 44 cards
2026-06-22 16:35:44 [INFO   ] Stored 42 new listing(s) (88 total on page) for Audit / Tamil Nadu / Coimbatore
2026-06-22 16:35:44 [INFO   ] Enriching 42 profile(s) — Audit | Tamil Nadu | Coimbatore (42 pending in this city)
2026-06-22 16:35:45 [INFO   ] Logging in to CA Connect as sandeepjain200019@gmail.com
2026-06-22 16:35:55 [INFO   ] Login OK — current URL: https://caconnect.icai.org/home
2026-06-22 16:35:58 [INFO   ] PROGRESS | CA Connect 1/42 | SARAVANAKUMAR V | saravanagac@gmail.com
2026-06-22 16:35:58 [INFO   ]   [1/42] SARAVANAKUMAR V | saravanagac@gmail.com
2026-06-22 16:36:04 [INFO   ] PROGRESS | CA Connect 2/42 | DURGAA MANJARI R M | durgaamadhes2809@gmail.com
2026-06-22 16:36:04 [INFO   ]   [2/42] DURGAA MANJARI R M | durgaamadhes2809@gmail.com
2026-06-22 16:36:09 [INFO   ] PROGRESS | CA Connect 3/42 | VARSHINI V | v.varshini2105@gmail.com
2026-06-22 16:36:09 [INFO   ]   [3/42] VARSHINI V | v.varshini2105@gmail.com
2026-06-22 16:36:14 [INFO   ] PROGRESS | CA Connect 4/42 | MOTHILALGUPTHA | mothilalguptha99@gmail.com
2026-06-22 16:36:14 [INFO   ]   [4/42] MOTHILALGUPTHA | mothilalguptha99@gmail.com
2026-06-22 16:36:19 [INFO   ] PROGRESS | CA Connect 5/42 | SHYAM SUNDAR S | sss.shyamsundar@gmail.com
2026-06-22 16:36:19 [INFO   ]   [5/42] SHYAM SUNDAR S | sss.shyamsundar@gmail.com
2026-06-22 16:36:24 [INFO   ] PROGRESS | CA Connect 6/42 | SATHYABAMA KULANDAIVEL | ca.sathya2903@gmail.com
2026-06-22 16:36:24 [INFO   ]   [6/42] SATHYABAMA KULANDAIVEL | ca.sathya2903@gmail.com
2026-06-22 16:36:30 [INFO   ] PROGRESS | CA Connect 7/42 | VISHNU VAMANAN K P | vishnu835@gmail.com
2026-06-22 16:36:30 [INFO   ]   [7/42] VISHNU VAMANAN K P | vishnu835@gmail.com
2026-06-22 16:36:35 [INFO   ] PROGRESS | CA Connect 8/42 | MOHAN S | casmcbe25@live.com
2026-06-22 16:36:35 [INFO   ]   [8/42] MOHAN S | casmcbe25@live.com
2026-06-22 16:36:40 [INFO   ] PROGRESS | CA Connect 9/42 | JAYANTHI V | jayanthivsamy@yahoo.co.in
2026-06-22 16:36:40 [INFO   ]   [9/42] JAYANTHI V | jayanthivsamy@yahoo.co.in
2026-06-22 16:36:45 [INFO   ] PROGRESS | CA Connect 10/42 | URMILA S | urmila_priyadarshini@rediffmail.com
2026-06-22 16:36:45 [INFO   ]   [10/42] URMILA S | urmila_priyadarshini@rediffmail.com
2026-06-22 16:36:50 [INFO   ] PROGRESS | CA Connect 11/42 | MUTHUKUMAR K | kmuthukumarca@gmail.com
2026-06-22 16:36:50 [INFO   ]   [11/42] MUTHUKUMAR K | kmuthukumarca@gmail.com
2026-06-22 16:36:55 [INFO   ] PROGRESS | CA Connect 12/42 | SANTHANA RAMAN S | raman_sant@yahoo.com
2026-06-22 16:36:55 [INFO   ]   [12/42] SANTHANA RAMAN S | raman_sant@yahoo.com
2026-06-22 16:37:00 [INFO   ] PROGRESS | CA Connect 13/42 | MANOHARAN B | manoharan_meena@yahoo.co.in
2026-06-22 16:37:00 [INFO   ]   [13/42] MANOHARAN B | manoharan_meena@yahoo.co.in
2026-06-22 16:37:05 [INFO   ] PROGRESS | CA Connect 14/42 | SAHAYA JOSEPHINE JEROBA | ca.jeroba@gmail.com
2026-06-22 16:37:05 [INFO   ]   [14/42] SAHAYA JOSEPHINE JEROBA | ca.jeroba@gmail.com
2026-06-22 16:37:10 [INFO   ] PROGRESS | CA Connect 15/42 | SANJEEVI R | sanjeevirk@gmail.com
2026-06-22 16:37:10 [INFO   ]   [15/42] SANJEEVI R | sanjeevirk@gmail.com
2026-06-22 16:37:15 [INFO   ] PROGRESS | CA Connect 16/42 | KARTHIK VENKATARAMAN | karthik.aca.acs@gmail.com
2026-06-22 16:37:15 [INFO   ]   [16/42] KARTHIK VENKATARAMAN | karthik.aca.acs@gmail.com
2026-06-22 16:37:21 [INFO   ] PROGRESS | CA Connect 17/42 | VISHNU MANICKAM GANESAN | ca.vishnumanickam@gmail.com
2026-06-22 16:37:21 [INFO   ]   [17/42] VISHNU MANICKAM GANESAN | ca.vishnumanickam@gmail.com
2026-06-22 16:37:26 [INFO   ] PROGRESS | CA Connect 18/42 | SUNDARAN D | sundaran.d@icai.org
2026-06-22 16:37:26 [INFO   ]   [18/42] SUNDARAN D | sundaran.d@icai.org
2026-06-22 16:37:31 [INFO   ] PROGRESS | CA Connect 19/42 | RAGUL S | ragulragul75@gmail.com
2026-06-22 16:37:31 [INFO   ]   [19/42] RAGUL S | ragulragul75@gmail.com
2026-06-22 16:37:36 [INFO   ] PROGRESS | CA Connect 20/42 | SUPRIYA CHOPRA | supriyachopraca@gmail.com
2026-06-22 16:37:36 [INFO   ]   [20/42] SUPRIYA CHOPRA | supriyachopraca@gmail.com
2026-06-22 16:37:42 [INFO   ] PROGRESS | CA Connect 21/42 | SARAVANAN S | saravanans@icai.org
2026-06-22 16:37:42 [INFO   ]   [21/42] SARAVANAN S | saravanans@icai.org
2026-06-22 16:37:47 [INFO   ] PROGRESS | CA Connect 22/42 | KUMAARAVELU T | tkfca@yahoo.co.in
2026-06-22 16:37:47 [INFO   ]   [22/42] KUMAARAVELU T | tkfca@yahoo.co.in
2026-06-22 16:37:52 [INFO   ] PROGRESS | CA Connect 23/42 | ANJALI VARDHAMAN | ca.anjalivardhaman@gmail.com
2026-06-22 16:37:52 [INFO   ]   [23/42] ANJALI VARDHAMAN | ca.anjalivardhaman@gmail.com
2026-06-22 16:37:58 [INFO   ] PROGRESS | CA Connect 24/42 | MURALIDHARAN R | radmur59@gmail.com
2026-06-22 16:37:58 [INFO   ]   [24/42] MURALIDHARAN R | radmur59@gmail.com
2026-06-22 16:38:03 [INFO   ] PROGRESS | CA Connect 25/42 | SARATH BABU AND ASSOCIATES | sarath.ca.cbe@gmail.com
2026-06-22 16:38:03 [INFO   ]   [25/42] SARATH BABU AND ASSOCIATES | sarath.ca.cbe@gmail.com
2026-06-22 16:38:09 [INFO   ] PROGRESS | CA Connect 26/42 | SIVAMANI & CO | easwarca@gmail.com
2026-06-22 16:38:09 [INFO   ]   [26/42] SIVAMANI & CO | easwarca@gmail.com
2026-06-22 16:38:14 [INFO   ] PROGRESS | CA Connect 27/42 | ANBARASU & JALAPATHI | anbarasu.ca@gmail.com
2026-06-22 16:38:14 [INFO   ]   [27/42] ANBARASU & JALAPATHI | anbarasu.ca@gmail.com
2026-06-22 16:38:19 [INFO   ] PROGRESS | CA Connect 28/42 | VALLIAMMAI & CO | kvalli.cma@gmail.com
2026-06-22 16:38:19 [INFO   ]   [28/42] VALLIAMMAI & CO | kvalli.cma@gmail.com
2026-06-22 16:38:25 [INFO   ] PROGRESS | CA Connect 29/42 | M A P N AND CO | s.karthiga005@gmail.com
2026-06-22 16:38:25 [INFO   ]   [29/42] M A P N AND CO | s.karthiga005@gmail.com
2026-06-22 16:38:30 [INFO   ] PROGRESS | CA Connect 30/42 | N C SEKHAR & CO | chandrasekharnc@yahoo.com
2026-06-22 16:38:30 [INFO   ]   [30/42] N C SEKHAR & CO | chandrasekharnc@yahoo.com
2026-06-22 16:38:35 [INFO   ] PROGRESS | CA Connect 31/42 | MAHESWARAN & ASSOCIATES | maheshca4u@gmail.com
2026-06-22 16:38:35 [INFO   ]   [31/42] MAHESWARAN & ASSOCIATES | maheshca4u@gmail.com
2026-06-22 16:38:40 [INFO   ] PROGRESS | CA Connect 32/42 | S NAGARAJAN & ASSOCIATES | sivaswamy.nagarajan@icai.org
2026-06-22 16:38:40 [INFO   ]   [32/42] S NAGARAJAN & ASSOCIATES | sivaswamy.nagarajan@icai.org
2026-06-22 16:38:45 [INFO   ] PROGRESS | CA Connect 33/42 | V S S R & CO | venkateshcma24@gmail.com
2026-06-22 16:38:45 [INFO   ]   [33/42] V S S R & CO | venkateshcma24@gmail.com
2026-06-22 16:38:50 [INFO   ] PROGRESS | CA Connect 34/42 | SAKUNTHALA GIRISH & ASSOCIATES LLP | shaacsaca@gmail.com
2026-06-22 16:38:50 [INFO   ]   [34/42] SAKUNTHALA GIRISH & ASSOCIATES LLP | shaacsaca@gmail.com
2026-06-22 16:38:56 [INFO   ] PROGRESS | CA Connect 35/42 | J P S K & ASSOCIATES | jayakumar.p@icai.org
2026-06-22 16:38:56 [INFO   ]   [35/42] J P S K & ASSOCIATES | jayakumar.p@icai.org
2026-06-22 16:39:01 [INFO   ] PROGRESS | CA Connect 36/42 | R S SARAVANAN AND CO | casaravananrs@gmail.com
2026-06-22 16:39:01 [INFO   ]   [36/42] R S SARAVANAN AND CO | casaravananrs@gmail.com
2026-06-22 16:39:06 [INFO   ] PROGRESS | CA Connect 37/42 | B RAJ & CO | rs22315@gmail.com
2026-06-22 16:39:06 [INFO   ]   [37/42] B RAJ & CO | rs22315@gmail.com
2026-06-22 16:39:11 [INFO   ] PROGRESS | CA Connect 38/42 | RAJAN SANKAR & CO | myauditor2007@yahoo.co.in
2026-06-22 16:39:11 [INFO   ]   [38/42] RAJAN SANKAR & CO | myauditor2007@yahoo.co.in
2026-06-22 16:39:16 [INFO   ] PROGRESS | CA Connect 39/42 | SAHABUDHEEN & ASSOCIATES | shihabfca@gmail.com
2026-06-22 16:39:16 [INFO   ]   [39/42] SAHABUDHEEN & ASSOCIATES | shihabfca@gmail.com
2026-06-22 16:39:21 [INFO   ] PROGRESS | CA Connect 40/42 | MAALAN & ASSOCIATES | maalan.manickam@gmail.com
2026-06-22 16:39:21 [INFO   ]   [40/42] MAALAN & ASSOCIATES | maalan.manickam@gmail.com
2026-06-22 16:39:26 [INFO   ] PROGRESS | CA Connect 41/42 | SRI HARI & CO | casrihari.personal@gmail.com
2026-06-22 16:39:26 [INFO   ]   [41/42] SRI HARI & CO | casrihari.personal@gmail.com
2026-06-22 16:39:31 [INFO   ] PROGRESS | CA Connect 42/42 | PAVITHRA BHAT & ASSOCIATES | pavithra.r.bhat@gmail.com
2026-06-22 16:39:31 [INFO   ]   [42/42] PAVITHRA BHAT & ASSOCIATES | pavithra.r.bhat@gmail.com
2026-06-22 16:39:32 [INFO   ] Batch done — 42 new email(s) this batch | run total 466 / 1000
2026-06-22 16:39:32 [INFO   ] 
2026-06-22 16:39:32 [INFO   ] ==============================================================
2026-06-22 16:39:32 [INFO   ] PROGRESS | Listing harvest — Audit | Gujarat | Ahmedabad
2026-06-22 16:39:32 [INFO   ] ==============================================================
2026-06-22 16:39:33 [INFO   ] Opening CA Connect search page: https://caconnect.icai.org/search-your-ca
2026-06-22 16:39:38 [INFO   ] Selecting service=Audit state=Gujarat city=Ahmedabad
2026-06-22 16:39:42 [INFO   ] Search results URL: https://caconnect.icai.org/search?_token=m4aNVMMlYQdyq3Csq74to30S7BZgAEWLLlrQAj10&type=&services=Audit&state=Gujarat&city=Ahmedabad
2026-06-22 16:40:02 [INFO   ] Members tab: 245 cards
2026-06-22 16:40:23 [INFO   ] CA Firms tab: 245 cards
2026-06-22 16:40:24 [INFO   ] Stored 245 new listing(s) (490 total on page) for Audit / Gujarat / Ahmedabad
2026-06-22 16:40:24 [INFO   ] Enriching 50 profile(s) — Audit | Gujarat | Ahmedabad (245 pending in this city)
2026-06-22 16:40:24 [INFO   ] Logging in to CA Connect as sandeepjain200019@gmail.com
2026-06-22 16:40:35 [INFO   ] Login OK — current URL: https://caconnect.icai.org/home
2026-06-22 16:40:39 [INFO   ] PROGRESS | CA Connect 1/50 | PANKAJ KUMAR J | jainpankaj95@yahoo.com
2026-06-22 16:40:39 [INFO   ]   [1/50] PANKAJ KUMAR J | jainpankaj95@yahoo.com
2026-06-22 16:40:44 [INFO   ] PROGRESS | CA Connect 2/50 | MILONI DIPAKKUMAR BHIMANI | miloni.bhimani@gmail.com
2026-06-22 16:40:44 [INFO   ]   [2/50] MILONI DIPAKKUMAR BHIMANI | miloni.bhimani@gmail.com
2026-06-22 16:40:49 [INFO   ] PROGRESS | CA Connect 3/50 | VIRAL RAVINDRAKUMAR PANCHAL | viralpanchal06@gmail.com
2026-06-22 16:40:49 [INFO   ]   [3/50] VIRAL RAVINDRAKUMAR PANCHAL | viralpanchal06@gmail.com
2026-06-22 16:40:54 [INFO   ] PROGRESS | CA Connect 4/50 | MEET DINESHKUMAR SHAH | mdshah_meet@yahoo.co.in
2026-06-22 16:40:54 [INFO   ]   [4/50] MEET DINESHKUMAR SHAH | mdshah_meet@yahoo.co.in
2026-06-22 16:40:59 [INFO   ] PROGRESS | CA Connect 5/50 | SANJAY NARESHKUMAR DADLANI | dadlani.sanjay@yahoo.in
2026-06-22 16:40:59 [INFO   ]   [5/50] SANJAY NARESHKUMAR DADLANI | dadlani.sanjay@yahoo.in
2026-06-22 16:41:04 [INFO   ] PROGRESS | CA Connect 6/50 | DARSHAN DEEPAKKUMAR HIRANANDANI | darshanh9648@gmail.com
2026-06-22 16:41:04 [INFO   ]   [6/50] DARSHAN DEEPAKKUMAR HIRANANDANI | darshanh9648@gmail.com
2026-06-22 16:41:09 [INFO   ] PROGRESS | CA Connect 7/50 | MANISH JAWAHARSINGH SINGH | camanish.grow@gmail.com
2026-06-22 16:41:09 [INFO   ]   [7/50] MANISH JAWAHARSINGH SINGH | camanish.grow@gmail.com
2026-06-22 16:41:14 [INFO   ] PROGRESS | CA Connect 8/50 | KALPESH GIRISHBHAI PATEL | kalpeshgpatel1995@gmail.com
2026-06-22 16:41:15 [INFO   ]   [8/50] KALPESH GIRISHBHAI PATEL | kalpeshgpatel1995@gmail.com
2026-06-22 16:41:20 [INFO   ] PROGRESS | CA Connect 9/50 | KUNAL SUBHASHCHANDRA SHROFF | kunalsshroffandco@gmail.com
2026-06-22 16:41:20 [INFO   ]   [9/50] KUNAL SUBHASHCHANDRA SHROFF | kunalsshroffandco@gmail.com
2026-06-22 16:41:25 [INFO   ] PROGRESS | CA Connect 10/50 | PARTH SURESHKUMAR SHAH | ca.parthshah22@gmail.com
2026-06-22 16:41:25 [INFO   ]   [10/50] PARTH SURESHKUMAR SHAH | ca.parthshah22@gmail.com
2026-06-22 16:41:30 [INFO   ] PROGRESS | CA Connect 11/50 | KAUMIL GIRISHKUMAR MEHTA | cakaumil@gmail.com
2026-06-22 16:41:30 [INFO   ]   [11/50] KAUMIL GIRISHKUMAR MEHTA | cakaumil@gmail.com
2026-06-22 16:41:35 [INFO   ] PROGRESS | CA Connect 12/50 | AJAY VIPULKUMAR JOSHI | joshiajay2806@gmail.com
2026-06-22 16:41:35 [INFO   ]   [12/50] AJAY VIPULKUMAR JOSHI | joshiajay2806@gmail.com
2026-06-22 16:41:40 [INFO   ] PROGRESS | CA Connect 13/50 | ASHISH NARENDRABHAI BODA | boda.ashish@gmail.com
2026-06-22 16:41:40 [INFO   ]   [13/50] ASHISH NARENDRABHAI BODA | boda.ashish@gmail.com
2026-06-22 16:41:45 [INFO   ] PROGRESS | CA Connect 14/50 | ANKIT DHARMESH LADDHA | ankitladdha7221@gmail.com
2026-06-22 16:41:45 [INFO   ]   [14/50] ANKIT DHARMESH LADDHA | ankitladdha7221@gmail.com
2026-06-22 16:41:51 [INFO   ] PROGRESS | CA Connect 15/50 | GAJENDRA KUMAR SONI | cagajendrasoni@gmail.com
2026-06-22 16:41:51 [INFO   ]   [15/50] GAJENDRA KUMAR SONI | cagajendrasoni@gmail.com
2026-06-22 16:41:56 [INFO   ] PROGRESS | CA Connect 16/50 | CHINTANKUMAR RAJENDRAKUMAR SALOT | mrsalot@gmail.com
2026-06-22 16:41:56 [INFO   ]   [16/50] CHINTANKUMAR RAJENDRAKUMAR SALOT | mrsalot@gmail.com
2026-06-22 16:42:01 [INFO   ] PROGRESS | CA Connect 17/50 | PALLAV PRAHLADKUMAR DAVE | pallav@spdco.in
2026-06-22 16:42:01 [INFO   ]   [17/50] PALLAV PRAHLADKUMAR DAVE | pallav@spdco.in
2026-06-22 16:42:07 [INFO   ] PROGRESS | CA Connect 18/50 | KEYUR MAHESHKUMAR THAKKAR | caoffice.keyurthakkar@gmail.com
2026-06-22 16:42:07 [INFO   ]   [18/50] KEYUR MAHESHKUMAR THAKKAR | caoffice.keyurthakkar@gmail.com
2026-06-22 16:42:12 [INFO   ] PROGRESS | CA Connect 19/50 | NIRAV DINESH SHETH | shethnirav_ca@yahoo.com
2026-06-22 16:42:12 [INFO   ]   [19/50] NIRAV DINESH SHETH | shethnirav_ca@yahoo.com
2026-06-22 16:42:17 [INFO   ] PROGRESS | CA Connect 20/50 | VISHALKUMAR UMESHBHAI PALA | vishal.pala13@gmail.com
2026-06-22 16:42:17 [INFO   ]   [20/50] VISHALKUMAR UMESHBHAI PALA | vishal.pala13@gmail.com
2026-06-22 16:42:22 [INFO   ] PROGRESS | CA Connect 21/50 | BHARATKUMAR SURESHCHANDRA PATEL | patelbharat56@yahoo.com
2026-06-22 16:42:22 [INFO   ]   [21/50] BHARATKUMAR SURESHCHANDRA PATEL | patelbharat56@yahoo.com
2026-06-22 16:42:27 [INFO   ] PROGRESS | CA Connect 22/50 | AANAL MUKESHKUMAR MODI | aanal.modi333@gmail.com
2026-06-22 16:42:27 [INFO   ]   [22/50] AANAL MUKESHKUMAR MODI | aanal.modi333@gmail.com
2026-06-22 16:42:32 [INFO   ] PROGRESS | CA Connect 23/50 | JIGNESH UPENDRABHAI OZA | cajigneshoza99@gmail.com
2026-06-22 16:42:32 [INFO   ]   [23/50] JIGNESH UPENDRABHAI OZA | cajigneshoza99@gmail.com
2026-06-22 16:42:37 [INFO   ] PROGRESS | CA Connect 24/50 | FREDY MANEKSHA CONTRACTOR | cafredycontractor@gmail.com
2026-06-22 16:42:37 [INFO   ]   [24/50] FREDY MANEKSHA CONTRACTOR | cafredycontractor@gmail.com
2026-06-22 16:42:43 [INFO   ] PROGRESS | CA Connect 25/50 | HUSAIN TAHERIBHAI INDOREWALA | husain_indorewala@yahoo.in
2026-06-22 16:42:43 [INFO   ]   [25/50] HUSAIN TAHERIBHAI INDOREWALA | husain_indorewala@yahoo.in
2026-06-22 16:42:48 [INFO   ] PROGRESS | CA Connect 26/50 | BHUPENDRAKUMAR SHANKERLAL PRAJAPATI | bsprajapatica@gmail.com
2026-06-22 16:42:48 [INFO   ]   [26/50] BHUPENDRAKUMAR SHANKERLAL PRAJAPATI | bsprajapatica@gmail.com
2026-06-22 16:42:53 [INFO   ] PROGRESS | CA Connect 27/50 | DHAVAL HARSHADKUMAR SHAH | dhavalshah@icai.org
2026-06-22 16:42:53 [INFO   ]   [27/50] DHAVAL HARSHADKUMAR SHAH | dhavalshah@icai.org
2026-06-22 16:42:58 [INFO   ] PROGRESS | CA Connect 28/50 | FAIZAN ABDULAZIZ ANSARI | cafaizan.ansari15@gmail.com
2026-06-22 16:42:58 [INFO   ]   [28/50] FAIZAN ABDULAZIZ ANSARI | cafaizan.ansari15@gmail.com
2026-06-22 16:43:03 [INFO   ] PROGRESS | CA Connect 29/50 | DARSHAN DHIMANTKUMAR SHAH | shah.darshan2011@gmail.com
2026-06-22 16:43:03 [INFO   ]   [29/50] DARSHAN DHIMANTKUMAR SHAH | shah.darshan2011@gmail.com
2026-06-22 16:43:08 [INFO   ] PROGRESS | CA Connect 30/50 | KAMAL DINESHBHAI SOLANKI | kdsolankico@gmail.com
2026-06-22 16:43:08 [INFO   ]   [30/50] KAMAL DINESHBHAI SOLANKI | kdsolankico@gmail.com
2026-06-22 16:43:13 [INFO   ] PROGRESS | CA Connect 31/50 | LAGNESH NALINBHAI GOHEL | lagneshgohel@gmail.com
2026-06-22 16:43:13 [INFO   ]   [31/50] LAGNESH NALINBHAI GOHEL | lagneshgohel@gmail.com
2026-06-22 16:43:19 [INFO   ] PROGRESS | CA Connect 32/50 | RAJENDRAKUMAR KANTILAL SHAH | dhavushah@yahoo.com
2026-06-22 16:43:19 [INFO   ]   [32/50] RAJENDRAKUMAR KANTILAL SHAH | dhavushah@yahoo.com
2026-06-22 16:43:24 [INFO   ] PROGRESS | CA Connect 33/50 | HARSH PANKAJKUMAR NAYAK | nayakharshp26@gmail.com
2026-06-22 16:43:24 [INFO   ]   [33/50] HARSH PANKAJKUMAR NAYAK | nayakharshp26@gmail.com
2026-06-22 16:43:29 [INFO   ] PROGRESS | CA Connect 34/50 | HITENDRA RAVINDRA RANKA | hitendra.ranka@rankaassociates.com
2026-06-22 16:43:29 [INFO   ]   [34/50] HITENDRA RAVINDRA RANKA | hitendra.ranka@rankaassociates.com
2026-06-22 16:43:34 [INFO   ] PROGRESS | CA Connect 35/50 | RAVIKUMAR HASMUKHBHAI BORDA | caraviborada@outlook.com
2026-06-22 16:43:34 [INFO   ]   [35/50] RAVIKUMAR HASMUKHBHAI BORDA | caraviborada@outlook.com
2026-06-22 16:43:39 [INFO   ] PROGRESS | CA Connect 36/50 | PARTH MAHESHBHAI PATEL | parthyash98@gmail.com
2026-06-22 16:43:39 [INFO   ]   [36/50] PARTH MAHESHBHAI PATEL | parthyash98@gmail.com
2026-06-22 16:43:44 [INFO   ] PROGRESS | CA Connect 37/50 | NARENDRA NARAYANDAS TEKWANI | narendra345@yahoo.com
2026-06-22 16:43:44 [INFO   ]   [37/50] NARENDRA NARAYANDAS TEKWANI | narendra345@yahoo.com
2026-06-22 16:43:49 [INFO   ] PROGRESS | CA Connect 38/50 | SHAH SHITIN SHIRISHBHAI | shitinshah@gmail.com
2026-06-22 16:43:49 [INFO   ]   [38/50] SHAH SHITIN SHIRISHBHAI | shitinshah@gmail.com
2026-06-22 16:43:54 [INFO   ] PROGRESS | CA Connect 39/50 | HIMANEE GHANSHYAMBHAI DAXINI | himanee_daxini123@yahoo.com
2026-06-22 16:43:54 [INFO   ]   [39/50] HIMANEE GHANSHYAMBHAI DAXINI | himanee_daxini123@yahoo.com
2026-06-22 16:43:59 [INFO   ] PROGRESS | CA Connect 40/50 | HIMANSHU AMARNATH PANDAY | himanshu_panday@yahoo.com
2026-06-22 16:43:59 [INFO   ]   [40/50] HIMANSHU AMARNATH PANDAY | himanshu_panday@yahoo.com
2026-06-22 16:44:04 [INFO   ] PROGRESS | CA Connect 41/50 | NIRANJAN PATEL | niranjanpatel11@outlook.com
2026-06-22 16:44:04 [INFO   ]   [41/50] NIRANJAN PATEL | niranjanpatel11@outlook.com
2026-06-22 16:44:09 [INFO   ] PROGRESS | CA Connect 42/50 | NAUSHADAHMED GULAMNABI SHAIKH | amnca100@gmail.com
2026-06-22 16:44:09 [INFO   ]   [42/50] NAUSHADAHMED GULAMNABI SHAIKH | amnca100@gmail.com
2026-06-22 16:44:14 [INFO   ] PROGRESS | CA Connect 43/50 | ADITYA SHRENIKBHAI SHAH | ashah9143@gmail.com
2026-06-22 16:44:14 [INFO   ]   [43/50] ADITYA SHRENIKBHAI SHAH | ashah9143@gmail.com
2026-06-22 16:44:19 [INFO   ] PROGRESS | CA Connect 44/50 | SHIVANGI BHADRESH KHALAS | cashivangikhalas16@gmail.com
2026-06-22 16:44:19 [INFO   ]   [44/50] SHIVANGI BHADRESH KHALAS | cashivangikhalas16@gmail.com
2026-06-22 16:44:24 [INFO   ] PROGRESS | CA Connect 45/50 | MAYURKUMAR H ZANJRUKIYA | camayur1993@gmail.com
2026-06-22 16:44:24 [INFO   ]   [45/50] MAYURKUMAR H ZANJRUKIYA | camayur1993@gmail.com
2026-06-22 16:44:29 [INFO   ] PROGRESS | CA Connect 46/50 | MUKESHBHAI HARDANBHAI CHAUDHARI | rcaodhav@gmail.com
2026-06-22 16:44:29 [INFO   ]   [46/50] MUKESHBHAI HARDANBHAI CHAUDHARI | rcaodhav@gmail.com
2026-06-22 16:44:35 [INFO   ] PROGRESS | CA Connect 47/50 | AJITKUMAR KANTILAL GAJERA | ajitkgajera@gmail.com
2026-06-22 16:44:35 [INFO   ]   [47/50] AJITKUMAR KANTILAL GAJERA | ajitkgajera@gmail.com
2026-06-22 16:44:40 [INFO   ] PROGRESS | CA Connect 48/50 | VIPUL SUBHASHBHAI SONI | vipulsoni.ca@gmail.com
2026-06-22 16:44:40 [INFO   ]   [48/50] VIPUL SUBHASHBHAI SONI | vipulsoni.ca@gmail.com
2026-06-22 16:44:45 [INFO   ] PROGRESS | CA Connect 49/50 | VINAYKUMAR KRISHNAKANT SHARMA | cavinaysharma.07@gmail.com
2026-06-22 16:44:45 [INFO   ]   [49/50] VINAYKUMAR KRISHNAKANT SHARMA | cavinaysharma.07@gmail.com
2026-06-22 16:44:50 [INFO   ] PROGRESS | CA Connect 50/50 | KULDEEP SANTOSH CHANDKAUSHIK | chandkaushikkuldeep@gmail.com
2026-06-22 16:44:50 [INFO   ]   [50/50] KULDEEP SANTOSH CHANDKAUSHIK | chandkaushikkuldeep@gmail.com
2026-06-22 16:44:51 [INFO   ] Batch done — 50 new email(s) this batch | run total 516 / 1000
2026-06-22 16:44:51 [INFO   ] Enriching 50 profile(s) — Audit | Gujarat | Ahmedabad (195 pending in this city)
2026-06-22 16:44:52 [INFO   ] Logging in to CA Connect as sandeepjain200019@gmail.com
2026-06-22 16:44:59 [INFO   ] Login OK — current URL: https://caconnect.icai.org/home
2026-06-22 16:45:02 [INFO   ] PROGRESS | CA Connect 1/50 | ASHOKSINH RANUBHA GOHIL | ca.argohil@gmail.com
2026-06-22 16:45:02 [INFO   ]   [1/50] ASHOKSINH RANUBHA GOHIL | ca.argohil@gmail.com
2026-06-22 16:45:07 [INFO   ] PROGRESS | CA Connect 2/50 | HITESHKUMAR KANAIYALAL ALWANI | hitesh20071@gmail.com
2026-06-22 16:45:07 [INFO   ]   [2/50] HITESHKUMAR KANAIYALAL ALWANI | hitesh20071@gmail.com
2026-06-22 16:45:12 [INFO   ] PROGRESS | CA Connect 3/50 | SARTHAK ARVINDBHAI DARJI | casarthak07@gmail.com
2026-06-22 16:45:12 [INFO   ]   [3/50] SARTHAK ARVINDBHAI DARJI | casarthak07@gmail.com
2026-06-22 16:45:18 [INFO   ] PROGRESS | CA Connect 4/50 | CHIRAG ASHOKKUMAR SHETH | shethchirag09@gmail.com
2026-06-22 16:45:18 [INFO   ]   [4/50] CHIRAG ASHOKKUMAR SHETH | shethchirag09@gmail.com
2026-06-22 16:45:23 [INFO   ] PROGRESS | CA Connect 5/50 | JASH ROHITKUMAR SHAH | jashrshah14@gmail.com
2026-06-22 16:45:23 [INFO   ]   [5/50] JASH ROHITKUMAR SHAH | jashrshah14@gmail.com
2026-06-22 16:45:28 [INFO   ] PROGRESS | CA Connect 6/50 | PRAKASH SURAJMAL MEHTA | ca_pmassociates@rediffmail.com
2026-06-22 16:45:28 [INFO   ]   [6/50] PRAKASH SURAJMAL MEHTA | ca_pmassociates@rediffmail.com
2026-06-22 16:45:33 [INFO   ] PROGRESS | CA Connect 7/50 | SUNIT JAGDISHCHANDRA SHAH | sunit78@gmail.com
2026-06-22 16:45:33 [INFO   ]   [7/50] SUNIT JAGDISHCHANDRA SHAH | sunit78@gmail.com
2026-06-22 16:45:38 [INFO   ] PROGRESS | CA Connect 8/50 | PATEL VIJAYKUMAR DAHYABHAI | vijaypatelca@hotmail.com
2026-06-22 16:45:38 [INFO   ]   [8/50] PATEL VIJAYKUMAR DAHYABHAI | vijaypatelca@hotmail.com
2026-06-22 16:45:43 [INFO   ] PROGRESS | CA Connect 9/50 | RANGREJ MOHAMMAD VASIM SALIMBHAI | ca.vasimrangrej@gmail.com
2026-06-22 16:45:43 [INFO   ]   [9/50] RANGREJ MOHAMMAD VASIM SALIMBHAI | ca.vasimrangrej@gmail.com
2026-06-22 16:45:48 [INFO   ] PROGRESS | CA Connect 10/50 | KEYUR PANKAJ PAREKH | kparekh2312@gmail.com
2026-06-22 16:45:48 [INFO   ]   [10/50] KEYUR PANKAJ PAREKH | kparekh2312@gmail.com
2026-06-22 16:45:53 [INFO   ] PROGRESS | CA Connect 11/50 | ABHILASH BHIKHALAL RAMANI | b.m.ramani97@gmail.com
2026-06-22 16:45:53 [INFO   ]   [11/50] ABHILASH BHIKHALAL RAMANI | b.m.ramani97@gmail.com
2026-06-22 16:45:58 [INFO   ] PROGRESS | CA Connect 12/50 | REESHABH RAKESHKUMAR CHAUHAN | reeshabhc@gmail.com
2026-06-22 16:45:58 [INFO   ]   [12/50] REESHABH RAKESHKUMAR CHAUHAN | reeshabhc@gmail.com
2026-06-22 16:46:03 [INFO   ] PROGRESS | CA Connect 13/50 | ARPITA BHANUDAS DURGE | arpitadurge@gmail.com
2026-06-22 16:46:03 [INFO   ]   [13/50] ARPITA BHANUDAS DURGE | arpitadurge@gmail.com
2026-06-22 16:46:08 [INFO   ] PROGRESS | CA Connect 14/50 | NILAY MAHESHBHAI MADHANI | nilaymadhani@gmail.com
2026-06-22 16:46:08 [INFO   ]   [14/50] NILAY MAHESHBHAI MADHANI | nilaymadhani@gmail.com
2026-06-22 16:46:14 [INFO   ] PROGRESS | CA Connect 15/50 | VIPULBHAI PRABHUBHAI ROJASARA | vipulrojasara40@gmail.com
2026-06-22 16:46:14 [INFO   ]   [15/50] VIPULBHAI PRABHUBHAI ROJASARA | vipulrojasara40@gmail.com
2026-06-22 16:46:19 [INFO   ] PROGRESS | CA Connect 16/50 | PANKAJKUMAR PARASBHAI SHAH | shahpankaj1977@gmail.com
2026-06-22 16:46:19 [INFO   ]   [16/50] PANKAJKUMAR PARASBHAI SHAH | shahpankaj1977@gmail.com
2026-06-22 16:46:24 [INFO   ] PROGRESS | CA Connect 17/50 | GANESH VAGJIBHAI MALI | caganeshvmali@gmail.com
2026-06-22 16:46:24 [INFO   ]   [17/50] GANESH VAGJIBHAI MALI | caganeshvmali@gmail.com
2026-06-22 16:46:29 [INFO   ] PROGRESS | CA Connect 18/50 | DILIPKUMAR BALVANTBHAI DODIYA | dbdodiya@yahoo.co.in
2026-06-22 16:46:29 [INFO   ]   [18/50] DILIPKUMAR BALVANTBHAI DODIYA | dbdodiya@yahoo.co.in
2026-06-22 16:46:34 [INFO   ] PROGRESS | CA Connect 19/50 | SIDDHARTH RAJNIKANT PANCHAL | casidd0212@gmail.com
2026-06-22 16:46:34 [INFO   ]   [19/50] SIDDHARTH RAJNIKANT PANCHAL | casidd0212@gmail.com
2026-06-22 16:46:39 [INFO   ] PROGRESS | CA Connect 20/50 | AKASH CHANDRAPRAKASH AGRAWAL | aac01071992@gmail.com
2026-06-22 16:46:39 [INFO   ]   [20/50] AKASH CHANDRAPRAKASH AGRAWAL | aac01071992@gmail.com
2026-06-22 16:46:44 [INFO   ] PROGRESS | CA Connect 21/50 | FREYA BHUMIL SHAH | freyabshah@gmail.com
2026-06-22 16:46:44 [INFO   ]   [21/50] FREYA BHUMIL SHAH | freyabshah@gmail.com
2026-06-22 16:46:49 [INFO   ] PROGRESS | CA Connect 22/50 | HIRAL YOGESHBHAI PARMAR | cahiralbhatt@gmail.com
2026-06-22 16:46:49 [INFO   ]   [22/50] HIRAL YOGESHBHAI PARMAR | cahiralbhatt@gmail.com
2026-06-22 16:46:54 [INFO   ] PROGRESS | CA Connect 23/50 | HARISHKUMAR HARIDAS PATEL | hhp1972@gmail.com
2026-06-22 16:46:54 [INFO   ]   [23/50] HARISHKUMAR HARIDAS PATEL | hhp1972@gmail.com
2026-06-22 16:46:59 [INFO   ] PROGRESS | CA Connect 24/50 | DASHAMIYBHAI RATILAL NADA | nada.dashmiy1992@gmail.com
2026-06-22 16:46:59 [INFO   ]   [24/50] DASHAMIYBHAI RATILAL NADA | nada.dashmiy1992@gmail.com
2026-06-22 16:47:04 [INFO   ] PROGRESS | CA Connect 25/50 | SHAKTISINH MANUBHAI VAGHELA | shaktisinh307@gmail.com
2026-06-22 16:47:04 [INFO   ]   [25/50] SHAKTISINH MANUBHAI VAGHELA | shaktisinh307@gmail.com
2026-06-22 16:47:09 [INFO   ] PROGRESS | CA Connect 26/50 | RONAK MAGANBHAI MAKWANA | makwanaronak02@gmail.com
2026-06-22 16:47:09 [INFO   ]   [26/50] RONAK MAGANBHAI MAKWANA | makwanaronak02@gmail.com
2026-06-22 16:47:14 [INFO   ] PROGRESS | CA Connect 27/50 | NIMESHKUMAR VINODCHANDRA BHAVSAR | nimesh1173@yahoo.co.in
2026-06-22 16:47:14 [INFO   ]   [27/50] NIMESHKUMAR VINODCHANDRA BHAVSAR | nimesh1173@yahoo.co.in
2026-06-22 16:47:19 [INFO   ] PROGRESS | CA Connect 28/50 | HEMLATA JAYESH RAISINGHANI | cahemlatajaisinghani@gmail.com
2026-06-22 16:47:19 [INFO   ]   [28/50] HEMLATA JAYESH RAISINGHANI | cahemlatajaisinghani@gmail.com
2026-06-22 16:47:25 [INFO   ] PROGRESS | CA Connect 29/50 | AVINASH BHAJANLAL TALREJA | caavinashtalreja@gmail.com
2026-06-22 16:47:25 [INFO   ]   [29/50] AVINASH BHAJANLAL TALREJA | caavinashtalreja@gmail.com
2026-06-22 16:47:30 [INFO   ] PROGRESS | CA Connect 30/50 | KETANKUMAR GOVINDBHAI PATEL | krish_patel2779@yahoo.com
2026-06-22 16:47:30 [INFO   ]   [30/50] KETANKUMAR GOVINDBHAI PATEL | krish_patel2779@yahoo.com
2026-06-22 16:47:35 [INFO   ] PROGRESS | CA Connect 31/50 | DEVANG JAYANTILAL GAJJAR | devang.gajjar99@gmail.com
2026-06-22 16:47:35 [INFO   ]   [31/50] DEVANG JAYANTILAL GAJJAR | devang.gajjar99@gmail.com
2026-06-22 16:47:40 [INFO   ] PROGRESS | CA Connect 32/50 | JAGDISHKUMAR MOHANBHAI PATEL | cajagdishpatel11@gmail.com
2026-06-22 16:47:40 [INFO   ]   [32/50] JAGDISHKUMAR MOHANBHAI PATEL | cajagdishpatel11@gmail.com
2026-06-22 16:47:45 [INFO   ] PROGRESS | CA Connect 33/50 | HANISH RAMESHBHAI AGRAWAL | hanishagrawal@yahoo.com
2026-06-22 16:47:45 [INFO   ]   [33/50] HANISH RAMESHBHAI AGRAWAL | hanishagrawal@yahoo.com
2026-06-22 16:47:50 [INFO   ] PROGRESS | CA Connect 34/50 | NAMAN JITENDRA KOTHARI | canamankothari03@gmail.com
2026-06-22 16:47:50 [INFO   ]   [34/50] NAMAN JITENDRA KOTHARI | canamankothari03@gmail.com
2026-06-22 16:47:55 [INFO   ] PROGRESS | CA Connect 35/50 | SNEHAL SURESHBHAI PARIKH | snehalsparikh@yahoo.com
2026-06-22 16:47:55 [INFO   ]   [35/50] SNEHAL SURESHBHAI PARIKH | snehalsparikh@yahoo.com
2026-06-22 16:48:00 [INFO   ] PROGRESS | CA Connect 36/50 | TEJAS SHANTILAL GANATRA | catejasganatra@gmail.com
2026-06-22 16:48:00 [INFO   ]   [36/50] TEJAS SHANTILAL GANATRA | catejasganatra@gmail.com
2026-06-22 16:48:05 [INFO   ] PROGRESS | CA Connect 37/50 | DHRUVINKUMAR MAHESHBHAI BHAGDEV | cadhruvinbhagdev@gmail.com
2026-06-22 16:48:05 [INFO   ]   [37/50] DHRUVINKUMAR MAHESHBHAI BHAGDEV | cadhruvinbhagdev@gmail.com
2026-06-22 16:48:10 [INFO   ] PROGRESS | CA Connect 38/50 | ABHISHEK GOPAL MANDOWARA | mandowara.abhishek11@gmail.com
2026-06-22 16:48:10 [INFO   ]   [38/50] ABHISHEK GOPAL MANDOWARA | mandowara.abhishek11@gmail.com
2026-06-22 16:48:15 [INFO   ] PROGRESS | CA Connect 39/50 | VIJAY J PATEL | cavijaypatel@outlook.com
2026-06-22 16:48:15 [INFO   ]   [39/50] VIJAY J PATEL | cavijaypatel@outlook.com
2026-06-22 16:48:20 [INFO   ] PROGRESS | CA Connect 40/50 | PURVESH VIJAYKUMAR SHAH | capurveshah@gmail.com
2026-06-22 16:48:20 [INFO   ]   [40/50] PURVESH VIJAYKUMAR SHAH | capurveshah@gmail.com
2026-06-22 16:48:26 [INFO   ] PROGRESS | CA Connect 41/50 | CHETAN KUMAR | cachetankumarm@gmail.com
2026-06-22 16:48:26 [INFO   ]   [41/50] CHETAN KUMAR | cachetankumarm@gmail.com
2026-06-22 16:48:31 [INFO   ] PROGRESS | CA Connect 42/50 | BHIMANI DIPAK DHIRAJLAL | cadipakb@gmail.com
2026-06-22 16:48:31 [INFO   ]   [42/50] BHIMANI DIPAK DHIRAJLAL | cadipakb@gmail.com
2026-06-22 16:48:36 [INFO   ] PROGRESS | CA Connect 43/50 | NITESHKUMAR RASIKLAL DELVADIYA | hello@canitesh.com
2026-06-22 16:48:36 [INFO   ]   [43/50] NITESHKUMAR RASIKLAL DELVADIYA | hello@canitesh.com
2026-06-22 16:48:41 [INFO   ] PROGRESS | CA Connect 44/50 | DHRUV NIMISHBHAI SHETH | cadhruv7992@gmail.com
2026-06-22 16:48:41 [INFO   ]   [44/50] DHRUV NIMISHBHAI SHETH | cadhruv7992@gmail.com
2026-06-22 16:48:46 [INFO   ] PROGRESS | CA Connect 45/50 | NILESH AVADHESHKUMAR JAISWAL | nileshjaiswal0201@gmail.com
2026-06-22 16:48:46 [INFO   ]   [45/50] NILESH AVADHESHKUMAR JAISWAL | nileshjaiswal0201@gmail.com
2026-06-22 16:48:52 [INFO   ] PROGRESS | CA Connect 46/50 | NEETA MANISH KRIPLANI | caneetamk1991@gmail.com
2026-06-22 16:48:52 [INFO   ]   [46/50] NEETA MANISH KRIPLANI | caneetamk1991@gmail.com
2026-06-22 16:48:57 [INFO   ] PROGRESS | CA Connect 47/50 | DARSHAN DINESHKUMAR SONI | sonidarshan2@gmail.com
2026-06-22 16:48:57 [INFO   ]   [47/50] DARSHAN DINESHKUMAR SONI | sonidarshan2@gmail.com
2026-06-22 16:49:02 [INFO   ] PROGRESS | CA Connect 48/50 | PRAVEEN GHANSHYAMJI TOSHNIWAL | praveen@sdco.co.in
2026-06-22 16:49:02 [INFO   ]   [48/50] PRAVEEN GHANSHYAMJI TOSHNIWAL | praveen@sdco.co.in
2026-06-22 16:49:07 [INFO   ] PROGRESS | CA Connect 49/50 | SANJAY NATVARLAL PANARA | sanjaypanara@hotmail.com
2026-06-22 16:49:07 [INFO   ]   [49/50] SANJAY NATVARLAL PANARA | sanjaypanara@hotmail.com
2026-06-22 16:49:12 [INFO   ] PROGRESS | CA Connect 50/50 | R M T & CO | caritesh.thaker@gmail.com
2026-06-22 16:49:12 [INFO   ]   [50/50] R M T & CO | caritesh.thaker@gmail.com
2026-06-22 16:49:12 [INFO   ] Batch done — 50 new email(s) this batch | run total 566 / 1000
2026-06-22 16:49:12 [INFO   ] Enriching 50 profile(s) — Audit | Gujarat | Ahmedabad (145 pending in this city)
2026-06-22 16:49:14 [INFO   ] Logging in to CA Connect as sandeepjain200019@gmail.com
2026-06-22 16:49:21 [INFO   ] Login OK — current URL: https://caconnect.icai.org/home
2026-06-22 16:49:24 [INFO   ] PROGRESS | CA Connect 1/50 | MANISH DUBEY & ASSOCIATES | cadubey@gmail.com
2026-06-22 16:49:24 [INFO   ]   [1/50] MANISH DUBEY & ASSOCIATES | cadubey@gmail.com
2026-06-22 16:49:29 [INFO   ] PROGRESS | CA Connect 2/50 | V S GOHIL & CO | vsgohilandco@gmail.com
2026-06-22 16:49:29 [INFO   ]   [2/50] V S GOHIL & CO | vsgohilandco@gmail.com
2026-06-22 16:49:34 [INFO   ] PROGRESS | CA Connect 3/50 | DHANANI & JAIN | kaushal@dhananiandco.in
2026-06-22 16:49:34 [INFO   ]   [3/50] DHANANI & JAIN | kaushal@dhananiandco.in
2026-06-22 16:49:40 [INFO   ] PROGRESS | CA Connect 4/50 | P H SHAH & CO | pamil_shah@yahoo.com
2026-06-22 16:49:40 [INFO   ]   [4/50] P H SHAH & CO | pamil_shah@yahoo.com
2026-06-22 16:49:45 [INFO   ] PROGRESS | CA Connect 5/50 | JAIN & DESAI | jaydip@cajd.in
2026-06-22 16:49:45 [INFO   ]   [5/50] JAIN & DESAI | jaydip@cajd.in
2026-06-22 16:49:50 [INFO   ] PROGRESS | CA Connect 6/50 | DOSHI & SHAH | doshiandshah@gmail.com
2026-06-22 16:49:50 [INFO   ]   [6/50] DOSHI & SHAH | doshiandshah@gmail.com
2026-06-22 16:49:55 [INFO   ] PROGRESS | CA Connect 7/50 | V C A S & CO | capratikradadiya@gmail.com
2026-06-22 16:49:55 [INFO   ]   [7/50] V C A S & CO | capratikradadiya@gmail.com
2026-06-22 16:50:00 [INFO   ] PROGRESS | CA Connect 8/50 | PANCHAL & SHAH | meetshah399@gmail.com
2026-06-22 16:50:00 [INFO   ]   [8/50] PANCHAL & SHAH | meetshah399@gmail.com
2026-06-22 16:50:05 [INFO   ] PROGRESS | CA Connect 9/50 | J R GAJERA & ASSOCIATES | cajayendragajera@gmail.com
2026-06-22 16:50:05 [INFO   ]   [9/50] J R GAJERA & ASSOCIATES | cajayendragajera@gmail.com
2026-06-22 16:50:10 [INFO   ] PROGRESS | CA Connect 10/50 | R R TIBREWALA & CO | rrt_co@yahoo.co.in : rrtco75@gmail.com
2026-06-22 16:50:10 [INFO   ]   [10/50] R R TIBREWALA & CO | rrt_co@yahoo.co.in : rrtco75@gmail.com
2026-06-22 16:50:16 [INFO   ] PROGRESS | CA Connect 11/50 | JITENDRA K JAIN & ASSOCIATES LLP | jainjitendra_4@yahoo.com
2026-06-22 16:50:16 [INFO   ]   [11/50] JITENDRA K JAIN & ASSOCIATES LLP | jainjitendra_4@yahoo.com
2026-06-22 16:50:21 [INFO   ] PROGRESS | CA Connect 12/50 | PARESH THOTHAWALA & CO | info@ptandco.com
2026-06-22 16:50:21 [INFO   ]   [12/50] PARESH THOTHAWALA & CO | info@ptandco.com
2026-06-22 16:50:26 [INFO   ] PROGRESS | CA Connect 13/50 | R M V & ASSOCIATES LLP | khandhar.vishal13@gmail.com
2026-06-22 16:50:26 [INFO   ]   [13/50] R M V & ASSOCIATES LLP | khandhar.vishal13@gmail.com
2026-06-22 16:50:31 [INFO   ] PROGRESS | CA Connect 14/50 | V K SONI & CO | vijay@vksoni.com
2026-06-22 16:50:31 [INFO   ]   [14/50] V K SONI & CO | vijay@vksoni.com
2026-06-22 16:50:36 [INFO   ] PROGRESS | CA Connect 15/50 | ASHOK THAKKAR & CO | ashokthakkarca@gmail.com
2026-06-22 16:50:36 [INFO   ]   [15/50] ASHOK THAKKAR & CO | ashokthakkarca@gmail.com
2026-06-22 16:50:41 [INFO   ] PROGRESS | CA Connect 16/50 | FENIL P SHAH & ASSOCIATES | fenil41189@gmail.com
2026-06-22 16:50:41 [INFO   ]   [16/50] FENIL P SHAH & ASSOCIATES | fenil41189@gmail.com
2026-06-22 16:50:46 [INFO   ] PROGRESS | CA Connect 17/50 | MUNJAL SHETH & ASSOCIATES | munjal.sheth@gmail.com
2026-06-22 16:50:46 [INFO   ]   [17/50] MUNJAL SHETH & ASSOCIATES | munjal.sheth@gmail.com
2026-06-22 16:50:51 [INFO   ] PROGRESS | CA Connect 18/50 | JINAL D SHAH & ASSOCIATES | cajdshah88@gmail.com
2026-06-22 16:50:51 [INFO   ]   [18/50] JINAL D SHAH & ASSOCIATES | cajdshah88@gmail.com
2026-06-22 16:50:56 [INFO   ] PROGRESS | CA Connect 19/50 | ANKIT R SINGHAL & ASSOCIATES | ankit.singhal0810@gmail.com
2026-06-22 16:50:56 [INFO   ]   [19/50] ANKIT R SINGHAL & ASSOCIATES | ankit.singhal0810@gmail.com
2026-06-22 16:51:01 [INFO   ] PROGRESS | CA Connect 20/50 | NIRJA PATEL & ASSOCIATES | nirja1989@gmail.com
2026-06-22 16:51:01 [INFO   ]   [20/50] NIRJA PATEL & ASSOCIATES | nirja1989@gmail.com
2026-06-22 16:51:06 [INFO   ] PROGRESS | CA Connect 21/50 | N N R & ASSOCIATES | shashunair@gmail.com
2026-06-22 16:51:06 [INFO   ]   [21/50] N N R & ASSOCIATES | shashunair@gmail.com
2026-06-22 16:51:11 [INFO   ] PROGRESS | CA Connect 22/50 | D P B & ASSOCIATES | caparthdasani@gmail.com
2026-06-22 16:51:11 [INFO   ]   [22/50] D P B & ASSOCIATES | caparthdasani@gmail.com
2026-06-22 16:51:17 [INFO   ] PROGRESS | CA Connect 23/50 | JAY TOLIYA & ASSOCIATES | jinal.toliya94@gmail.com
2026-06-22 16:51:17 [INFO   ]   [23/50] JAY TOLIYA & ASSOCIATES | jinal.toliya94@gmail.com
2026-06-22 16:51:22 [INFO   ] PROGRESS | CA Connect 24/50 | NAKUL THAKKAR & ASSOCIATES | nakul.thakkar@gmail.com
2026-06-22 16:51:22 [INFO   ]   [24/50] NAKUL THAKKAR & ASSOCIATES | nakul.thakkar@gmail.com
2026-06-22 16:51:27 [INFO   ] PROGRESS | CA Connect 25/50 | AMAN & CO | amanboonlia@gmail.com
2026-06-22 16:51:27 [INFO   ]   [25/50] AMAN & CO | amanboonlia@gmail.com
2026-06-22 16:51:32 [INFO   ] PROGRESS | CA Connect 26/50 | R Y T & CO | carohanytrivedi@gmail.com
2026-06-22 16:51:32 [INFO   ]   [26/50] R Y T & CO | carohanytrivedi@gmail.com
2026-06-22 16:51:37 [INFO   ] PROGRESS | CA Connect 27/50 | KAMDAR DAMANI & ASSOCIATES | sonalikamdar1995@gmail.com
2026-06-22 16:51:37 [INFO   ]   [27/50] KAMDAR DAMANI & ASSOCIATES | sonalikamdar1995@gmail.com
2026-06-22 16:51:42 [INFO   ] PROGRESS | CA Connect 28/50 | H S V J & CO | smitsoni411@gmail.com
2026-06-22 16:51:42 [INFO   ]   [28/50] H S V J & CO | smitsoni411@gmail.com
2026-06-22 16:51:47 [INFO   ] PROGRESS | CA Connect 29/50 | G B P & ASSOCIATES | bhavikkhatri11@gmail.com
2026-06-22 16:51:47 [INFO   ]   [29/50] G B P & ASSOCIATES | bhavikkhatri11@gmail.com
2026-06-22 16:51:52 [INFO   ] PROGRESS | CA Connect 30/50 | SAKARIYA & CO | chirag.sakariya92@gmail.com
2026-06-22 16:51:52 [INFO   ]   [30/50] SAKARIYA & CO | chirag.sakariya92@gmail.com
2026-06-22 16:51:57 [INFO   ] PROGRESS | CA Connect 31/50 | HARISH V GANDHI & CO | cahvgandhi_18@yahoo.in
2026-06-22 16:51:57 [INFO   ]   [31/50] HARISH V GANDHI & CO | cahvgandhi_18@yahoo.in
2026-06-22 16:52:02 [INFO   ] PROGRESS | CA Connect 32/50 | J U PATEL & CO | jaiminpatel221@gmail.com
2026-06-22 16:52:02 [INFO   ]   [32/50] J U PATEL & CO | jaiminpatel221@gmail.com
2026-06-22 16:52:07 [INFO   ] PROGRESS | CA Connect 33/50 | SUKETU C SHAH & CO | suketucshahco@gmail.com
2026-06-22 16:52:07 [INFO   ]   [33/50] SUKETU C SHAH & CO | suketucshahco@gmail.com
2026-06-22 16:52:13 [INFO   ] PROGRESS | CA Connect 34/50 | SAUMIL H SHAH & CO | saumilshah98@gmail.com
2026-06-22 16:52:13 [INFO   ]   [34/50] SAUMIL H SHAH & CO | saumilshah98@gmail.com
2026-06-22 16:52:18 [INFO   ] PROGRESS | CA Connect 35/50 | T C S V & CO | vishrantsshah@yahoo.com
2026-06-22 16:52:18 [INFO   ]   [35/50] T C S V & CO | vishrantsshah@yahoo.com
2026-06-22 16:52:23 [INFO   ] PROGRESS | CA Connect 36/50 | SURANA MALOO & CO | vidhansurana@suranamaloo.com
2026-06-22 16:52:23 [INFO   ]   [36/50] SURANA MALOO & CO | vidhansurana@suranamaloo.com
2026-06-22 16:52:28 [INFO   ] PROGRESS | CA Connect 37/50 | V S S B & ASSOCIATES | vishvesca@gmail.com
2026-06-22 16:52:28 [INFO   ]   [37/50] V S S B & ASSOCIATES | vishvesca@gmail.com
2026-06-22 16:52:33 [INFO   ] PROGRESS | CA Connect 38/50 | H J P & CO | haresh.ca@gmail.com
2026-06-22 16:52:33 [INFO   ]   [38/50] H J P & CO | haresh.ca@gmail.com
2026-06-22 16:52:38 [INFO   ] PROGRESS | CA Connect 39/50 | K JAGETIYA & ASSOCIATES | kaushaljagetiya15@gmail.com
2026-06-22 16:52:38 [INFO   ]   [39/50] K JAGETIYA & ASSOCIATES | kaushaljagetiya15@gmail.com
2026-06-22 16:52:43 [INFO   ] PROGRESS | CA Connect 40/50 | CHIRAG MODI & CO | chiragmodica@gmail.com
2026-06-22 16:52:43 [INFO   ]   [40/50] CHIRAG MODI & CO | chiragmodica@gmail.com
2026-06-22 16:52:48 [INFO   ] PROGRESS | CA Connect 41/50 | NITIN R VAGHELA & CO | nitin.vaghela@hotmail.com
2026-06-22 16:52:48 [INFO   ]   [41/50] NITIN R VAGHELA & CO | nitin.vaghela@hotmail.com
2026-06-22 16:52:53 [INFO   ] PROGRESS | CA Connect 42/50 | BINITA & CO | binitatewani@yahoo.com
2026-06-22 16:52:53 [INFO   ]   [42/50] BINITA & CO | binitatewani@yahoo.com
2026-06-22 16:52:58 [INFO   ] PROGRESS | CA Connect 43/50 | NAYAN PATEL & ASSOCIATES | canayankpatel@gmail.com
2026-06-22 16:52:58 [INFO   ]   [43/50] NAYAN PATEL & ASSOCIATES | canayankpatel@gmail.com
2026-06-22 16:53:03 [INFO   ] PROGRESS | CA Connect 44/50 | C N K KHANDWALA & ASSOCIATES | mukesh@cnkkhandwala.com
2026-06-22 16:53:03 [INFO   ]   [44/50] C N K KHANDWALA & ASSOCIATES | mukesh@cnkkhandwala.com
2026-06-22 16:53:08 [INFO   ] PROGRESS | CA Connect 45/50 | HIMANSHU PATEL & CO | himanshupatelandco@gmail.com
2026-06-22 16:53:08 [INFO   ]   [45/50] HIMANSHU PATEL & CO | himanshupatelandco@gmail.com
2026-06-22 16:53:14 [INFO   ] PROGRESS | CA Connect 46/50 | G B K & ASSOCIATES | butani.pradip@gmail.com
2026-06-22 16:53:14 [INFO   ]   [46/50] G B K & ASSOCIATES | butani.pradip@gmail.com
2026-06-22 16:53:19 [INFO   ] PROGRESS | CA Connect 47/50 | J A K & CO | jainamshahca@gmail.com
2026-06-22 16:53:19 [INFO   ]   [47/50] J A K & CO | jainamshahca@gmail.com
2026-06-22 16:53:24 [INFO   ] PROGRESS | CA Connect 48/50 | VISHAL B SONI & ASSOCIATES | vbsonica@gmail.com
2026-06-22 16:53:24 [INFO   ]   [48/50] VISHAL B SONI & ASSOCIATES | vbsonica@gmail.com
2026-06-22 16:53:29 [INFO   ] PROGRESS | CA Connect 49/50 | SUSHIL THAKKAR & CO | sushil1253@gmail.com
2026-06-22 16:53:29 [INFO   ]   [49/50] SUSHIL THAKKAR & CO | sushil1253@gmail.com
2026-06-22 16:53:34 [INFO   ] PROGRESS | CA Connect 50/50 | J S MAHESHWARI & CO | dilip.maliwal@gmail.com
2026-06-22 16:53:34 [INFO   ]   [50/50] J S MAHESHWARI & CO | dilip.maliwal@gmail.com
2026-06-22 16:53:34 [INFO   ] Batch done — 50 new email(s) this batch | run total 616 / 1000
2026-06-22 16:53:34 [INFO   ] Enriching 50 profile(s) — Audit | Gujarat | Ahmedabad (95 pending in this city)
2026-06-22 16:53:35 [INFO   ] Logging in to CA Connect as sandeepjain200019@gmail.com
2026-06-22 16:53:43 [INFO   ] Login OK — current URL: https://caconnect.icai.org/home
2026-06-22 16:53:46 [INFO   ] PROGRESS | CA Connect 1/50 | PARTH KOSHTI & CO | parthkoshti3105@gmail.com
2026-06-22 16:53:46 [INFO   ]   [1/50] PARTH KOSHTI & CO | parthkoshti3105@gmail.com
2026-06-22 16:53:51 [INFO   ] PROGRESS | CA Connect 2/50 | RAICHURA & CO | caraichura@gmail.com
2026-06-22 16:53:51 [INFO   ]   [2/50] RAICHURA & CO | caraichura@gmail.com
2026-06-22 16:53:56 [INFO   ] PROGRESS | CA Connect 3/50 | V C A N & CO | ca.vikasjain1@icai.org
2026-06-22 16:53:56 [INFO   ]   [3/50] V C A N & CO | ca.vikasjain1@icai.org
2026-06-22 16:54:01 [INFO   ] PROGRESS | CA Connect 4/50 | MAKWANA AND CO LLP | hareshgmakwana@gmail.com
2026-06-22 16:54:01 [INFO   ]   [4/50] MAKWANA AND CO LLP | hareshgmakwana@gmail.com
2026-06-22 16:54:07 [INFO   ] PROGRESS | CA Connect 5/50 | D K M S & ASSOCIATES | durgesh.pandey@gmail.com
2026-06-22 16:54:07 [INFO   ]   [5/50] D K M S & ASSOCIATES | durgesh.pandey@gmail.com
2026-06-22 16:54:12 [INFO   ] PROGRESS | CA Connect 6/50 | MALAV S SHAH AND CO | malav049@gmail.com
2026-06-22 16:54:12 [INFO   ]   [6/50] MALAV S SHAH AND CO | malav049@gmail.com
2026-06-22 16:54:17 [INFO   ] PROGRESS | CA Connect 7/50 | MANUBHAI & SHAH LLP | arti.shah@msglobal.co.in
2026-06-22 16:54:17 [INFO   ]   [7/50] MANUBHAI & SHAH LLP | arti.shah@msglobal.co.in
2026-06-22 16:54:22 [INFO   ] PROGRESS | CA Connect 8/50 | KAPIL M SHARMA & ASSOCIATES | kapilteli2912@gmail.com
2026-06-22 16:54:22 [INFO   ]   [8/50] KAPIL M SHARMA & ASSOCIATES | kapilteli2912@gmail.com
2026-06-22 16:54:27 [INFO   ] PROGRESS | CA Connect 9/50 | DHIREN SHAH & CO | dhirenshah_co2000@yahoo.com
2026-06-22 16:54:27 [INFO   ]   [9/50] DHIREN SHAH & CO | dhirenshah_co2000@yahoo.com
2026-06-22 16:54:32 [INFO   ] PROGRESS | CA Connect 10/50 | D V AGRAWAL & ASSOCIATES | agrawaldeepak.ca@gmail.com
2026-06-22 16:54:32 [INFO   ]   [10/50] D V AGRAWAL & ASSOCIATES | agrawaldeepak.ca@gmail.com
2026-06-22 16:54:38 [INFO   ] PROGRESS | CA Connect 11/50 | J N GUPTA & CO | jnguptaca@yahoo.com
2026-06-22 16:54:38 [INFO   ]   [11/50] J N GUPTA & CO | jnguptaca@yahoo.com
2026-06-22 16:54:43 [INFO   ] PROGRESS | CA Connect 12/50 | H D H B & ASSOCIATES | ca_hussain@live.com
2026-06-22 16:54:43 [INFO   ]   [12/50] H D H B & ASSOCIATES | ca_hussain@live.com
2026-06-22 16:54:48 [INFO   ] PROGRESS | CA Connect 13/50 | DHARMESH PARIKH & CO LLP | dharmesh@dharmeshparikh.net
2026-06-22 16:54:48 [INFO   ]   [13/50] DHARMESH PARIKH & CO LLP | dharmesh@dharmeshparikh.net
2026-06-22 16:54:53 [INFO   ] PROGRESS | CA Connect 14/50 | BHAVIK PRAJAPATI & ASSOCIATES | cabhavikprajapati@outlook.com
2026-06-22 16:54:53 [INFO   ]   [14/50] BHAVIK PRAJAPATI & ASSOCIATES | cabhavikprajapati@outlook.com
2026-06-22 16:54:58 [INFO   ] PROGRESS | CA Connect 15/50 | V C A & ASSOCIATES | artvca@gmail.com
2026-06-22 16:54:58 [INFO   ]   [15/50] V C A & ASSOCIATES | artvca@gmail.com
2026-06-22 16:55:03 [INFO   ] PROGRESS | CA Connect 16/50 | ADIL DALAL & CO | adildalalco@gmail.com
2026-06-22 16:55:03 [INFO   ]   [16/50] ADIL DALAL & CO | adildalalco@gmail.com
2026-06-22 16:55:08 [INFO   ] PROGRESS | CA Connect 17/50 | R RAM & ASSOCIATES | casujarampatel@gmail.com
2026-06-22 16:55:08 [INFO   ]   [17/50] R RAM & ASSOCIATES | casujarampatel@gmail.com
2026-06-22 16:55:13 [INFO   ] PROGRESS | CA Connect 18/50 | RAHUL V PUJARA & CO | carahulpujara@gmail.com
2026-06-22 16:55:13 [INFO   ]   [18/50] RAHUL V PUJARA & CO | carahulpujara@gmail.com
2026-06-22 16:55:19 [INFO   ] PROGRESS | CA Connect 19/50 | ATUL DALAL & CO | raviparikh2190@gmail.com
2026-06-22 16:55:19 [INFO   ]   [19/50] ATUL DALAL & CO | raviparikh2190@gmail.com
2026-06-22 16:55:24 [INFO   ] PROGRESS | CA Connect 20/50 | LALIT DABHI & CO | lalitdabhi013@gmail.com
2026-06-22 16:55:24 [INFO   ]   [20/50] LALIT DABHI & CO | lalitdabhi013@gmail.com
2026-06-22 16:55:29 [INFO   ] PROGRESS | CA Connect 21/50 | DEOPURA & KABRA | deopura_kabra@yahoo.com
2026-06-22 16:55:29 [INFO   ]   [21/50] DEOPURA & KABRA | deopura_kabra@yahoo.com
2026-06-22 16:55:34 [INFO   ] PROGRESS | CA Connect 22/50 | MIHIR THAKAR & ASSOCIATES | mihirpthakar@gmail.com
2026-06-22 16:55:34 [INFO   ]   [22/50] MIHIR THAKAR & ASSOCIATES | mihirpthakar@gmail.com
2026-06-22 16:55:39 [INFO   ] PROGRESS | CA Connect 23/50 | SHAH KHAKHI & ASSOCIATES | rohan@shahkhakhi.com
2026-06-22 16:55:39 [INFO   ]   [23/50] SHAH KHAKHI & ASSOCIATES | rohan@shahkhakhi.com
2026-06-22 16:55:44 [INFO   ] PROGRESS | CA Connect 24/50 | M N CHAUHAN & ASSOCIATES | mehulc1@gmail.com
2026-06-22 16:55:44 [INFO   ]   [24/50] M N CHAUHAN & ASSOCIATES | mehulc1@gmail.com
2026-06-22 16:55:49 [INFO   ] PROGRESS | CA Connect 25/50 | RAJENDRA J SHAH & CO | cajaykin@icai.org
2026-06-22 16:55:49 [INFO   ]   [25/50] RAJENDRA J SHAH & CO | cajaykin@icai.org
2026-06-22 16:55:54 [INFO   ] PROGRESS | CA Connect 26/50 | PARESH DESAI & CO | desaiminalparesh@yahoo.co.in
2026-06-22 16:55:54 [INFO   ]   [26/50] PARESH DESAI & CO | desaiminalparesh@yahoo.co.in
2026-06-22 16:55:59 [INFO   ] PROGRESS | CA Connect 27/50 | E B & CO | sajith@ebca.in
2026-06-22 16:55:59 [INFO   ]   [27/50] E B & CO | sajith@ebca.in
2026-06-22 16:56:04 [INFO   ] PROGRESS | CA Connect 28/50 | RAJAT SONI & ASSOCIATES | carajatsoni99981@gmail.com
2026-06-22 16:56:04 [INFO   ]   [28/50] RAJAT SONI & ASSOCIATES | carajatsoni99981@gmail.com
2026-06-22 16:56:10 [INFO   ] PROGRESS | CA Connect 29/50 | K R PAREKH & ASSOCIATES | krparekh.associates@gmail.com
2026-06-22 16:56:10 [INFO   ]   [29/50] K R PAREKH & ASSOCIATES | krparekh.associates@gmail.com
2026-06-22 16:56:15 [INFO   ] PROGRESS | CA Connect 30/50 | DIVYANSH & ASSOCIATES | divyanshj509@gmail.com
2026-06-22 16:56:15 [INFO   ]   [30/50] DIVYANSH & ASSOCIATES | divyanshj509@gmail.com
2026-06-22 16:56:20 [INFO   ] PROGRESS | CA Connect 31/50 | KRUNAL K SHAH & CO | cakrunalkshah@gmail.com
2026-06-22 16:56:20 [INFO   ]   [31/50] KRUNAL K SHAH & CO | cakrunalkshah@gmail.com
2026-06-22 16:56:25 [INFO   ] PROGRESS | CA Connect 32/50 | REEHAN MEMON & ASSOCIATES | rehanm112@gmail.com
2026-06-22 16:56:25 [INFO   ]   [32/50] REEHAN MEMON & ASSOCIATES | rehanm112@gmail.com
2026-06-22 16:56:30 [INFO   ] PROGRESS | CA Connect 33/50 | KEVIN SONI & COMPANY | kds11295@gmail.com
2026-06-22 16:56:30 [INFO   ]   [33/50] KEVIN SONI & COMPANY | kds11295@gmail.com
2026-06-22 16:56:35 [INFO   ] PROGRESS | CA Connect 34/50 | NISARG J SHAH & CO | nisarg@njshah.com
2026-06-22 16:56:35 [INFO   ]   [34/50] NISARG J SHAH & CO | nisarg@njshah.com
2026-06-22 16:56:40 [INFO   ] PROGRESS | CA Connect 35/50 | M R N P & CO LLP | maheshlimbani1985@gmail.com
2026-06-22 16:56:40 [INFO   ]   [35/50] M R N P & CO LLP | maheshlimbani1985@gmail.com
2026-06-22 16:56:45 [INFO   ] PROGRESS | CA Connect 36/50 | ASHER & ASSOCIATES | ca.ashermehul@gmail.com
2026-06-22 16:56:45 [INFO   ]   [36/50] ASHER & ASSOCIATES | ca.ashermehul@gmail.com
2026-06-22 16:56:51 [INFO   ] PROGRESS | CA Connect 37/50 | SAGAR DHOOT AND ASSOCIATES | sagarkdhoot@gmail.com
2026-06-22 16:56:51 [INFO   ]   [37/50] SAGAR DHOOT AND ASSOCIATES | sagarkdhoot@gmail.com
2026-06-22 16:56:56 [INFO   ] PROGRESS | CA Connect 38/50 | B K DOSHI & ASSOCIATES | cabhargavdoshi@gmail.com
2026-06-22 16:56:56 [INFO   ]   [38/50] B K DOSHI & ASSOCIATES | cabhargavdoshi@gmail.com
2026-06-22 16:57:01 [INFO   ] PROGRESS | CA Connect 39/50 | HITESH N SONI & CO | hnsoni2021@gmail.com
2026-06-22 16:57:01 [INFO   ]   [39/50] HITESH N SONI & CO | hnsoni2021@gmail.com
2026-06-22 16:57:06 [INFO   ] PROGRESS | CA Connect 40/50 | R D DHAMECHA & CO | carahuldhamecha@gmail.com
2026-06-22 16:57:06 [INFO   ]   [40/50] R D DHAMECHA & CO | carahuldhamecha@gmail.com
2026-06-22 16:57:11 [INFO   ] PROGRESS | CA Connect 41/50 | I H DESAI & CO | canikitdesai@gmail.com
2026-06-22 16:57:11 [INFO   ]   [41/50] I H DESAI & CO | canikitdesai@gmail.com
2026-06-22 16:57:16 [INFO   ] PROGRESS | CA Connect 42/50 | JAYMIN D SHAH & CO | cajayminshah@icai.org
2026-06-22 16:57:16 [INFO   ]   [42/50] JAYMIN D SHAH & CO | cajayminshah@icai.org
2026-06-22 16:57:21 [INFO   ] PROGRESS | CA Connect 43/50 | S V RAVAL & CO | casvraval@gamil.com
2026-06-22 16:57:21 [INFO   ]   [43/50] S V RAVAL & CO | casvraval@gamil.com
2026-06-22 16:57:26 [INFO   ] PROGRESS | CA Connect 44/50 | KAMANI & KHANPARA | chetankamani02@gmail.com
2026-06-22 16:57:26 [INFO   ]   [44/50] KAMANI & KHANPARA | chetankamani02@gmail.com
2026-06-22 16:57:31 [INFO   ] PROGRESS | CA Connect 45/50 | J H KOSHTI & CO | jigneshkoshti21@gmail.com
2026-06-22 16:57:31 [INFO   ]   [45/50] J H KOSHTI & CO | jigneshkoshti21@gmail.com
2026-06-22 16:57:36 [INFO   ] PROGRESS | CA Connect 46/50 | P PUJARA & CO | parin.pujara@gmail.com
2026-06-22 16:57:36 [INFO   ]   [46/50] P PUJARA & CO | parin.pujara@gmail.com
2026-06-22 16:57:41 [INFO   ] PROGRESS | CA Connect 47/50 | M K AGRAWAL & CO | camkagrawal11@gmail.com
2026-06-22 16:57:41 [INFO   ]   [47/50] M K AGRAWAL & CO | camkagrawal11@gmail.com
2026-06-22 16:57:46 [INFO   ] PROGRESS | CA Connect 48/50 | AKHIL SHAH & ASSOCIATES | akhilshah15@gmail.com
2026-06-22 16:57:46 [INFO   ]   [48/50] AKHIL SHAH & ASSOCIATES | akhilshah15@gmail.com
2026-06-22 16:57:51 [INFO   ] PROGRESS | CA Connect 49/50 | DARSHIL SHAH & ASSOCIATES | shah.darshil13@gmail.com
2026-06-22 16:57:51 [INFO   ]   [49/50] DARSHIL SHAH & ASSOCIATES | shah.darshil13@gmail.com
2026-06-22 16:57:56 [INFO   ] PROGRESS | CA Connect 50/50 | D R C & CO | darshan.chavda@hotmail.com
2026-06-22 16:57:56 [INFO   ]   [50/50] D R C & CO | darshan.chavda@hotmail.com
2026-06-22 16:57:56 [INFO   ] Batch done — 50 new email(s) this batch | run total 666 / 1000
2026-06-22 16:57:56 [INFO   ] Enriching 45 profile(s) — Audit | Gujarat | Ahmedabad (45 pending in this city)
2026-06-22 16:58:03 [INFO   ] Logging in to CA Connect as sandeepjain200019@gmail.com
2026-06-22 16:58:12 [INFO   ] Login OK — current URL: https://caconnect.icai.org/home
2026-06-22 16:58:16 [INFO   ] PROGRESS | CA Connect 1/45 | SHAH & IYER | sbshahca@gmail.com
2026-06-22 16:58:16 [INFO   ]   [1/45] SHAH & IYER | sbshahca@gmail.com
2026-06-22 16:58:21 [INFO   ] PROGRESS | CA Connect 2/45 | KANUDAWALA & ASSOCIATES | cakanudawala@gmail.com
2026-06-22 16:58:21 [INFO   ]   [2/45] KANUDAWALA & ASSOCIATES | cakanudawala@gmail.com
2026-06-22 16:58:26 [INFO   ] PROGRESS | CA Connect 3/45 | SOMANI SHAH & ASSOCIATES | ca.alpesh1101@gmail.com
2026-06-22 16:58:26 [INFO   ]   [3/45] SOMANI SHAH & ASSOCIATES | ca.alpesh1101@gmail.com
2026-06-22 16:58:31 [INFO   ] PROGRESS | CA Connect 4/45 | A G BADAMI & CO | abidbadami5@gmail.com
2026-06-22 16:58:31 [INFO   ]   [4/45] A G BADAMI & CO | abidbadami5@gmail.com
2026-06-22 16:58:36 [INFO   ] PROGRESS | CA Connect 5/45 | PURVI JIGNESH SHAH & CO | ca_purvishah@yahoo.com
2026-06-22 16:58:36 [INFO   ]   [5/45] PURVI JIGNESH SHAH & CO | ca_purvishah@yahoo.com
2026-06-22 16:58:41 [INFO   ] PROGRESS | CA Connect 6/45 | NATHAWANI & NATHAWANI | info@nathawani.com
2026-06-22 16:58:41 [INFO   ]   [6/45] NATHAWANI & NATHAWANI | info@nathawani.com
2026-06-22 16:58:46 [INFO   ] PROGRESS | CA Connect 7/45 | V R C A & ASSOCIATES | brijesh309@gmail.com
2026-06-22 16:58:46 [INFO   ]   [7/45] V R C A & ASSOCIATES | brijesh309@gmail.com
2026-06-22 16:58:51 [INFO   ] PROGRESS | CA Connect 8/45 | MEHUL V CHALISHAJAR & CO | mehul.40000@hotmail.com
2026-06-22 16:58:51 [INFO   ]   [8/45] MEHUL V CHALISHAJAR & CO | mehul.40000@hotmail.com
2026-06-22 16:58:56 [INFO   ] PROGRESS | CA Connect 9/45 | S R AGRAWAL & COMPANY | ca.shubhagrawal@gmail.com
2026-06-22 16:58:56 [INFO   ]   [9/45] S R AGRAWAL & COMPANY | ca.shubhagrawal@gmail.com
2026-06-22 16:59:01 [INFO   ] PROGRESS | CA Connect 10/45 | H J VAGHELA & CO | caharshadvaghela@gmail.com
2026-06-22 16:59:01 [INFO   ]   [10/45] H J VAGHELA & CO | caharshadvaghela@gmail.com
2026-06-22 16:59:06 [INFO   ] PROGRESS | CA Connect 11/45 | N M PARIKH & CO | canmp93@gmail.com
2026-06-22 16:59:06 [INFO   ]   [11/45] N M PARIKH & CO | canmp93@gmail.com
2026-06-22 16:59:11 [INFO   ] PROGRESS | CA Connect 12/45 | K K VYAS & ASSOCIATES | kkvyasca@gmail.com
2026-06-22 16:59:11 [INFO   ]   [12/45] K K VYAS & ASSOCIATES | kkvyasca@gmail.com
2026-06-22 16:59:17 [INFO   ] PROGRESS | CA Connect 13/45 | S A JOSHI & ASSOCIATES | acasagarjoshi@gmail.com
2026-06-22 16:59:17 [INFO   ]   [13/45] S A JOSHI & ASSOCIATES | acasagarjoshi@gmail.com
2026-06-22 16:59:22 [INFO   ] PROGRESS | CA Connect 14/45 | VAISHALI PATEL & CO | vaishali2382@yahoo.com
2026-06-22 16:59:22 [INFO   ]   [14/45] VAISHALI PATEL & CO | vaishali2382@yahoo.com
2026-06-22 16:59:27 [INFO   ] PROGRESS | CA Connect 15/45 | NAITIK B NASIT & CO | nasitnaitik@gmail.com
2026-06-22 16:59:27 [INFO   ]   [15/45] NAITIK B NASIT & CO | nasitnaitik@gmail.com
2026-06-22 16:59:32 [INFO   ] PROGRESS | CA Connect 16/45 | K M VORA & ASSOCIATES | karanvora25@gmail.com
2026-06-22 16:59:32 [INFO   ]   [16/45] K M VORA & ASSOCIATES | karanvora25@gmail.com
2026-06-22 16:59:37 [INFO   ] PROGRESS | CA Connect 17/45 | KARIYA & ASSOCIATES | sbkariya@yahoo.co.uk
2026-06-22 16:59:37 [INFO   ]   [17/45] KARIYA & ASSOCIATES | sbkariya@yahoo.co.uk
2026-06-22 16:59:42 [INFO   ] PROGRESS | CA Connect 18/45 | TRAPASIYA AND ASSOCIATES | canikunjtrapasiya@gmail.com
2026-06-22 16:59:42 [INFO   ]   [18/45] TRAPASIYA AND ASSOCIATES | canikunjtrapasiya@gmail.com
2026-06-22 16:59:47 [INFO   ] PROGRESS | CA Connect 19/45 | A I M S K & ASSOCIATES | tnchhatbar@gmail.com
2026-06-22 16:59:47 [INFO   ]   [19/45] A I M S K & ASSOCIATES | tnchhatbar@gmail.com
2026-06-22 16:59:52 [INFO   ] PROGRESS | CA Connect 20/45 | RIKEN PATEL & CO | akta_ca@yahoo.co.in
2026-06-22 16:59:52 [INFO   ]   [20/45] RIKEN PATEL & CO | akta_ca@yahoo.co.in
2026-06-22 16:59:57 [INFO   ] PROGRESS | CA Connect 21/45 | JAGDISH D & CO | jdpatel.2030@gmail.com
2026-06-22 16:59:57 [INFO   ]   [21/45] JAGDISH D & CO | jdpatel.2030@gmail.com
2026-06-22 17:00:03 [INFO   ] PROGRESS | CA Connect 22/45 | H MISTRY & CO | caharshvardhan1@gmail.com
2026-06-22 17:00:03 [INFO   ]   [22/45] H MISTRY & CO | caharshvardhan1@gmail.com
2026-06-22 17:00:08 [INFO   ] PROGRESS | CA Connect 23/45 | NILESH K AGARWAL & CO | nkaco2002@yahoo.com
2026-06-22 17:00:08 [INFO   ]   [23/45] NILESH K AGARWAL & CO | nkaco2002@yahoo.com
2026-06-22 17:00:13 [INFO   ] PROGRESS | CA Connect 24/45 | RONAK D SHAH & CO | caronak.d.shah@gmail.com
2026-06-22 17:00:13 [INFO   ]   [24/45] RONAK D SHAH & CO | caronak.d.shah@gmail.com
2026-06-22 17:00:18 [INFO   ] PROGRESS | CA Connect 25/45 | CHINTAN PARIKH & CO | cachintanparikh@gmail.com
2026-06-22 17:00:18 [INFO   ]   [25/45] CHINTAN PARIKH & CO | cachintanparikh@gmail.com
2026-06-22 17:00:23 [INFO   ] PROGRESS | CA Connect 26/45 | M H DABHI & CO | miteshdabhi12@gmail.com
2026-06-22 17:00:23 [INFO   ]   [26/45] M H DABHI & CO | miteshdabhi12@gmail.com
2026-06-22 17:00:28 [INFO   ] PROGRESS | CA Connect 27/45 | V M A N & ASSOCIATES | caalesh.gandhi@gmail.com
2026-06-22 17:00:28 [INFO   ]   [27/45] V M A N & ASSOCIATES | caalesh.gandhi@gmail.com
2026-06-22 17:00:35 [INFO   ] PROGRESS | CA Connect 28/45 | KATARIYA SONI & ASSOCIATES | canitinkatariya@gmail.com
2026-06-22 17:00:35 [INFO   ]   [28/45] KATARIYA SONI & ASSOCIATES | canitinkatariya@gmail.com
2026-06-22 17:00:40 [INFO   ] PROGRESS | CA Connect 29/45 | SURANA NAVEEN & ASSOCIATES | naveenjain_111@yahoo.com
2026-06-22 17:00:40 [INFO   ]   [29/45] SURANA NAVEEN & ASSOCIATES | naveenjain_111@yahoo.com
2026-06-22 17:00:45 [INFO   ] PROGRESS | CA Connect 30/45 | A H SUTHAR & CO | ca_alpesh09@yahoo.com
2026-06-22 17:00:45 [INFO   ]   [30/45] A H SUTHAR & CO | ca_alpesh09@yahoo.com
2026-06-22 17:00:50 [INFO   ] PROGRESS | CA Connect 31/45 | VIJAY MOONDRA & CO | gst.nehashah@gmail.com
2026-06-22 17:00:50 [INFO   ]   [31/45] VIJAY MOONDRA & CO | gst.nehashah@gmail.com
2026-06-22 17:00:56 [INFO   ] PROGRESS | CA Connect 32/45 | A R PRAJAPATI & CO | prajapatiankit1543@gmail.com
2026-06-22 17:00:56 [INFO   ]   [32/45] A R PRAJAPATI & CO | prajapatiankit1543@gmail.com
2026-06-22 17:01:01 [INFO   ] PROGRESS | CA Connect 33/45 | MONIKA H SHAH & COMPANY | camonika.15@gmail.com
2026-06-22 17:01:01 [INFO   ]   [33/45] MONIKA H SHAH & COMPANY | camonika.15@gmail.com
2026-06-22 17:01:06 [INFO   ] PROGRESS | CA Connect 34/45 | GIRISH SHAH & CO | cagirishshah3678@outlook.com
2026-06-22 17:01:06 [INFO   ]   [34/45] GIRISH SHAH & CO | cagirishshah3678@outlook.com
2026-06-22 17:01:11 [INFO   ] PROGRESS | CA Connect 35/45 | S VORA & CO | sejal.vora12@gmail.com
2026-06-22 17:01:11 [INFO   ]   [35/45] S VORA & CO | sejal.vora12@gmail.com
2026-06-22 17:01:16 [INFO   ] PROGRESS | CA Connect 36/45 | N V U R & ASSOCIATES | udayranpariya@gmail.com
2026-06-22 17:01:16 [INFO   ]   [36/45] N V U R & ASSOCIATES | udayranpariya@gmail.com
2026-06-22 17:01:21 [INFO   ] PROGRESS | CA Connect 37/45 | D GANATRA & CO | dollythacker49@gmail.com
2026-06-22 17:01:21 [INFO   ]   [37/45] D GANATRA & CO | dollythacker49@gmail.com
2026-06-22 17:01:26 [INFO   ] PROGRESS | CA Connect 38/45 | C V PUJARA & CO | chintan.pujara@icai.org
2026-06-22 17:01:26 [INFO   ]   [38/45] C V PUJARA & CO | chintan.pujara@icai.org
2026-06-22 17:01:32 [INFO   ] PROGRESS | CA Connect 39/45 | AKHIL A THAKKAR & CO | akhilthakkar_in@yahoo.com
2026-06-22 17:01:32 [INFO   ]   [39/45] AKHIL A THAKKAR & CO | akhilthakkar_in@yahoo.com
2026-06-22 17:01:37 [INFO   ] PROGRESS | CA Connect 40/45 | RANGWALA & CO | zohar.rangwala@gmail.com
2026-06-22 17:01:37 [INFO   ]   [40/45] RANGWALA & CO | zohar.rangwala@gmail.com
2026-06-22 17:01:42 [INFO   ] PROGRESS | CA Connect 41/45 | P SALOT & CO | parthivsalot@gmail.com
2026-06-22 17:01:42 [INFO   ]   [41/45] P SALOT & CO | parthivsalot@gmail.com
2026-06-22 17:01:47 [INFO   ] PROGRESS | CA Connect 42/45 | NIHARIKA AGRAWAL & CO | niharikaaagrawal@gmail.com
2026-06-22 17:01:47 [INFO   ]   [42/45] NIHARIKA AGRAWAL & CO | niharikaaagrawal@gmail.com
2026-06-22 17:01:52 [INFO   ] PROGRESS | CA Connect 43/45 | PALAK Y GANDHI & ASSOCIATES | gandhipalak2011@yahoo.com
2026-06-22 17:01:52 [INFO   ]   [43/45] PALAK Y GANDHI & ASSOCIATES | gandhipalak2011@yahoo.com
2026-06-22 17:01:57 [INFO   ] PROGRESS | CA Connect 44/45 | TITHAL MEHTA & COMPANY | catithalmehta@gmail.com
2026-06-22 17:01:57 [INFO   ]   [44/45] TITHAL MEHTA & COMPANY | catithalmehta@gmail.com
2026-06-22 17:02:02 [INFO   ] PROGRESS | CA Connect 45/45 | SHANI MEHTA & CO | shanimehta9592@yahoo.com
2026-06-22 17:02:02 [INFO   ]   [45/45] SHANI MEHTA & CO | shanimehta9592@yahoo.com
2026-06-22 17:02:03 [INFO   ] Batch done — 45 new email(s) this batch | run total 711 / 1000
2026-06-22 17:02:03 [INFO   ] 
2026-06-22 17:02:03 [INFO   ] ==============================================================
2026-06-22 17:02:03 [INFO   ] PROGRESS | Listing harvest — Audit | Gujarat | Surat
2026-06-22 17:02:03 [INFO   ] ==============================================================
2026-06-22 17:02:04 [INFO   ] Opening CA Connect search page: https://caconnect.icai.org/search-your-ca
2026-06-22 17:02:09 [INFO   ] Selecting service=Audit state=Gujarat city=Surat
2026-06-22 17:02:13 [INFO   ] Search results URL: https://caconnect.icai.org/search?_token=HfDsIl1uZBRBB3CBHYSgTKwjWJe4UwhdiK2INaMd&type=&services=Audit&state=Gujarat&city=Surat
2026-06-22 17:02:18 [INFO   ] Members tab: 130 cards
2026-06-22 17:02:27 [INFO   ] CA Firms tab: 130 cards
2026-06-22 17:02:28 [INFO   ] Stored 121 new listing(s) (260 total on page) for Audit / Gujarat / Surat
2026-06-22 17:02:28 [INFO   ] Enriching 50 profile(s) — Audit | Gujarat | Surat (121 pending in this city)
2026-06-22 17:02:29 [INFO   ] Logging in to CA Connect as sandeepjain200019@gmail.com
2026-06-22 17:02:36 [INFO   ] Login OK — current URL: https://caconnect.icai.org/home
2026-06-22 17:02:40 [INFO   ] PROGRESS | CA Connect 1/50 | BHAVESH RANACHHODBHAI THUMMAR | brthummar24@gmail.com
2026-06-22 17:02:40 [INFO   ]   [1/50] BHAVESH RANACHHODBHAI THUMMAR | brthummar24@gmail.com
2026-06-22 17:02:45 [INFO   ] PROGRESS | CA Connect 2/50 | BHAVIN ARJUNBHAI PATEL | capatelbhavin@gmail.com
2026-06-22 17:02:45 [INFO   ]   [2/50] BHAVIN ARJUNBHAI PATEL | capatelbhavin@gmail.com
2026-06-22 17:02:50 [INFO   ] PROGRESS | CA Connect 3/50 | MAYANK SHIVPRAKASH KARWA | camayankkarwa@gmail.com
2026-06-22 17:02:50 [INFO   ]   [3/50] MAYANK SHIVPRAKASH KARWA | camayankkarwa@gmail.com
2026-06-22 17:02:55 [INFO   ] PROGRESS | CA Connect 4/50 | RIA SANDEEP SHAH | cariasshah@gmail.com
2026-06-22 17:02:55 [INFO   ]   [4/50] RIA SANDEEP SHAH | cariasshah@gmail.com
2026-06-22 17:03:00 [INFO   ] PROGRESS | CA Connect 5/50 | JAIMIN DILIPKUMAR PASTAGIA | cajaiminpastagia@yahoo.com
2026-06-22 17:03:00 [INFO   ]   [5/50] JAIMIN DILIPKUMAR PASTAGIA | cajaiminpastagia@yahoo.com
2026-06-22 17:03:05 [INFO   ] PROGRESS | CA Connect 6/50 | HARSH KIRITBHAI DAVRA | harshdavra34@gmail.com
2026-06-22 17:03:05 [INFO   ]   [6/50] HARSH KIRITBHAI DAVRA | harshdavra34@gmail.com
2026-06-22 17:03:10 [INFO   ] PROGRESS | CA Connect 7/50 | AJAY JASHVANTLAL RUGHNATHWALA | ajay.rughnathwala@icai.org
2026-06-22 17:03:10 [INFO   ]   [7/50] AJAY JASHVANTLAL RUGHNATHWALA | ajay.rughnathwala@icai.org
2026-06-22 17:03:15 [INFO   ] PROGRESS | CA Connect 8/50 | NIKUNJ RAJENDRAKUMAR PATEL | canikunjpatel1@gmail.com
2026-06-22 17:03:15 [INFO   ]   [8/50] NIKUNJ RAJENDRAKUMAR PATEL | canikunjpatel1@gmail.com
2026-06-22 17:03:20 [INFO   ] PROGRESS | CA Connect 9/50 | SHAH PRAVINCHANDRA BABUBHAI | pbshah@icai.org
2026-06-22 17:03:20 [INFO   ]   [9/50] SHAH PRAVINCHANDRA BABUBHAI | pbshah@icai.org
2026-06-22 17:03:25 [INFO   ] PROGRESS | CA Connect 10/50 | NITIN NARESHBHAI MODI | nitin.modi@mail.ca.in
2026-06-22 17:03:25 [INFO   ]   [10/50] NITIN NARESHBHAI MODI | nitin.modi@mail.ca.in
2026-06-22 17:03:31 [INFO   ] PROGRESS | CA Connect 11/50 | SURANA PRAKASH MAL | pm_surana@hotmail.com
2026-06-22 17:03:31 [INFO   ]   [11/50] SURANA PRAKASH MAL | pm_surana@hotmail.com
2026-06-22 17:03:36 [INFO   ] PROGRESS | CA Connect 12/50 | TIRTHRAJ MANUBHAI MONPARA | tirthrajmonpara@gmail.com
2026-06-22 17:03:36 [INFO   ]   [12/50] TIRTHRAJ MANUBHAI MONPARA | tirthrajmonpara@gmail.com
2026-06-22 17:03:41 [INFO   ] PROGRESS | CA Connect 13/50 | VINAY VIJAY KUMAR GOYAL | vinaygoyalofficial@gmail.com
2026-06-22 17:03:41 [INFO   ]   [13/50] VINAY VIJAY KUMAR GOYAL | vinaygoyalofficial@gmail.com
2026-06-22 17:03:46 [INFO   ] PROGRESS | CA Connect 14/50 | KISHAN B AGRAWAL | kishanagrawal1508@gmail.com
2026-06-22 17:03:46 [INFO   ]   [14/50] KISHAN B AGRAWAL | kishanagrawal1508@gmail.com
2026-06-22 17:03:51 [INFO   ] PROGRESS | CA Connect 15/50 | PATEL BHARAT BHOGILAL | cabharatpatel@ymail.com
2026-06-22 17:03:51 [INFO   ]   [15/50] PATEL BHARAT BHOGILAL | cabharatpatel@ymail.com
2026-06-22 17:03:56 [INFO   ] PROGRESS | CA Connect 16/50 | LAXMAN RATHI | lrathi1998@gmail.com
2026-06-22 17:03:56 [INFO   ]   [16/50] LAXMAN RATHI | lrathi1998@gmail.com
2026-06-22 17:04:01 [INFO   ] PROGRESS | CA Connect 17/50 | MOHAMMED JAVED A MEMON | javedmemon102858@yahoo.co.in
2026-06-22 17:04:01 [INFO   ]   [17/50] MOHAMMED JAVED A MEMON | javedmemon102858@yahoo.co.in
2026-06-22 17:04:06 [INFO   ] PROGRESS | CA Connect 18/50 | RAHUL SUNIL MURARKA | rahulmurarka57@gmail.com
2026-06-22 17:04:06 [INFO   ]   [18/50] RAHUL SUNIL MURARKA | rahulmurarka57@gmail.com
2026-06-22 17:04:12 [INFO   ] PROGRESS | CA Connect 19/50 | NAKUL RATHI | nitinnakulca@gmail.com
2026-06-22 17:04:12 [INFO   ]   [19/50] NAKUL RATHI | nitinnakulca@gmail.com
2026-06-22 17:04:17 [INFO   ] PROGRESS | CA Connect 20/50 | RIDDHISH ASHWINKUMAR SHAH | riddhishca@yahoo.co.in
2026-06-22 17:04:17 [INFO   ]   [20/50] RIDDHISH ASHWINKUMAR SHAH | riddhishca@yahoo.co.in
2026-06-22 17:04:22 [INFO   ] PROGRESS | CA Connect 21/50 | GAURAV MANSUKHBHAI GOLANI | gaurav.golani@mail.ca.in
2026-06-22 17:04:22 [INFO   ]   [21/50] GAURAV MANSUKHBHAI GOLANI | gaurav.golani@mail.ca.in
2026-06-22 17:04:27 [INFO   ] PROGRESS | CA Connect 22/50 | SUNIL KUMAR GULGULIA | sgulgulia01@gmail.com
2026-06-22 17:04:27 [INFO   ]   [22/50] SUNIL KUMAR GULGULIA | sgulgulia01@gmail.com
2026-06-22 17:04:32 [INFO   ] PROGRESS | CA Connect 23/50 | JAGDISH HARJIBHAI PATEL | cajhpatel@gmail.com
2026-06-22 17:04:32 [INFO   ]   [23/50] JAGDISH HARJIBHAI PATEL | cajhpatel@gmail.com
2026-06-22 17:04:37 [INFO   ] PROGRESS | CA Connect 24/50 | HIREN NARANBHAI NASIT | hnnasit@gmail.com
2026-06-22 17:04:37 [INFO   ]   [24/50] HIREN NARANBHAI NASIT | hnnasit@gmail.com
2026-06-22 17:04:42 [INFO   ] PROGRESS | CA Connect 25/50 | SHRI KANT RATHI | cashrikant01@gmail.com
2026-06-22 17:04:42 [INFO   ]   [25/50] SHRI KANT RATHI | cashrikant01@gmail.com
2026-06-22 17:04:47 [INFO   ] PROGRESS | CA Connect 26/50 | HARDIK JITENDRA VAGHANI | cahardikvaghani@gmail.com
2026-06-22 17:04:47 [INFO   ]   [26/50] HARDIK JITENDRA VAGHANI | cahardikvaghani@gmail.com
2026-06-22 17:04:52 [INFO   ] PROGRESS | CA Connect 27/50 | PRASHANT RAJESH VIRWANI | virwaniprashant@gmail.com
2026-06-22 17:04:52 [INFO   ]   [27/50] PRASHANT RAJESH VIRWANI | virwaniprashant@gmail.com
2026-06-22 17:04:57 [INFO   ] PROGRESS | CA Connect 28/50 | NISHANT JAIN | canishantj@gmail.com
2026-06-22 17:04:57 [INFO   ]   [28/50] NISHANT JAIN | canishantj@gmail.com
2026-06-22 17:05:03 [INFO   ] PROGRESS | CA Connect 29/50 | AMIT KUMAR SARAWGI | amit@aksarawgi.com
2026-06-22 17:05:03 [INFO   ]   [29/50] AMIT KUMAR SARAWGI | amit@aksarawgi.com
2026-06-22 17:05:08 [INFO   ] PROGRESS | CA Connect 30/50 | CHETANKUMAR ASHOKBHAI SHAH | c.a.shah099@gmail.com
2026-06-22 17:05:08 [INFO   ]   [30/50] CHETANKUMAR ASHOKBHAI SHAH | c.a.shah099@gmail.com
2026-06-22 17:05:13 [INFO   ] PROGRESS | CA Connect 31/50 | KEYUR RAJENDRAKUMAR BHAGAT | keyurbhagat26@gmail.com
2026-06-22 17:05:13 [INFO   ]   [31/50] KEYUR RAJENDRAKUMAR BHAGAT | keyurbhagat26@gmail.com
2026-06-22 17:05:18 [INFO   ] PROGRESS | CA Connect 32/50 | RAMAKANTA NAYAK | nayakr91@gmail.com
2026-06-22 17:05:18 [INFO   ]   [32/50] RAMAKANTA NAYAK | nayakr91@gmail.com
2026-06-22 17:05:23 [INFO   ] PROGRESS | CA Connect 33/50 | GANESH BASANT PANSARI | caganeshpansari@gmail.com
2026-06-22 17:05:23 [INFO   ]   [33/50] GANESH BASANT PANSARI | caganeshpansari@gmail.com
2026-06-22 17:05:28 [INFO   ] PROGRESS | CA Connect 34/50 | NILESH NITIN BAZARI | nbazari03@gmail.com
2026-06-22 17:05:28 [INFO   ]   [34/50] NILESH NITIN BAZARI | nbazari03@gmail.com
2026-06-22 17:05:33 [INFO   ] PROGRESS | CA Connect 35/50 | KANHEYA LAL KALANI | likeosian@gmail.com
2026-06-22 17:05:33 [INFO   ]   [35/50] KANHEYA LAL KALANI | likeosian@gmail.com
2026-06-22 17:05:39 [INFO   ] PROGRESS | CA Connect 36/50 | CHINTAK JAYESH SHAH | shahchintakj@gmail.com
2026-06-22 17:05:39 [INFO   ]   [36/50] CHINTAK JAYESH SHAH | shahchintakj@gmail.com
2026-06-22 17:05:44 [INFO   ] PROGRESS | CA Connect 37/50 | TANVI KALPESH DHONDE | tanvi4dhonde@gmail.com
2026-06-22 17:05:44 [INFO   ]   [37/50] TANVI KALPESH DHONDE | tanvi4dhonde@gmail.com
2026-06-22 17:05:49 [INFO   ] PROGRESS | CA Connect 38/50 | AZIZ MD MOHASIN SHAIKH | ca.aziz.shaikh@gmail.com
2026-06-22 17:05:49 [INFO   ]   [38/50] AZIZ MD MOHASIN SHAIKH | ca.aziz.shaikh@gmail.com
2026-06-22 17:05:54 [INFO   ] PROGRESS | CA Connect 39/50 | RAJESH KUMAR RATHI | krajeshrathi@yahoo.co.in
2026-06-22 17:05:54 [INFO   ]   [39/50] RAJESH KUMAR RATHI | krajeshrathi@yahoo.co.in
2026-06-22 17:05:59 [INFO   ] PROGRESS | CA Connect 40/50 | SEJAL GHANSHYAMBHAI SATVARA | sejalsatvara0405@gmail.com
2026-06-22 17:05:59 [INFO   ]   [40/50] SEJAL GHANSHYAMBHAI SATVARA | sejalsatvara0405@gmail.com
2026-06-22 17:06:04 [INFO   ] PROGRESS | CA Connect 41/50 | SHREYANSH MAHESHBHAI SHAH | shreyanshshah9@gmail.com
2026-06-22 17:06:04 [INFO   ]   [41/50] SHREYANSH MAHESHBHAI SHAH | shreyanshshah9@gmail.com
2026-06-22 17:06:09 [INFO   ] PROGRESS | CA Connect 42/50 | RAVI DASHRATHBHAI PATEL | caravi92@icai.org
2026-06-22 17:06:09 [INFO   ]   [42/50] RAVI DASHRATHBHAI PATEL | caravi92@icai.org
2026-06-22 17:06:14 [INFO   ] PROGRESS | CA Connect 43/50 | MILAN RAMESHBHAI VEKARIYA | camilanvekariya@gmail.com
2026-06-22 17:06:14 [INFO   ]   [43/50] MILAN RAMESHBHAI VEKARIYA | camilanvekariya@gmail.com
2026-06-22 17:06:19 [INFO   ] PROGRESS | CA Connect 44/50 | ANKIT KUMAR SONI | ankitsoni2609@gmail.com
2026-06-22 17:06:19 [INFO   ]   [44/50] ANKIT KUMAR SONI | ankitsoni2609@gmail.com
2026-06-22 17:06:24 [INFO   ] PROGRESS | CA Connect 45/50 | AMAR VIMAL RAMGADIA | agarwalamar11@yahoo.com
2026-06-22 17:06:24 [INFO   ]   [45/50] AMAR VIMAL RAMGADIA | agarwalamar11@yahoo.com
2026-06-22 17:06:29 [INFO   ] PROGRESS | CA Connect 46/50 | DIPALI SURESHBHAI RATHOD | rathoddipali30@gmail.com
2026-06-22 17:06:29 [INFO   ]   [46/50] DIPALI SURESHBHAI RATHOD | rathoddipali30@gmail.com
2026-06-22 17:06:34 [INFO   ] PROGRESS | CA Connect 47/50 | MONTU KISHORBHAI RANA | monturana2009@gmail.com
2026-06-22 17:06:34 [INFO   ]   [47/50] MONTU KISHORBHAI RANA | monturana2009@gmail.com
2026-06-22 17:06:39 [INFO   ] PROGRESS | CA Connect 48/50 | EKTA NITESHKUMAR MALCHANDKA | caektachoudhary@gmail.com
2026-06-22 17:06:39 [INFO   ]   [48/50] EKTA NITESHKUMAR MALCHANDKA | caektachoudhary@gmail.com
2026-06-22 17:06:44 [INFO   ] PROGRESS | CA Connect 49/50 | MANISH JAJOO | mpjajoo@gmail.com
2026-06-22 17:06:44 [INFO   ]   [49/50] MANISH JAJOO | mpjajoo@gmail.com
2026-06-22 17:06:49 [INFO   ] PROGRESS | CA Connect 50/50 | NIKUNJ BHARAT UNADKAT | fcanikunj@gmail.com
2026-06-22 17:06:49 [INFO   ]   [50/50] NIKUNJ BHARAT UNADKAT | fcanikunj@gmail.com
2026-06-22 17:06:50 [INFO   ] Batch done — 50 new email(s) this batch | run total 761 / 1000
2026-06-22 17:06:50 [INFO   ] Enriching 50 profile(s) — Audit | Gujarat | Surat (71 pending in this city)
2026-06-22 17:06:51 [INFO   ] Logging in to CA Connect as sandeepjain200019@gmail.com
2026-06-22 17:06:58 [INFO   ] Login OK — current URL: https://caconnect.icai.org/home
2026-06-22 17:07:02 [INFO   ] PROGRESS | CA Connect 1/50 | MILAN MAGANBHAI NALIYADHARA | milanm.naliyadhara@gmail.com
2026-06-22 17:07:02 [INFO   ]   [1/50] MILAN MAGANBHAI NALIYADHARA | milanm.naliyadhara@gmail.com
2026-06-22 17:07:07 [INFO   ] PROGRESS | CA Connect 2/50 | CHINTAN RAMNIKLAL MAHETA | chintan.m005@gmail.com
2026-06-22 17:07:07 [INFO   ]   [2/50] CHINTAN RAMNIKLAL MAHETA | chintan.m005@gmail.com
2026-06-22 17:07:12 [INFO   ] PROGRESS | CA Connect 3/50 | JITESHKUMAR MAHESHBHAI JAGALAGANESHWALA | jiteshmodi04@gmail.com
2026-06-22 17:07:12 [INFO   ]   [3/50] JITESHKUMAR MAHESHBHAI JAGALAGANESHWALA | jiteshmodi04@gmail.com
2026-06-22 17:07:17 [INFO   ] PROGRESS | CA Connect 4/50 | ANITA BHANWARSINGHJI CHUNDAWAT | c.anita1579@gmail.com
2026-06-22 17:07:17 [INFO   ]   [4/50] ANITA BHANWARSINGHJI CHUNDAWAT | c.anita1579@gmail.com
2026-06-22 17:07:22 [INFO   ] PROGRESS | CA Connect 5/50 | HARDIK NARSINHBHAI BUNHA | ca_hardik_bunha@yahoo.com
2026-06-22 17:07:22 [INFO   ]   [5/50] HARDIK NARSINHBHAI BUNHA | ca_hardik_bunha@yahoo.com
2026-06-22 17:07:27 [INFO   ] PROGRESS | CA Connect 6/50 | MAUSAM VIKRAMBHAI MEHTA | office.mausam@yahoo.com
2026-06-22 17:07:27 [INFO   ]   [6/50] MAUSAM VIKRAMBHAI MEHTA | office.mausam@yahoo.com
2026-06-22 17:07:32 [INFO   ] PROGRESS | CA Connect 7/50 | R H DANKHARA & CO | dankhara_rinkal@rediffmail.com
2026-06-22 17:07:32 [INFO   ]   [7/50] R H DANKHARA & CO | dankhara_rinkal@rediffmail.com
2026-06-22 17:07:37 [INFO   ] PROGRESS | CA Connect 8/50 | SIRVI & ASSOCIATES LLP | ca.sureshsirvi@gmail.com
2026-06-22 17:07:37 [INFO   ]   [8/50] SIRVI & ASSOCIATES LLP | ca.sureshsirvi@gmail.com
2026-06-22 17:07:42 [INFO   ] PROGRESS | CA Connect 9/50 | L K SHAH & CO | lkshahca@gmail.com
2026-06-22 17:07:42 [INFO   ]   [9/50] L K SHAH & CO | lkshahca@gmail.com
2026-06-22 17:07:47 [INFO   ] PROGRESS | CA Connect 10/50 | ASAWA GUPTA & ASSOCIATES | asawaincometax@gmail.com
2026-06-22 17:07:47 [INFO   ]   [10/50] ASAWA GUPTA & ASSOCIATES | asawaincometax@gmail.com
2026-06-22 17:07:52 [INFO   ] PROGRESS | CA Connect 11/50 | B M GAJERA & CO | cabhaveshgajera@yahoo.in
2026-06-22 17:07:52 [INFO   ]   [11/50] B M GAJERA & CO | cabhaveshgajera@yahoo.in
2026-06-22 17:07:57 [INFO   ] PROGRESS | CA Connect 12/50 | K SHARDA & CO | cakamleshsharda@gmail.com
2026-06-22 17:07:57 [INFO   ]   [12/50] K SHARDA & CO | cakamleshsharda@gmail.com
2026-06-22 17:08:03 [INFO   ] PROGRESS | CA Connect 13/50 | N B P & ASSOCIATES | canitinprajapati@gmail.com
2026-06-22 17:08:03 [INFO   ]   [13/50] N B P & ASSOCIATES | canitinprajapati@gmail.com
2026-06-22 17:08:08 [INFO   ] PROGRESS | CA Connect 14/50 | BHANSHALI & CO | dixarth.bhanshali@gmail.com
2026-06-22 17:08:08 [INFO   ]   [14/50] BHANSHALI & CO | dixarth.bhanshali@gmail.com
2026-06-22 17:08:13 [INFO   ] PROGRESS | CA Connect 15/50 | P A TOPIWALA & ASSOCIATES | pareshat1963@rediffmail.com
2026-06-22 17:08:13 [INFO   ]   [15/50] P A TOPIWALA & ASSOCIATES | pareshat1963@rediffmail.com
2026-06-22 17:08:18 [INFO   ] PROGRESS | CA Connect 16/50 | S N A S AND ASSOCIATES | snasandassociates@gmail.com
2026-06-22 17:08:18 [INFO   ]   [16/50] S N A S AND ASSOCIATES | snasandassociates@gmail.com
2026-06-22 17:08:23 [INFO   ] PROGRESS | CA Connect 17/50 | R L AKBARI & CO | carohitakbari@gmail.com
2026-06-22 17:08:23 [INFO   ]   [17/50] R L AKBARI & CO | carohitakbari@gmail.com
2026-06-22 17:08:28 [INFO   ] PROGRESS | CA Connect 18/50 | MUDRA YASH & ASSOCIATES | 175147@icai.org
2026-06-22 17:08:28 [INFO   ]   [18/50] MUDRA YASH & ASSOCIATES | 175147@icai.org
2026-06-22 17:08:33 [INFO   ] PROGRESS | CA Connect 19/50 | P J VEKARIYA & CO | capjvekariya@yahoo.com
2026-06-22 17:08:33 [INFO   ]   [19/50] P J VEKARIYA & CO | capjvekariya@yahoo.com
2026-06-22 17:08:39 [INFO   ] PROGRESS | CA Connect 20/50 | RINKESH MAMRAWALA & CO | carinkeshmamrawala@gmail.com
2026-06-22 17:08:39 [INFO   ]   [20/50] RINKESH MAMRAWALA & CO | carinkeshmamrawala@gmail.com
2026-06-22 17:08:44 [INFO   ] PROGRESS | CA Connect 21/50 | P H KHUNT & CO | capiyushkhunt@gmail.com
2026-06-22 17:08:44 [INFO   ]   [21/50] P H KHUNT & CO | capiyushkhunt@gmail.com
2026-06-22 17:08:49 [INFO   ] PROGRESS | CA Connect 22/50 | H S P & CO | cahiteshsprajapati@gmail.com
2026-06-22 17:08:49 [INFO   ]   [22/50] H S P & CO | cahiteshsprajapati@gmail.com
2026-06-22 17:08:54 [INFO   ] PROGRESS | CA Connect 23/50 | C Y S & CO | cayashchodvadiya@gmail.com
2026-06-22 17:08:54 [INFO   ]   [23/50] C Y S & CO | cayashchodvadiya@gmail.com
2026-06-22 17:08:59 [INFO   ] PROGRESS | CA Connect 24/50 | R A N L Y CORPORATE ADVISORY PRIVATE LIMITED | nagdabagra@gmail.com
2026-06-22 17:08:59 [INFO   ]   [24/50] R A N L Y CORPORATE ADVISORY PRIVATE LIMITED | nagdabagra@gmail.com
2026-06-22 17:09:04 [INFO   ] PROGRESS | CA Connect 25/50 | B SHIROYA & CO | bshiroya11@yahoo.com
2026-06-22 17:09:04 [INFO   ]   [25/50] B SHIROYA & CO | bshiroya11@yahoo.com
2026-06-22 17:09:09 [INFO   ] PROGRESS | CA Connect 26/50 | F Y & CO | cabhargavfeetwala@gmail.com
2026-06-22 17:09:09 [INFO   ]   [26/50] F Y & CO | cabhargavfeetwala@gmail.com
2026-06-22 17:09:14 [INFO   ] PROGRESS | CA Connect 27/50 | D G K T & CO LLP | ca.dgkt@gmail.com
2026-06-22 17:09:14 [INFO   ]   [27/50] D G K T & CO LLP | ca.dgkt@gmail.com
2026-06-22 17:09:19 [INFO   ] PROGRESS | CA Connect 28/50 | S B B S & ASSOCIATES | casaurabhbucha@gmail.com
2026-06-22 17:09:19 [INFO   ]   [28/50] S B B S & ASSOCIATES | casaurabhbucha@gmail.com
2026-06-22 17:09:24 [INFO   ] PROGRESS | CA Connect 29/50 | ANIKET MANANI & CO | aniket.manani@gmail.com
2026-06-22 17:09:24 [INFO   ]   [29/50] ANIKET MANANI & CO | aniket.manani@gmail.com
2026-06-22 17:09:29 [INFO   ] PROGRESS | CA Connect 30/50 | NITIN G BORAD & CO | nitinborad@yahoo.com
2026-06-22 17:09:29 [INFO   ]   [30/50] NITIN G BORAD & CO | nitinborad@yahoo.com
2026-06-22 17:09:35 [INFO   ] PROGRESS | CA Connect 31/50 | K MEET & ASSOCIATES | shahmeet8498@gmail.com
2026-06-22 17:09:35 [INFO   ]   [31/50] K MEET & ASSOCIATES | shahmeet8498@gmail.com
2026-06-22 17:09:40 [INFO   ] PROGRESS | CA Connect 32/50 | C M A & ASSOCIATES | csbiscuitwala@gmail.com
2026-06-22 17:09:40 [INFO   ]   [32/50] C M A & ASSOCIATES | csbiscuitwala@gmail.com
2026-06-22 17:09:45 [INFO   ] PROGRESS | CA Connect 33/50 | AAGAM & CO | ca.aagambachhawat@gmail.com
2026-06-22 17:09:45 [INFO   ]   [33/50] AAGAM & CO | ca.aagambachhawat@gmail.com
2026-06-22 17:09:50 [INFO   ] PROGRESS | CA Connect 34/50 | RADADIYA & CO | cachintej@gmail.com
2026-06-22 17:09:50 [INFO   ]   [34/50] RADADIYA & CO | cachintej@gmail.com
2026-06-22 17:09:55 [INFO   ] PROGRESS | CA Connect 35/50 | VIRAG ZAVERI & ASSOCIATES | viragzaveriassociates@yahoo.com
2026-06-22 17:09:55 [INFO   ]   [35/50] VIRAG ZAVERI & ASSOCIATES | viragzaveriassociates@yahoo.com
2026-06-22 17:10:00 [INFO   ] PROGRESS | CA Connect 36/50 | L P NAHATA & CO | nahataniraj@nahataca.in
2026-06-22 17:10:00 [INFO   ]   [36/50] L P NAHATA & CO | nahataniraj@nahataca.in
2026-06-22 17:10:05 [INFO   ] PROGRESS | CA Connect 37/50 | Y V J & COMPANY | yashjain4074@gmail.com
2026-06-22 17:10:05 [INFO   ]   [37/50] Y V J & COMPANY | yashjain4074@gmail.com
2026-06-22 17:10:10 [INFO   ] PROGRESS | CA Connect 38/50 | H I JHAVERI & CO | vandan2@gmail.com
2026-06-22 17:10:10 [INFO   ]   [38/50] H I JHAVERI & CO | vandan2@gmail.com
2026-06-22 17:10:15 [INFO   ] PROGRESS | CA Connect 39/50 | R K ALAGIYA & CO | ca.rakeshalagiya@gmail.com
2026-06-22 17:10:15 [INFO   ]   [39/50] R K ALAGIYA & CO | ca.rakeshalagiya@gmail.com
2026-06-22 17:10:21 [INFO   ] PROGRESS | CA Connect 40/50 | I B G & ASSOCIATES | ibgassociate@gmail.com
2026-06-22 17:10:21 [INFO   ]   [40/50] I B G & ASSOCIATES | ibgassociate@gmail.com
2026-06-22 17:10:26 [INFO   ] PROGRESS | CA Connect 41/50 | DUSHYANT VITHLANI & CO | dk_vithlani@gmail.com
2026-06-22 17:10:26 [INFO   ]   [41/50] DUSHYANT VITHLANI & CO | dk_vithlani@gmail.com
2026-06-22 17:10:31 [INFO   ] PROGRESS | CA Connect 42/50 | M L V & ASSOCIATES | mlvassociates23@gmail.com
2026-06-22 17:10:31 [INFO   ]   [42/50] M L V & ASSOCIATES | mlvassociates23@gmail.com
2026-06-22 17:10:36 [INFO   ] PROGRESS | CA Connect 43/50 | B R A H M & ASSOCIATES | alkesh@outlook.com
2026-06-22 17:10:36 [INFO   ]   [43/50] B R A H M & ASSOCIATES | alkesh@outlook.com
2026-06-22 17:10:41 [INFO   ] PROGRESS | CA Connect 44/50 | H B SHERATHIA & ASSOCIATES | him.sherathia@yahoo.com
2026-06-22 17:10:41 [INFO   ]   [44/50] H B SHERATHIA & ASSOCIATES | him.sherathia@yahoo.com
2026-06-22 17:10:46 [INFO   ] PROGRESS | CA Connect 45/50 | S C A N S & ASSOCIATES | samkitshah_ca@yahoo.com
2026-06-22 17:10:46 [INFO   ]   [45/50] S C A N S & ASSOCIATES | samkitshah_ca@yahoo.com
2026-06-22 17:10:52 [INFO   ] PROGRESS | CA Connect 46/50 | VINAY KAUSHIK & CO | vinay.kaushik@icai.org
2026-06-22 17:10:52 [INFO   ]   [46/50] VINAY KAUSHIK & CO | vinay.kaushik@icai.org
2026-06-22 17:10:57 [INFO   ] PROGRESS | CA Connect 47/50 | AXAY R KHATRI & ASSOCIATES | axayrk95@gmail.com
2026-06-22 17:10:57 [INFO   ]   [47/50] AXAY R KHATRI & ASSOCIATES | axayrk95@gmail.com
2026-06-22 17:11:02 [INFO   ] PROGRESS | CA Connect 48/50 | CHETAN KANZARIYA & CO | kanzariya.chetan@gmail.com
2026-06-22 17:11:02 [INFO   ]   [48/50] CHETAN KANZARIYA & CO | kanzariya.chetan@gmail.com
2026-06-22 17:11:07 [INFO   ] PROGRESS | CA Connect 49/50 | A M VIRADIYA & ASSOCIATES | amviradiya@gmail.com
2026-06-22 17:11:07 [INFO   ]   [49/50] A M VIRADIYA & ASSOCIATES | amviradiya@gmail.com
2026-06-22 17:11:12 [INFO   ] PROGRESS | CA Connect 50/50 | G C KAMANI & ASSOCIATES | gauravkamani007@gmail.com
2026-06-22 17:11:12 [INFO   ]   [50/50] G C KAMANI & ASSOCIATES | gauravkamani007@gmail.com
2026-06-22 17:11:13 [INFO   ] Batch done — 50 new email(s) this batch | run total 811 / 1000
2026-06-22 17:11:13 [INFO   ] Enriching 21 profile(s) — Audit | Gujarat | Surat (21 pending in this city)
2026-06-22 17:11:14 [INFO   ] Logging in to CA Connect as sandeepjain200019@gmail.com
2026-06-22 17:11:21 [INFO   ] Login OK — current URL: https://caconnect.icai.org/home
2026-06-22 17:11:24 [INFO   ] PROGRESS | CA Connect 1/21 | RAJENDRA GANDHI & ASSOCIATES | rvgandhi_ca@yahoo.co.in
2026-06-22 17:11:24 [INFO   ]   [1/21] RAJENDRA GANDHI & ASSOCIATES | rvgandhi_ca@yahoo.co.in
2026-06-22 17:11:30 [INFO   ] PROGRESS | CA Connect 2/21 | D D R & ASSOCIATES | divyeshdavara9998@gmail.com
2026-06-22 17:11:30 [INFO   ]   [2/21] D D R & ASSOCIATES | divyeshdavara9998@gmail.com
2026-06-22 17:11:35 [INFO   ] PROGRESS | CA Connect 3/21 | P D P AND CO | ca.palakdpatel@gmail.com
2026-06-22 17:11:35 [INFO   ]   [3/21] P D P AND CO | ca.palakdpatel@gmail.com
2026-06-22 17:11:40 [INFO   ] PROGRESS | CA Connect 4/21 | G T S & CO | cahardikgalani@gmail.com
2026-06-22 17:11:40 [INFO   ]   [4/21] G T S & CO | cahardikgalani@gmail.com
2026-06-22 17:11:45 [INFO   ] PROGRESS | CA Connect 5/21 | KANCHAN ABHISHEK & CO | ca.kanchan07@gmail.com
2026-06-22 17:11:45 [INFO   ]   [5/21] KANCHAN ABHISHEK & CO | ca.kanchan07@gmail.com
2026-06-22 17:11:50 [INFO   ] PROGRESS | CA Connect 6/21 | DHARMENDRA K & CO | rathidharmen@gmail.com
2026-06-22 17:11:50 [INFO   ]   [6/21] DHARMENDRA K & CO | rathidharmen@gmail.com
2026-06-22 17:11:55 [INFO   ] PROGRESS | CA Connect 7/21 | JAIN BAHETI & ASSOCIATES | chhayamundhra92@gmail.com
2026-06-22 17:11:55 [INFO   ]   [7/21] JAIN BAHETI & ASSOCIATES | chhayamundhra92@gmail.com
2026-06-22 17:12:00 [INFO   ] PROGRESS | CA Connect 8/21 | D S P & CO | ca.piyushsurana@gmail.com
2026-06-22 17:12:00 [INFO   ]   [8/21] D S P & CO | ca.piyushsurana@gmail.com
2026-06-22 17:12:05 [INFO   ] PROGRESS | CA Connect 9/21 | K A R R & CO | cakarrcompany@gmail.com
2026-06-22 17:12:05 [INFO   ]   [9/21] K A R R & CO | cakarrcompany@gmail.com
2026-06-22 17:12:10 [INFO   ] PROGRESS | CA Connect 10/21 | PRACHI NAIK & ASSOCIATES | prachimnaik@gmail.com
2026-06-22 17:12:10 [INFO   ]   [10/21] PRACHI NAIK & ASSOCIATES | prachimnaik@gmail.com
2026-06-22 17:12:15 [INFO   ] PROGRESS | CA Connect 11/21 | VIJAY MORADIYA & CO | moradiyavijay4568@gmail.com
2026-06-22 17:12:15 [INFO   ]   [11/21] VIJAY MORADIYA & CO | moradiyavijay4568@gmail.com
2026-06-22 17:12:21 [INFO   ] PROGRESS | CA Connect 12/21 | S S SINGHVI & ASSOCIATES | shekharsinghvi@hotmail.com
2026-06-22 17:12:21 [INFO   ]   [12/21] S S SINGHVI & ASSOCIATES | shekharsinghvi@hotmail.com
2026-06-22 17:12:26 [INFO   ] PROGRESS | CA Connect 13/21 | AGARWAL & JAIN | caagarwaljain@gmail.com
2026-06-22 17:12:26 [INFO   ]   [13/21] AGARWAL & JAIN | caagarwaljain@gmail.com
2026-06-22 17:12:31 [INFO   ] PROGRESS | CA Connect 14/21 | A K M K & ASSOCIATES | ca.anilkagathara@gmail.com
2026-06-22 17:12:31 [INFO   ]   [14/21] A K M K & ASSOCIATES | ca.anilkagathara@gmail.com
2026-06-22 17:12:36 [INFO   ] PROGRESS | CA Connect 15/21 | AMBALAL M SHAH & CO | amsco_ca@yahoo.com
2026-06-22 17:12:36 [INFO   ]   [15/21] AMBALAL M SHAH & CO | amsco_ca@yahoo.com
2026-06-22 17:12:41 [INFO   ] PROGRESS | CA Connect 16/21 | ANKUR S MEHTA & CO | ankursme@gmail.com
2026-06-22 17:12:41 [INFO   ]   [16/21] ANKUR S MEHTA & CO | ankursme@gmail.com
2026-06-22 17:12:46 [INFO   ] PROGRESS | CA Connect 17/21 | YESHA SHAH & CO | cayeshashah29@gmail.com
2026-06-22 17:12:46 [INFO   ]   [17/21] YESHA SHAH & CO | cayeshashah29@gmail.com
2026-06-22 17:12:51 [INFO   ] PROGRESS | CA Connect 18/21 | S D LATHIYA & CO | lathiyasatish@gmail.com
2026-06-22 17:12:51 [INFO   ]   [18/21] S D LATHIYA & CO | lathiyasatish@gmail.com
2026-06-22 17:12:57 [INFO   ] PROGRESS | CA Connect 19/21 | N K J D & ASSOCIATES | canileshpatel@gmail.com
2026-06-22 17:12:57 [INFO   ]   [19/21] N K J D & ASSOCIATES | canileshpatel@gmail.com
2026-06-22 17:13:02 [INFO   ] PROGRESS | CA Connect 20/21 | GAJJAR PAVANKUMAR & ASSOCIATES | pawangajjar0071@gmail.com
2026-06-22 17:13:02 [INFO   ]   [20/21] GAJJAR PAVANKUMAR & ASSOCIATES | pawangajjar0071@gmail.com
2026-06-22 17:13:07 [INFO   ] PROGRESS | CA Connect 21/21 | YOGESH PANCHANI & CO | yogesh.panchani@gmail.com
2026-06-22 17:13:07 [INFO   ]   [21/21] YOGESH PANCHANI & CO | yogesh.panchani@gmail.com
2026-06-22 17:13:07 [INFO   ] Batch done — 21 new email(s) this batch | run total 832 / 1000
2026-06-22 17:13:08 [INFO   ] 
2026-06-22 17:13:08 [INFO   ] ==============================================================
2026-06-22 17:13:08 [INFO   ] PROGRESS | Listing harvest — Audit | Delhi | Delhi
2026-06-22 17:13:08 [INFO   ] ==============================================================
2026-06-22 17:13:08 [INFO   ] Opening CA Connect search page: https://caconnect.icai.org/search-your-ca
2026-06-22 17:13:13 [INFO   ] Selecting service=Audit state=Delhi city=Delhi
2026-06-22 17:13:18 [INFO   ] Search results URL: https://caconnect.icai.org/search?_token=DJ6hd3vaZog0V5RPgyTwKC0eCjumVFGfVU7J5Ho3&type=&services=Audit&state=Delhi&city=Delhi
2026-06-22 17:13:45 [INFO   ] Members tab: 373 cards
2026-06-22 17:14:11 [INFO   ] CA Firms tab: 373 cards
2026-06-22 17:14:12 [INFO   ] Stored 373 new listing(s) (746 total on page) for Audit / Delhi / Delhi
2026-06-22 17:14:12 [INFO   ] Enriching 50 profile(s) — Audit | Delhi | Delhi (373 pending in this city)
2026-06-22 17:14:13 [INFO   ] Logging in to CA Connect as sandeepjain200019@gmail.com
2026-06-22 17:14:20 [INFO   ] Login OK — current URL: https://caconnect.icai.org/home
2026-06-22 17:14:24 [INFO   ] PROGRESS | CA Connect 1/50 | KAILASH CHANDRA | kcrustagi@hotmail.com
2026-06-22 17:14:24 [INFO   ]   [1/50] KAILASH CHANDRA | kcrustagi@hotmail.com
2026-06-22 17:14:29 [INFO   ] PROGRESS | CA Connect 2/50 | ASHOK KUMAR | kvg.azp@gmail.com
2026-06-22 17:14:29 [INFO   ]   [2/50] ASHOK KUMAR | kvg.azp@gmail.com
2026-06-22 17:14:34 [INFO   ] PROGRESS | CA Connect 3/50 | MAHESH CHANDRA VASHISHTA | mcvashishta@yahoo.com
2026-06-22 17:14:34 [INFO   ]   [3/50] MAHESH CHANDRA VASHISHTA | mcvashishta@yahoo.com
2026-06-22 17:14:39 [INFO   ] PROGRESS | CA Connect 4/50 | DEEPALI MISHRA | cadeepali1010@gmail.com
2026-06-22 17:14:39 [INFO   ]   [4/50] DEEPALI MISHRA | cadeepali1010@gmail.com
2026-06-22 17:14:44 [INFO   ] PROGRESS | CA Connect 5/50 | DEVESH THAKUR | cadeveshthakur@gmail.com
2026-06-22 17:14:44 [INFO   ]   [5/50] DEVESH THAKUR | cadeveshthakur@gmail.com
2026-06-22 17:14:49 [INFO   ] PROGRESS | CA Connect 6/50 | VAIBHAV GUPTA | vna.vaibhav@gmail.com
2026-06-22 17:14:49 [INFO   ]   [6/50] VAIBHAV GUPTA | vna.vaibhav@gmail.com
2026-06-22 17:14:54 [INFO   ] PROGRESS | CA Connect 7/50 | SAXENA PRADEEP KUMAR | saxenapradeep2k@gmail.com
2026-06-22 17:14:54 [INFO   ]   [7/50] SAXENA PRADEEP KUMAR | saxenapradeep2k@gmail.com
2026-06-22 17:14:59 [INFO   ] PROGRESS | CA Connect 8/50 | KIRTI SINGHAL | sgupta4799@gmail.com
2026-06-22 17:14:59 [INFO   ]   [8/50] KIRTI SINGHAL | sgupta4799@gmail.com
2026-06-22 17:15:04 [INFO   ] PROGRESS | CA Connect 9/50 | VIBHOR JAIN | vj_1161@yahoo.co.in
2026-06-22 17:15:04 [INFO   ]   [9/50] VIBHOR JAIN | vj_1161@yahoo.co.in
2026-06-22 17:15:09 [INFO   ] PROGRESS | CA Connect 10/50 | SUMIT SHARMA | su1111mit@gmail.com
2026-06-22 17:15:09 [INFO   ]   [10/50] SUMIT SHARMA | su1111mit@gmail.com
2026-06-22 17:15:15 [INFO   ] PROGRESS | CA Connect 11/50 | VINAY KUMAR SINGHAL | vinay.singhal@spacindia.in
2026-06-22 17:15:15 [INFO   ]   [11/50] VINAY KUMAR SINGHAL | vinay.singhal@spacindia.in
2026-06-22 17:15:20 [INFO   ] PROGRESS | CA Connect 12/50 | JATIN GUPTA | cagjatin@gmail.com
2026-06-22 17:15:20 [INFO   ]   [12/50] JATIN GUPTA | cagjatin@gmail.com
2026-06-22 17:15:25 [INFO   ] PROGRESS | CA Connect 13/50 | SHYAM CHAND | cashyamchand@gmail.com
2026-06-22 17:15:25 [INFO   ]   [13/50] SHYAM CHAND | cashyamchand@gmail.com
2026-06-22 17:15:30 [INFO   ] PROGRESS | CA Connect 14/50 | LALITA KAPOOR | lalitakapoor77@gmail.com
2026-06-22 17:15:30 [INFO   ]   [14/50] LALITA KAPOOR | lalitakapoor77@gmail.com
2026-06-22 17:15:35 [INFO   ] PROGRESS | CA Connect 15/50 | NEERAJ KUMAR GARG | neerajgarg1414@gmail.com
2026-06-22 17:15:35 [INFO   ]   [15/50] NEERAJ KUMAR GARG | neerajgarg1414@gmail.com
2026-06-22 17:15:40 [INFO   ] PROGRESS | CA Connect 16/50 | MADHAV KUMAR JHA | jmadhav283@gmail.com
2026-06-22 17:15:40 [INFO   ]   [16/50] MADHAV KUMAR JHA | jmadhav283@gmail.com
2026-06-22 17:15:45 [INFO   ] PROGRESS | CA Connect 17/50 | NARAIN LAXMI | laxminarainfca@gmail.com
2026-06-22 17:15:45 [INFO   ]   [17/50] NARAIN LAXMI | laxminarainfca@gmail.com
2026-06-22 17:15:50 [INFO   ] PROGRESS | CA Connect 18/50 | KESHAB GYAWALI | gyawalikeshav63@gmail.com
2026-06-22 17:15:50 [INFO   ]   [18/50] KESHAB GYAWALI | gyawalikeshav63@gmail.com
2026-06-22 17:15:55 [INFO   ] PROGRESS | CA Connect 19/50 | ANSHUL NARANG | caanshulnarang@gmail.com
2026-06-22 17:15:55 [INFO   ]   [19/50] ANSHUL NARANG | caanshulnarang@gmail.com
2026-06-22 17:16:00 [INFO   ] PROGRESS | CA Connect 20/50 | NISHA | canishasagar@gmail.com
2026-06-22 17:16:00 [INFO   ]   [20/50] NISHA | canishasagar@gmail.com
2026-06-22 17:16:06 [INFO   ] PROGRESS | CA Connect 21/50 | GAURAV KARAKOTI | gaurav.karakoti96@gmail.com
2026-06-22 17:16:06 [INFO   ]   [21/50] GAURAV KARAKOTI | gaurav.karakoti96@gmail.com
2026-06-22 17:16:11 [INFO   ] PROGRESS | CA Connect 22/50 | AJIT KUMAR | caheyguru@gmail.com
2026-06-22 17:16:11 [INFO   ]   [22/50] AJIT KUMAR | caheyguru@gmail.com
2026-06-22 17:16:16 [INFO   ] PROGRESS | CA Connect 23/50 | ASHMITA SINGH | ca.ashmitasingh@gmail.com
2026-06-22 17:16:16 [INFO   ]   [23/50] ASHMITA SINGH | ca.ashmitasingh@gmail.com
2026-06-22 17:16:21 [INFO   ] PROGRESS | CA Connect 24/50 | MEHTA ARJUN | arjunfromqpen@gmail.com
2026-06-22 17:16:21 [INFO   ]   [24/50] MEHTA ARJUN | arjunfromqpen@gmail.com
2026-06-22 17:16:26 [INFO   ] PROGRESS | CA Connect 25/50 | SUMIT KUMAR BARI | casumit.skb@gmail.com
2026-06-22 17:16:26 [INFO   ]   [25/50] SUMIT KUMAR BARI | casumit.skb@gmail.com
2026-06-22 17:16:31 [INFO   ] PROGRESS | CA Connect 26/50 | PRAHLAD SAH SONAR | caprahlad6901@gmail.com
2026-06-22 17:16:31 [INFO   ]   [26/50] PRAHLAD SAH SONAR | caprahlad6901@gmail.com
2026-06-22 17:16:36 [INFO   ] PROGRESS | CA Connect 27/50 | ANKUR KHEDAR | caankur.khedar@gmail.com
2026-06-22 17:16:36 [INFO   ]   [27/50] ANKUR KHEDAR | caankur.khedar@gmail.com
2026-06-22 17:16:41 [INFO   ] PROGRESS | CA Connect 28/50 | SUSHANT KUMAR CHAUDHARY | csushant24@gmail.com
2026-06-22 17:16:41 [INFO   ]   [28/50] SUSHANT KUMAR CHAUDHARY | csushant24@gmail.com
2026-06-22 17:16:46 [INFO   ] PROGRESS | CA Connect 29/50 | DEVENDER PANDEY | cadevpandey@gmail.com
2026-06-22 17:16:46 [INFO   ]   [29/50] DEVENDER PANDEY | cadevpandey@gmail.com
2026-06-22 17:16:51 [INFO   ] PROGRESS | CA Connect 30/50 | MANISH KUMAR MANOCHA | manishkumar1004@gmail.com
2026-06-22 17:16:51 [INFO   ]   [30/50] MANISH KUMAR MANOCHA | manishkumar1004@gmail.com
2026-06-22 17:16:56 [INFO   ] PROGRESS | CA Connect 31/50 | PREETI MITTAL | ca.preeti11@gmail.com
2026-06-22 17:16:56 [INFO   ]   [31/50] PREETI MITTAL | ca.preeti11@gmail.com
2026-06-22 17:17:01 [INFO   ] PROGRESS | CA Connect 32/50 | AANCHAL KHURANA | aanchal.khurana882@gmail.com
2026-06-22 17:17:01 [INFO   ]   [32/50] AANCHAL KHURANA | aanchal.khurana882@gmail.com
2026-06-22 17:17:06 [INFO   ] PROGRESS | CA Connect 33/50 | ANUJ ARYA | caanujarya@gmail.com
2026-06-22 17:17:06 [INFO   ]   [33/50] ANUJ ARYA | caanujarya@gmail.com
2026-06-22 17:17:11 [INFO   ] PROGRESS | CA Connect 34/50 | ALOK KUMAR | caalokkumar@outlook.in
2026-06-22 17:17:11 [INFO   ]   [34/50] ALOK KUMAR | caalokkumar@outlook.in
2026-06-22 17:17:16 [INFO   ] PROGRESS | CA Connect 35/50 | HEMANT AGGARWAL | hemant.aggarwal@mail.ca.in
2026-06-22 17:17:16 [INFO   ]   [35/50] HEMANT AGGARWAL | hemant.aggarwal@mail.ca.in
2026-06-22 17:17:21 [INFO   ] PROGRESS | CA Connect 36/50 | RAVI SHANKAR | ravi.ca04@gmail.com
2026-06-22 17:17:21 [INFO   ]   [36/50] RAVI SHANKAR | ravi.ca04@gmail.com
2026-06-22 17:17:26 [INFO   ] PROGRESS | CA Connect 37/50 | SAMRAT CHOPRA | samrat01@gmail.com
2026-06-22 17:17:26 [INFO   ]   [37/50] SAMRAT CHOPRA | samrat01@gmail.com
2026-06-22 17:17:32 [INFO   ] PROGRESS | CA Connect 38/50 | KHANDELWAL ATUL | atulkhandelwal82@gmail.com
2026-06-22 17:17:32 [INFO   ]   [38/50] KHANDELWAL ATUL | atulkhandelwal82@gmail.com
2026-06-22 17:17:37 [INFO   ] PROGRESS | CA Connect 39/50 | SAKSHI ARORA | casakshiarora55@gmail.com
2026-06-22 17:17:37 [INFO   ]   [39/50] SAKSHI ARORA | casakshiarora55@gmail.com
2026-06-22 17:17:42 [INFO   ] PROGRESS | CA Connect 40/50 | PRAMOD KUMAR SINGH | pramod.icai@gmail.com
2026-06-22 17:17:42 [INFO   ]   [40/50] PRAMOD KUMAR SINGH | pramod.icai@gmail.com
2026-06-22 17:17:47 [INFO   ] PROGRESS | CA Connect 41/50 | MANJEET SINGH | camanjeetdewan@gmail.com
2026-06-22 17:17:47 [INFO   ]   [41/50] MANJEET SINGH | camanjeetdewan@gmail.com
2026-06-22 17:17:52 [INFO   ] PROGRESS | CA Connect 42/50 | NIPUN KUMAR | nipungautam1@gmail.com
2026-06-22 17:17:52 [INFO   ]   [42/50] NIPUN KUMAR | nipungautam1@gmail.com
2026-06-22 17:17:57 [INFO   ] PROGRESS | CA Connect 43/50 | RAHUL AGRAWAL | carahulagrawal23@gmail.com
2026-06-22 17:17:57 [INFO   ]   [43/50] RAHUL AGRAWAL | carahulagrawal23@gmail.com
2026-06-22 17:18:03 [INFO   ] PROGRESS | CA Connect 44/50 | RAM PRAKASH SAH | sah_ramprakash@yahoo.com
2026-06-22 17:18:03 [INFO   ]   [44/50] RAM PRAKASH SAH | sah_ramprakash@yahoo.com
2026-06-22 17:18:08 [INFO   ] PROGRESS | CA Connect 45/50 | AKANSHA TREHAN | caakanshatrehan@gmail.com
2026-06-22 17:18:08 [INFO   ]   [45/50] AKANSHA TREHAN | caakanshatrehan@gmail.com
2026-06-22 17:18:13 [INFO   ] PROGRESS | CA Connect 46/50 | UMESH KUMAR GUPTA | ukgkdelhi@gmail.com
2026-06-22 17:18:13 [INFO   ]   [46/50] UMESH KUMAR GUPTA | ukgkdelhi@gmail.com
2026-06-22 17:18:18 [INFO   ] PROGRESS | CA Connect 47/50 | HARVINDER SINGH | ca.singhharvinder@gmail.com
2026-06-22 17:18:18 [INFO   ]   [47/50] HARVINDER SINGH | ca.singhharvinder@gmail.com
2026-06-22 17:18:23 [INFO   ] PROGRESS | CA Connect 48/50 | SOMBIR KUMAR SHARMA | sombir@sharmaca.in
2026-06-22 17:18:23 [INFO   ]   [48/50] SOMBIR KUMAR SHARMA | sombir@sharmaca.in
2026-06-22 17:18:29 [INFO   ] PROGRESS | CA Connect 49/50 | CHAUDHARY SANJAY | san123chau@yahoo.co.in
2026-06-22 17:18:29 [INFO   ]   [49/50] CHAUDHARY SANJAY | san123chau@yahoo.co.in
2026-06-22 17:18:34 [INFO   ] PROGRESS | CA Connect 50/50 | PRASHANT GUPTA | caprashantgupta1994@gmail.com
2026-06-22 17:18:34 [INFO   ]   [50/50] PRASHANT GUPTA | caprashantgupta1994@gmail.com
2026-06-22 17:18:35 [INFO   ] Batch done — 50 new email(s) this batch | run total 882 / 1000
2026-06-22 17:18:35 [INFO   ] Enriching 50 profile(s) — Audit | Delhi | Delhi (323 pending in this city)
2026-06-22 17:18:37 [INFO   ] Logging in to CA Connect as sandeepjain200019@gmail.com
2026-06-22 17:18:44 [INFO   ] Login OK — current URL: https://caconnect.icai.org/home
2026-06-22 17:18:48 [INFO   ] PROGRESS | CA Connect 1/50 | VIJAY KUMAR | cavijaykumar128@gmail.com
2026-06-22 17:18:48 [INFO   ]   [1/50] VIJAY KUMAR | cavijaykumar128@gmail.com
2026-06-22 17:18:53 [INFO   ] PROGRESS | CA Connect 2/50 | TRIPTI GUPTA | caguptatripti@gmail.com
2026-06-22 17:18:53 [INFO   ]   [2/50] TRIPTI GUPTA | caguptatripti@gmail.com
2026-06-22 17:18:58 [INFO   ] PROGRESS | CA Connect 3/50 | TARUN AGARWAL | tarunicai08@gmail.com
2026-06-22 17:18:58 [INFO   ]   [3/50] TARUN AGARWAL | tarunicai08@gmail.com
2026-06-22 17:19:03 [INFO   ] PROGRESS | CA Connect 4/50 | AKSHAY AGGARWAL | akshay.akac@gmail.com
2026-06-22 17:19:03 [INFO   ]   [4/50] AKSHAY AGGARWAL | akshay.akac@gmail.com
2026-06-22 17:19:08 [INFO   ] PROGRESS | CA Connect 5/50 | ISHA GUPTA | gupta.isha806@gmail.com
2026-06-22 17:19:08 [INFO   ]   [5/50] ISHA GUPTA | gupta.isha806@gmail.com
2026-06-22 17:19:13 [INFO   ] PROGRESS | CA Connect 6/50 | SHIVAM BHASKAR | cashivambhaskar@gmail.com
2026-06-22 17:19:13 [INFO   ]   [6/50] SHIVAM BHASKAR | cashivambhaskar@gmail.com
2026-06-22 17:19:18 [INFO   ] PROGRESS | CA Connect 7/50 | FAISAL MAJID | fsl.majid@gmail.com
2026-06-22 17:19:18 [INFO   ]   [7/50] FAISAL MAJID | fsl.majid@gmail.com
2026-06-22 17:19:23 [INFO   ] PROGRESS | CA Connect 8/50 | ROBINA AGGARWAL | robina1972@gmail.com
2026-06-22 17:19:23 [INFO   ]   [8/50] ROBINA AGGARWAL | robina1972@gmail.com
2026-06-22 17:19:28 [INFO   ] PROGRESS | CA Connect 9/50 | SOHARSH GULGULIA | s.gulgulia@icai.org
2026-06-22 17:19:28 [INFO   ]   [9/50] SOHARSH GULGULIA | s.gulgulia@icai.org
2026-06-22 17:19:33 [INFO   ] PROGRESS | CA Connect 10/50 | GURUDUTT SHARMA | caguruduttsharma@gmail.com
2026-06-22 17:19:33 [INFO   ]   [10/50] GURUDUTT SHARMA | caguruduttsharma@gmail.com
2026-06-22 17:19:38 [INFO   ] PROGRESS | CA Connect 11/50 | SOURABH MITTAL | mittal.sourabh49@gmail.com
2026-06-22 17:19:38 [INFO   ]   [11/50] SOURABH MITTAL | mittal.sourabh49@gmail.com
2026-06-22 17:19:43 [INFO   ] PROGRESS | CA Connect 12/50 | EKTA SACHDEVA | neil.ekta@gmail.com
2026-06-22 17:19:43 [INFO   ]   [12/50] EKTA SACHDEVA | neil.ekta@gmail.com
2026-06-22 17:19:48 [INFO   ] PROGRESS | CA Connect 13/50 | PARUL RANI | parulbansal212@gmail.com
2026-06-22 17:19:48 [INFO   ]   [13/50] PARUL RANI | parulbansal212@gmail.com
2026-06-22 17:19:53 [INFO   ] PROGRESS | CA Connect 14/50 | NITIN JAIN | aca.nitinjain@gmail.com
2026-06-22 17:19:53 [INFO   ]   [14/50] NITIN JAIN | aca.nitinjain@gmail.com
2026-06-22 17:19:58 [INFO   ] PROGRESS | CA Connect 15/50 | SHREE RAM RAUT | mail4shreeram@gmail.com
2026-06-22 17:19:58 [INFO   ]   [15/50] SHREE RAM RAUT | mail4shreeram@gmail.com
2026-06-22 17:20:03 [INFO   ] PROGRESS | CA Connect 16/50 | VISHAKHA BANSAL | cavishakhabansal@gmail.com
2026-06-22 17:20:03 [INFO   ]   [16/50] VISHAKHA BANSAL | cavishakhabansal@gmail.com
2026-06-22 17:20:09 [INFO   ] PROGRESS | CA Connect 17/50 | YOGESH KUMAR | yogeshkatheria4321@gmail.com
2026-06-22 17:20:09 [INFO   ]   [17/50] YOGESH KUMAR | yogeshkatheria4321@gmail.com
2026-06-22 17:20:14 [INFO   ] PROGRESS | CA Connect 18/50 | BHARAT RAWAT | bharat97096@mail.com
2026-06-22 17:20:14 [INFO   ]   [18/50] BHARAT RAWAT | bharat97096@mail.com
2026-06-22 17:20:19 [INFO   ] PROGRESS | CA Connect 19/50 | RAJAT SHARMA | rajat_vrs@yahoo.com
2026-06-22 17:20:19 [INFO   ]   [19/50] RAJAT SHARMA | rajat_vrs@yahoo.com
2026-06-22 17:20:24 [INFO   ] PROGRESS | CA Connect 20/50 | NAVEEN KUMAR JAIN | canaveenjain112@gmail.com
2026-06-22 17:20:24 [INFO   ]   [20/50] NAVEEN KUMAR JAIN | canaveenjain112@gmail.com
2026-06-22 17:20:29 [INFO   ] PROGRESS | CA Connect 21/50 | KASHISH GUPTA | cakashishg@gmail.com
2026-06-22 17:20:29 [INFO   ]   [21/50] KASHISH GUPTA | cakashishg@gmail.com
2026-06-22 17:20:34 [INFO   ] PROGRESS | CA Connect 22/50 | ANUBHAV GUPTA | caanubhavgupta@hotmail.com
2026-06-22 17:20:34 [INFO   ]   [22/50] ANUBHAV GUPTA | caanubhavgupta@hotmail.com
2026-06-22 17:20:39 [INFO   ] PROGRESS | CA Connect 23/50 | RAHUL JINDAL | cajindalrahul@gmail.com
2026-06-22 17:20:39 [INFO   ]   [23/50] RAHUL JINDAL | cajindalrahul@gmail.com
2026-06-22 17:20:44 [INFO   ] PROGRESS | CA Connect 24/50 | ASHISH GUPTA | guptashish11@gmail.com
2026-06-22 17:20:44 [INFO   ]   [24/50] ASHISH GUPTA | guptashish11@gmail.com
2026-06-22 17:20:49 [INFO   ] PROGRESS | CA Connect 25/50 | SARVESH MISHRA | casarveshmishra@gmail.com
2026-06-22 17:20:49 [INFO   ]   [25/50] SARVESH MISHRA | casarveshmishra@gmail.com
2026-06-22 17:20:54 [INFO   ] PROGRESS | CA Connect 26/50 | MANOJ KUMAR | mkumar88.ca@gmail.com
2026-06-22 17:20:54 [INFO   ]   [26/50] MANOJ KUMAR | mkumar88.ca@gmail.com
2026-06-22 17:20:59 [INFO   ] PROGRESS | CA Connect 27/50 | SHWETA BANSAL | ca.shwetaabansal@gmail.com
2026-06-22 17:20:59 [INFO   ]   [27/50] SHWETA BANSAL | ca.shwetaabansal@gmail.com
2026-06-22 17:21:05 [INFO   ] PROGRESS | CA Connect 28/50 | RAM KISHAN | ca.rkishan@gmail.com
2026-06-22 17:21:05 [INFO   ]   [28/50] RAM KISHAN | ca.rkishan@gmail.com
2026-06-22 17:21:10 [INFO   ] PROGRESS | CA Connect 29/50 | VARSHA | cavarsha2017@gmail.com
2026-06-22 17:21:10 [INFO   ]   [29/50] VARSHA | cavarsha2017@gmail.com
2026-06-22 17:21:15 [INFO   ] PROGRESS | CA Connect 30/50 | NIKHIL CHHALANI | nikhilchhalani@gmail.com
2026-06-22 17:21:15 [INFO   ]   [30/50] NIKHIL CHHALANI | nikhilchhalani@gmail.com
2026-06-22 17:21:20 [INFO   ] PROGRESS | CA Connect 31/50 | SUSHEEL PURWAR | susheel.purwar1994@gmail.com
2026-06-22 17:21:20 [INFO   ]   [31/50] SUSHEEL PURWAR | susheel.purwar1994@gmail.com
2026-06-22 17:21:25 [INFO   ] PROGRESS | CA Connect 32/50 | SUDHIR KUMAR | msgupta.85@gmail.com
2026-06-22 17:21:25 [INFO   ]   [32/50] SUDHIR KUMAR | msgupta.85@gmail.com
2026-06-22 17:21:30 [INFO   ] PROGRESS | CA Connect 33/50 | SANDIP KUMAR CHOUDHARY | caskrc023@hotmail.com
2026-06-22 17:21:30 [INFO   ]   [33/50] SANDIP KUMAR CHOUDHARY | caskrc023@hotmail.com
2026-06-22 17:21:35 [INFO   ] PROGRESS | CA Connect 34/50 | ANSHUL JAIN | anshulaja@gmail.com
2026-06-22 17:21:35 [INFO   ]   [34/50] ANSHUL JAIN | anshulaja@gmail.com
2026-06-22 17:21:40 [INFO   ] PROGRESS | CA Connect 35/50 | PANKAJ KUMAR | capksaini1@gmail.com
2026-06-22 17:21:40 [INFO   ]   [35/50] PANKAJ KUMAR | capksaini1@gmail.com
2026-06-22 17:21:45 [INFO   ] PROGRESS | CA Connect 36/50 | RAHUL BHARDWAJ | ca.bh.rahul@gmail.com
2026-06-22 17:21:45 [INFO   ]   [36/50] RAHUL BHARDWAJ | ca.bh.rahul@gmail.com
2026-06-22 17:21:50 [INFO   ] PROGRESS | CA Connect 37/50 | SUNIL KHARABANDA | sunil_kharabanda@yahoo.co.in
2026-06-22 17:21:50 [INFO   ]   [37/50] SUNIL KHARABANDA | sunil_kharabanda@yahoo.co.in
2026-06-22 17:21:55 [INFO   ] PROGRESS | CA Connect 38/50 | SURBHI JAIN | ca.surbhi28@gmail.com
2026-06-22 17:21:55 [INFO   ]   [38/50] SURBHI JAIN | ca.surbhi28@gmail.com
2026-06-22 17:22:00 [INFO   ] PROGRESS | CA Connect 39/50 | MOHD RIZWAN | carizwan1989@gmail.com
2026-06-22 17:22:00 [INFO   ]   [39/50] MOHD RIZWAN | carizwan1989@gmail.com
2026-06-22 17:22:05 [INFO   ] PROGRESS | CA Connect 40/50 | SREEVATS GOPALAKRISHNAN | sreevats@kvaiyer.com
2026-06-22 17:22:05 [INFO   ]   [40/50] SREEVATS GOPALAKRISHNAN | sreevats@kvaiyer.com
2026-06-22 17:22:10 [INFO   ] PROGRESS | CA Connect 41/50 | Mantej Singh Bindra | ca.mantejbindra@gmail.com
2026-06-22 17:22:10 [INFO   ]   [41/50] Mantej Singh Bindra | ca.mantejbindra@gmail.com
2026-06-22 17:22:16 [INFO   ] PROGRESS | CA Connect 42/50 | MOLLY SINHA CHATTERJEE | molly_chatterjee53@rediffmail.com
2026-06-22 17:22:16 [INFO   ]   [42/50] MOLLY SINHA CHATTERJEE | molly_chatterjee53@rediffmail.com
2026-06-22 17:22:21 [INFO   ] PROGRESS | CA Connect 43/50 | KRISHNA SHARMA | cakrishnasharma01@gmail.com
2026-06-22 17:22:21 [INFO   ]   [43/50] KRISHNA SHARMA | cakrishnasharma01@gmail.com
2026-06-22 17:22:26 [INFO   ] PROGRESS | CA Connect 44/50 | AMIT DUBEY | amitsdubeyca@gmail.com
2026-06-22 17:22:26 [INFO   ]   [44/50] AMIT DUBEY | amitsdubeyca@gmail.com
2026-06-22 17:22:31 [INFO   ] PROGRESS | CA Connect 45/50 | VIDIT GUPTA | viditgupta.ca@gmail.com
2026-06-22 17:22:31 [INFO   ]   [45/50] VIDIT GUPTA | viditgupta.ca@gmail.com
2026-06-22 17:22:36 [INFO   ] PROGRESS | CA Connect 46/50 | NAND KISHORE | nandkishoredelhi@gmail.com
2026-06-22 17:22:36 [INFO   ]   [46/50] NAND KISHORE | nandkishoredelhi@gmail.com
2026-06-22 17:22:41 [INFO   ] PROGRESS | CA Connect 47/50 | DURGESH JHA | cadurgeshjha@gmail.com
2026-06-22 17:22:41 [INFO   ]   [47/50] DURGESH JHA | cadurgeshjha@gmail.com
2026-06-22 17:22:46 [INFO   ] PROGRESS | CA Connect 48/50 | VIKAS | cavikasitax@gmail.com
2026-06-22 17:22:46 [INFO   ]   [48/50] VIKAS | cavikasitax@gmail.com
2026-06-22 17:22:51 [INFO   ] PROGRESS | CA Connect 49/50 | YUVRAJ TIWARI | cayuvrajtiwari@gmail.com
2026-06-22 17:22:51 [INFO   ]   [49/50] YUVRAJ TIWARI | cayuvrajtiwari@gmail.com
2026-06-22 17:22:56 [INFO   ] PROGRESS | CA Connect 50/50 | DEEPAK AZAD | deepakazad@prasadazad.com
2026-06-22 17:22:56 [INFO   ]   [50/50] DEEPAK AZAD | deepakazad@prasadazad.com
2026-06-22 17:22:58 [INFO   ] Batch done — 50 new email(s) this batch | run total 932 / 1000
2026-06-22 17:22:58 [INFO   ] Enriching 50 profile(s) — Audit | Delhi | Delhi (273 pending in this city)
2026-06-22 17:22:59 [INFO   ] Logging in to CA Connect as sandeepjain200019@gmail.com
2026-06-22 17:23:08 [INFO   ] Login OK — current URL: https://caconnect.icai.org/home
2026-06-22 17:23:12 [INFO   ] PROGRESS | CA Connect 1/50 | RAHUL SINGHAL | carahulsinghal30@gmail.com
2026-06-22 17:23:12 [INFO   ]   [1/50] RAHUL SINGHAL | carahulsinghal30@gmail.com
2026-06-22 17:23:17 [INFO   ] PROGRESS | CA Connect 2/50 | ANKIT JAIN | ankitjain012@gmail.com
2026-06-22 17:23:17 [INFO   ]   [2/50] ANKIT JAIN | ankitjain012@gmail.com
2026-06-22 17:23:22 [INFO   ] PROGRESS | CA Connect 3/50 | PARASHAR RAHUL | rahulparashar@hotmail.com
2026-06-22 17:23:22 [INFO   ]   [3/50] PARASHAR RAHUL | rahulparashar@hotmail.com
2026-06-22 17:23:27 [INFO   ] PROGRESS | CA Connect 4/50 | PRINCE WADHWA | caprincewadhwa@gmail.com
2026-06-22 17:23:27 [INFO   ]   [4/50] PRINCE WADHWA | caprincewadhwa@gmail.com
2026-06-22 17:23:32 [INFO   ] PROGRESS | CA Connect 5/50 | MUKESH KUMAR JHA | mkumar1506@gmail.com
2026-06-22 17:23:32 [INFO   ]   [5/50] MUKESH KUMAR JHA | mkumar1506@gmail.com
2026-06-22 17:23:38 [INFO   ] PROGRESS | CA Connect 6/50 | SHASHI GUPTA | shashifca@gmail.com
2026-06-22 17:23:38 [INFO   ]   [6/50] SHASHI GUPTA | shashifca@gmail.com
2026-06-22 17:23:43 [INFO   ] PROGRESS | CA Connect 7/50 | GEETA NARANG | geetu.icai@gmail.com
2026-06-22 17:23:43 [INFO   ]   [7/50] GEETA NARANG | geetu.icai@gmail.com
2026-06-22 17:23:48 [INFO   ] PROGRESS | CA Connect 8/50 | PRAKASH DANGAYACH | caprakash78@gmail.com
2026-06-22 17:23:48 [INFO   ]   [8/50] PRAKASH DANGAYACH | caprakash78@gmail.com
2026-06-22 17:23:53 [INFO   ] PROGRESS | CA Connect 9/50 | Rushil Sanjgotra | rsanjgotra@gmail.com
2026-06-22 17:23:53 [INFO   ]   [9/50] Rushil Sanjgotra | rsanjgotra@gmail.com
2026-06-22 17:23:59 [INFO   ] PROGRESS | CA Connect 10/50 | VIJAY KUMAR YADAV | vsvijaykumar88@gmail.com
2026-06-22 17:23:59 [INFO   ]   [10/50] VIJAY KUMAR YADAV | vsvijaykumar88@gmail.com
2026-06-22 17:24:04 [INFO   ] PROGRESS | CA Connect 11/50 | NAVEEN JAIN | naveen.jai@icai.org
2026-06-22 17:24:04 [INFO   ]   [11/50] NAVEEN JAIN | naveen.jai@icai.org
2026-06-22 17:24:09 [INFO   ] PROGRESS | CA Connect 12/50 | PREETI CHOUDHARY | capreetichoudhary@gmail.com
2026-06-22 17:24:09 [INFO   ]   [12/50] PREETI CHOUDHARY | capreetichoudhary@gmail.com
2026-06-22 17:24:15 [INFO   ] PROGRESS | CA Connect 13/50 | VIJAY KUMAR SINGAL | vijaysingal74@gmail.com
2026-06-22 17:24:15 [INFO   ]   [13/50] VIJAY KUMAR SINGAL | vijaysingal74@gmail.com
2026-06-22 17:24:20 [INFO   ] PROGRESS | CA Connect 14/50 | GAURAV TYAGI | tyagigaurav03@gmail.com
2026-06-22 17:24:20 [INFO   ]   [14/50] GAURAV TYAGI | tyagigaurav03@gmail.com
2026-06-22 17:24:25 [INFO   ] PROGRESS | CA Connect 15/50 | UNIT KUMAR JHA | ujhaca.1987@gmail.com
2026-06-22 17:24:25 [INFO   ]   [15/50] UNIT KUMAR JHA | ujhaca.1987@gmail.com
2026-06-22 17:24:30 [INFO   ] PROGRESS | CA Connect 16/50 | YATIN SHARMA | yatinsharma1984@gmail.com
2026-06-22 17:24:30 [INFO   ]   [16/50] YATIN SHARMA | yatinsharma1984@gmail.com
2026-06-22 17:24:35 [INFO   ] PROGRESS | CA Connect 17/50 | VIPUL GUPTA | cavgupta59@gmail.com
2026-06-22 17:24:35 [INFO   ]   [17/50] VIPUL GUPTA | cavgupta59@gmail.com
2026-06-22 17:24:40 [INFO   ] PROGRESS | CA Connect 18/50 | AGARWAL PRAKASH CHAND | prakash1962_ca@hotmail.com
2026-06-22 17:24:40 [INFO   ]   [18/50] AGARWAL PRAKASH CHAND | prakash1962_ca@hotmail.com
2026-06-22 17:24:46 [INFO   ] PROGRESS | CA Connect 19/50 | DEEPTI RAGHUWANSHI | dptraghuwanshi@gmail.com
2026-06-22 17:24:46 [INFO   ]   [19/50] DEEPTI RAGHUWANSHI | dptraghuwanshi@gmail.com
2026-06-22 17:24:51 [INFO   ] PROGRESS | CA Connect 20/50 | MISHRA GANGADHARA | cagdmishra@gmail.com
2026-06-22 17:24:51 [INFO   ]   [20/50] MISHRA GANGADHARA | cagdmishra@gmail.com
2026-06-22 17:24:56 [INFO   ] PROGRESS | CA Connect 21/50 | PANKAJ MITTAL | mittal.pankaj24@gmail.com
2026-06-22 17:24:56 [INFO   ]   [21/50] PANKAJ MITTAL | mittal.pankaj24@gmail.com
2026-06-22 17:25:01 [INFO   ] PROGRESS | CA Connect 22/50 | RAHUL CHOPRA | choprassociates@gmail.com
2026-06-22 17:25:01 [INFO   ]   [22/50] RAHUL CHOPRA | choprassociates@gmail.com
2026-06-22 17:25:06 [INFO   ] PROGRESS | CA Connect 23/50 | JITENDRA KUMAR DINKAR | jitkumarca@gmail.com
2026-06-22 17:25:06 [INFO   ]   [23/50] JITENDRA KUMAR DINKAR | jitkumarca@gmail.com
2026-06-22 17:25:11 [INFO   ] PROGRESS | CA Connect 24/50 | NISHI GOEL | anga7780@gmail.com
2026-06-22 17:25:11 [INFO   ]   [24/50] NISHI GOEL | anga7780@gmail.com
2026-06-22 17:25:16 [INFO   ] PROGRESS | CA Connect 25/50 | ADIL MAHMOOD | adilmahmoodraza@gmail.com
2026-06-22 17:25:16 [INFO   ]   [25/50] ADIL MAHMOOD | adilmahmoodraza@gmail.com
2026-06-22 17:25:21 [INFO   ] PROGRESS | CA Connect 26/50 | SHUBHAM JAIN | cashubhamjain.2510@gmail.com
2026-06-22 17:25:21 [INFO   ]   [26/50] SHUBHAM JAIN | cashubhamjain.2510@gmail.com
2026-06-22 17:25:26 [INFO   ] PROGRESS | CA Connect 27/50 | GHANSHAM DASS SINGLA | ca_gdsa2k2@hotmail.com
2026-06-22 17:25:26 [INFO   ]   [27/50] GHANSHAM DASS SINGLA | ca_gdsa2k2@hotmail.com
2026-06-22 17:25:32 [INFO   ] PROGRESS | CA Connect 28/50 | RAJESH KUMAR | rajeshdhillon@gmail.com
2026-06-22 17:25:32 [INFO   ]   [28/50] RAJESH KUMAR | rajeshdhillon@gmail.com
2026-06-22 17:25:37 [INFO   ] PROGRESS | CA Connect 29/50 | GUPTA RAJENDER KUMAR | rajender14589@gmail.com
2026-06-22 17:25:37 [INFO   ]   [29/50] GUPTA RAJENDER KUMAR | rajender14589@gmail.com
2026-06-22 17:25:42 [INFO   ] PROGRESS | CA Connect 30/50 | MANOJ KUMAR | manojkumar_ca@yahoo.com
2026-06-22 17:25:42 [INFO   ]   [30/50] MANOJ KUMAR | manojkumar_ca@yahoo.com
2026-06-22 17:25:47 [INFO   ] PROGRESS | CA Connect 31/50 | SAURABH JAIN | ca1saurabhjain@gmail.com
2026-06-22 17:25:47 [INFO   ]   [31/50] SAURABH JAIN | ca1saurabhjain@gmail.com
2026-06-22 17:25:52 [INFO   ] PROGRESS | CA Connect 32/50 | VINOD KUMAR | ca.vinodsharma24@gmail.com
2026-06-22 17:25:52 [INFO   ]   [32/50] VINOD KUMAR | ca.vinodsharma24@gmail.com
2026-06-22 17:25:57 [INFO   ] PROGRESS | CA Connect 33/50 | PRABHAT YADAV | ca.prabhat@outlook.com
2026-06-22 17:25:57 [INFO   ]   [33/50] PRABHAT YADAV | ca.prabhat@outlook.com
2026-06-22 17:26:02 [INFO   ] PROGRESS | CA Connect 34/50 | DISHANT GERA | dishantgera.19@gmail.com
2026-06-22 17:26:02 [INFO   ]   [34/50] DISHANT GERA | dishantgera.19@gmail.com
2026-06-22 17:26:08 [INFO   ] PROGRESS | CA Connect 35/50 | SONAM BAJORIA | casonambajoria@gmail.com
2026-06-22 17:26:08 [INFO   ]   [35/50] SONAM BAJORIA | casonambajoria@gmail.com
2026-06-22 17:26:13 [INFO   ] PROGRESS | CA Connect 36/50 | NEHA SHARMA | canehas@outlook.com
2026-06-22 17:26:13 [INFO   ]   [36/50] NEHA SHARMA | canehas@outlook.com
2026-06-22 17:26:18 [INFO   ] PROGRESS | CA Connect 37/50 | SHUBHAM KUMAR SHRIVASTAV | ca.shubham87@gmail.com
2026-06-22 17:26:18 [INFO   ]   [37/50] SHUBHAM KUMAR SHRIVASTAV | ca.shubham87@gmail.com
2026-06-22 17:26:23 [INFO   ] PROGRESS | CA Connect 38/50 | SUDHANSHU AGARWAL | casudhanshu96@gmail.com
2026-06-22 17:26:23 [INFO   ]   [38/50] SUDHANSHU AGARWAL | casudhanshu96@gmail.com
2026-06-22 17:26:28 [INFO   ] PROGRESS | CA Connect 39/50 | VAIBHAV GUPTA | vaibhav.ca@outlook.com
2026-06-22 17:26:28 [INFO   ]   [39/50] VAIBHAV GUPTA | vaibhav.ca@outlook.com
2026-06-22 17:26:33 [INFO   ] PROGRESS | CA Connect 40/50 | KRISHNA KANT SHAH | shahkrishnakant31@gmail.com
2026-06-22 17:26:33 [INFO   ]   [40/50] KRISHNA KANT SHAH | shahkrishnakant31@gmail.com
2026-06-22 17:26:39 [INFO   ] PROGRESS | CA Connect 41/50 | VIJAY KUMAR CHOPRA | cavkco@gmail.com
2026-06-22 17:26:39 [INFO   ]   [41/50] VIJAY KUMAR CHOPRA | cavkco@gmail.com
2026-06-22 17:26:44 [INFO   ] PROGRESS | CA Connect 42/50 | JASHAN LAMBA | jashnlamba@gmail.com
2026-06-22 17:26:44 [INFO   ]   [42/50] JASHAN LAMBA | jashnlamba@gmail.com
2026-06-22 17:26:49 [INFO   ] PROGRESS | CA Connect 43/50 | SHREYA CHAWLA | shreya.chawla92@yahoo.com
2026-06-22 17:26:49 [INFO   ]   [43/50] SHREYA CHAWLA | shreya.chawla92@yahoo.com
2026-06-22 17:26:54 [INFO   ] PROGRESS | CA Connect 44/50 | LAKHANDER KUMAR SHARMA | kumarlakhander@gmail.com
2026-06-22 17:26:54 [INFO   ]   [44/50] LAKHANDER KUMAR SHARMA | kumarlakhander@gmail.com
2026-06-22 17:26:59 [INFO   ] PROGRESS | CA Connect 45/50 | ASHWANI RASTOGI | ashwani.rastogi.ca@gmail.com
2026-06-22 17:26:59 [INFO   ]   [45/50] ASHWANI RASTOGI | ashwani.rastogi.ca@gmail.com
2026-06-22 17:27:04 [INFO   ] PROGRESS | CA Connect 46/50 | RUCHI KURRA | kurraruchi.ca@gmail.com
2026-06-22 17:27:04 [INFO   ]   [46/50] RUCHI KURRA | kurraruchi.ca@gmail.com
2026-06-22 17:27:09 [INFO   ] PROGRESS | CA Connect 47/50 | PRATEEK JINDAL | prateekjindal111@gmail.com
2026-06-22 17:27:09 [INFO   ]   [47/50] PRATEEK JINDAL | prateekjindal111@gmail.com
2026-06-22 17:27:14 [INFO   ] PROGRESS | CA Connect 48/50 | ROHIT SHARMA | ca.rohitsharma85@gmail.com
2026-06-22 17:27:14 [INFO   ]   [48/50] ROHIT SHARMA | ca.rohitsharma85@gmail.com
2026-06-22 17:27:20 [INFO   ] PROGRESS | CA Connect 49/50 | ASHISH KUMAR SHIVHARE | solutns3509@gmail.com
2026-06-22 17:27:20 [INFO   ]   [49/50] ASHISH KUMAR SHIVHARE | solutns3509@gmail.com
2026-06-22 17:27:25 [INFO   ] PROGRESS | CA Connect 50/50 | CHANANA ANUP KUMAR | anupca@hotmail.com
2026-06-22 17:27:25 [INFO   ]   [50/50] CHANANA ANUP KUMAR | anupca@hotmail.com
2026-06-22 17:27:25 [INFO   ] Batch done — 50 new email(s) this batch | run total 982 / 1000
2026-06-22 17:27:25 [INFO   ] Enriching 50 profile(s) — Audit | Delhi | Delhi (223 pending in this city)
2026-06-22 17:27:26 [INFO   ] Logging in to CA Connect as sandeepjain200019@gmail.com
2026-06-22 17:27:35 [INFO   ] Login OK — current URL: https://caconnect.icai.org/home
2026-06-22 17:27:39 [INFO   ] PROGRESS | CA Connect 1/50 | AMIT JAIN | caamitjain@outlook.com
2026-06-22 17:27:39 [INFO   ]   [1/50] AMIT JAIN | caamitjain@outlook.com
2026-06-22 17:27:44 [INFO   ] PROGRESS | CA Connect 2/50 | BHUSHAN KUMAR | cabhushan2k10@gmail.com
2026-06-22 17:27:44 [INFO   ]   [2/50] BHUSHAN KUMAR | cabhushan2k10@gmail.com
2026-06-22 17:27:49 [INFO   ] PROGRESS | CA Connect 3/50 | SANTOSH KUMAR | thesantoshraj@gmail.com
2026-06-22 17:27:49 [INFO   ]   [3/50] SANTOSH KUMAR | thesantoshraj@gmail.com
2026-06-22 17:27:54 [INFO   ] PROGRESS | CA Connect 4/50 | ALOK KUMAR | alokkrca2000@gmail.com
2026-06-22 17:27:54 [INFO   ]   [4/50] ALOK KUMAR | alokkrca2000@gmail.com
2026-06-22 17:28:00 [INFO   ] PROGRESS | CA Connect 5/50 | RAI SANJAY KUMAR | casanjayrai@gmail.com
2026-06-22 17:28:00 [INFO   ]   [5/50] RAI SANJAY KUMAR | casanjayrai@gmail.com
2026-06-22 17:28:05 [INFO   ] PROGRESS | CA Connect 6/50 | PAWAN KUMAR AGGARWAL | pnkrgarg@gmail.com
2026-06-22 17:28:05 [INFO   ]   [6/50] PAWAN KUMAR AGGARWAL | pnkrgarg@gmail.com
2026-06-22 17:28:10 [INFO   ] PROGRESS | CA Connect 7/50 | PRAVEEN KUMAR | kpraveenca@gmail.com
2026-06-22 17:28:10 [INFO   ]   [7/50] PRAVEEN KUMAR | kpraveenca@gmail.com
2026-06-22 17:28:15 [INFO   ] PROGRESS | CA Connect 8/50 | SAKSHI KHARABANDA | sakshi_k@hotmail.com
2026-06-22 17:28:15 [INFO   ]   [8/50] SAKSHI KHARABANDA | sakshi_k@hotmail.com
2026-06-22 17:28:20 [INFO   ] PROGRESS | CA Connect 9/50 | KAPIL DEV DHIR | kdhirca@gmail.com
2026-06-22 17:28:20 [INFO   ]   [9/50] KAPIL DEV DHIR | kdhirca@gmail.com
2026-06-22 17:28:25 [INFO   ] PROGRESS | CA Connect 10/50 | MUKESH KUMAR | mukeshkumar6610@hotmail.com
2026-06-22 17:28:25 [INFO   ]   [10/50] MUKESH KUMAR | mukeshkumar6610@hotmail.com
2026-06-22 17:28:31 [INFO   ] PROGRESS | CA Connect 11/50 | VIKAS AGGARWAL | vikasaggarwal2012@gmail.com
2026-06-22 17:28:31 [INFO   ]   [11/50] VIKAS AGGARWAL | vikasaggarwal2012@gmail.com
2026-06-22 17:28:36 [INFO   ] PROGRESS | CA Connect 12/50 | ASHISH DEY | ashish260456@gmail.com
2026-06-22 17:28:36 [INFO   ]   [12/50] ASHISH DEY | ashish260456@gmail.com
2026-06-22 17:28:41 [INFO   ] PROGRESS | CA Connect 13/50 | HEMANT AGARWAL | ca.goyalhemant@gmail.com
2026-06-22 17:28:41 [INFO   ]   [13/50] HEMANT AGARWAL | ca.goyalhemant@gmail.com
2026-06-22 17:28:46 [INFO   ] PROGRESS | CA Connect 14/50 | VICKY SAMANIYA | vicky.samaniya@icai.org
2026-06-22 17:28:46 [INFO   ]   [14/50] VICKY SAMANIYA | vicky.samaniya@icai.org
2026-06-22 17:28:51 [INFO   ] PROGRESS | CA Connect 15/50 | MAYANK GUPTA | camayank2@gmail.com
2026-06-22 17:28:51 [INFO   ]   [15/50] MAYANK GUPTA | camayank2@gmail.com
2026-06-22 17:28:56 [INFO   ] PROGRESS | CA Connect 16/50 | A S G & CO | ca_gaurav05@yahoo.in
2026-06-22 17:28:56 [INFO   ]   [16/50] A S G & CO | ca_gaurav05@yahoo.in
2026-06-22 17:29:02 [INFO   ] PROGRESS | CA Connect 17/50 | TARUN PRUTHI & ASSOCIATES | tarunpruthica@gmail.com
2026-06-22 17:29:02 [INFO   ]   [17/50] TARUN PRUTHI & ASSOCIATES | tarunpruthica@gmail.com
2026-06-22 17:29:07 [INFO   ] PROGRESS | CA Connect 18/50 | JITENDER GUPTA & ASSOCIATES | cajitendergupta88@gmail.com
2026-06-22 17:29:07 [INFO   ]   [18/50] JITENDER GUPTA & ASSOCIATES | cajitendergupta88@gmail.com
2026-06-22 17:29:12 [INFO   ] PROGRESS | CA Connect 19/50 | R A N & ASSOCIATES | royalkedia@hotmail.com
2026-06-22 17:29:12 [INFO   ]   [19/50] R A N & ASSOCIATES | royalkedia@hotmail.com
2026-06-22 17:29:17 [INFO   ] PROGRESS | CA Connect 20/50 | M B A S & COMPANY | cabrijeshjindal@gmail.com
2026-06-22 17:29:17 [INFO   ]   [20/50] M B A S & COMPANY | cabrijeshjindal@gmail.com
2026-06-22 17:29:22 [INFO   ] PROGRESS | CA Connect 21/50 | CHANANA & CO | ca.jitenderchanana@gmail.com
2026-06-22 17:29:22 [INFO   ]   [21/50] CHANANA & CO | ca.jitenderchanana@gmail.com
2026-06-22 17:29:28 [INFO   ] PROGRESS | CA Connect 22/50 | ANIL SHALINI & ASSOCIATES | anilshaliniandassociates@gmail.com
2026-06-22 17:29:28 [INFO   ]   [22/50] ANIL SHALINI & ASSOCIATES | anilshaliniandassociates@gmail.com
2026-06-22 17:29:33 [INFO   ] PROGRESS | CA Connect 23/50 | GOYAL S AND CO | surbhi.8490@gmail.com
2026-06-22 17:29:33 [INFO   ]   [23/50] GOYAL S AND CO | surbhi.8490@gmail.com
2026-06-22 17:29:38 [INFO   ] PROGRESS | CA Connect 24/50 | AJAY RATTAN & CO | ajay@ajayrattanco.com
2026-06-22 17:29:38 [INFO   ]   [24/50] AJAY RATTAN & CO | ajay@ajayrattanco.com
2026-06-22 17:29:43 [INFO   ] PROGRESS | CA Connect 25/50 | G L & CO | gpsingh1223@gmail.com
2026-06-22 17:29:43 [INFO   ]   [25/50] G L & CO | gpsingh1223@gmail.com
2026-06-22 17:29:48 [INFO   ] PROGRESS | CA Connect 26/50 | SANDEEP JAISWAL & ASSOCIATES | sjassociates092020@gmail.com
2026-06-22 17:29:48 [INFO   ]   [26/50] SANDEEP JAISWAL & ASSOCIATES | sjassociates092020@gmail.com
2026-06-22 17:29:53 [INFO   ] PROGRESS | CA Connect 27/50 | PRADEEP GYAN & ASSOCIATES | pkjainca@gmail.com
2026-06-22 17:29:53 [INFO   ]   [27/50] PRADEEP GYAN & ASSOCIATES | pkjainca@gmail.com
2026-06-22 17:29:59 [INFO   ] PROGRESS | CA Connect 28/50 | OSWAL SUNIL & COMPANY | casunil@oswalsunil.com
2026-06-22 17:29:59 [INFO   ]   [28/50] OSWAL SUNIL & COMPANY | casunil@oswalsunil.com
2026-06-22 17:30:04 [INFO   ] PROGRESS | CA Connect 29/50 | GAJANAND BAHETI & CO | gajanand.office@gmail.com
2026-06-22 17:30:04 [INFO   ]   [29/50] GAJANAND BAHETI & CO | gajanand.office@gmail.com
2026-06-22 17:30:09 [INFO   ] PROGRESS | CA Connect 30/50 | KUMAR ANKIT AND ASSOCIATES | caankitkr94@gmail.com
2026-06-22 17:30:09 [INFO   ]   [30/50] KUMAR ANKIT AND ASSOCIATES | caankitkr94@gmail.com
2026-06-22 17:30:14 [INFO   ] PROGRESS | CA Connect 31/50 | ASHOK UPRATI AND COMPANY | ashokuprati2017@gmail.com
2026-06-22 17:30:14 [INFO   ]   [31/50] ASHOK UPRATI AND COMPANY | ashokuprati2017@gmail.com
2026-06-22 17:30:19 [INFO   ] PROGRESS | CA Connect 32/50 | J K SARAWGI & COMPANY | jk.sarawgi@jksco.in
2026-06-22 17:30:19 [INFO   ]   [32/50] J K SARAWGI & COMPANY | jk.sarawgi@jksco.in
2026-06-22 17:30:25 [INFO   ] PROGRESS | CA Connect 33/50 | GOPAL CHOPRA & ASSOCIATES | amit.chopra@gca-associates.com
2026-06-22 17:30:25 [INFO   ]   [33/50] GOPAL CHOPRA & ASSOCIATES | amit.chopra@gca-associates.com
2026-06-22 17:30:30 [INFO   ] PROGRESS | CA Connect 34/50 | P K H S & ASSOCIATES | capramodk86@gmail.com
2026-06-22 17:30:30 [INFO   ]   [34/50] P K H S & ASSOCIATES | capramodk86@gmail.com
2026-06-22 17:30:35 [INFO   ] PROGRESS | CA Connect 35/50 | AMIT KUMAR K & CO | amit_yorks@rediffmail.com
2026-06-22 17:30:35 [INFO   ]   [35/50] AMIT KUMAR K & CO | amit_yorks@rediffmail.com
2026-06-22 17:30:40 [INFO   ] PROGRESS | CA Connect 36/50 | HANS & CO | hans.jain@rediffmail.com
2026-06-22 17:30:40 [INFO   ]   [36/50] HANS & CO | hans.jain@rediffmail.com
2026-06-22 17:30:45 [INFO   ] PROGRESS | CA Connect 37/50 | PANKAJ RAM & ASSOCIATES | pankajramca@yahoo.co.in
2026-06-22 17:30:45 [INFO   ]   [37/50] PANKAJ RAM & ASSOCIATES | pankajramca@yahoo.co.in
2026-06-22 17:30:50 [INFO   ] PROGRESS | CA Connect 38/50 | S N R S & ASSOCIATES | shailnath@gmail.com
2026-06-22 17:30:50 [INFO   ]   [38/50] S N R S & ASSOCIATES | shailnath@gmail.com
2026-06-22 17:30:55 [INFO   ] PROGRESS | CA Connect 39/50 | A SAINI & ASSOCIATES | amitsaini_14@yahoo.in
2026-06-22 17:30:55 [INFO   ]   [39/50] A SAINI & ASSOCIATES | amitsaini_14@yahoo.in
2026-06-22 17:31:01 [INFO   ] PROGRESS | CA Connect 40/50 | P B N A & ASSOCIATES | please.update@tcsion.com
2026-06-22 17:31:01 [INFO   ]   [40/50] P B N A & ASSOCIATES | please.update@tcsion.com
2026-06-22 17:31:06 [INFO   ] PROGRESS | CA Connect 41/50 | S J A G AND COMPANY | shilpi.jain58@gmail.com
2026-06-22 17:31:06 [INFO   ]   [41/50] S J A G AND COMPANY | shilpi.jain58@gmail.com
2026-06-22 17:31:11 [INFO   ] PROGRESS | CA Connect 42/50 | HARSHIT GOYAL & CO | h.goyal9696@gmail.com
2026-06-22 17:31:11 [INFO   ]   [42/50] HARSHIT GOYAL & CO | h.goyal9696@gmail.com
2026-06-22 17:31:16 [INFO   ] PROGRESS | CA Connect 43/50 | VIPUL BARANWAL & ASSOCIATES | mail@baranwal.in
2026-06-22 17:31:16 [INFO   ]   [43/50] VIPUL BARANWAL & ASSOCIATES | mail@baranwal.in
2026-06-22 17:31:21 [INFO   ] PROGRESS | CA Connect 44/50 | KHANNA & CO | cadhrubnarayanjha@gmail.com
2026-06-22 17:31:21 [INFO   ]   [44/50] KHANNA & CO | cadhrubnarayanjha@gmail.com
2026-06-22 17:31:27 [INFO   ] PROGRESS | CA Connect 45/50 | RAVI SAINI & ASSOCIATES | iamcaravisaini@gmail.com
2026-06-22 17:31:27 [INFO   ]   [45/50] RAVI SAINI & ASSOCIATES | iamcaravisaini@gmail.com
2026-06-22 17:31:32 [INFO   ] PROGRESS | CA Connect 46/50 | ASHUTOSH SHUKLA & CO | caashutoshshukla@gmail.com
2026-06-22 17:31:32 [INFO   ]   [46/50] ASHUTOSH SHUKLA & CO | caashutoshshukla@gmail.com
2026-06-22 17:31:37 [INFO   ] PROGRESS | CA Connect 47/50 | MUKESH RAJ & CO | mukesh@mukeshraj.com
2026-06-22 17:31:37 [INFO   ]   [47/50] MUKESH RAJ & CO | mukesh@mukeshraj.com
2026-06-22 17:31:42 [INFO   ] PROGRESS | CA Connect 48/50 | V R A J & CO | vikasaggarwal1292@gmail.com
2026-06-22 17:31:42 [INFO   ]   [48/50] V R A J & CO | vikasaggarwal1292@gmail.com
2026-06-22 17:31:47 [INFO   ] PROGRESS | CA Connect 49/50 | V K DHINGRA & CO | vinodkumardhingra@yahoo.com
2026-06-22 17:31:47 [INFO   ]   [49/50] V K DHINGRA & CO | vinodkumardhingra@yahoo.com
2026-06-22 17:31:53 [INFO   ] PROGRESS | CA Connect 50/50 | RAHUL RANJAN & ASSOCIATES | rahul_ranjan200@yahoo.com
2026-06-22 17:31:53 [INFO   ]   [50/50] RAHUL RANJAN & ASSOCIATES | rahul_ranjan200@yahoo.com
2026-06-22 17:31:53 [INFO   ] Batch done — 50 new email(s) this batch | run total 1032 / 1000
2026-06-22 17:31:53 [INFO   ] Run complete: {'new_emails': 1032, 'profiles_processed': 1032, 'searches_listed': 9, 'no_email': 0, 'failed': 0}
2026-06-22 17:31:53 [INFO   ] === CA bulk database: C:\Users\sandeep\Downloads\Claudes\investment\data\db\ca_bulk.db ===
2026-06-22 17:31:53 [INFO   ]   searches total:        20
2026-06-22 17:31:53 [INFO   ]   searches queued:       7
2026-06-22 17:31:53 [INFO   ]   searches listed:       1
2026-06-22 17:31:53 [INFO   ]   searches complete:     12
2026-06-22 17:31:53 [INFO   ]   listings total:        2017
2026-06-22 17:31:53 [INFO   ]   listings pending:      173
2026-06-22 17:31:53 [INFO   ]   listings with email:   1844
2026-06-22 17:31:53 [INFO   ]   listings no email:     0
2026-06-22 17:31:53 [INFO   ]   listings failed:       0
2026-06-22 17:31:53 [INFO   ] 
2026-06-22 17:31:53 [INFO   ]   Searches:
2026-06-22 17:31:53 [INFO   ]     [1] Audit | Maharashtra | Pune — status=complete listings=574 emails=287 pending=0
2026-06-22 17:31:53 [INFO   ]     [2] Audit | Maharashtra | Mumbai — status=complete listings=822 emails=396 pending=0
2026-06-22 17:31:53 [INFO   ]     [3] Audit | Maharashtra | Nagpur — status=complete listings=124 emails=61 pending=0
2026-06-22 17:31:53 [INFO   ]     [4] Audit | Maharashtra | Nashik — status=complete listings=154 emails=68 pending=0
2026-06-22 17:31:53 [INFO   ]     [5] Audit | Maharashtra | Thane — status=complete listings=20 emails=9 pending=0
2026-06-22 17:31:53 [INFO   ]     [6] Audit | Maharashtra | Aurangabad — status=complete listings=96 emails=44 pending=0
2026-06-22 17:31:53 [INFO   ]     [7] Audit | Karnataka | Bengaluru — status=complete listings=332 emails=166 pending=0
2026-06-22 17:31:53 [INFO   ]     [8] Audit | Karnataka | Mysuru — status=complete listings=8 emails=3 pending=0
2026-06-22 17:31:53 [INFO   ]     [9] Audit | Tamil Nadu | Chennai — status=complete listings=404 emails=202 pending=0
2026-06-22 17:31:53 [INFO   ]     [10] Audit | Tamil Nadu | Coimbatore — status=complete listings=88 emails=42 pending=0
2026-06-22 17:31:53 [INFO   ]     [11] Audit | Gujarat | Ahmedabad — status=complete listings=490 emails=245 pending=0
2026-06-22 17:31:53 [INFO   ]     [12] Audit | Gujarat | Surat — status=complete listings=260 emails=121 pending=0
2026-06-22 17:31:53 [INFO   ]     [13] Audit | Delhi | Delhi — status=listed listings=746 emails=200 pending=173
2026-06-22 17:31:53 [INFO   ]     [14] Audit | West Bengal | Kolkata — status=queued listings=0 emails=0 pending=0
2026-06-22 17:31:53 [INFO   ]     [15] Audit | Telangana | Hyderabad — status=queued listings=0 emails=0 pending=0
2026-06-22 17:31:53 [INFO   ]     [16] Audit | Rajasthan | Jaipur — status=queued listings=0 emails=0 pending=0
2026-06-22 17:31:53 [INFO   ]     [17] Audit | Uttar Pradesh | Lucknow — status=queued listings=0 emails=0 pending=0
2026-06-22 17:31:53 [INFO   ]     [18] Audit | Uttar Pradesh | Noida — status=queued listings=0 emails=0 pending=0
2026-06-22 17:31:53 [INFO   ]     [19] Audit | Madhya Pradesh | Indore — status=queued listings=0 emails=0 pending=0
2026-06-22 17:31:53 [INFO   ]     [20] Audit | Kerala | Kochi — status=queued listings=0 emails=0 pending=0
2026-06-22 17:31:53 [INFO   ] 
2026-06-22 17:31:53 [INFO   ]   Last enriched: RAHUL RANJAN & ASSOCIATES <rahul_ranjan200@yahoo.com> — Audit / Delhi / Delhi at 2026-06-22T12:01:53+00:00
2026-06-22 17:31:53 [INFO   ] 
2026-06-22 17:31:53 [INFO   ]   Resume: python ca_bulk_import.py run
