2026-06-25 11:17:24 [INFO   ] Log file: C:\Users\sandeep\Downloads\Claudes\investment\logs\immigration_2026-06-25_11-17-24.log
2026-06-25 11:17:24 [INFO   ] 
2026-06-25 11:17:24 [INFO   ] ==============================================================
2026-06-25 11:17:24 [INFO   ] PROGRESS | Send — CA emails only (up to 50 from ca_bulk.db)
2026-06-25 11:17:24 [INFO   ] ==============================================================
2026-06-25 11:17:25 [INFO   ] Send transport: Brevo API (config: C:\Users\sandeep\Downloads\Claudes\investment\config\mail_config.json, template: C:\Users\sandeep\Downloads\Claudes\investment\templates\bodies\partnership.html, sender: sandeepjain200019@gmail.com)
2026-06-25 11:17:25 [INFO   ] CA-only send from ca_bulk.db — 1223 unsent, up to 50 this run (caconnect.icai.org).
2026-06-25 11:17:31 [INFO   ] PROGRESS | Send plan — 50 recipient(s) in queue
2026-06-25 11:17:31 [INFO   ] PROGRESS | Send 1/50 | SENDING | constitution date | BATTULL AND ASSOCIATES LLP [Chartered Accountants & Company Secretaries] | ok=0 fail=0 skip=0
2026-06-25 11:17:32 [INFO   ] Loaded 41 NVIDIA API key(s) for rotation.
2026-06-25 11:17:41 [INFO   ] --------------------------------------------------------------
2026-06-25 11:17:41 [INFO   ] PROGRESS | Email content — To: constitution date
2026-06-25 11:17:41 [INFO   ] PROGRESS | Subject: PlacementHub pre-seed intro with BATTULL AND ASSOCIATES LLP
2026-06-25 11:17:41 [INFO   ] PROGRESS | Body:
2026-06-25 11:17:41 [INFO   ] PROGRESS |   Dear Sir/Madam,
2026-06-25 11:17:41 [INFO   ] PROGRESS |   I am reaching out to introduce PlacementHub and explore whether any of your investor, entrepreneur, or
2026-06-25 11:17:41 [INFO   ] PROGRESS |   HNI clients may be open to reviewing a strategic seed opportunity.
2026-06-25 11:17:41 [INFO   ] PROGRESS |   My name is Sandeep Jain. PlacementHub is currently in its pre-seed fundraising stage, and I am
2026-06-25 11:17:41 [INFO   ] PROGRESS |   soliciting strategic seed investment for the same. PlacementHub is a campus placement and employability
2026-06-25 11:17:41 [INFO   ] PROGRESS |   platform connecting students, colleges, and recruiters. The product is built and in early
2026-06-25 11:17:41 [INFO   ] PROGRESS |   commercialization.
2026-06-25 11:17:41 [INFO   ] PROGRESS |   For reference, the detailed business plan, including the business model and go-to-market strategies, is
2026-06-25 11:17:41 [INFO   ] PROGRESS |   available here:
2026-06-25 11:17:41 [INFO   ] PROGRESS |   PlacementHub Business Plan
2026-06-25 11:17:41 [INFO   ] PROGRESS |   For a Chartered Accountant firm, the relevance is mainly professional and strategic:
2026-06-25 11:17:41 [INFO   ] PROGRESS |   PlacementHub may require support across accounting, taxation, compliance, payroll, investor documentation, audit, and related professional services.
2026-06-25 11:17:41 [INFO   ] PROGRESS |   I would naturally be pleased to consider and prioritize firms that support PlacementHub during its early growth phase, subject to suitability and mutual agreement.
2026-06-25 11:17:41 [INFO   ] PROGRESS |   The relationship can begin with a simple review of the investment note and, where appropriate, introductions to suitable investor clients.
2026-06-25 11:17:41 [INFO   ] PROGRESS |   If the opportunity is worth a look, I would be happy to send the note and speak briefly about the round,
2026-06-25 11:17:41 [INFO   ] PROGRESS |   the platform, and the type of strategic investors we are looking for.
2026-06-25 11:17:41 [INFO   ] PROGRESS |   Please reply to this email or call me if you would like to explore it.
2026-06-25 11:17:41 [INFO   ] PROGRESS |   Warm Regards,
2026-06-25 11:17:41 [INFO   ] PROGRESS |   Sandeep Jain
2026-06-25 11:17:41 [INFO   ] PROGRESS |   Founder, PlacementHub
2026-06-25 11:17:41 [INFO   ] PROGRESS |   +91-9860090620
2026-06-25 11:17:41 [INFO   ] PROGRESS |   sandeepjain200019@gmail.com
2026-06-25 11:17:41 [INFO   ] PROGRESS |   Detailed Profile
2026-06-25 11:17:41 [INFO   ] PROGRESS |   Detailed Note on Funding Requirement
2026-06-25 11:17:41 [INFO   ] --------------------------------------------------------------
2026-06-25 11:17:41 [INFO   ] 
2026-06-25 11:17:41 [INFO   ] 
2026-06-25 11:17:41 [INFO   ] PROGRESS | Email preview — To: constitution date | Subject: PlacementHub pre-seed intro with BATTULL AND ASSOCIATES LLP
2026-06-25 11:17:43 [ERROR  ] Brevo send failed for constitution date: Brevo API send failed for constitution date: (400)
Reason: Bad Request
HTTP response headers: HTTPHeaderDict({'Date': 'Thu, 25 Jun 2026 05:47:42 GMT', 'Content-Type': 'application/json', 'Content-Length': '66', 'Connection': 'keep-alive', 'CF-RAY': 'a111add3ba18f09b-CDG', 'x-envoy-upstream-service-time': '14', 'access-control-allow-credentials': 'true', 'sib-request-id': 'c840509b-6286-9ad7-8fe7-f5de7d44b6b2', 'access-control-allow-origin': '*', 'access-control-allow-headers': '*', 'access-control-allow-methods': 'PUT, POST, GET, DELETE, PATCH, OPTIONS', 'x-sib-ratelimit-limit': '1000', 'x-sib-ratelimit-remaining': '999', 'x-sib-ratelimit-reset': '1', 'cf-cache-status': 'DYNAMIC', 'Set-Cookie': '_cfuvid=R1Qi4JG7U7HswYLRlePuAWAytBDSrO9Ymwdcz97OtLE-1782366462329-0.0.1.1-604800000; path=/; domain=.sendinblue.com; HttpOnly; Secure; SameSite=None', 'Server': 'cloudflare'})
HTTP response body: {"code":"invalid_parameter","message":"email is not valid in to"}


2026-06-25 11:17:43 [INFO   ] PROGRESS | Send 1/50 | FAILED | constitution date | BATTULL AND ASSOCIATES LLP [Chartered Accountants & Company Secretaries] | ok=0 fail=1 skip=0
2026-06-25 11:17:43 [INFO   ] PROGRESS | Send 2/50 | SENDING | constitution date | BATTULL AND ASSOCIATES LLP [Chartered Accountants & Company Secretaries] | ok=0 fail=1 skip=0
2026-06-25 11:18:04 [INFO   ] --------------------------------------------------------------
2026-06-25 11:18:04 [INFO   ] PROGRESS | Email content — To: constitution date
2026-06-25 11:18:04 [INFO   ] PROGRESS | Subject: PlacementHub pre-seed intro with BATTULL AND ASSOCIATES LLP
2026-06-25 11:18:04 [INFO   ] PROGRESS | Body:
2026-06-25 11:18:04 [INFO   ] PROGRESS |   Dear Sir/Madam,
2026-06-25 11:18:04 [INFO   ] PROGRESS |   I am reaching out to introduce PlacementHub and explore whether any of your investor, entrepreneur, or
2026-06-25 11:18:04 [INFO   ] PROGRESS |   HNI clients may be open to reviewing a strategic seed opportunity.
2026-06-25 11:18:04 [INFO   ] PROGRESS |   My name is Sandeep Jain. PlacementHub is currently in its pre-seed fundraising stage, and I am
2026-06-25 11:18:04 [INFO   ] PROGRESS |   soliciting strategic seed investment for the same. PlacementHub is a campus placement and employability
2026-06-25 11:18:04 [INFO   ] PROGRESS |   platform connecting students, colleges, and recruiters. The product is built and in early
2026-06-25 11:18:04 [INFO   ] PROGRESS |   commercialization.
2026-06-25 11:18:04 [INFO   ] PROGRESS |   For reference, the detailed business plan, including the business model and go-to-market strategies, is
2026-06-25 11:18:04 [INFO   ] PROGRESS |   available here:
2026-06-25 11:18:04 [INFO   ] PROGRESS |   PlacementHub Business Plan
2026-06-25 11:18:04 [INFO   ] PROGRESS |   For a Chartered Accountant firm, the relevance is mainly professional and strategic:
2026-06-25 11:18:04 [INFO   ] PROGRESS |   PlacementHub may require support across accounting, taxation, compliance, payroll, investor documentation, audit, and related professional services.
2026-06-25 11:18:04 [INFO   ] PROGRESS |   I would naturally be pleased to consider and prioritize firms that support PlacementHub during its early growth phase, subject to suitability and mutual agreement.
2026-06-25 11:18:04 [INFO   ] PROGRESS |   The relationship can begin with a simple review of the investment note and, where appropriate, introductions to suitable investor clients.
2026-06-25 11:18:04 [INFO   ] PROGRESS |   If the opportunity is worth a look, I would be happy to send the note and speak briefly about the round,
2026-06-25 11:18:04 [INFO   ] PROGRESS |   the platform, and the type of strategic investors we are looking for.
2026-06-25 11:18:04 [INFO   ] PROGRESS |   Please reply to this email or call me if you would like to explore it.
2026-06-25 11:18:04 [INFO   ] PROGRESS |   Warm Regards,
2026-06-25 11:18:04 [INFO   ] PROGRESS |   Sandeep Jain
2026-06-25 11:18:04 [INFO   ] PROGRESS |   Founder, PlacementHub
2026-06-25 11:18:04 [INFO   ] PROGRESS |   +91-9860090620
2026-06-25 11:18:04 [INFO   ] PROGRESS |   sandeepjain200019@gmail.com
2026-06-25 11:18:04 [INFO   ] PROGRESS |   Detailed Profile
2026-06-25 11:18:04 [INFO   ] PROGRESS |   Detailed Note on Funding Requirement
2026-06-25 11:18:04 [INFO   ] --------------------------------------------------------------
2026-06-25 11:18:04 [INFO   ] 
2026-06-25 11:18:04 [INFO   ] 
2026-06-25 11:18:04 [INFO   ] PROGRESS | Email preview — To: constitution date | Subject: PlacementHub pre-seed intro with BATTULL AND ASSOCIATES LLP
2026-06-25 11:18:05 [ERROR  ] Brevo send failed for constitution date: Brevo API send failed for constitution date: (400)
Reason: Bad Request
HTTP response headers: HTTPHeaderDict({'Date': 'Thu, 25 Jun 2026 05:48:04 GMT', 'Content-Type': 'application/json', 'Content-Length': '66', 'Connection': 'keep-alive', 'CF-RAY': 'a111ae5ebae8f0f4-CDG', 'x-envoy-upstream-service-time': '20', 'access-control-allow-credentials': 'true', 'sib-request-id': '6923dd5b-339e-9375-b7b9-b0a62d4d9786', 'access-control-allow-origin': '*', 'access-control-allow-headers': '*', 'access-control-allow-methods': 'PUT, POST, GET, DELETE, PATCH, OPTIONS', 'x-sib-ratelimit-limit': '1000', 'x-sib-ratelimit-remaining': '999', 'x-sib-ratelimit-reset': '1', 'cf-cache-status': 'DYNAMIC', 'Set-Cookie': '_cfuvid=iALZzh7FdJDO_nrT5T2T41qxzUHfEQz9wgMY2cedgZE-1782366484324-0.0.1.1-604800000; path=/; domain=.sendinblue.com; HttpOnly; Secure; SameSite=None', 'Server': 'cloudflare'})
HTTP response body: {"code":"invalid_parameter","message":"email is not valid in to"}


2026-06-25 11:18:05 [INFO   ] PROGRESS | Send 2/50 | FAILED | constitution date | BATTULL AND ASSOCIATES LLP [Chartered Accountants & Company Secretaries] | ok=0 fail=2 skip=0
2026-06-25 11:18:05 [INFO   ] PROGRESS | Send 3/50 | SENDING | hsco_ca@rediffmail.com/singhvihm@hotmail.com | H SINGHVI & CO [Chartered Accountants & Company Secretaries] | ok=0 fail=2 skip=0
2026-06-25 11:18:09 [INFO   ] --------------------------------------------------------------
2026-06-25 11:18:09 [INFO   ] PROGRESS | Email content — To: hsco_ca@rediffmail.com/singhvihm@hotmail.com
2026-06-25 11:18:09 [INFO   ] PROGRESS | Subject: PlacementHub pre-seed intro with H SINGHVI & CO
2026-06-25 11:18:09 [INFO   ] PROGRESS | Body:
2026-06-25 11:18:09 [INFO   ] PROGRESS |   Dear Sir/Madam,
2026-06-25 11:18:09 [INFO   ] PROGRESS |   I am reaching out to introduce PlacementHub and explore whether any of your investor, entrepreneur, or
2026-06-25 11:18:09 [INFO   ] PROGRESS |   HNI clients may be open to reviewing a strategic seed opportunity.
2026-06-25 11:18:09 [INFO   ] PROGRESS |   My name is Sandeep Jain. PlacementHub is currently in its pre-seed fundraising stage, and I am
2026-06-25 11:18:09 [INFO   ] PROGRESS |   soliciting strategic seed investment for the same. PlacementHub is a campus placement and employability
2026-06-25 11:18:09 [INFO   ] PROGRESS |   platform connecting students, colleges, and recruiters. The product is built and in early
2026-06-25 11:18:09 [INFO   ] PROGRESS |   commercialization.
2026-06-25 11:18:09 [INFO   ] PROGRESS |   For reference, the detailed business plan, including the business model and go-to-market strategies, is
2026-06-25 11:18:09 [INFO   ] PROGRESS |   available here:
2026-06-25 11:18:09 [INFO   ] PROGRESS |   PlacementHub Business Plan
2026-06-25 11:18:09 [INFO   ] PROGRESS |   For a Chartered Accountant firm, the relevance is mainly professional and strategic:
2026-06-25 11:18:09 [INFO   ] PROGRESS |   PlacementHub may require support across accounting, taxation, compliance, payroll, investor documentation, audit, and related professional services.
2026-06-25 11:18:09 [INFO   ] PROGRESS |   I would naturally be pleased to consider and prioritize firms that support PlacementHub during its early growth phase, subject to suitability and mutual agreement.
2026-06-25 11:18:09 [INFO   ] PROGRESS |   The relationship can begin with a simple review of the investment note and, where appropriate, introductions to suitable investor clients.
2026-06-25 11:18:09 [INFO   ] PROGRESS |   If the opportunity is worth a look, I would be happy to send the note and speak briefly about the round,
2026-06-25 11:18:09 [INFO   ] PROGRESS |   the platform, and the type of strategic investors we are looking for.
2026-06-25 11:18:09 [INFO   ] PROGRESS |   Please reply to this email or call me if you would like to explore it.
2026-06-25 11:18:09 [INFO   ] PROGRESS |   Warm Regards,
2026-06-25 11:18:09 [INFO   ] PROGRESS |   Sandeep Jain
2026-06-25 11:18:09 [INFO   ] PROGRESS |   Founder, PlacementHub
2026-06-25 11:18:09 [INFO   ] PROGRESS |   +91-9860090620
2026-06-25 11:18:09 [INFO   ] PROGRESS |   sandeepjain200019@gmail.com
2026-06-25 11:18:09 [INFO   ] PROGRESS |   Detailed Profile
2026-06-25 11:18:09 [INFO   ] PROGRESS |   Detailed Note on Funding Requirement
2026-06-25 11:18:09 [INFO   ] --------------------------------------------------------------
2026-06-25 11:18:09 [INFO   ] 
2026-06-25 11:18:09 [INFO   ] 
2026-06-25 11:18:09 [INFO   ] PROGRESS | Email preview — To: hsco_ca@rediffmail.com/singhvihm@hotmail.com | Subject: PlacementHub pre-seed intro with H SINGHVI & CO
2026-06-25 11:18:10 [ERROR  ] Brevo send failed for hsco_ca@rediffmail.com/singhvihm@hotmail.com: Brevo API send failed for hsco_ca@rediffmail.com/singhvihm@hotmail.com: (400)
Reason: Bad Request
HTTP response headers: HTTPHeaderDict({'Date': 'Thu, 25 Jun 2026 05:48:09 GMT', 'Content-Type': 'application/json', 'Content-Length': '66', 'Connection': 'keep-alive', 'CF-RAY': 'a111ae80af783ce7-CDG', 'x-envoy-upstream-service-time': '12', 'access-control-allow-credentials': 'true', 'sib-request-id': '1e66fa6a-6a10-985c-a991-7072a9a4ac0f', 'access-control-allow-origin': '*', 'access-control-allow-headers': '*', 'access-control-allow-methods': 'PUT, POST, GET, DELETE, PATCH, OPTIONS', 'x-sib-ratelimit-limit': '1000', 'x-sib-ratelimit-remaining': '999', 'x-sib-ratelimit-reset': '1', 'cf-cache-status': 'DYNAMIC', 'Set-Cookie': '_cfuvid=0Stc.KRzMDlJLFrRCazULeWq4oEUbdLgWPyt8UKRYJQ-1782366489736-0.0.1.1-604800000; path=/; domain=.sendinblue.com; HttpOnly; Secure; SameSite=None', 'Server': 'cloudflare'})
HTTP response body: {"code":"invalid_parameter","message":"email is not valid in to"}


2026-06-25 11:18:10 [INFO   ] PROGRESS | Send 3/50 | FAILED | hsco_ca@rediffmail.com/singhvihm@hotmail.com | H SINGHVI & CO [Chartered Accountants & Company Secretaries] | ok=0 fail=3 skip=0
2026-06-25 11:18:10 [INFO   ] PROGRESS | Send 4/50 | SENDING | dipti.sandeep.desai@icai.org | DIPTI DESAI & CO [Chartered Accountants & Company Secretaries] | ok=0 fail=3 skip=0
2026-06-25 11:18:21 [INFO   ] --------------------------------------------------------------
2026-06-25 11:18:21 [INFO   ] PROGRESS | Email content — To: dipti.sandeep.desai@icai.org
2026-06-25 11:18:21 [INFO   ] PROGRESS | Subject: PlacementHub pre-seed intro with DIPTI DESAI & CO
2026-06-25 11:18:21 [INFO   ] PROGRESS | Body:
2026-06-25 11:18:21 [INFO   ] PROGRESS |   Dear Sir/Madam,
2026-06-25 11:18:21 [INFO   ] PROGRESS |   I am reaching out to introduce PlacementHub and explore whether any of your investor, entrepreneur, or
2026-06-25 11:18:21 [INFO   ] PROGRESS |   HNI clients may be open to reviewing a strategic seed opportunity.
2026-06-25 11:18:21 [INFO   ] PROGRESS |   My name is Sandeep Jain. PlacementHub is currently in its pre-seed fundraising stage, and I am
2026-06-25 11:18:21 [INFO   ] PROGRESS |   soliciting strategic seed investment for the same. PlacementHub is a campus placement and employability
2026-06-25 11:18:21 [INFO   ] PROGRESS |   platform connecting students, colleges, and recruiters. The product is built and in early
2026-06-25 11:18:21 [INFO   ] PROGRESS |   commercialization.
2026-06-25 11:18:21 [INFO   ] PROGRESS |   For reference, the detailed business plan, including the business model and go-to-market strategies, is
2026-06-25 11:18:21 [INFO   ] PROGRESS |   available here:
2026-06-25 11:18:21 [INFO   ] PROGRESS |   PlacementHub Business Plan
2026-06-25 11:18:21 [INFO   ] PROGRESS |   For a Chartered Accountant firm, the relevance is mainly professional and strategic:
2026-06-25 11:18:21 [INFO   ] PROGRESS |   PlacementHub may require support across accounting, taxation, compliance, payroll, investor documentation, audit, and related professional services.
2026-06-25 11:18:21 [INFO   ] PROGRESS |   I would naturally be pleased to consider and prioritize firms that support PlacementHub during its early growth phase, subject to suitability and mutual agreement.
2026-06-25 11:18:21 [INFO   ] PROGRESS |   The relationship can begin with a simple review of the investment note and, where appropriate, introductions to suitable investor clients.
2026-06-25 11:18:21 [INFO   ] PROGRESS |   If the opportunity is worth a look, I would be happy to send the note and speak briefly about the round,
2026-06-25 11:18:21 [INFO   ] PROGRESS |   the platform, and the type of strategic investors we are looking for.
2026-06-25 11:18:21 [INFO   ] PROGRESS |   Please reply to this email or call me if you would like to explore it.
2026-06-25 11:18:21 [INFO   ] PROGRESS |   Warm Regards,
2026-06-25 11:18:21 [INFO   ] PROGRESS |   Sandeep Jain
2026-06-25 11:18:21 [INFO   ] PROGRESS |   Founder, PlacementHub
2026-06-25 11:18:21 [INFO   ] PROGRESS |   +91-9860090620
2026-06-25 11:18:21 [INFO   ] PROGRESS |   sandeepjain200019@gmail.com
2026-06-25 11:18:21 [INFO   ] PROGRESS |   Detailed Profile
2026-06-25 11:18:21 [INFO   ] PROGRESS |   Detailed Note on Funding Requirement
2026-06-25 11:18:21 [INFO   ] --------------------------------------------------------------
2026-06-25 11:18:21 [INFO   ] 
2026-06-25 11:18:21 [INFO   ] 
2026-06-25 11:18:21 [INFO   ] PROGRESS | Email preview — To: dipti.sandeep.desai@icai.org | Subject: PlacementHub pre-seed intro with DIPTI DESAI & CO
2026-06-25 11:18:21 [INFO   ] SENT (Brevo) -> dipti.sandeep.desai@icai.org (DIPTI DESAI & CO) | PlacementHub pre-seed intro with DIPTI DESAI & CO | messageId=<202606250548.79824912716@smtp-relay.mailin.fr> (API accepted; run audit-brevo to confirm delivery)
2026-06-25 11:18:22 [INFO   ] Sleeping for 10 seconds
2026-06-25 11:18:32 [INFO   ] PROGRESS | Send 4/50 | SENT | dipti.sandeep.desai@icai.org | DIPTI DESAI & CO [Chartered Accountants & Company Secretaries] | ok=1 fail=3 skip=0
2026-06-25 11:18:32 [INFO   ] PROGRESS | Send 5/50 | SENDING | kunal_ailani@hotmail.com | KUNAL RAMKUMAR AILANI [Chartered Accountants & Company Secretaries] | ok=1 fail=3 skip=0
2026-06-25 11:18:35 [INFO   ] --------------------------------------------------------------
2026-06-25 11:18:35 [INFO   ] PROGRESS | Email content — To: kunal_ailani@hotmail.com
2026-06-25 11:18:35 [INFO   ] PROGRESS | Subject: PlacementHub pre-seed intro with KUNAL RAMKUMAR AILANI
2026-06-25 11:18:35 [INFO   ] PROGRESS | Body:
2026-06-25 11:18:35 [INFO   ] PROGRESS |   Dear Sir/Madam,
2026-06-25 11:18:35 [INFO   ] PROGRESS |   I am reaching out to introduce PlacementHub and explore whether any of your investor, entrepreneur, or
2026-06-25 11:18:35 [INFO   ] PROGRESS |   HNI clients may be open to reviewing a strategic seed opportunity.
2026-06-25 11:18:35 [INFO   ] PROGRESS |   My name is Sandeep Jain. PlacementHub is currently in its pre-seed fundraising stage, and I am
2026-06-25 11:18:35 [INFO   ] PROGRESS |   soliciting strategic seed investment for the same. PlacementHub is a campus placement and employability
2026-06-25 11:18:35 [INFO   ] PROGRESS |   platform connecting students, colleges, and recruiters. The product is built and in early
2026-06-25 11:18:35 [INFO   ] PROGRESS |   commercialization.
2026-06-25 11:18:35 [INFO   ] PROGRESS |   For reference, the detailed business plan, including the business model and go-to-market strategies, is
2026-06-25 11:18:35 [INFO   ] PROGRESS |   available here:
2026-06-25 11:18:35 [INFO   ] PROGRESS |   PlacementHub Business Plan
2026-06-25 11:18:35 [INFO   ] PROGRESS |   For a Chartered Accountant firm, the relevance is mainly professional and strategic:
2026-06-25 11:18:35 [INFO   ] PROGRESS |   PlacementHub may require support across accounting, taxation, compliance, payroll, investor documentation, audit, and related professional services.
2026-06-25 11:18:35 [INFO   ] PROGRESS |   I would naturally be pleased to consider and prioritize firms that support PlacementHub during its early growth phase, subject to suitability and mutual agreement.
2026-06-25 11:18:35 [INFO   ] PROGRESS |   The relationship can begin with a simple review of the investment note and, where appropriate, introductions to suitable investor clients.
2026-06-25 11:18:35 [INFO   ] PROGRESS |   If the opportunity is worth a look, I would be happy to send the note and speak briefly about the round,
2026-06-25 11:18:35 [INFO   ] PROGRESS |   the platform, and the type of strategic investors we are looking for.
2026-06-25 11:18:35 [INFO   ] PROGRESS |   Please reply to this email or call me if you would like to explore it.
2026-06-25 11:18:35 [INFO   ] PROGRESS |   Warm Regards,
2026-06-25 11:18:35 [INFO   ] PROGRESS |   Sandeep Jain
2026-06-25 11:18:35 [INFO   ] PROGRESS |   Founder, PlacementHub
2026-06-25 11:18:35 [INFO   ] PROGRESS |   +91-9860090620
2026-06-25 11:18:35 [INFO   ] PROGRESS |   sandeepjain200019@gmail.com
2026-06-25 11:18:35 [INFO   ] PROGRESS |   Detailed Profile
2026-06-25 11:18:35 [INFO   ] PROGRESS |   Detailed Note on Funding Requirement
2026-06-25 11:18:35 [INFO   ] --------------------------------------------------------------
2026-06-25 11:18:35 [INFO   ] 
2026-06-25 11:18:35 [INFO   ] 
2026-06-25 11:18:35 [INFO   ] PROGRESS | Email preview — To: kunal_ailani@hotmail.com | Subject: PlacementHub pre-seed intro with KUNAL RAMKUMAR AILANI
2026-06-25 11:18:36 [INFO   ] SENT (Brevo) -> kunal_ailani@hotmail.com (KUNAL RAMKUMAR AILANI) | PlacementHub pre-seed intro with KUNAL RAMKUMAR AILANI | messageId=<202606250548.24707732288@smtp-relay.mailin.fr> (API accepted; run audit-brevo to confirm delivery)
2026-06-25 11:18:36 [INFO   ] Sleeping for 10 seconds
2026-06-25 11:18:46 [INFO   ] PROGRESS | Send 5/50 | SENT | kunal_ailani@hotmail.com | KUNAL RAMKUMAR AILANI [Chartered Accountants & Company Secretaries] | ok=2 fail=3 skip=0
2026-06-25 11:18:46 [INFO   ] PROGRESS | Send 6/50 | SENDING | surya5673@gmail.com | SURENDRA TIWARI AND ASSOCIATES [Chartered Accountants & Company Secretaries] | ok=2 fail=3 skip=0
2026-06-25 11:18:48 [INFO   ] --------------------------------------------------------------
2026-06-25 11:18:48 [INFO   ] PROGRESS | Email content — To: surya5673@gmail.com
2026-06-25 11:18:48 [INFO   ] PROGRESS | Subject: PlacementHub pre-seed intro with SURENDRA TIWARI AND ASSOCIATES
2026-06-25 11:18:48 [INFO   ] PROGRESS | Body:
2026-06-25 11:18:48 [INFO   ] PROGRESS |   Dear Sir/Madam,
2026-06-25 11:18:48 [INFO   ] PROGRESS |   I am reaching out to introduce PlacementHub and explore whether any of your investor, entrepreneur, or
2026-06-25 11:18:48 [INFO   ] PROGRESS |   HNI clients may be open to reviewing a strategic seed opportunity.
2026-06-25 11:18:48 [INFO   ] PROGRESS |   My name is Sandeep Jain. PlacementHub is currently in its pre-seed fundraising stage, and I am
2026-06-25 11:18:48 [INFO   ] PROGRESS |   soliciting strategic seed investment for the same. PlacementHub is a campus placement and employability
2026-06-25 11:18:48 [INFO   ] PROGRESS |   platform connecting students, colleges, and recruiters. The product is built and in early
2026-06-25 11:18:48 [INFO   ] PROGRESS |   commercialization.
2026-06-25 11:18:48 [INFO   ] PROGRESS |   For reference, the detailed business plan, including the business model and go-to-market strategies, is
2026-06-25 11:18:48 [INFO   ] PROGRESS |   available here:
2026-06-25 11:18:48 [INFO   ] PROGRESS |   PlacementHub Business Plan
2026-06-25 11:18:48 [INFO   ] PROGRESS |   For a Chartered Accountant firm, the relevance is mainly professional and strategic:
2026-06-25 11:18:48 [INFO   ] PROGRESS |   PlacementHub may require support across accounting, taxation, compliance, payroll, investor documentation, audit, and related professional services.
2026-06-25 11:18:48 [INFO   ] PROGRESS |   I would naturally be pleased to consider and prioritize firms that support PlacementHub during its early growth phase, subject to suitability and mutual agreement.
2026-06-25 11:18:48 [INFO   ] PROGRESS |   The relationship can begin with a simple review of the investment note and, where appropriate, introductions to suitable investor clients.
2026-06-25 11:18:48 [INFO   ] PROGRESS |   If the opportunity is worth a look, I would be happy to send the note and speak briefly about the round,
2026-06-25 11:18:48 [INFO   ] PROGRESS |   the platform, and the type of strategic investors we are looking for.
2026-06-25 11:18:48 [INFO   ] PROGRESS |   Please reply to this email or call me if you would like to explore it.
2026-06-25 11:18:48 [INFO   ] PROGRESS |   Warm Regards,
2026-06-25 11:18:48 [INFO   ] PROGRESS |   Sandeep Jain
2026-06-25 11:18:48 [INFO   ] PROGRESS |   Founder, PlacementHub
2026-06-25 11:18:48 [INFO   ] PROGRESS |   +91-9860090620
2026-06-25 11:18:48 [INFO   ] PROGRESS |   sandeepjain200019@gmail.com
2026-06-25 11:18:48 [INFO   ] PROGRESS |   Detailed Profile
2026-06-25 11:18:48 [INFO   ] PROGRESS |   Detailed Note on Funding Requirement
2026-06-25 11:18:48 [INFO   ] --------------------------------------------------------------
2026-06-25 11:18:48 [INFO   ] 
2026-06-25 11:18:48 [INFO   ] 
2026-06-25 11:18:48 [INFO   ] PROGRESS | Email preview — To: surya5673@gmail.com | Subject: PlacementHub pre-seed intro with SURENDRA TIWARI AND ASSOCIATES
2026-06-25 11:18:49 [INFO   ] SENT (Brevo) -> surya5673@gmail.com (SURENDRA TIWARI AND ASSOCIATES) | PlacementHub pre-seed intro with SURENDRA TIWARI AND ASSOCIATES | messageId=<202606250548.83168635067@smtp-relay.mailin.fr> (API accepted; run audit-brevo to confirm delivery)
2026-06-25 11:18:49 [INFO   ] Sleeping for 10 seconds
2026-06-25 11:18:59 [INFO   ] PROGRESS | Send 6/50 | SENT | surya5673@gmail.com | SURENDRA TIWARI AND ASSOCIATES [Chartered Accountants & Company Secretaries] | ok=3 fail=3 skip=0
2026-06-25 11:18:59 [INFO   ] PROGRESS | Send 7/50 | SENDING | mohadikarassociates@gmail.com | MOHADIKAR AND ASSOCIATES [Chartered Accountants & Company Secretaries] | ok=3 fail=3 skip=0
2026-06-25 11:19:04 [INFO   ] --------------------------------------------------------------
2026-06-25 11:19:04 [INFO   ] PROGRESS | Email content — To: mohadikarassociates@gmail.com
2026-06-25 11:19:04 [INFO   ] PROGRESS | Subject: PlacementHub pre-seed intro with MOHADIKAR AND ASSOCIATES
2026-06-25 11:19:04 [INFO   ] PROGRESS | Body:
2026-06-25 11:19:04 [INFO   ] PROGRESS |   Dear Sir/Madam,
2026-06-25 11:19:04 [INFO   ] PROGRESS |   I am reaching out to introduce PlacementHub and explore whether any of your investor, entrepreneur, or
2026-06-25 11:19:04 [INFO   ] PROGRESS |   HNI clients may be open to reviewing a strategic seed opportunity.
2026-06-25 11:19:04 [INFO   ] PROGRESS |   My name is Sandeep Jain. PlacementHub is currently in its pre-seed fundraising stage, and I am
2026-06-25 11:19:04 [INFO   ] PROGRESS |   soliciting strategic seed investment for the same. PlacementHub is a campus placement and employability
2026-06-25 11:19:04 [INFO   ] PROGRESS |   platform connecting students, colleges, and recruiters. The product is built and in early
2026-06-25 11:19:04 [INFO   ] PROGRESS |   commercialization.
2026-06-25 11:19:04 [INFO   ] PROGRESS |   For reference, the detailed business plan, including the business model and go-to-market strategies, is
2026-06-25 11:19:04 [INFO   ] PROGRESS |   available here:
2026-06-25 11:19:04 [INFO   ] PROGRESS |   PlacementHub Business Plan
2026-06-25 11:19:04 [INFO   ] PROGRESS |   For a Chartered Accountant firm, the relevance is mainly professional and strategic:
2026-06-25 11:19:04 [INFO   ] PROGRESS |   PlacementHub may require support across accounting, taxation, compliance, payroll, investor documentation, audit, and related professional services.
2026-06-25 11:19:04 [INFO   ] PROGRESS |   I would naturally be pleased to consider and prioritize firms that support PlacementHub during its early growth phase, subject to suitability and mutual agreement.
2026-06-25 11:19:04 [INFO   ] PROGRESS |   The relationship can begin with a simple review of the investment note and, where appropriate, introductions to suitable investor clients.
2026-06-25 11:19:04 [INFO   ] PROGRESS |   If the opportunity is worth a look, I would be happy to send the note and speak briefly about the round,
2026-06-25 11:19:04 [INFO   ] PROGRESS |   the platform, and the type of strategic investors we are looking for.
2026-06-25 11:19:04 [INFO   ] PROGRESS |   Please reply to this email or call me if you would like to explore it.
2026-06-25 11:19:04 [INFO   ] PROGRESS |   Warm Regards,
2026-06-25 11:19:04 [INFO   ] PROGRESS |   Sandeep Jain
2026-06-25 11:19:04 [INFO   ] PROGRESS |   Founder, PlacementHub
2026-06-25 11:19:04 [INFO   ] PROGRESS |   +91-9860090620
2026-06-25 11:19:04 [INFO   ] PROGRESS |   sandeepjain200019@gmail.com
2026-06-25 11:19:04 [INFO   ] PROGRESS |   Detailed Profile
2026-06-25 11:19:04 [INFO   ] PROGRESS |   Detailed Note on Funding Requirement
2026-06-25 11:19:04 [INFO   ] --------------------------------------------------------------
2026-06-25 11:19:04 [INFO   ] 
2026-06-25 11:19:04 [INFO   ] 
2026-06-25 11:19:04 [INFO   ] PROGRESS | Email preview — To: mohadikarassociates@gmail.com | Subject: PlacementHub pre-seed intro with MOHADIKAR AND ASSOCIATES
2026-06-25 11:19:06 [INFO   ] SENT (Brevo) -> mohadikarassociates@gmail.com (MOHADIKAR AND ASSOCIATES) | PlacementHub pre-seed intro with MOHADIKAR AND ASSOCIATES | messageId=<202606250549.68763700739@smtp-relay.mailin.fr> (API accepted; run audit-brevo to confirm delivery)
2026-06-25 11:19:06 [INFO   ] Sleeping for 10 seconds
2026-06-25 11:19:16 [INFO   ] PROGRESS | Send 7/50 | SENT | mohadikarassociates@gmail.com | MOHADIKAR AND ASSOCIATES [Chartered Accountants & Company Secretaries] | ok=4 fail=3 skip=0
2026-06-25 11:19:16 [INFO   ] PROGRESS | Send 8/50 | SENDING | caajaybhanushali@gmail.com | AJAY BHANUSHALI & ASSOCIATES [Chartered Accountants & Company Secretaries] | ok=4 fail=3 skip=0
2026-06-25 11:19:19 [INFO   ] --------------------------------------------------------------
2026-06-25 11:19:19 [INFO   ] PROGRESS | Email content — To: caajaybhanushali@gmail.com
2026-06-25 11:19:19 [INFO   ] PROGRESS | Subject: PlacementHub pre-seed intro with AJAY BHANUSHALI & ASSOCIATES
2026-06-25 11:19:19 [INFO   ] PROGRESS | Body:
2026-06-25 11:19:19 [INFO   ] PROGRESS |   Dear Sir/Madam,
2026-06-25 11:19:19 [INFO   ] PROGRESS |   I am reaching out to introduce PlacementHub and explore whether any of your investor, entrepreneur, or
2026-06-25 11:19:19 [INFO   ] PROGRESS |   HNI clients may be open to reviewing a strategic seed opportunity.
2026-06-25 11:19:19 [INFO   ] PROGRESS |   My name is Sandeep Jain. PlacementHub is currently in its pre-seed fundraising stage, and I am
2026-06-25 11:19:19 [INFO   ] PROGRESS |   soliciting strategic seed investment for the same. PlacementHub is a campus placement and employability
2026-06-25 11:19:19 [INFO   ] PROGRESS |   platform connecting students, colleges, and recruiters. The product is built and in early
2026-06-25 11:19:19 [INFO   ] PROGRESS |   commercialization.
2026-06-25 11:19:19 [INFO   ] PROGRESS |   For reference, the detailed business plan, including the business model and go-to-market strategies, is
2026-06-25 11:19:19 [INFO   ] PROGRESS |   available here:
2026-06-25 11:19:19 [INFO   ] PROGRESS |   PlacementHub Business Plan
2026-06-25 11:19:19 [INFO   ] PROGRESS |   For a Chartered Accountant firm, the relevance is mainly professional and strategic:
2026-06-25 11:19:19 [INFO   ] PROGRESS |   PlacementHub may require support across accounting, taxation, compliance, payroll, investor documentation, audit, and related professional services.
2026-06-25 11:19:19 [INFO   ] PROGRESS |   I would naturally be pleased to consider and prioritize firms that support PlacementHub during its early growth phase, subject to suitability and mutual agreement.
2026-06-25 11:19:19 [INFO   ] PROGRESS |   The relationship can begin with a simple review of the investment note and, where appropriate, introductions to suitable investor clients.
2026-06-25 11:19:19 [INFO   ] PROGRESS |   If the opportunity is worth a look, I would be happy to send the note and speak briefly about the round,
2026-06-25 11:19:19 [INFO   ] PROGRESS |   the platform, and the type of strategic investors we are looking for.
2026-06-25 11:19:19 [INFO   ] PROGRESS |   Please reply to this email or call me if you would like to explore it.
2026-06-25 11:19:19 [INFO   ] PROGRESS |   Warm Regards,
2026-06-25 11:19:19 [INFO   ] PROGRESS |   Sandeep Jain
2026-06-25 11:19:19 [INFO   ] PROGRESS |   Founder, PlacementHub
2026-06-25 11:19:19 [INFO   ] PROGRESS |   +91-9860090620
2026-06-25 11:19:19 [INFO   ] PROGRESS |   sandeepjain200019@gmail.com
2026-06-25 11:19:19 [INFO   ] PROGRESS |   Detailed Profile
2026-06-25 11:19:19 [INFO   ] PROGRESS |   Detailed Note on Funding Requirement
2026-06-25 11:19:19 [INFO   ] --------------------------------------------------------------
2026-06-25 11:19:19 [INFO   ] 
2026-06-25 11:19:19 [INFO   ] 
2026-06-25 11:19:19 [INFO   ] PROGRESS | Email preview — To: caajaybhanushali@gmail.com | Subject: PlacementHub pre-seed intro with AJAY BHANUSHALI & ASSOCIATES
2026-06-25 11:19:21 [INFO   ] SENT (Brevo) -> caajaybhanushali@gmail.com (AJAY BHANUSHALI & ASSOCIATES) | PlacementHub pre-seed intro with AJAY BHANUSHALI & ASSOCIATES | messageId=<202606250549.27915085154@smtp-relay.mailin.fr> (API accepted; run audit-brevo to confirm delivery)
2026-06-25 11:19:21 [INFO   ] Sleeping for 10 seconds
2026-06-25 11:19:31 [INFO   ] PROGRESS | Send 8/50 | SENT | caajaybhanushali@gmail.com | AJAY BHANUSHALI & ASSOCIATES [Chartered Accountants & Company Secretaries] | ok=5 fail=3 skip=0
2026-06-25 11:19:31 [INFO   ] PROGRESS | Send 9/50 | SENDING | support@canrt.com | N R TIBREWALA & CO LLP [Chartered Accountants & Company Secretaries] | ok=5 fail=3 skip=0
2026-06-25 11:19:37 [INFO   ] --------------------------------------------------------------
2026-06-25 11:19:37 [INFO   ] PROGRESS | Email content — To: support@canrt.com
2026-06-25 11:19:37 [INFO   ] PROGRESS | Subject: PlacementHub pre-seed intro with N R TIBREWALA & CO LLP
2026-06-25 11:19:37 [INFO   ] PROGRESS | Body:
2026-06-25 11:19:37 [INFO   ] PROGRESS |   Dear Sir/Madam,
2026-06-25 11:19:37 [INFO   ] PROGRESS |   I am reaching out to introduce PlacementHub and explore whether any of your investor, entrepreneur, or
2026-06-25 11:19:37 [INFO   ] PROGRESS |   HNI clients may be open to reviewing a strategic seed opportunity.
2026-06-25 11:19:37 [INFO   ] PROGRESS |   My name is Sandeep Jain. PlacementHub is currently in its pre-seed fundraising stage, and I am
2026-06-25 11:19:37 [INFO   ] PROGRESS |   soliciting strategic seed investment for the same. PlacementHub is a campus placement and employability
2026-06-25 11:19:37 [INFO   ] PROGRESS |   platform connecting students, colleges, and recruiters. The product is built and in early
2026-06-25 11:19:37 [INFO   ] PROGRESS |   commercialization.
2026-06-25 11:19:37 [INFO   ] PROGRESS |   For reference, the detailed business plan, including the business model and go-to-market strategies, is
2026-06-25 11:19:37 [INFO   ] PROGRESS |   available here:
2026-06-25 11:19:37 [INFO   ] PROGRESS |   PlacementHub Business Plan
2026-06-25 11:19:37 [INFO   ] PROGRESS |   For a Chartered Accountant firm, the relevance is mainly professional and strategic:
2026-06-25 11:19:37 [INFO   ] PROGRESS |   PlacementHub may require support across accounting, taxation, compliance, payroll, investor documentation, audit, and related professional services.
2026-06-25 11:19:37 [INFO   ] PROGRESS |   I would naturally be pleased to consider and prioritize firms that support PlacementHub during its early growth phase, subject to suitability and mutual agreement.
2026-06-25 11:19:37 [INFO   ] PROGRESS |   The relationship can begin with a simple review of the investment note and, where appropriate, introductions to suitable investor clients.
2026-06-25 11:19:37 [INFO   ] PROGRESS |   If the opportunity is worth a look, I would be happy to send the note and speak briefly about the round,
2026-06-25 11:19:37 [INFO   ] PROGRESS |   the platform, and the type of strategic investors we are looking for.
2026-06-25 11:19:37 [INFO   ] PROGRESS |   Please reply to this email or call me if you would like to explore it.
2026-06-25 11:19:37 [INFO   ] PROGRESS |   Warm Regards,
2026-06-25 11:19:37 [INFO   ] PROGRESS |   Sandeep Jain
2026-06-25 11:19:37 [INFO   ] PROGRESS |   Founder, PlacementHub
2026-06-25 11:19:37 [INFO   ] PROGRESS |   +91-9860090620
2026-06-25 11:19:37 [INFO   ] PROGRESS |   sandeepjain200019@gmail.com
2026-06-25 11:19:37 [INFO   ] PROGRESS |   Detailed Profile
2026-06-25 11:19:37 [INFO   ] PROGRESS |   Detailed Note on Funding Requirement
2026-06-25 11:19:37 [INFO   ] --------------------------------------------------------------
2026-06-25 11:19:37 [INFO   ] 
2026-06-25 11:19:37 [INFO   ] 
2026-06-25 11:19:37 [INFO   ] PROGRESS | Email preview — To: support@canrt.com | Subject: PlacementHub pre-seed intro with N R TIBREWALA & CO LLP
2026-06-25 11:19:38 [INFO   ] SENT (Brevo) -> support@canrt.com (N R TIBREWALA & CO LLP) | PlacementHub pre-seed intro with N R TIBREWALA & CO LLP | messageId=<202606250549.95413782818@smtp-relay.mailin.fr> (API accepted; run audit-brevo to confirm delivery)
2026-06-25 11:19:38 [INFO   ] Sleeping for 10 seconds
2026-06-25 11:19:48 [INFO   ] PROGRESS | Send 9/50 | SENT | support@canrt.com | N R TIBREWALA & CO LLP [Chartered Accountants & Company Secretaries] | ok=6 fail=3 skip=0
2026-06-25 11:19:48 [INFO   ] PROGRESS | Send 10/50 | SENDING | ramanj@bdjokhakar.com | B D JOKHAKAR & CO [Chartered Accountants & Company Secretaries] | ok=6 fail=3 skip=0
2026-06-25 11:19:51 [INFO   ] --------------------------------------------------------------
2026-06-25 11:19:51 [INFO   ] PROGRESS | Email content — To: ramanj@bdjokhakar.com
2026-06-25 11:19:51 [INFO   ] PROGRESS | Subject: PlacementHub pre-seed intro with B D JOKHAKAR & CO
2026-06-25 11:19:51 [INFO   ] PROGRESS | Body:
2026-06-25 11:19:51 [INFO   ] PROGRESS |   Dear Sir/Madam,
2026-06-25 11:19:51 [INFO   ] PROGRESS |   I am reaching out to introduce PlacementHub and explore whether any of your investor, entrepreneur, or
2026-06-25 11:19:51 [INFO   ] PROGRESS |   HNI clients may be open to reviewing a strategic seed opportunity.
2026-06-25 11:19:51 [INFO   ] PROGRESS |   My name is Sandeep Jain. PlacementHub is currently in its pre-seed fundraising stage, and I am
2026-06-25 11:19:51 [INFO   ] PROGRESS |   soliciting strategic seed investment for the same. PlacementHub is a campus placement and employability
2026-06-25 11:19:51 [INFO   ] PROGRESS |   platform connecting students, colleges, and recruiters. The product is built and in early
2026-06-25 11:19:51 [INFO   ] PROGRESS |   commercialization.
2026-06-25 11:19:51 [INFO   ] PROGRESS |   For reference, the detailed business plan, including the business model and go-to-market strategies, is
2026-06-25 11:19:51 [INFO   ] PROGRESS |   available here:
2026-06-25 11:19:51 [INFO   ] PROGRESS |   PlacementHub Business Plan
2026-06-25 11:19:51 [INFO   ] PROGRESS |   For a Chartered Accountant firm, the relevance is mainly professional and strategic:
2026-06-25 11:19:51 [INFO   ] PROGRESS |   PlacementHub may require support across accounting, taxation, compliance, payroll, investor documentation, audit, and related professional services.
2026-06-25 11:19:51 [INFO   ] PROGRESS |   I would naturally be pleased to consider and prioritize firms that support PlacementHub during its early growth phase, subject to suitability and mutual agreement.
2026-06-25 11:19:51 [INFO   ] PROGRESS |   The relationship can begin with a simple review of the investment note and, where appropriate, introductions to suitable investor clients.
2026-06-25 11:19:51 [INFO   ] PROGRESS |   If the opportunity is worth a look, I would be happy to send the note and speak briefly about the round,
2026-06-25 11:19:51 [INFO   ] PROGRESS |   the platform, and the type of strategic investors we are looking for.
2026-06-25 11:19:51 [INFO   ] PROGRESS |   Please reply to this email or call me if you would like to explore it.
2026-06-25 11:19:51 [INFO   ] PROGRESS |   Warm Regards,
2026-06-25 11:19:51 [INFO   ] PROGRESS |   Sandeep Jain
2026-06-25 11:19:51 [INFO   ] PROGRESS |   Founder, PlacementHub
2026-06-25 11:19:51 [INFO   ] PROGRESS |   +91-9860090620
2026-06-25 11:19:51 [INFO   ] PROGRESS |   sandeepjain200019@gmail.com
2026-06-25 11:19:51 [INFO   ] PROGRESS |   Detailed Profile
2026-06-25 11:19:51 [INFO   ] PROGRESS |   Detailed Note on Funding Requirement
2026-06-25 11:19:51 [INFO   ] --------------------------------------------------------------
2026-06-25 11:19:51 [INFO   ] 
2026-06-25 11:19:51 [INFO   ] 
2026-06-25 11:19:51 [INFO   ] PROGRESS | Email preview — To: ramanj@bdjokhakar.com | Subject: PlacementHub pre-seed intro with B D JOKHAKAR & CO
2026-06-25 11:19:53 [INFO   ] SENT (Brevo) -> ramanj@bdjokhakar.com (B D JOKHAKAR & CO) | PlacementHub pre-seed intro with B D JOKHAKAR & CO | messageId=<202606250549.56594216220@smtp-relay.mailin.fr> (API accepted; run audit-brevo to confirm delivery)
2026-06-25 11:19:53 [INFO   ] Sleeping for 10 seconds
2026-06-25 11:20:03 [INFO   ] PROGRESS | Send 10/50 | SENT | ramanj@bdjokhakar.com | B D JOKHAKAR & CO [Chartered Accountants & Company Secretaries] | ok=7 fail=3 skip=0
2026-06-25 11:20:03 [INFO   ] PROGRESS | Send 11/50 | SENDING | kapil.thakkar21@gmail.com | S M T & ASSOCIATES [Chartered Accountants & Company Secretaries] | ok=7 fail=3 skip=0
2026-06-25 11:20:06 [INFO   ] --------------------------------------------------------------
2026-06-25 11:20:06 [INFO   ] PROGRESS | Email content — To: kapil.thakkar21@gmail.com
2026-06-25 11:20:06 [INFO   ] PROGRESS | Subject: PlacementHub pre-seed intro with S M T & ASSOCIATES
2026-06-25 11:20:06 [INFO   ] PROGRESS | Body:
2026-06-25 11:20:06 [INFO   ] PROGRESS |   Dear Sir/Madam,
2026-06-25 11:20:06 [INFO   ] PROGRESS |   I am reaching out to introduce PlacementHub and explore whether any of your investor, entrepreneur, or
2026-06-25 11:20:06 [INFO   ] PROGRESS |   HNI clients may be open to reviewing a strategic seed opportunity.
2026-06-25 11:20:06 [INFO   ] PROGRESS |   My name is Sandeep Jain. PlacementHub is currently in its pre-seed fundraising stage, and I am
2026-06-25 11:20:06 [INFO   ] PROGRESS |   soliciting strategic seed investment for the same. PlacementHub is a campus placement and employability
2026-06-25 11:20:06 [INFO   ] PROGRESS |   platform connecting students, colleges, and recruiters. The product is built and in early
2026-06-25 11:20:06 [INFO   ] PROGRESS |   commercialization.
2026-06-25 11:20:06 [INFO   ] PROGRESS |   For reference, the detailed business plan, including the business model and go-to-market strategies, is
2026-06-25 11:20:06 [INFO   ] PROGRESS |   available here:
2026-06-25 11:20:06 [INFO   ] PROGRESS |   PlacementHub Business Plan
2026-06-25 11:20:06 [INFO   ] PROGRESS |   For a Chartered Accountant firm, the relevance is mainly professional and strategic:
2026-06-25 11:20:06 [INFO   ] PROGRESS |   PlacementHub may require support across accounting, taxation, compliance, payroll, investor documentation, audit, and related professional services.
2026-06-25 11:20:06 [INFO   ] PROGRESS |   I would naturally be pleased to consider and prioritize firms that support PlacementHub during its early growth phase, subject to suitability and mutual agreement.
2026-06-25 11:20:06 [INFO   ] PROGRESS |   The relationship can begin with a simple review of the investment note and, where appropriate, introductions to suitable investor clients.
2026-06-25 11:20:06 [INFO   ] PROGRESS |   If the opportunity is worth a look, I would be happy to send the note and speak briefly about the round,
2026-06-25 11:20:06 [INFO   ] PROGRESS |   the platform, and the type of strategic investors we are looking for.
2026-06-25 11:20:06 [INFO   ] PROGRESS |   Please reply to this email or call me if you would like to explore it.
2026-06-25 11:20:06 [INFO   ] PROGRESS |   Warm Regards,
2026-06-25 11:20:06 [INFO   ] PROGRESS |   Sandeep Jain
2026-06-25 11:20:06 [INFO   ] PROGRESS |   Founder, PlacementHub
2026-06-25 11:20:06 [INFO   ] PROGRESS |   +91-9860090620
2026-06-25 11:20:06 [INFO   ] PROGRESS |   sandeepjain200019@gmail.com
2026-06-25 11:20:06 [INFO   ] PROGRESS |   Detailed Profile
2026-06-25 11:20:06 [INFO   ] PROGRESS |   Detailed Note on Funding Requirement
2026-06-25 11:20:06 [INFO   ] --------------------------------------------------------------
2026-06-25 11:20:06 [INFO   ] 
2026-06-25 11:20:06 [INFO   ] 
2026-06-25 11:20:06 [INFO   ] PROGRESS | Email preview — To: kapil.thakkar21@gmail.com | Subject: PlacementHub pre-seed intro with S M T & ASSOCIATES
2026-06-25 11:20:07 [INFO   ] SENT (Brevo) -> kapil.thakkar21@gmail.com (S M T & ASSOCIATES) | PlacementHub pre-seed intro with S M T & ASSOCIATES | messageId=<202606250550.68098273287@smtp-relay.mailin.fr> (API accepted; run audit-brevo to confirm delivery)
2026-06-25 11:20:07 [INFO   ] Sleeping for 10 seconds
2026-06-25 11:20:17 [INFO   ] PROGRESS | Send 11/50 | SENT | kapil.thakkar21@gmail.com | S M T & ASSOCIATES [Chartered Accountants & Company Secretaries] | ok=8 fail=3 skip=0
2026-06-25 11:20:17 [INFO   ] PROGRESS | Send 12/50 | SENDING | sachinshah91@gmail.com | S K SHAH & CO [Chartered Accountants & Company Secretaries] | ok=8 fail=3 skip=0
2026-06-25 11:20:19 [INFO   ] --------------------------------------------------------------
2026-06-25 11:20:19 [INFO   ] PROGRESS | Email content — To: sachinshah91@gmail.com
2026-06-25 11:20:19 [INFO   ] PROGRESS | Subject: PlacementHub pre-seed intro with S K SHAH & CO
2026-06-25 11:20:19 [INFO   ] PROGRESS | Body:
2026-06-25 11:20:19 [INFO   ] PROGRESS |   Dear Sir/Madam,
2026-06-25 11:20:19 [INFO   ] PROGRESS |   I am reaching out to introduce PlacementHub and explore whether any of your investor, entrepreneur, or
2026-06-25 11:20:19 [INFO   ] PROGRESS |   HNI clients may be open to reviewing a strategic seed opportunity.
2026-06-25 11:20:19 [INFO   ] PROGRESS |   My name is Sandeep Jain. PlacementHub is currently in its pre-seed fundraising stage, and I am
2026-06-25 11:20:19 [INFO   ] PROGRESS |   soliciting strategic seed investment for the same. PlacementHub is a campus placement and employability
2026-06-25 11:20:19 [INFO   ] PROGRESS |   platform connecting students, colleges, and recruiters. The product is built and in early
2026-06-25 11:20:19 [INFO   ] PROGRESS |   commercialization.
2026-06-25 11:20:19 [INFO   ] PROGRESS |   For reference, the detailed business plan, including the business model and go-to-market strategies, is
2026-06-25 11:20:19 [INFO   ] PROGRESS |   available here:
2026-06-25 11:20:19 [INFO   ] PROGRESS |   PlacementHub Business Plan
2026-06-25 11:20:19 [INFO   ] PROGRESS |   For a Chartered Accountant firm, the relevance is mainly professional and strategic:
2026-06-25 11:20:19 [INFO   ] PROGRESS |   PlacementHub may require support across accounting, taxation, compliance, payroll, investor documentation, audit, and related professional services.
2026-06-25 11:20:19 [INFO   ] PROGRESS |   I would naturally be pleased to consider and prioritize firms that support PlacementHub during its early growth phase, subject to suitability and mutual agreement.
2026-06-25 11:20:19 [INFO   ] PROGRESS |   The relationship can begin with a simple review of the investment note and, where appropriate, introductions to suitable investor clients.
2026-06-25 11:20:19 [INFO   ] PROGRESS |   If the opportunity is worth a look, I would be happy to send the note and speak briefly about the round,
2026-06-25 11:20:19 [INFO   ] PROGRESS |   the platform, and the type of strategic investors we are looking for.
2026-06-25 11:20:19 [INFO   ] PROGRESS |   Please reply to this email or call me if you would like to explore it.
2026-06-25 11:20:19 [INFO   ] PROGRESS |   Warm Regards,
2026-06-25 11:20:19 [INFO   ] PROGRESS |   Sandeep Jain
2026-06-25 11:20:19 [INFO   ] PROGRESS |   Founder, PlacementHub
2026-06-25 11:20:19 [INFO   ] PROGRESS |   +91-9860090620
2026-06-25 11:20:19 [INFO   ] PROGRESS |   sandeepjain200019@gmail.com
2026-06-25 11:20:19 [INFO   ] PROGRESS |   Detailed Profile
2026-06-25 11:20:19 [INFO   ] PROGRESS |   Detailed Note on Funding Requirement
2026-06-25 11:20:19 [INFO   ] --------------------------------------------------------------
2026-06-25 11:20:19 [INFO   ] 
2026-06-25 11:20:19 [INFO   ] 
2026-06-25 11:20:19 [INFO   ] PROGRESS | Email preview — To: sachinshah91@gmail.com | Subject: PlacementHub pre-seed intro with S K SHAH & CO
2026-06-25 11:20:20 [INFO   ] SENT (Brevo) -> sachinshah91@gmail.com (S K SHAH & CO) | PlacementHub pre-seed intro with S K SHAH & CO | messageId=<202606250550.99208125007@smtp-relay.mailin.fr> (API accepted; run audit-brevo to confirm delivery)
2026-06-25 11:20:20 [INFO   ] Sleeping for 10 seconds
2026-06-25 11:20:30 [INFO   ] PROGRESS | Send 12/50 | SENT | sachinshah91@gmail.com | S K SHAH & CO [Chartered Accountants & Company Secretaries] | ok=9 fail=3 skip=0
2026-06-25 11:20:30 [INFO   ] PROGRESS | Send 13/50 | SENDING | ukumashankar6@gmail.com | J M M K & CO [Chartered Accountants & Company Secretaries] | ok=9 fail=3 skip=0
2026-06-25 11:20:33 [INFO   ] --------------------------------------------------------------
2026-06-25 11:20:33 [INFO   ] PROGRESS | Email content — To: ukumashankar6@gmail.com
2026-06-25 11:20:33 [INFO   ] PROGRESS | Subject: PlacementHub pre-seed intro with J M M K & CO
2026-06-25 11:20:33 [INFO   ] PROGRESS | Body:
2026-06-25 11:20:33 [INFO   ] PROGRESS |   Dear Sir/Madam,
2026-06-25 11:20:33 [INFO   ] PROGRESS |   I am reaching out to introduce PlacementHub and explore whether any of your investor, entrepreneur, or
2026-06-25 11:20:33 [INFO   ] PROGRESS |   HNI clients may be open to reviewing a strategic seed opportunity.
2026-06-25 11:20:33 [INFO   ] PROGRESS |   My name is Sandeep Jain. PlacementHub is currently in its pre-seed fundraising stage, and I am
2026-06-25 11:20:33 [INFO   ] PROGRESS |   soliciting strategic seed investment for the same. PlacementHub is a campus placement and employability
2026-06-25 11:20:33 [INFO   ] PROGRESS |   platform connecting students, colleges, and recruiters. The product is built and in early
2026-06-25 11:20:33 [INFO   ] PROGRESS |   commercialization.
2026-06-25 11:20:33 [INFO   ] PROGRESS |   For reference, the detailed business plan, including the business model and go-to-market strategies, is
2026-06-25 11:20:33 [INFO   ] PROGRESS |   available here:
2026-06-25 11:20:33 [INFO   ] PROGRESS |   PlacementHub Business Plan
2026-06-25 11:20:33 [INFO   ] PROGRESS |   For a Chartered Accountant firm, the relevance is mainly professional and strategic:
2026-06-25 11:20:33 [INFO   ] PROGRESS |   PlacementHub may require support across accounting, taxation, compliance, payroll, investor documentation, audit, and related professional services.
2026-06-25 11:20:33 [INFO   ] PROGRESS |   I would naturally be pleased to consider and prioritize firms that support PlacementHub during its early growth phase, subject to suitability and mutual agreement.
2026-06-25 11:20:33 [INFO   ] PROGRESS |   The relationship can begin with a simple review of the investment note and, where appropriate, introductions to suitable investor clients.
2026-06-25 11:20:33 [INFO   ] PROGRESS |   If the opportunity is worth a look, I would be happy to send the note and speak briefly about the round,
2026-06-25 11:20:33 [INFO   ] PROGRESS |   the platform, and the type of strategic investors we are looking for.
2026-06-25 11:20:33 [INFO   ] PROGRESS |   Please reply to this email or call me if you would like to explore it.
2026-06-25 11:20:33 [INFO   ] PROGRESS |   Warm Regards,
2026-06-25 11:20:33 [INFO   ] PROGRESS |   Sandeep Jain
2026-06-25 11:20:33 [INFO   ] PROGRESS |   Founder, PlacementHub
2026-06-25 11:20:33 [INFO   ] PROGRESS |   +91-9860090620
2026-06-25 11:20:33 [INFO   ] PROGRESS |   sandeepjain200019@gmail.com
2026-06-25 11:20:33 [INFO   ] PROGRESS |   Detailed Profile
2026-06-25 11:20:33 [INFO   ] PROGRESS |   Detailed Note on Funding Requirement
2026-06-25 11:20:33 [INFO   ] --------------------------------------------------------------
2026-06-25 11:20:33 [INFO   ] 
2026-06-25 11:20:33 [INFO   ] 
2026-06-25 11:20:33 [INFO   ] PROGRESS | Email preview — To: ukumashankar6@gmail.com | Subject: PlacementHub pre-seed intro with J M M K & CO
2026-06-25 11:20:34 [INFO   ] SENT (Brevo) -> ukumashankar6@gmail.com (J M M K & CO) | PlacementHub pre-seed intro with J M M K & CO | messageId=<202606250550.99236972420@smtp-relay.mailin.fr> (API accepted; run audit-brevo to confirm delivery)
2026-06-25 11:20:34 [INFO   ] Sleeping for 10 seconds
2026-06-25 11:20:44 [INFO   ] PROGRESS | Send 13/50 | SENT | ukumashankar6@gmail.com | J M M K & CO [Chartered Accountants & Company Secretaries] | ok=10 fail=3 skip=0
2026-06-25 11:20:44 [INFO   ] PROGRESS | Send 14/50 | SENDING | kvparekh_co@yahoo.co.in | KISHOR V PAREKH & CO [Chartered Accountants & Company Secretaries] | ok=10 fail=3 skip=0
2026-06-25 11:20:46 [INFO   ] --------------------------------------------------------------
2026-06-25 11:20:46 [INFO   ] PROGRESS | Email content — To: kvparekh_co@yahoo.co.in
2026-06-25 11:20:46 [INFO   ] PROGRESS | Subject: PlacementHub pre-seed intro with KISHOR V PAREKH & CO
2026-06-25 11:20:46 [INFO   ] PROGRESS | Body:
2026-06-25 11:20:46 [INFO   ] PROGRESS |   Dear Sir/Madam,
2026-06-25 11:20:46 [INFO   ] PROGRESS |   I am reaching out to introduce PlacementHub and explore whether any of your investor, entrepreneur, or
2026-06-25 11:20:46 [INFO   ] PROGRESS |   HNI clients may be open to reviewing a strategic seed opportunity.
2026-06-25 11:20:46 [INFO   ] PROGRESS |   My name is Sandeep Jain. PlacementHub is currently in its pre-seed fundraising stage, and I am
2026-06-25 11:20:46 [INFO   ] PROGRESS |   soliciting strategic seed investment for the same. PlacementHub is a campus placement and employability
2026-06-25 11:20:46 [INFO   ] PROGRESS |   platform connecting students, colleges, and recruiters. The product is built and in early
2026-06-25 11:20:46 [INFO   ] PROGRESS |   commercialization.
2026-06-25 11:20:46 [INFO   ] PROGRESS |   For reference, the detailed business plan, including the business model and go-to-market strategies, is
2026-06-25 11:20:46 [INFO   ] PROGRESS |   available here:
2026-06-25 11:20:46 [INFO   ] PROGRESS |   PlacementHub Business Plan
2026-06-25 11:20:46 [INFO   ] PROGRESS |   For a Chartered Accountant firm, the relevance is mainly professional and strategic:
2026-06-25 11:20:46 [INFO   ] PROGRESS |   PlacementHub may require support across accounting, taxation, compliance, payroll, investor documentation, audit, and related professional services.
2026-06-25 11:20:46 [INFO   ] PROGRESS |   I would naturally be pleased to consider and prioritize firms that support PlacementHub during its early growth phase, subject to suitability and mutual agreement.
2026-06-25 11:20:46 [INFO   ] PROGRESS |   The relationship can begin with a simple review of the investment note and, where appropriate, introductions to suitable investor clients.
2026-06-25 11:20:46 [INFO   ] PROGRESS |   If the opportunity is worth a look, I would be happy to send the note and speak briefly about the round,
2026-06-25 11:20:46 [INFO   ] PROGRESS |   the platform, and the type of strategic investors we are looking for.
2026-06-25 11:20:46 [INFO   ] PROGRESS |   Please reply to this email or call me if you would like to explore it.
2026-06-25 11:20:46 [INFO   ] PROGRESS |   Warm Regards,
2026-06-25 11:20:46 [INFO   ] PROGRESS |   Sandeep Jain
2026-06-25 11:20:46 [INFO   ] PROGRESS |   Founder, PlacementHub
2026-06-25 11:20:46 [INFO   ] PROGRESS |   +91-9860090620
2026-06-25 11:20:46 [INFO   ] PROGRESS |   sandeepjain200019@gmail.com
2026-06-25 11:20:46 [INFO   ] PROGRESS |   Detailed Profile
2026-06-25 11:20:46 [INFO   ] PROGRESS |   Detailed Note on Funding Requirement
2026-06-25 11:20:46 [INFO   ] --------------------------------------------------------------
2026-06-25 11:20:46 [INFO   ] 
2026-06-25 11:20:46 [INFO   ] 
2026-06-25 11:20:46 [INFO   ] PROGRESS | Email preview — To: kvparekh_co@yahoo.co.in | Subject: PlacementHub pre-seed intro with KISHOR V PAREKH & CO
2026-06-25 11:20:47 [INFO   ] SENT (Brevo) -> kvparekh_co@yahoo.co.in (KISHOR V PAREKH & CO) | PlacementHub pre-seed intro with KISHOR V PAREKH & CO | messageId=<202606250550.27412963144@smtp-relay.mailin.fr> (API accepted; run audit-brevo to confirm delivery)
2026-06-25 11:20:47 [INFO   ] Sleeping for 10 seconds
2026-06-25 11:20:57 [INFO   ] PROGRESS | Send 14/50 | SENT | kvparekh_co@yahoo.co.in | KISHOR V PAREKH & CO [Chartered Accountants & Company Secretaries] | ok=11 fail=3 skip=0
2026-06-25 11:20:57 [INFO   ] PROGRESS | Send 15/50 | SENDING | saurabhmane99@gmail.com | S S M G & ASSOCIATES LLP [Chartered Accountants & Company Secretaries] | ok=11 fail=3 skip=0
2026-06-25 11:21:06 [INFO   ] --------------------------------------------------------------
2026-06-25 11:21:06 [INFO   ] PROGRESS | Email content — To: saurabhmane99@gmail.com
2026-06-25 11:21:06 [INFO   ] PROGRESS | Subject: PlacementHub pre-seed intro with S S M G & ASSOCIATES LLP
2026-06-25 11:21:06 [INFO   ] PROGRESS | Body:
2026-06-25 11:21:06 [INFO   ] PROGRESS |   Dear Sir/Madam,
2026-06-25 11:21:06 [INFO   ] PROGRESS |   I am reaching out to introduce PlacementHub and explore whether any of your investor, entrepreneur, or
2026-06-25 11:21:06 [INFO   ] PROGRESS |   HNI clients may be open to reviewing a strategic seed opportunity.
2026-06-25 11:21:06 [INFO   ] PROGRESS |   My name is Sandeep Jain. PlacementHub is currently in its pre-seed fundraising stage, and I am
2026-06-25 11:21:06 [INFO   ] PROGRESS |   soliciting strategic seed investment for the same. PlacementHub is a campus placement and employability
2026-06-25 11:21:06 [INFO   ] PROGRESS |   platform connecting students, colleges, and recruiters. The product is built and in early
2026-06-25 11:21:06 [INFO   ] PROGRESS |   commercialization.
2026-06-25 11:21:06 [INFO   ] PROGRESS |   For reference, the detailed business plan, including the business model and go-to-market strategies, is
2026-06-25 11:21:06 [INFO   ] PROGRESS |   available here:
2026-06-25 11:21:06 [INFO   ] PROGRESS |   PlacementHub Business Plan
2026-06-25 11:21:06 [INFO   ] PROGRESS |   For a Chartered Accountant firm, the relevance is mainly professional and strategic:
2026-06-25 11:21:06 [INFO   ] PROGRESS |   PlacementHub may require support across accounting, taxation, compliance, payroll, investor documentation, audit, and related professional services.
2026-06-25 11:21:06 [INFO   ] PROGRESS |   I would naturally be pleased to consider and prioritize firms that support PlacementHub during its early growth phase, subject to suitability and mutual agreement.
2026-06-25 11:21:06 [INFO   ] PROGRESS |   The relationship can begin with a simple review of the investment note and, where appropriate, introductions to suitable investor clients.
2026-06-25 11:21:06 [INFO   ] PROGRESS |   If the opportunity is worth a look, I would be happy to send the note and speak briefly about the round,
2026-06-25 11:21:06 [INFO   ] PROGRESS |   the platform, and the type of strategic investors we are looking for.
2026-06-25 11:21:06 [INFO   ] PROGRESS |   Please reply to this email or call me if you would like to explore it.
2026-06-25 11:21:06 [INFO   ] PROGRESS |   Warm Regards,
2026-06-25 11:21:06 [INFO   ] PROGRESS |   Sandeep Jain
2026-06-25 11:21:06 [INFO   ] PROGRESS |   Founder, PlacementHub
2026-06-25 11:21:06 [INFO   ] PROGRESS |   +91-9860090620
2026-06-25 11:21:06 [INFO   ] PROGRESS |   sandeepjain200019@gmail.com
2026-06-25 11:21:06 [INFO   ] PROGRESS |   Detailed Profile
2026-06-25 11:21:06 [INFO   ] PROGRESS |   Detailed Note on Funding Requirement
2026-06-25 11:21:06 [INFO   ] --------------------------------------------------------------
2026-06-25 11:21:06 [INFO   ] 
2026-06-25 11:21:06 [INFO   ] 
2026-06-25 11:21:06 [INFO   ] PROGRESS | Email preview — To: saurabhmane99@gmail.com | Subject: PlacementHub pre-seed intro with S S M G & ASSOCIATES LLP
2026-06-25 11:21:07 [INFO   ] SENT (Brevo) -> saurabhmane99@gmail.com (S S M G & ASSOCIATES LLP) | PlacementHub pre-seed intro with S S M G & ASSOCIATES LLP | messageId=<202606250551.95028363595@smtp-relay.mailin.fr> (API accepted; run audit-brevo to confirm delivery)
2026-06-25 11:21:07 [INFO   ] Sleeping for 10 seconds
2026-06-25 11:21:17 [INFO   ] PROGRESS | Send 15/50 | SENT | saurabhmane99@gmail.com | S S M G & ASSOCIATES LLP [Chartered Accountants & Company Secretaries] | ok=12 fail=3 skip=0
2026-06-25 11:21:17 [INFO   ] PROGRESS | Send 16/50 | SENDING | casankitporwal@gmail.com | S A PORWAL & ASSOCIATES [Chartered Accountants & Company Secretaries] | ok=12 fail=3 skip=0
2026-06-25 11:21:27 [INFO   ] --------------------------------------------------------------
2026-06-25 11:21:27 [INFO   ] PROGRESS | Email content — To: casankitporwal@gmail.com
2026-06-25 11:21:27 [INFO   ] PROGRESS | Subject: PlacementHub pre-seed intro with S A PORWAL & ASSOCIATES
2026-06-25 11:21:27 [INFO   ] PROGRESS | Body:
2026-06-25 11:21:27 [INFO   ] PROGRESS |   Dear Sir/Madam,
2026-06-25 11:21:27 [INFO   ] PROGRESS |   I am reaching out to introduce PlacementHub and explore whether any of your investor, entrepreneur, or
2026-06-25 11:21:27 [INFO   ] PROGRESS |   HNI clients may be open to reviewing a strategic seed opportunity.
2026-06-25 11:21:27 [INFO   ] PROGRESS |   My name is Sandeep Jain. PlacementHub is currently in its pre-seed fundraising stage, and I am
2026-06-25 11:21:27 [INFO   ] PROGRESS |   soliciting strategic seed investment for the same. PlacementHub is a campus placement and employability
2026-06-25 11:21:27 [INFO   ] PROGRESS |   platform connecting students, colleges, and recruiters. The product is built and in early
2026-06-25 11:21:27 [INFO   ] PROGRESS |   commercialization.
2026-06-25 11:21:27 [INFO   ] PROGRESS |   For reference, the detailed business plan, including the business model and go-to-market strategies, is
2026-06-25 11:21:27 [INFO   ] PROGRESS |   available here:
2026-06-25 11:21:27 [INFO   ] PROGRESS |   PlacementHub Business Plan
2026-06-25 11:21:27 [INFO   ] PROGRESS |   For a Chartered Accountant firm, the relevance is mainly professional and strategic:
2026-06-25 11:21:27 [INFO   ] PROGRESS |   PlacementHub may require support across accounting, taxation, compliance, payroll, investor documentation, audit, and related professional services.
2026-06-25 11:21:27 [INFO   ] PROGRESS |   I would naturally be pleased to consider and prioritize firms that support PlacementHub during its early growth phase, subject to suitability and mutual agreement.
2026-06-25 11:21:28 [INFO   ] PROGRESS |   The relationship can begin with a simple review of the investment note and, where appropriate, introductions to suitable investor clients.
2026-06-25 11:21:28 [INFO   ] PROGRESS |   If the opportunity is worth a look, I would be happy to send the note and speak briefly about the round,
2026-06-25 11:21:28 [INFO   ] PROGRESS |   the platform, and the type of strategic investors we are looking for.
2026-06-25 11:21:28 [INFO   ] PROGRESS |   Please reply to this email or call me if you would like to explore it.
2026-06-25 11:21:28 [INFO   ] PROGRESS |   Warm Regards,
2026-06-25 11:21:28 [INFO   ] PROGRESS |   Sandeep Jain
2026-06-25 11:21:28 [INFO   ] PROGRESS |   Founder, PlacementHub
2026-06-25 11:21:28 [INFO   ] PROGRESS |   +91-9860090620
2026-06-25 11:21:28 [INFO   ] PROGRESS |   sandeepjain200019@gmail.com
2026-06-25 11:21:28 [INFO   ] PROGRESS |   Detailed Profile
2026-06-25 11:21:28 [INFO   ] PROGRESS |   Detailed Note on Funding Requirement
2026-06-25 11:21:28 [INFO   ] --------------------------------------------------------------
2026-06-25 11:21:28 [INFO   ] 
2026-06-25 11:21:28 [INFO   ] 
2026-06-25 11:21:28 [INFO   ] PROGRESS | Email preview — To: casankitporwal@gmail.com | Subject: PlacementHub pre-seed intro with S A PORWAL & ASSOCIATES
2026-06-25 11:21:28 [INFO   ] SENT (Brevo) -> casankitporwal@gmail.com (S A PORWAL & ASSOCIATES) | PlacementHub pre-seed intro with S A PORWAL & ASSOCIATES | messageId=<202606250551.56599263190@smtp-relay.mailin.fr> (API accepted; run audit-brevo to confirm delivery)
2026-06-25 11:21:28 [INFO   ] Sleeping for 10 seconds
2026-06-25 11:21:38 [INFO   ] PROGRESS | Send 16/50 | SENT | casankitporwal@gmail.com | S A PORWAL & ASSOCIATES [Chartered Accountants & Company Secretaries] | ok=13 fail=3 skip=0
2026-06-25 11:21:38 [INFO   ] PROGRESS | Send 17/50 | SENDING | prakashkings@icai.org | PRAKASH RAVATALE & ASSOCIATES [Chartered Accountants & Company Secretaries] | ok=13 fail=3 skip=0
2026-06-25 11:21:44 [INFO   ] --------------------------------------------------------------
2026-06-25 11:21:44 [INFO   ] PROGRESS | Email content — To: prakashkings@icai.org
2026-06-25 11:21:44 [INFO   ] PROGRESS | Subject: PlacementHub pre-seed intro with PRAKASH RAVATALE & ASSOCIATES
2026-06-25 11:21:44 [INFO   ] PROGRESS | Body:
2026-06-25 11:21:44 [INFO   ] PROGRESS |   Dear Sir/Madam,
2026-06-25 11:21:44 [INFO   ] PROGRESS |   I am reaching out to introduce PlacementHub and explore whether any of your investor, entrepreneur, or
2026-06-25 11:21:44 [INFO   ] PROGRESS |   HNI clients may be open to reviewing a strategic seed opportunity.
2026-06-25 11:21:44 [INFO   ] PROGRESS |   My name is Sandeep Jain. PlacementHub is currently in its pre-seed fundraising stage, and I am
2026-06-25 11:21:44 [INFO   ] PROGRESS |   soliciting strategic seed investment for the same. PlacementHub is a campus placement and employability
2026-06-25 11:21:44 [INFO   ] PROGRESS |   platform connecting students, colleges, and recruiters. The product is built and in early
2026-06-25 11:21:44 [INFO   ] PROGRESS |   commercialization.
2026-06-25 11:21:44 [INFO   ] PROGRESS |   For reference, the detailed business plan, including the business model and go-to-market strategies, is
2026-06-25 11:21:44 [INFO   ] PROGRESS |   available here:
2026-06-25 11:21:44 [INFO   ] PROGRESS |   PlacementHub Business Plan
2026-06-25 11:21:44 [INFO   ] PROGRESS |   For a Chartered Accountant firm, the relevance is mainly professional and strategic:
2026-06-25 11:21:44 [INFO   ] PROGRESS |   PlacementHub may require support across accounting, taxation, compliance, payroll, investor documentation, audit, and related professional services.
2026-06-25 11:21:44 [INFO   ] PROGRESS |   I would naturally be pleased to consider and prioritize firms that support PlacementHub during its early growth phase, subject to suitability and mutual agreement.
2026-06-25 11:21:44 [INFO   ] PROGRESS |   The relationship can begin with a simple review of the investment note and, where appropriate, introductions to suitable investor clients.
2026-06-25 11:21:44 [INFO   ] PROGRESS |   If the opportunity is worth a look, I would be happy to send the note and speak briefly about the round,
2026-06-25 11:21:44 [INFO   ] PROGRESS |   the platform, and the type of strategic investors we are looking for.
2026-06-25 11:21:44 [INFO   ] PROGRESS |   Please reply to this email or call me if you would like to explore it.
2026-06-25 11:21:44 [INFO   ] PROGRESS |   Warm Regards,
2026-06-25 11:21:44 [INFO   ] PROGRESS |   Sandeep Jain
2026-06-25 11:21:44 [INFO   ] PROGRESS |   Founder, PlacementHub
2026-06-25 11:21:44 [INFO   ] PROGRESS |   +91-9860090620
2026-06-25 11:21:44 [INFO   ] PROGRESS |   sandeepjain200019@gmail.com
2026-06-25 11:21:44 [INFO   ] PROGRESS |   Detailed Profile
2026-06-25 11:21:44 [INFO   ] PROGRESS |   Detailed Note on Funding Requirement
2026-06-25 11:21:44 [INFO   ] --------------------------------------------------------------
2026-06-25 11:21:44 [INFO   ] 
2026-06-25 11:21:44 [INFO   ] 
2026-06-25 11:21:44 [INFO   ] PROGRESS | Email preview — To: prakashkings@icai.org | Subject: PlacementHub pre-seed intro with PRAKASH RAVATALE & ASSOCIATES
2026-06-25 11:21:45 [INFO   ] SENT (Brevo) -> prakashkings@icai.org (PRAKASH RAVATALE & ASSOCIATES) | PlacementHub pre-seed intro with PRAKASH RAVATALE & ASSOCIATES | messageId=<202606250551.99237836130@smtp-relay.mailin.fr> (API accepted; run audit-brevo to confirm delivery)
2026-06-25 11:21:45 [INFO   ] Sleeping for 10 seconds
2026-06-25 11:21:55 [INFO   ] PROGRESS | Send 17/50 | SENT | prakashkings@icai.org | PRAKASH RAVATALE & ASSOCIATES [Chartered Accountants & Company Secretaries] | ok=14 fail=3 skip=0
2026-06-25 11:21:55 [INFO   ] PROGRESS | Send 18/50 | SENDING | bcparekh.co@gmail.com | B C PAREKH & CO [Chartered Accountants & Company Secretaries] | ok=14 fail=3 skip=0
2026-06-25 11:21:57 [INFO   ] --------------------------------------------------------------
2026-06-25 11:21:57 [INFO   ] PROGRESS | Email content — To: bcparekh.co@gmail.com
2026-06-25 11:21:57 [INFO   ] PROGRESS | Subject: PlacementHub pre-seed intro with B C PAREKH & CO
2026-06-25 11:21:57 [INFO   ] PROGRESS | Body:
2026-06-25 11:21:57 [INFO   ] PROGRESS |   Dear Sir/Madam,
2026-06-25 11:21:57 [INFO   ] PROGRESS |   I am reaching out to introduce PlacementHub and explore whether any of your investor, entrepreneur, or
2026-06-25 11:21:57 [INFO   ] PROGRESS |   HNI clients may be open to reviewing a strategic seed opportunity.
2026-06-25 11:21:57 [INFO   ] PROGRESS |   My name is Sandeep Jain. PlacementHub is currently in its pre-seed fundraising stage, and I am
2026-06-25 11:21:57 [INFO   ] PROGRESS |   soliciting strategic seed investment for the same. PlacementHub is a campus placement and employability
2026-06-25 11:21:57 [INFO   ] PROGRESS |   platform connecting students, colleges, and recruiters. The product is built and in early
2026-06-25 11:21:57 [INFO   ] PROGRESS |   commercialization.
2026-06-25 11:21:57 [INFO   ] PROGRESS |   For reference, the detailed business plan, including the business model and go-to-market strategies, is
2026-06-25 11:21:57 [INFO   ] PROGRESS |   available here:
2026-06-25 11:21:57 [INFO   ] PROGRESS |   PlacementHub Business Plan
2026-06-25 11:21:57 [INFO   ] PROGRESS |   For a Chartered Accountant firm, the relevance is mainly professional and strategic:
2026-06-25 11:21:57 [INFO   ] PROGRESS |   PlacementHub may require support across accounting, taxation, compliance, payroll, investor documentation, audit, and related professional services.
2026-06-25 11:21:57 [INFO   ] PROGRESS |   I would naturally be pleased to consider and prioritize firms that support PlacementHub during its early growth phase, subject to suitability and mutual agreement.
2026-06-25 11:21:57 [INFO   ] PROGRESS |   The relationship can begin with a simple review of the investment note and, where appropriate, introductions to suitable investor clients.
2026-06-25 11:21:57 [INFO   ] PROGRESS |   If the opportunity is worth a look, I would be happy to send the note and speak briefly about the round,
2026-06-25 11:21:57 [INFO   ] PROGRESS |   the platform, and the type of strategic investors we are looking for.
2026-06-25 11:21:57 [INFO   ] PROGRESS |   Please reply to this email or call me if you would like to explore it.
2026-06-25 11:21:57 [INFO   ] PROGRESS |   Warm Regards,
2026-06-25 11:21:57 [INFO   ] PROGRESS |   Sandeep Jain
2026-06-25 11:21:57 [INFO   ] PROGRESS |   Founder, PlacementHub
2026-06-25 11:21:57 [INFO   ] PROGRESS |   +91-9860090620
2026-06-25 11:21:57 [INFO   ] PROGRESS |   sandeepjain200019@gmail.com
2026-06-25 11:21:57 [INFO   ] PROGRESS |   Detailed Profile
2026-06-25 11:21:57 [INFO   ] PROGRESS |   Detailed Note on Funding Requirement
2026-06-25 11:21:57 [INFO   ] --------------------------------------------------------------
2026-06-25 11:21:57 [INFO   ] 
2026-06-25 11:21:57 [INFO   ] 
2026-06-25 11:21:57 [INFO   ] PROGRESS | Email preview — To: bcparekh.co@gmail.com | Subject: PlacementHub pre-seed intro with B C PAREKH & CO
2026-06-25 11:21:58 [INFO   ] SENT (Brevo) -> bcparekh.co@gmail.com (B C PAREKH & CO) | PlacementHub pre-seed intro with B C PAREKH & CO | messageId=<202606250551.94630294274@smtp-relay.mailin.fr> (API accepted; run audit-brevo to confirm delivery)
2026-06-25 11:21:58 [INFO   ] Sleeping for 10 seconds
2026-06-25 11:22:08 [INFO   ] PROGRESS | Send 18/50 | SENT | bcparekh.co@gmail.com | B C PAREKH & CO [Chartered Accountants & Company Secretaries] | ok=15 fail=3 skip=0
2026-06-25 11:22:08 [INFO   ] PROGRESS | Send 19/50 | SENDING | santoshthanvi@gmail.com | S N THANVI & ASSOCIATES [Chartered Accountants & Company Secretaries] | ok=15 fail=3 skip=0
2026-06-25 11:22:11 [INFO   ] --------------------------------------------------------------
2026-06-25 11:22:11 [INFO   ] PROGRESS | Email content — To: santoshthanvi@gmail.com
2026-06-25 11:22:11 [INFO   ] PROGRESS | Subject: PlacementHub pre-seed intro with S N THANVI & ASSOCIATES
2026-06-25 11:22:11 [INFO   ] PROGRESS | Body:
2026-06-25 11:22:11 [INFO   ] PROGRESS |   Dear Sir/Madam,
2026-06-25 11:22:11 [INFO   ] PROGRESS |   I am reaching out to introduce PlacementHub and explore whether any of your investor, entrepreneur, or
2026-06-25 11:22:11 [INFO   ] PROGRESS |   HNI clients may be open to reviewing a strategic seed opportunity.
2026-06-25 11:22:11 [INFO   ] PROGRESS |   My name is Sandeep Jain. PlacementHub is currently in its pre-seed fundraising stage, and I am
2026-06-25 11:22:11 [INFO   ] PROGRESS |   soliciting strategic seed investment for the same. PlacementHub is a campus placement and employability
2026-06-25 11:22:11 [INFO   ] PROGRESS |   platform connecting students, colleges, and recruiters. The product is built and in early
2026-06-25 11:22:11 [INFO   ] PROGRESS |   commercialization.
2026-06-25 11:22:11 [INFO   ] PROGRESS |   For reference, the detailed business plan, including the business model and go-to-market strategies, is
2026-06-25 11:22:11 [INFO   ] PROGRESS |   available here:
2026-06-25 11:22:11 [INFO   ] PROGRESS |   PlacementHub Business Plan
2026-06-25 11:22:11 [INFO   ] PROGRESS |   For a Chartered Accountant firm, the relevance is mainly professional and strategic:
2026-06-25 11:22:11 [INFO   ] PROGRESS |   PlacementHub may require support across accounting, taxation, compliance, payroll, investor documentation, audit, and related professional services.
2026-06-25 11:22:11 [INFO   ] PROGRESS |   I would naturally be pleased to consider and prioritize firms that support PlacementHub during its early growth phase, subject to suitability and mutual agreement.
2026-06-25 11:22:11 [INFO   ] PROGRESS |   The relationship can begin with a simple review of the investment note and, where appropriate, introductions to suitable investor clients.
2026-06-25 11:22:11 [INFO   ] PROGRESS |   If the opportunity is worth a look, I would be happy to send the note and speak briefly about the round,
2026-06-25 11:22:11 [INFO   ] PROGRESS |   the platform, and the type of strategic investors we are looking for.
2026-06-25 11:22:11 [INFO   ] PROGRESS |   Please reply to this email or call me if you would like to explore it.
2026-06-25 11:22:11 [INFO   ] PROGRESS |   Warm Regards,
2026-06-25 11:22:11 [INFO   ] PROGRESS |   Sandeep Jain
2026-06-25 11:22:11 [INFO   ] PROGRESS |   Founder, PlacementHub
2026-06-25 11:22:11 [INFO   ] PROGRESS |   +91-9860090620
2026-06-25 11:22:11 [INFO   ] PROGRESS |   sandeepjain200019@gmail.com
2026-06-25 11:22:11 [INFO   ] PROGRESS |   Detailed Profile
2026-06-25 11:22:11 [INFO   ] PROGRESS |   Detailed Note on Funding Requirement
2026-06-25 11:22:11 [INFO   ] --------------------------------------------------------------
2026-06-25 11:22:11 [INFO   ] 
2026-06-25 11:22:11 [INFO   ] 
2026-06-25 11:22:11 [INFO   ] PROGRESS | Email preview — To: santoshthanvi@gmail.com | Subject: PlacementHub pre-seed intro with S N THANVI & ASSOCIATES
2026-06-25 11:22:12 [INFO   ] SENT (Brevo) -> santoshthanvi@gmail.com (S N THANVI & ASSOCIATES) | PlacementHub pre-seed intro with S N THANVI & ASSOCIATES | messageId=<202606250552.56345435582@smtp-relay.mailin.fr> (API accepted; run audit-brevo to confirm delivery)
2026-06-25 11:22:12 [INFO   ] Sleeping for 10 seconds
2026-06-25 11:22:22 [INFO   ] PROGRESS | Send 19/50 | SENT | santoshthanvi@gmail.com | S N THANVI & ASSOCIATES [Chartered Accountants & Company Secretaries] | ok=16 fail=3 skip=0
2026-06-25 11:22:22 [INFO   ] PROGRESS | Send 20/50 | SENDING | nilesh1902@gmail.com | NILESH J SHAH & ASSOCIATES [Chartered Accountants & Company Secretaries] | ok=16 fail=3 skip=0
2026-06-25 11:22:27 [INFO   ] --------------------------------------------------------------
2026-06-25 11:22:27 [INFO   ] PROGRESS | Email content — To: nilesh1902@gmail.com
2026-06-25 11:22:27 [INFO   ] PROGRESS | Subject: PlacementHub pre-seed intro with NILESH J SHAH & ASSOCIATES
2026-06-25 11:22:27 [INFO   ] PROGRESS | Body:
2026-06-25 11:22:27 [INFO   ] PROGRESS |   Dear Sir/Madam,
2026-06-25 11:22:27 [INFO   ] PROGRESS |   I am reaching out to introduce PlacementHub and explore whether any of your investor, entrepreneur, or
2026-06-25 11:22:27 [INFO   ] PROGRESS |   HNI clients may be open to reviewing a strategic seed opportunity.
2026-06-25 11:22:27 [INFO   ] PROGRESS |   My name is Sandeep Jain. PlacementHub is currently in its pre-seed fundraising stage, and I am
2026-06-25 11:22:27 [INFO   ] PROGRESS |   soliciting strategic seed investment for the same. PlacementHub is a campus placement and employability
2026-06-25 11:22:27 [INFO   ] PROGRESS |   platform connecting students, colleges, and recruiters. The product is built and in early
2026-06-25 11:22:27 [INFO   ] PROGRESS |   commercialization.
2026-06-25 11:22:27 [INFO   ] PROGRESS |   For reference, the detailed business plan, including the business model and go-to-market strategies, is
2026-06-25 11:22:27 [INFO   ] PROGRESS |   available here:
2026-06-25 11:22:27 [INFO   ] PROGRESS |   PlacementHub Business Plan
2026-06-25 11:22:27 [INFO   ] PROGRESS |   For a Chartered Accountant firm, the relevance is mainly professional and strategic:
2026-06-25 11:22:27 [INFO   ] PROGRESS |   PlacementHub may require support across accounting, taxation, compliance, payroll, investor documentation, audit, and related professional services.
2026-06-25 11:22:27 [INFO   ] PROGRESS |   I would naturally be pleased to consider and prioritize firms that support PlacementHub during its early growth phase, subject to suitability and mutual agreement.
2026-06-25 11:22:27 [INFO   ] PROGRESS |   The relationship can begin with a simple review of the investment note and, where appropriate, introductions to suitable investor clients.
2026-06-25 11:22:27 [INFO   ] PROGRESS |   If the opportunity is worth a look, I would be happy to send the note and speak briefly about the round,
2026-06-25 11:22:27 [INFO   ] PROGRESS |   the platform, and the type of strategic investors we are looking for.
2026-06-25 11:22:27 [INFO   ] PROGRESS |   Please reply to this email or call me if you would like to explore it.
2026-06-25 11:22:27 [INFO   ] PROGRESS |   Warm Regards,
2026-06-25 11:22:27 [INFO   ] PROGRESS |   Sandeep Jain
2026-06-25 11:22:27 [INFO   ] PROGRESS |   Founder, PlacementHub
2026-06-25 11:22:27 [INFO   ] PROGRESS |   +91-9860090620
2026-06-25 11:22:27 [INFO   ] PROGRESS |   sandeepjain200019@gmail.com
2026-06-25 11:22:27 [INFO   ] PROGRESS |   Detailed Profile
2026-06-25 11:22:27 [INFO   ] PROGRESS |   Detailed Note on Funding Requirement
2026-06-25 11:22:27 [INFO   ] --------------------------------------------------------------
2026-06-25 11:22:27 [INFO   ] 
2026-06-25 11:22:27 [INFO   ] 
2026-06-25 11:22:27 [INFO   ] PROGRESS | Email preview — To: nilesh1902@gmail.com | Subject: PlacementHub pre-seed intro with NILESH J SHAH & ASSOCIATES
2026-06-25 11:22:28 [INFO   ] SENT (Brevo) -> nilesh1902@gmail.com (NILESH J SHAH & ASSOCIATES) | PlacementHub pre-seed intro with NILESH J SHAH & ASSOCIATES | messageId=<202606250552.47834664132@smtp-relay.mailin.fr> (API accepted; run audit-brevo to confirm delivery)
2026-06-25 11:22:28 [INFO   ] Sleeping for 10 seconds
2026-06-25 11:22:38 [INFO   ] PROGRESS | Send 20/50 | SENT | nilesh1902@gmail.com | NILESH J SHAH & ASSOCIATES [Chartered Accountants & Company Secretaries] | ok=17 fail=3 skip=0
2026-06-25 11:22:38 [INFO   ] PROGRESS | Send 21/50 | SENDING | deepalica@gmail.com | DIPALI SHETYE & ASSOCIATES [Chartered Accountants & Company Secretaries] | ok=17 fail=3 skip=0
2026-06-25 11:22:52 [INFO   ] --------------------------------------------------------------
2026-06-25 11:22:52 [INFO   ] PROGRESS | Email content — To: deepalica@gmail.com
2026-06-25 11:22:52 [INFO   ] PROGRESS | Subject: PlacementHub pre-seed intro with DIPALI SHETYE & ASSOCIATES
2026-06-25 11:22:52 [INFO   ] PROGRESS | Body:
2026-06-25 11:22:52 [INFO   ] PROGRESS |   Dear Sir/Madam,
2026-06-25 11:22:52 [INFO   ] PROGRESS |   I am reaching out to introduce PlacementHub and explore whether any of your investor, entrepreneur, or
2026-06-25 11:22:52 [INFO   ] PROGRESS |   HNI clients may be open to reviewing a strategic seed opportunity.
2026-06-25 11:22:52 [INFO   ] PROGRESS |   My name is Sandeep Jain. PlacementHub is currently in its pre-seed fundraising stage, and I am
2026-06-25 11:22:52 [INFO   ] PROGRESS |   soliciting strategic seed investment for the same. PlacementHub is a campus placement and employability
2026-06-25 11:22:52 [INFO   ] PROGRESS |   platform connecting students, colleges, and recruiters. The product is built and in early
2026-06-25 11:22:52 [INFO   ] PROGRESS |   commercialization.
2026-06-25 11:22:52 [INFO   ] PROGRESS |   For reference, the detailed business plan, including the business model and go-to-market strategies, is
2026-06-25 11:22:52 [INFO   ] PROGRESS |   available here:
2026-06-25 11:22:52 [INFO   ] PROGRESS |   PlacementHub Business Plan
2026-06-25 11:22:52 [INFO   ] PROGRESS |   For a Chartered Accountant firm, the relevance is mainly professional and strategic:
2026-06-25 11:22:52 [INFO   ] PROGRESS |   PlacementHub may require support across accounting, taxation, compliance, payroll, investor documentation, audit, and related professional services.
2026-06-25 11:22:52 [INFO   ] PROGRESS |   I would naturally be pleased to consider and prioritize firms that support PlacementHub during its early growth phase, subject to suitability and mutual agreement.
2026-06-25 11:22:52 [INFO   ] PROGRESS |   The relationship can begin with a simple review of the investment note and, where appropriate, introductions to suitable investor clients.
2026-06-25 11:22:52 [INFO   ] PROGRESS |   If the opportunity is worth a look, I would be happy to send the note and speak briefly about the round,
2026-06-25 11:22:52 [INFO   ] PROGRESS |   the platform, and the type of strategic investors we are looking for.
2026-06-25 11:22:52 [INFO   ] PROGRESS |   Please reply to this email or call me if you would like to explore it.
2026-06-25 11:22:52 [INFO   ] PROGRESS |   Warm Regards,
2026-06-25 11:22:52 [INFO   ] PROGRESS |   Sandeep Jain
2026-06-25 11:22:52 [INFO   ] PROGRESS |   Founder, PlacementHub
2026-06-25 11:22:52 [INFO   ] PROGRESS |   +91-9860090620
2026-06-25 11:22:52 [INFO   ] PROGRESS |   sandeepjain200019@gmail.com
2026-06-25 11:22:52 [INFO   ] PROGRESS |   Detailed Profile
2026-06-25 11:22:52 [INFO   ] PROGRESS |   Detailed Note on Funding Requirement
2026-06-25 11:22:52 [INFO   ] --------------------------------------------------------------
2026-06-25 11:22:52 [INFO   ] 
2026-06-25 11:22:52 [INFO   ] 
2026-06-25 11:22:52 [INFO   ] PROGRESS | Email preview — To: deepalica@gmail.com | Subject: PlacementHub pre-seed intro with DIPALI SHETYE & ASSOCIATES
2026-06-25 11:22:53 [INFO   ] SENT (Brevo) -> deepalica@gmail.com (DIPALI SHETYE & ASSOCIATES) | PlacementHub pre-seed intro with DIPALI SHETYE & ASSOCIATES | messageId=<202606250552.33911403327@smtp-relay.mailin.fr> (API accepted; run audit-brevo to confirm delivery)
2026-06-25 11:22:53 [INFO   ] Sleeping for 10 seconds
2026-06-25 11:23:03 [INFO   ] PROGRESS | Send 21/50 | SENT | deepalica@gmail.com | DIPALI SHETYE & ASSOCIATES [Chartered Accountants & Company Secretaries] | ok=18 fail=3 skip=0
2026-06-25 11:23:03 [INFO   ] PROGRESS | Send 22/50 | SENDING | uttam@uttamcorporate.com | Uttam Abuwala Ghosh & Associates [Chartered Accountants & Company Secretaries] | ok=18 fail=3 skip=0
2026-06-25 11:23:06 [INFO   ] --------------------------------------------------------------
2026-06-25 11:23:06 [INFO   ] PROGRESS | Email content — To: uttam@uttamcorporate.com
2026-06-25 11:23:06 [INFO   ] PROGRESS | Subject: PlacementHub pre-seed intro with Uttam Abuwala Ghosh & Associates
2026-06-25 11:23:06 [INFO   ] PROGRESS | Body:
2026-06-25 11:23:06 [INFO   ] PROGRESS |   Dear Sir/Madam,
2026-06-25 11:23:06 [INFO   ] PROGRESS |   I am reaching out to introduce PlacementHub and explore whether any of your investor, entrepreneur, or
2026-06-25 11:23:06 [INFO   ] PROGRESS |   HNI clients may be open to reviewing a strategic seed opportunity.
2026-06-25 11:23:06 [INFO   ] PROGRESS |   My name is Sandeep Jain. PlacementHub is currently in its pre-seed fundraising stage, and I am
2026-06-25 11:23:06 [INFO   ] PROGRESS |   soliciting strategic seed investment for the same. PlacementHub is a campus placement and employability
2026-06-25 11:23:06 [INFO   ] PROGRESS |   platform connecting students, colleges, and recruiters. The product is built and in early
2026-06-25 11:23:06 [INFO   ] PROGRESS |   commercialization.
2026-06-25 11:23:06 [INFO   ] PROGRESS |   For reference, the detailed business plan, including the business model and go-to-market strategies, is
2026-06-25 11:23:06 [INFO   ] PROGRESS |   available here:
2026-06-25 11:23:06 [INFO   ] PROGRESS |   PlacementHub Business Plan
2026-06-25 11:23:06 [INFO   ] PROGRESS |   For a Chartered Accountant firm, the relevance is mainly professional and strategic:
2026-06-25 11:23:06 [INFO   ] PROGRESS |   PlacementHub may require support across accounting, taxation, compliance, payroll, investor documentation, audit, and related professional services.
2026-06-25 11:23:06 [INFO   ] PROGRESS |   I would naturally be pleased to consider and prioritize firms that support PlacementHub during its early growth phase, subject to suitability and mutual agreement.
2026-06-25 11:23:06 [INFO   ] PROGRESS |   The relationship can begin with a simple review of the investment note and, where appropriate, introductions to suitable investor clients.
2026-06-25 11:23:06 [INFO   ] PROGRESS |   If the opportunity is worth a look, I would be happy to send the note and speak briefly about the round,
2026-06-25 11:23:06 [INFO   ] PROGRESS |   the platform, and the type of strategic investors we are looking for.
2026-06-25 11:23:06 [INFO   ] PROGRESS |   Please reply to this email or call me if you would like to explore it.
2026-06-25 11:23:06 [INFO   ] PROGRESS |   Warm Regards,
2026-06-25 11:23:06 [INFO   ] PROGRESS |   Sandeep Jain
2026-06-25 11:23:06 [INFO   ] PROGRESS |   Founder, PlacementHub
2026-06-25 11:23:06 [INFO   ] PROGRESS |   +91-9860090620
2026-06-25 11:23:06 [INFO   ] PROGRESS |   sandeepjain200019@gmail.com
2026-06-25 11:23:06 [INFO   ] PROGRESS |   Detailed Profile
2026-06-25 11:23:06 [INFO   ] PROGRESS |   Detailed Note on Funding Requirement
2026-06-25 11:23:06 [INFO   ] --------------------------------------------------------------
2026-06-25 11:23:06 [INFO   ] 
2026-06-25 11:23:06 [INFO   ] 
2026-06-25 11:23:06 [INFO   ] PROGRESS | Email preview — To: uttam@uttamcorporate.com | Subject: PlacementHub pre-seed intro with Uttam Abuwala Ghosh & Associates
2026-06-25 11:23:07 [INFO   ] SENT (Brevo) -> uttam@uttamcorporate.com (Uttam Abuwala Ghosh & Associates) | PlacementHub pre-seed intro with Uttam Abuwala Ghosh & Associates | messageId=<202606250553.87307000387@smtp-relay.mailin.fr> (API accepted; run audit-brevo to confirm delivery)
2026-06-25 11:23:07 [INFO   ] Sleeping for 10 seconds
2026-06-25 11:23:17 [INFO   ] PROGRESS | Send 22/50 | SENT | uttam@uttamcorporate.com | Uttam Abuwala Ghosh & Associates [Chartered Accountants & Company Secretaries] | ok=19 fail=3 skip=0
2026-06-25 11:23:17 [INFO   ] PROGRESS | Send 23/50 | SENDING | mail@pareshrakesh.in | PARESH RAKESH & ASSOCIATES LLP [Chartered Accountants & Company Secretaries] | ok=19 fail=3 skip=0
2026-06-25 11:23:20 [INFO   ] --------------------------------------------------------------
2026-06-25 11:23:20 [INFO   ] PROGRESS | Email content — To: mail@pareshrakesh.in
2026-06-25 11:23:20 [INFO   ] PROGRESS | Subject: PlacementHub pre-seed intro with PARESH RAKESH & ASSOCIATES LLP
2026-06-25 11:23:20 [INFO   ] PROGRESS | Body:
2026-06-25 11:23:20 [INFO   ] PROGRESS |   Dear Sir/Madam,
2026-06-25 11:23:20 [INFO   ] PROGRESS |   I am reaching out to introduce PlacementHub and explore whether any of your investor, entrepreneur, or
2026-06-25 11:23:20 [INFO   ] PROGRESS |   HNI clients may be open to reviewing a strategic seed opportunity.
2026-06-25 11:23:20 [INFO   ] PROGRESS |   My name is Sandeep Jain. PlacementHub is currently in its pre-seed fundraising stage, and I am
2026-06-25 11:23:20 [INFO   ] PROGRESS |   soliciting strategic seed investment for the same. PlacementHub is a campus placement and employability
2026-06-25 11:23:20 [INFO   ] PROGRESS |   platform connecting students, colleges, and recruiters. The product is built and in early
2026-06-25 11:23:20 [INFO   ] PROGRESS |   commercialization.
2026-06-25 11:23:20 [INFO   ] PROGRESS |   For reference, the detailed business plan, including the business model and go-to-market strategies, is
2026-06-25 11:23:20 [INFO   ] PROGRESS |   available here:
2026-06-25 11:23:20 [INFO   ] PROGRESS |   PlacementHub Business Plan
2026-06-25 11:23:20 [INFO   ] PROGRESS |   For a Chartered Accountant firm, the relevance is mainly professional and strategic:
2026-06-25 11:23:20 [INFO   ] PROGRESS |   PlacementHub may require support across accounting, taxation, compliance, payroll, investor documentation, audit, and related professional services.
2026-06-25 11:23:20 [INFO   ] PROGRESS |   I would naturally be pleased to consider and prioritize firms that support PlacementHub during its early growth phase, subject to suitability and mutual agreement.
2026-06-25 11:23:20 [INFO   ] PROGRESS |   The relationship can begin with a simple review of the investment note and, where appropriate, introductions to suitable investor clients.
2026-06-25 11:23:20 [INFO   ] PROGRESS |   If the opportunity is worth a look, I would be happy to send the note and speak briefly about the round,
2026-06-25 11:23:20 [INFO   ] PROGRESS |   the platform, and the type of strategic investors we are looking for.
2026-06-25 11:23:20 [INFO   ] PROGRESS |   Please reply to this email or call me if you would like to explore it.
2026-06-25 11:23:20 [INFO   ] PROGRESS |   Warm Regards,
2026-06-25 11:23:20 [INFO   ] PROGRESS |   Sandeep Jain
2026-06-25 11:23:20 [INFO   ] PROGRESS |   Founder, PlacementHub
2026-06-25 11:23:20 [INFO   ] PROGRESS |   +91-9860090620
2026-06-25 11:23:20 [INFO   ] PROGRESS |   sandeepjain200019@gmail.com
2026-06-25 11:23:20 [INFO   ] PROGRESS |   Detailed Profile
2026-06-25 11:23:20 [INFO   ] PROGRESS |   Detailed Note on Funding Requirement
2026-06-25 11:23:20 [INFO   ] --------------------------------------------------------------
2026-06-25 11:23:20 [INFO   ] 
2026-06-25 11:23:20 [INFO   ] 
2026-06-25 11:23:20 [INFO   ] PROGRESS | Email preview — To: mail@pareshrakesh.in | Subject: PlacementHub pre-seed intro with PARESH RAKESH & ASSOCIATES LLP
2026-06-25 11:23:21 [INFO   ] SENT (Brevo) -> mail@pareshrakesh.in (PARESH RAKESH & ASSOCIATES LLP) | PlacementHub pre-seed intro with PARESH RAKESH & ASSOCIATES LLP | messageId=<202606250553.20999914984@smtp-relay.mailin.fr> (API accepted; run audit-brevo to confirm delivery)
2026-06-25 11:23:21 [INFO   ] Sleeping for 10 seconds
2026-06-25 11:23:31 [INFO   ] PROGRESS | Send 23/50 | SENT | mail@pareshrakesh.in | PARESH RAKESH & ASSOCIATES LLP [Chartered Accountants & Company Secretaries] | ok=20 fail=3 skip=0
2026-06-25 11:23:31 [INFO   ] PROGRESS | Send 24/50 | SENDING | sanjaysingh.ssco@gmail.com | SANJAY SINGH & CO [Chartered Accountants & Company Secretaries] | ok=20 fail=3 skip=0
2026-06-25 11:23:35 [INFO   ] --------------------------------------------------------------
2026-06-25 11:23:35 [INFO   ] PROGRESS | Email content — To: sanjaysingh.ssco@gmail.com
2026-06-25 11:23:35 [INFO   ] PROGRESS | Subject: PlacementHub pre-seed intro with SANJAY SINGH & CO
2026-06-25 11:23:35 [INFO   ] PROGRESS | Body:
2026-06-25 11:23:35 [INFO   ] PROGRESS |   Dear Sir/Madam,
2026-06-25 11:23:35 [INFO   ] PROGRESS |   I am reaching out to introduce PlacementHub and explore whether any of your investor, entrepreneur, or
2026-06-25 11:23:35 [INFO   ] PROGRESS |   HNI clients may be open to reviewing a strategic seed opportunity.
2026-06-25 11:23:35 [INFO   ] PROGRESS |   My name is Sandeep Jain. PlacementHub is currently in its pre-seed fundraising stage, and I am
2026-06-25 11:23:35 [INFO   ] PROGRESS |   soliciting strategic seed investment for the same. PlacementHub is a campus placement and employability
2026-06-25 11:23:35 [INFO   ] PROGRESS |   platform connecting students, colleges, and recruiters. The product is built and in early
2026-06-25 11:23:35 [INFO   ] PROGRESS |   commercialization.
2026-06-25 11:23:35 [INFO   ] PROGRESS |   For reference, the detailed business plan, including the business model and go-to-market strategies, is
2026-06-25 11:23:35 [INFO   ] PROGRESS |   available here:
2026-06-25 11:23:35 [INFO   ] PROGRESS |   PlacementHub Business Plan
2026-06-25 11:23:35 [INFO   ] PROGRESS |   For a Chartered Accountant firm, the relevance is mainly professional and strategic:
2026-06-25 11:23:35 [INFO   ] PROGRESS |   PlacementHub may require support across accounting, taxation, compliance, payroll, investor documentation, audit, and related professional services.
2026-06-25 11:23:35 [INFO   ] PROGRESS |   I would naturally be pleased to consider and prioritize firms that support PlacementHub during its early growth phase, subject to suitability and mutual agreement.
2026-06-25 11:23:35 [INFO   ] PROGRESS |   The relationship can begin with a simple review of the investment note and, where appropriate, introductions to suitable investor clients.
2026-06-25 11:23:35 [INFO   ] PROGRESS |   If the opportunity is worth a look, I would be happy to send the note and speak briefly about the round,
2026-06-25 11:23:35 [INFO   ] PROGRESS |   the platform, and the type of strategic investors we are looking for.
2026-06-25 11:23:35 [INFO   ] PROGRESS |   Please reply to this email or call me if you would like to explore it.
2026-06-25 11:23:35 [INFO   ] PROGRESS |   Warm Regards,
2026-06-25 11:23:35 [INFO   ] PROGRESS |   Sandeep Jain
2026-06-25 11:23:35 [INFO   ] PROGRESS |   Founder, PlacementHub
2026-06-25 11:23:35 [INFO   ] PROGRESS |   +91-9860090620
2026-06-25 11:23:35 [INFO   ] PROGRESS |   sandeepjain200019@gmail.com
2026-06-25 11:23:35 [INFO   ] PROGRESS |   Detailed Profile
2026-06-25 11:23:35 [INFO   ] PROGRESS |   Detailed Note on Funding Requirement
2026-06-25 11:23:35 [INFO   ] --------------------------------------------------------------
2026-06-25 11:23:35 [INFO   ] 
2026-06-25 11:23:35 [INFO   ] 
2026-06-25 11:23:35 [INFO   ] PROGRESS | Email preview — To: sanjaysingh.ssco@gmail.com | Subject: PlacementHub pre-seed intro with SANJAY SINGH & CO
2026-06-25 11:23:36 [INFO   ] SENT (Brevo) -> sanjaysingh.ssco@gmail.com (SANJAY SINGH & CO) | PlacementHub pre-seed intro with SANJAY SINGH & CO | messageId=<202606250553.44874271134@smtp-relay.mailin.fr> (API accepted; run audit-brevo to confirm delivery)
2026-06-25 11:23:36 [INFO   ] Sleeping for 10 seconds
2026-06-25 11:23:46 [INFO   ] PROGRESS | Send 24/50 | SENT | sanjaysingh.ssco@gmail.com | SANJAY SINGH & CO [Chartered Accountants & Company Secretaries] | ok=21 fail=3 skip=0
2026-06-25 11:23:46 [INFO   ] PROGRESS | Send 25/50 | SENDING | jcardozo2812@gmail.com | JULIUS CARDOZO & CO [Chartered Accountants & Company Secretaries] | ok=21 fail=3 skip=0
2026-06-25 11:23:49 [INFO   ] --------------------------------------------------------------
2026-06-25 11:23:49 [INFO   ] PROGRESS | Email content — To: jcardozo2812@gmail.com
2026-06-25 11:23:49 [INFO   ] PROGRESS | Subject: PlacementHub pre-seed intro with JULIUS CARDOZO & CO
2026-06-25 11:23:49 [INFO   ] PROGRESS | Body:
2026-06-25 11:23:49 [INFO   ] PROGRESS |   Dear Sir/Madam,
2026-06-25 11:23:49 [INFO   ] PROGRESS |   I am reaching out to introduce PlacementHub and explore whether any of your investor, entrepreneur, or
2026-06-25 11:23:49 [INFO   ] PROGRESS |   HNI clients may be open to reviewing a strategic seed opportunity.
2026-06-25 11:23:49 [INFO   ] PROGRESS |   My name is Sandeep Jain. PlacementHub is currently in its pre-seed fundraising stage, and I am
2026-06-25 11:23:49 [INFO   ] PROGRESS |   soliciting strategic seed investment for the same. PlacementHub is a campus placement and employability
2026-06-25 11:23:49 [INFO   ] PROGRESS |   platform connecting students, colleges, and recruiters. The product is built and in early
2026-06-25 11:23:49 [INFO   ] PROGRESS |   commercialization.
2026-06-25 11:23:49 [INFO   ] PROGRESS |   For reference, the detailed business plan, including the business model and go-to-market strategies, is
2026-06-25 11:23:49 [INFO   ] PROGRESS |   available here:
2026-06-25 11:23:49 [INFO   ] PROGRESS |   PlacementHub Business Plan
2026-06-25 11:23:49 [INFO   ] PROGRESS |   For a Chartered Accountant firm, the relevance is mainly professional and strategic:
2026-06-25 11:23:49 [INFO   ] PROGRESS |   PlacementHub may require support across accounting, taxation, compliance, payroll, investor documentation, audit, and related professional services.
2026-06-25 11:23:49 [INFO   ] PROGRESS |   I would naturally be pleased to consider and prioritize firms that support PlacementHub during its early growth phase, subject to suitability and mutual agreement.
2026-06-25 11:23:49 [INFO   ] PROGRESS |   The relationship can begin with a simple review of the investment note and, where appropriate, introductions to suitable investor clients.
2026-06-25 11:23:49 [INFO   ] PROGRESS |   If the opportunity is worth a look, I would be happy to send the note and speak briefly about the round,
2026-06-25 11:23:49 [INFO   ] PROGRESS |   the platform, and the type of strategic investors we are looking for.
2026-06-25 11:23:49 [INFO   ] PROGRESS |   Please reply to this email or call me if you would like to explore it.
2026-06-25 11:23:49 [INFO   ] PROGRESS |   Warm Regards,
2026-06-25 11:23:49 [INFO   ] PROGRESS |   Sandeep Jain
2026-06-25 11:23:49 [INFO   ] PROGRESS |   Founder, PlacementHub
2026-06-25 11:23:49 [INFO   ] PROGRESS |   +91-9860090620
2026-06-25 11:23:49 [INFO   ] PROGRESS |   sandeepjain200019@gmail.com
2026-06-25 11:23:49 [INFO   ] PROGRESS |   Detailed Profile
2026-06-25 11:23:49 [INFO   ] PROGRESS |   Detailed Note on Funding Requirement
2026-06-25 11:23:49 [INFO   ] --------------------------------------------------------------
2026-06-25 11:23:49 [INFO   ] 
2026-06-25 11:23:49 [INFO   ] 
2026-06-25 11:23:49 [INFO   ] PROGRESS | Email preview — To: jcardozo2812@gmail.com | Subject: PlacementHub pre-seed intro with JULIUS CARDOZO & CO
2026-06-25 11:23:50 [INFO   ] SENT (Brevo) -> jcardozo2812@gmail.com (JULIUS CARDOZO & CO) | PlacementHub pre-seed intro with JULIUS CARDOZO & CO | messageId=<202606250553.95259853141@smtp-relay.mailin.fr> (API accepted; run audit-brevo to confirm delivery)
2026-06-25 11:23:50 [INFO   ] Sleeping for 10 seconds
2026-06-25 11:24:00 [INFO   ] PROGRESS | Send 25/50 | SENT | jcardozo2812@gmail.com | JULIUS CARDOZO & CO [Chartered Accountants & Company Secretaries] | ok=22 fail=3 skip=0
2026-06-25 11:24:00 [INFO   ] PROGRESS | Send 26/50 | SENDING | subratnayak0303@gmail.com | SUBRAT NAYAK & ASSOCIATES [Chartered Accountants & Company Secretaries] | ok=22 fail=3 skip=0
2026-06-25 11:24:09 [INFO   ] --------------------------------------------------------------
2026-06-25 11:24:09 [INFO   ] PROGRESS | Email content — To: subratnayak0303@gmail.com
2026-06-25 11:24:09 [INFO   ] PROGRESS | Subject: PlacementHub pre-seed intro with SUBRAT NAYAK & ASSOCIATES
2026-06-25 11:24:09 [INFO   ] PROGRESS | Body:
2026-06-25 11:24:09 [INFO   ] PROGRESS |   Dear Sir/Madam,
2026-06-25 11:24:09 [INFO   ] PROGRESS |   I am reaching out to introduce PlacementHub and explore whether any of your investor, entrepreneur, or
2026-06-25 11:24:09 [INFO   ] PROGRESS |   HNI clients may be open to reviewing a strategic seed opportunity.
2026-06-25 11:24:09 [INFO   ] PROGRESS |   My name is Sandeep Jain. PlacementHub is currently in its pre-seed fundraising stage, and I am
2026-06-25 11:24:09 [INFO   ] PROGRESS |   soliciting strategic seed investment for the same. PlacementHub is a campus placement and employability
2026-06-25 11:24:09 [INFO   ] PROGRESS |   platform connecting students, colleges, and recruiters. The product is built and in early
2026-06-25 11:24:09 [INFO   ] PROGRESS |   commercialization.
2026-06-25 11:24:09 [INFO   ] PROGRESS |   For reference, the detailed business plan, including the business model and go-to-market strategies, is
2026-06-25 11:24:09 [INFO   ] PROGRESS |   available here:
2026-06-25 11:24:09 [INFO   ] PROGRESS |   PlacementHub Business Plan
2026-06-25 11:24:09 [INFO   ] PROGRESS |   For a Chartered Accountant firm, the relevance is mainly professional and strategic:
2026-06-25 11:24:09 [INFO   ] PROGRESS |   PlacementHub may require support across accounting, taxation, compliance, payroll, investor documentation, audit, and related professional services.
2026-06-25 11:24:09 [INFO   ] PROGRESS |   I would naturally be pleased to consider and prioritize firms that support PlacementHub during its early growth phase, subject to suitability and mutual agreement.
2026-06-25 11:24:09 [INFO   ] PROGRESS |   The relationship can begin with a simple review of the investment note and, where appropriate, introductions to suitable investor clients.
2026-06-25 11:24:09 [INFO   ] PROGRESS |   If the opportunity is worth a look, I would be happy to send the note and speak briefly about the round,
2026-06-25 11:24:09 [INFO   ] PROGRESS |   the platform, and the type of strategic investors we are looking for.
2026-06-25 11:24:09 [INFO   ] PROGRESS |   Please reply to this email or call me if you would like to explore it.
2026-06-25 11:24:09 [INFO   ] PROGRESS |   Warm Regards,
2026-06-25 11:24:09 [INFO   ] PROGRESS |   Sandeep Jain
2026-06-25 11:24:09 [INFO   ] PROGRESS |   Founder, PlacementHub
2026-06-25 11:24:09 [INFO   ] PROGRESS |   +91-9860090620
2026-06-25 11:24:09 [INFO   ] PROGRESS |   sandeepjain200019@gmail.com
2026-06-25 11:24:09 [INFO   ] PROGRESS |   Detailed Profile
2026-06-25 11:24:09 [INFO   ] PROGRESS |   Detailed Note on Funding Requirement
2026-06-25 11:24:09 [INFO   ] --------------------------------------------------------------
2026-06-25 11:24:09 [INFO   ] 
2026-06-25 11:24:09 [INFO   ] 
2026-06-25 11:24:09 [INFO   ] PROGRESS | Email preview — To: subratnayak0303@gmail.com | Subject: PlacementHub pre-seed intro with SUBRAT NAYAK & ASSOCIATES
2026-06-25 11:24:10 [INFO   ] SENT (Brevo) -> subratnayak0303@gmail.com (SUBRAT NAYAK & ASSOCIATES) | PlacementHub pre-seed intro with SUBRAT NAYAK & ASSOCIATES | messageId=<202606250554.97384933545@smtp-relay.mailin.fr> (API accepted; run audit-brevo to confirm delivery)
2026-06-25 11:24:10 [INFO   ] Sleeping for 10 seconds
2026-06-25 11:24:20 [INFO   ] PROGRESS | Send 26/50 | SENT | subratnayak0303@gmail.com | SUBRAT NAYAK & ASSOCIATES [Chartered Accountants & Company Secretaries] | ok=23 fail=3 skip=0
2026-06-25 11:24:20 [INFO   ] PROGRESS | Send 27/50 | SENDING | parikhjainassociates@gmail.com | M J P T & CO LLP [Chartered Accountants & Company Secretaries] | ok=23 fail=3 skip=0
2026-06-25 11:24:27 [INFO   ] --------------------------------------------------------------
2026-06-25 11:24:27 [INFO   ] PROGRESS | Email content — To: parikhjainassociates@gmail.com
2026-06-25 11:24:27 [INFO   ] PROGRESS | Subject: PlacementHub pre-seed intro with M J P T & CO LLP
2026-06-25 11:24:27 [INFO   ] PROGRESS | Body:
2026-06-25 11:24:27 [INFO   ] PROGRESS |   Dear Sir/Madam,
2026-06-25 11:24:27 [INFO   ] PROGRESS |   I am reaching out to introduce PlacementHub and explore whether any of your investor, entrepreneur, or
2026-06-25 11:24:27 [INFO   ] PROGRESS |   HNI clients may be open to reviewing a strategic seed opportunity.
2026-06-25 11:24:27 [INFO   ] PROGRESS |   My name is Sandeep Jain. PlacementHub is currently in its pre-seed fundraising stage, and I am
2026-06-25 11:24:27 [INFO   ] PROGRESS |   soliciting strategic seed investment for the same. PlacementHub is a campus placement and employability
2026-06-25 11:24:27 [INFO   ] PROGRESS |   platform connecting students, colleges, and recruiters. The product is built and in early
2026-06-25 11:24:27 [INFO   ] PROGRESS |   commercialization.
2026-06-25 11:24:27 [INFO   ] PROGRESS |   For reference, the detailed business plan, including the business model and go-to-market strategies, is
2026-06-25 11:24:27 [INFO   ] PROGRESS |   available here:
2026-06-25 11:24:27 [INFO   ] PROGRESS |   PlacementHub Business Plan
2026-06-25 11:24:27 [INFO   ] PROGRESS |   For a Chartered Accountant firm, the relevance is mainly professional and strategic:
2026-06-25 11:24:27 [INFO   ] PROGRESS |   PlacementHub may require support across accounting, taxation, compliance, payroll, investor documentation, audit, and related professional services.
2026-06-25 11:24:27 [INFO   ] PROGRESS |   I would naturally be pleased to consider and prioritize firms that support PlacementHub during its early growth phase, subject to suitability and mutual agreement.
2026-06-25 11:24:27 [INFO   ] PROGRESS |   The relationship can begin with a simple review of the investment note and, where appropriate, introductions to suitable investor clients.
2026-06-25 11:24:27 [INFO   ] PROGRESS |   If the opportunity is worth a look, I would be happy to send the note and speak briefly about the round,
2026-06-25 11:24:27 [INFO   ] PROGRESS |   the platform, and the type of strategic investors we are looking for.
2026-06-25 11:24:27 [INFO   ] PROGRESS |   Please reply to this email or call me if you would like to explore it.
2026-06-25 11:24:27 [INFO   ] PROGRESS |   Warm Regards,
2026-06-25 11:24:27 [INFO   ] PROGRESS |   Sandeep Jain
2026-06-25 11:24:27 [INFO   ] PROGRESS |   Founder, PlacementHub
2026-06-25 11:24:27 [INFO   ] PROGRESS |   +91-9860090620
2026-06-25 11:24:27 [INFO   ] PROGRESS |   sandeepjain200019@gmail.com
2026-06-25 11:24:27 [INFO   ] PROGRESS |   Detailed Profile
2026-06-25 11:24:27 [INFO   ] PROGRESS |   Detailed Note on Funding Requirement
2026-06-25 11:24:27 [INFO   ] --------------------------------------------------------------
2026-06-25 11:24:27 [INFO   ] 
2026-06-25 11:24:27 [INFO   ] 
2026-06-25 11:24:27 [INFO   ] PROGRESS | Email preview — To: parikhjainassociates@gmail.com | Subject: PlacementHub pre-seed intro with M J P T & CO LLP
2026-06-25 11:24:28 [INFO   ] SENT (Brevo) -> parikhjainassociates@gmail.com (M J P T & CO LLP) | PlacementHub pre-seed intro with M J P T & CO LLP | messageId=<202606250554.37252586016@smtp-relay.mailin.fr> (API accepted; run audit-brevo to confirm delivery)
2026-06-25 11:24:28 [INFO   ] Sleeping for 10 seconds
2026-06-25 11:24:38 [INFO   ] PROGRESS | Send 27/50 | SENT | parikhjainassociates@gmail.com | M J P T & CO LLP [Chartered Accountants & Company Secretaries] | ok=24 fail=3 skip=0
2026-06-25 11:24:38 [INFO   ] PROGRESS | Send 28/50 | SENDING | vijaygarg25@gmail.com | VIJAY GARG & CO [Chartered Accountants & Company Secretaries] | ok=24 fail=3 skip=0
2026-06-25 11:24:41 [INFO   ] --------------------------------------------------------------
2026-06-25 11:24:41 [INFO   ] PROGRESS | Email content — To: vijaygarg25@gmail.com
2026-06-25 11:24:41 [INFO   ] PROGRESS | Subject: PlacementHub pre-seed intro with VIJAY GARG & CO
2026-06-25 11:24:41 [INFO   ] PROGRESS | Body:
2026-06-25 11:24:41 [INFO   ] PROGRESS |   Dear Sir/Madam,
2026-06-25 11:24:41 [INFO   ] PROGRESS |   I am reaching out to introduce PlacementHub and explore whether any of your investor, entrepreneur, or
2026-06-25 11:24:41 [INFO   ] PROGRESS |   HNI clients may be open to reviewing a strategic seed opportunity.
2026-06-25 11:24:41 [INFO   ] PROGRESS |   My name is Sandeep Jain. PlacementHub is currently in its pre-seed fundraising stage, and I am
2026-06-25 11:24:41 [INFO   ] PROGRESS |   soliciting strategic seed investment for the same. PlacementHub is a campus placement and employability
2026-06-25 11:24:41 [INFO   ] PROGRESS |   platform connecting students, colleges, and recruiters. The product is built and in early
2026-06-25 11:24:41 [INFO   ] PROGRESS |   commercialization.
2026-06-25 11:24:41 [INFO   ] PROGRESS |   For reference, the detailed business plan, including the business model and go-to-market strategies, is
2026-06-25 11:24:41 [INFO   ] PROGRESS |   available here:
2026-06-25 11:24:41 [INFO   ] PROGRESS |   PlacementHub Business Plan
2026-06-25 11:24:41 [INFO   ] PROGRESS |   For a Chartered Accountant firm, the relevance is mainly professional and strategic:
2026-06-25 11:24:41 [INFO   ] PROGRESS |   PlacementHub may require support across accounting, taxation, compliance, payroll, investor documentation, audit, and related professional services.
2026-06-25 11:24:41 [INFO   ] PROGRESS |   I would naturally be pleased to consider and prioritize firms that support PlacementHub during its early growth phase, subject to suitability and mutual agreement.
2026-06-25 11:24:41 [INFO   ] PROGRESS |   The relationship can begin with a simple review of the investment note and, where appropriate, introductions to suitable investor clients.
2026-06-25 11:24:41 [INFO   ] PROGRESS |   If the opportunity is worth a look, I would be happy to send the note and speak briefly about the round,
2026-06-25 11:24:41 [INFO   ] PROGRESS |   the platform, and the type of strategic investors we are looking for.
2026-06-25 11:24:41 [INFO   ] PROGRESS |   Please reply to this email or call me if you would like to explore it.
2026-06-25 11:24:41 [INFO   ] PROGRESS |   Warm Regards,
2026-06-25 11:24:41 [INFO   ] PROGRESS |   Sandeep Jain
2026-06-25 11:24:41 [INFO   ] PROGRESS |   Founder, PlacementHub
2026-06-25 11:24:41 [INFO   ] PROGRESS |   +91-9860090620
2026-06-25 11:24:41 [INFO   ] PROGRESS |   sandeepjain200019@gmail.com
2026-06-25 11:24:41 [INFO   ] PROGRESS |   Detailed Profile
2026-06-25 11:24:41 [INFO   ] PROGRESS |   Detailed Note on Funding Requirement
2026-06-25 11:24:41 [INFO   ] --------------------------------------------------------------
2026-06-25 11:24:41 [INFO   ] 
2026-06-25 11:24:41 [INFO   ] 
2026-06-25 11:24:41 [INFO   ] PROGRESS | Email preview — To: vijaygarg25@gmail.com | Subject: PlacementHub pre-seed intro with VIJAY GARG & CO
2026-06-25 11:24:42 [INFO   ] SENT (Brevo) -> vijaygarg25@gmail.com (VIJAY GARG & CO) | PlacementHub pre-seed intro with VIJAY GARG & CO | messageId=<202606250554.44358489075@smtp-relay.mailin.fr> (API accepted; run audit-brevo to confirm delivery)
2026-06-25 11:24:42 [INFO   ] Sleeping for 10 seconds
2026-06-25 11:24:52 [INFO   ] PROGRESS | Send 28/50 | SENT | vijaygarg25@gmail.com | VIJAY GARG & CO [Chartered Accountants & Company Secretaries] | ok=25 fail=3 skip=0
2026-06-25 11:24:52 [INFO   ] PROGRESS | Send 29/50 | SENDING | caparthmmehta@gmail.com | PARTH M MEHTA & CO [Chartered Accountants & Company Secretaries] | ok=25 fail=3 skip=0
2026-06-25 11:24:55 [INFO   ] --------------------------------------------------------------
2026-06-25 11:24:55 [INFO   ] PROGRESS | Email content — To: caparthmmehta@gmail.com
2026-06-25 11:24:55 [INFO   ] PROGRESS | Subject: PlacementHub pre-seed intro with PARTH M MEHTA & CO
2026-06-25 11:24:55 [INFO   ] PROGRESS | Body:
2026-06-25 11:24:55 [INFO   ] PROGRESS |   Dear Sir/Madam,
2026-06-25 11:24:55 [INFO   ] PROGRESS |   I am reaching out to introduce PlacementHub and explore whether any of your investor, entrepreneur, or
2026-06-25 11:24:55 [INFO   ] PROGRESS |   HNI clients may be open to reviewing a strategic seed opportunity.
2026-06-25 11:24:55 [INFO   ] PROGRESS |   My name is Sandeep Jain. PlacementHub is currently in its pre-seed fundraising stage, and I am
2026-06-25 11:24:55 [INFO   ] PROGRESS |   soliciting strategic seed investment for the same. PlacementHub is a campus placement and employability
2026-06-25 11:24:55 [INFO   ] PROGRESS |   platform connecting students, colleges, and recruiters. The product is built and in early
2026-06-25 11:24:55 [INFO   ] PROGRESS |   commercialization.
2026-06-25 11:24:55 [INFO   ] PROGRESS |   For reference, the detailed business plan, including the business model and go-to-market strategies, is
2026-06-25 11:24:55 [INFO   ] PROGRESS |   available here:
2026-06-25 11:24:55 [INFO   ] PROGRESS |   PlacementHub Business Plan
2026-06-25 11:24:55 [INFO   ] PROGRESS |   For a Chartered Accountant firm, the relevance is mainly professional and strategic:
2026-06-25 11:24:55 [INFO   ] PROGRESS |   PlacementHub may require support across accounting, taxation, compliance, payroll, investor documentation, audit, and related professional services.
2026-06-25 11:24:55 [INFO   ] PROGRESS |   I would naturally be pleased to consider and prioritize firms that support PlacementHub during its early growth phase, subject to suitability and mutual agreement.
2026-06-25 11:24:55 [INFO   ] PROGRESS |   The relationship can begin with a simple review of the investment note and, where appropriate, introductions to suitable investor clients.
2026-06-25 11:24:55 [INFO   ] PROGRESS |   If the opportunity is worth a look, I would be happy to send the note and speak briefly about the round,
2026-06-25 11:24:55 [INFO   ] PROGRESS |   the platform, and the type of strategic investors we are looking for.
2026-06-25 11:24:55 [INFO   ] PROGRESS |   Please reply to this email or call me if you would like to explore it.
2026-06-25 11:24:55 [INFO   ] PROGRESS |   Warm Regards,
2026-06-25 11:24:55 [INFO   ] PROGRESS |   Sandeep Jain
2026-06-25 11:24:55 [INFO   ] PROGRESS |   Founder, PlacementHub
2026-06-25 11:24:55 [INFO   ] PROGRESS |   +91-9860090620
2026-06-25 11:24:55 [INFO   ] PROGRESS |   sandeepjain200019@gmail.com
2026-06-25 11:24:55 [INFO   ] PROGRESS |   Detailed Profile
2026-06-25 11:24:55 [INFO   ] PROGRESS |   Detailed Note on Funding Requirement
2026-06-25 11:24:55 [INFO   ] --------------------------------------------------------------
2026-06-25 11:24:55 [INFO   ] 
2026-06-25 11:24:55 [INFO   ] 
2026-06-25 11:24:55 [INFO   ] PROGRESS | Email preview — To: caparthmmehta@gmail.com | Subject: PlacementHub pre-seed intro with PARTH M MEHTA & CO
2026-06-25 11:24:55 [INFO   ] SENT (Brevo) -> caparthmmehta@gmail.com (PARTH M MEHTA & CO) | PlacementHub pre-seed intro with PARTH M MEHTA & CO | messageId=<202606250554.64545708541@smtp-relay.mailin.fr> (API accepted; run audit-brevo to confirm delivery)
2026-06-25 11:24:55 [INFO   ] Sleeping for 10 seconds
2026-06-25 11:25:05 [INFO   ] PROGRESS | Send 29/50 | SENT | caparthmmehta@gmail.com | PARTH M MEHTA & CO [Chartered Accountants & Company Secretaries] | ok=26 fail=3 skip=0
2026-06-25 11:25:05 [INFO   ] PROGRESS | Send 30/50 | SENDING | singh@rkka.in | R K KHANNA & ASSOCIATES [Chartered Accountants & Company Secretaries] | ok=26 fail=3 skip=0
2026-06-25 11:25:08 [INFO   ] --------------------------------------------------------------
2026-06-25 11:25:08 [INFO   ] PROGRESS | Email content — To: singh@rkka.in
2026-06-25 11:25:08 [INFO   ] PROGRESS | Subject: PlacementHub pre-seed intro with R K KHANNA & ASSOCIATES
2026-06-25 11:25:08 [INFO   ] PROGRESS | Body:
2026-06-25 11:25:08 [INFO   ] PROGRESS |   Dear Sir/Madam,
2026-06-25 11:25:08 [INFO   ] PROGRESS |   I am reaching out to introduce PlacementHub and explore whether any of your investor, entrepreneur, or
2026-06-25 11:25:08 [INFO   ] PROGRESS |   HNI clients may be open to reviewing a strategic seed opportunity.
2026-06-25 11:25:08 [INFO   ] PROGRESS |   My name is Sandeep Jain. PlacementHub is currently in its pre-seed fundraising stage, and I am
2026-06-25 11:25:08 [INFO   ] PROGRESS |   soliciting strategic seed investment for the same. PlacementHub is a campus placement and employability
2026-06-25 11:25:08 [INFO   ] PROGRESS |   platform connecting students, colleges, and recruiters. The product is built and in early
2026-06-25 11:25:08 [INFO   ] PROGRESS |   commercialization.
2026-06-25 11:25:08 [INFO   ] PROGRESS |   For reference, the detailed business plan, including the business model and go-to-market strategies, is
2026-06-25 11:25:08 [INFO   ] PROGRESS |   available here:
2026-06-25 11:25:08 [INFO   ] PROGRESS |   PlacementHub Business Plan
2026-06-25 11:25:08 [INFO   ] PROGRESS |   For a Chartered Accountant firm, the relevance is mainly professional and strategic:
2026-06-25 11:25:08 [INFO   ] PROGRESS |   PlacementHub may require support across accounting, taxation, compliance, payroll, investor documentation, audit, and related professional services.
2026-06-25 11:25:08 [INFO   ] PROGRESS |   I would naturally be pleased to consider and prioritize firms that support PlacementHub during its early growth phase, subject to suitability and mutual agreement.
2026-06-25 11:25:08 [INFO   ] PROGRESS |   The relationship can begin with a simple review of the investment note and, where appropriate, introductions to suitable investor clients.
2026-06-25 11:25:08 [INFO   ] PROGRESS |   If the opportunity is worth a look, I would be happy to send the note and speak briefly about the round,
2026-06-25 11:25:08 [INFO   ] PROGRESS |   the platform, and the type of strategic investors we are looking for.
2026-06-25 11:25:08 [INFO   ] PROGRESS |   Please reply to this email or call me if you would like to explore it.
2026-06-25 11:25:08 [INFO   ] PROGRESS |   Warm Regards,
2026-06-25 11:25:08 [INFO   ] PROGRESS |   Sandeep Jain
2026-06-25 11:25:08 [INFO   ] PROGRESS |   Founder, PlacementHub
2026-06-25 11:25:08 [INFO   ] PROGRESS |   +91-9860090620
2026-06-25 11:25:08 [INFO   ] PROGRESS |   sandeepjain200019@gmail.com
2026-06-25 11:25:08 [INFO   ] PROGRESS |   Detailed Profile
2026-06-25 11:25:08 [INFO   ] PROGRESS |   Detailed Note on Funding Requirement
2026-06-25 11:25:08 [INFO   ] --------------------------------------------------------------
2026-06-25 11:25:08 [INFO   ] 
2026-06-25 11:25:08 [INFO   ] 
2026-06-25 11:25:08 [INFO   ] PROGRESS | Email preview — To: singh@rkka.in | Subject: PlacementHub pre-seed intro with R K KHANNA & ASSOCIATES
2026-06-25 11:25:09 [INFO   ] SENT (Brevo) -> singh@rkka.in (R K KHANNA & ASSOCIATES) | PlacementHub pre-seed intro with R K KHANNA & ASSOCIATES | messageId=<202606250555.43116049605@smtp-relay.mailin.fr> (API accepted; run audit-brevo to confirm delivery)
2026-06-25 11:25:09 [INFO   ] Sleeping for 10 seconds
2026-06-25 11:25:19 [INFO   ] PROGRESS | Send 30/50 | SENT | singh@rkka.in | R K KHANNA & ASSOCIATES [Chartered Accountants & Company Secretaries] | ok=27 fail=3 skip=0
2026-06-25 11:25:19 [INFO   ] PROGRESS | Send 31/50 | SENDING | cagirish@girishdmaru.in | GIRISH D MARU & ASSOCIATES [Chartered Accountants & Company Secretaries] | ok=27 fail=3 skip=0
2026-06-25 11:25:22 [INFO   ] --------------------------------------------------------------
2026-06-25 11:25:22 [INFO   ] PROGRESS | Email content — To: cagirish@girishdmaru.in
2026-06-25 11:25:22 [INFO   ] PROGRESS | Subject: PlacementHub pre-seed intro with GIRISH D MARU & ASSOCIATES
2026-06-25 11:25:22 [INFO   ] PROGRESS | Body:
2026-06-25 11:25:22 [INFO   ] PROGRESS |   Dear Sir/Madam,
2026-06-25 11:25:22 [INFO   ] PROGRESS |   I am reaching out to introduce PlacementHub and explore whether any of your investor, entrepreneur, or
2026-06-25 11:25:22 [INFO   ] PROGRESS |   HNI clients may be open to reviewing a strategic seed opportunity.
2026-06-25 11:25:22 [INFO   ] PROGRESS |   My name is Sandeep Jain. PlacementHub is currently in its pre-seed fundraising stage, and I am
2026-06-25 11:25:22 [INFO   ] PROGRESS |   soliciting strategic seed investment for the same. PlacementHub is a campus placement and employability
2026-06-25 11:25:22 [INFO   ] PROGRESS |   platform connecting students, colleges, and recruiters. The product is built and in early
2026-06-25 11:25:22 [INFO   ] PROGRESS |   commercialization.
2026-06-25 11:25:22 [INFO   ] PROGRESS |   For reference, the detailed business plan, including the business model and go-to-market strategies, is
2026-06-25 11:25:22 [INFO   ] PROGRESS |   available here:
2026-06-25 11:25:22 [INFO   ] PROGRESS |   PlacementHub Business Plan
2026-06-25 11:25:22 [INFO   ] PROGRESS |   For a Chartered Accountant firm, the relevance is mainly professional and strategic:
2026-06-25 11:25:22 [INFO   ] PROGRESS |   PlacementHub may require support across accounting, taxation, compliance, payroll, investor documentation, audit, and related professional services.
2026-06-25 11:25:22 [INFO   ] PROGRESS |   I would naturally be pleased to consider and prioritize firms that support PlacementHub during its early growth phase, subject to suitability and mutual agreement.
2026-06-25 11:25:22 [INFO   ] PROGRESS |   The relationship can begin with a simple review of the investment note and, where appropriate, introductions to suitable investor clients.
2026-06-25 11:25:22 [INFO   ] PROGRESS |   If the opportunity is worth a look, I would be happy to send the note and speak briefly about the round,
2026-06-25 11:25:22 [INFO   ] PROGRESS |   the platform, and the type of strategic investors we are looking for.
2026-06-25 11:25:22 [INFO   ] PROGRESS |   Please reply to this email or call me if you would like to explore it.
2026-06-25 11:25:22 [INFO   ] PROGRESS |   Warm Regards,
2026-06-25 11:25:22 [INFO   ] PROGRESS |   Sandeep Jain
2026-06-25 11:25:22 [INFO   ] PROGRESS |   Founder, PlacementHub
2026-06-25 11:25:22 [INFO   ] PROGRESS |   +91-9860090620
2026-06-25 11:25:22 [INFO   ] PROGRESS |   sandeepjain200019@gmail.com
2026-06-25 11:25:22 [INFO   ] PROGRESS |   Detailed Profile
2026-06-25 11:25:22 [INFO   ] PROGRESS |   Detailed Note on Funding Requirement
2026-06-25 11:25:22 [INFO   ] --------------------------------------------------------------
2026-06-25 11:25:22 [INFO   ] 
2026-06-25 11:25:22 [INFO   ] 
2026-06-25 11:25:22 [INFO   ] PROGRESS | Email preview — To: cagirish@girishdmaru.in | Subject: PlacementHub pre-seed intro with GIRISH D MARU & ASSOCIATES
2026-06-25 11:25:23 [INFO   ] SENT (Brevo) -> cagirish@girishdmaru.in (GIRISH D MARU & ASSOCIATES) | PlacementHub pre-seed intro with GIRISH D MARU & ASSOCIATES | messageId=<202606250555.25345600751@smtp-relay.mailin.fr> (API accepted; run audit-brevo to confirm delivery)
2026-06-25 11:25:23 [INFO   ] Sleeping for 10 seconds
2026-06-25 11:25:33 [INFO   ] PROGRESS | Send 31/50 | SENT | cagirish@girishdmaru.in | GIRISH D MARU & ASSOCIATES [Chartered Accountants & Company Secretaries] | ok=28 fail=3 skip=0
2026-06-25 11:25:33 [INFO   ] PROGRESS | Send 32/50 | SENDING | maheshmgala_ca@yahoo.co.in | M N T AND ASSOCIATES LLP [Chartered Accountants & Company Secretaries] | ok=28 fail=3 skip=0
2026-06-25 11:25:35 [INFO   ] --------------------------------------------------------------
2026-06-25 11:25:35 [INFO   ] PROGRESS | Email content — To: maheshmgala_ca@yahoo.co.in
2026-06-25 11:25:35 [INFO   ] PROGRESS | Subject: PlacementHub pre-seed intro with M N T AND ASSOCIATES LLP
2026-06-25 11:25:35 [INFO   ] PROGRESS | Body:
2026-06-25 11:25:35 [INFO   ] PROGRESS |   Dear Sir/Madam,
2026-06-25 11:25:35 [INFO   ] PROGRESS |   I am reaching out to introduce PlacementHub and explore whether any of your investor, entrepreneur, or
2026-06-25 11:25:35 [INFO   ] PROGRESS |   HNI clients may be open to reviewing a strategic seed opportunity.
2026-06-25 11:25:35 [INFO   ] PROGRESS |   My name is Sandeep Jain. PlacementHub is currently in its pre-seed fundraising stage, and I am
2026-06-25 11:25:35 [INFO   ] PROGRESS |   soliciting strategic seed investment for the same. PlacementHub is a campus placement and employability
2026-06-25 11:25:35 [INFO   ] PROGRESS |   platform connecting students, colleges, and recruiters. The product is built and in early
2026-06-25 11:25:35 [INFO   ] PROGRESS |   commercialization.
2026-06-25 11:25:35 [INFO   ] PROGRESS |   For reference, the detailed business plan, including the business model and go-to-market strategies, is
2026-06-25 11:25:35 [INFO   ] PROGRESS |   available here:
2026-06-25 11:25:35 [INFO   ] PROGRESS |   PlacementHub Business Plan
2026-06-25 11:25:35 [INFO   ] PROGRESS |   For a Chartered Accountant firm, the relevance is mainly professional and strategic:
2026-06-25 11:25:35 [INFO   ] PROGRESS |   PlacementHub may require support across accounting, taxation, compliance, payroll, investor documentation, audit, and related professional services.
2026-06-25 11:25:35 [INFO   ] PROGRESS |   I would naturally be pleased to consider and prioritize firms that support PlacementHub during its early growth phase, subject to suitability and mutual agreement.
2026-06-25 11:25:35 [INFO   ] PROGRESS |   The relationship can begin with a simple review of the investment note and, where appropriate, introductions to suitable investor clients.
2026-06-25 11:25:35 [INFO   ] PROGRESS |   If the opportunity is worth a look, I would be happy to send the note and speak briefly about the round,
2026-06-25 11:25:35 [INFO   ] PROGRESS |   the platform, and the type of strategic investors we are looking for.
2026-06-25 11:25:35 [INFO   ] PROGRESS |   Please reply to this email or call me if you would like to explore it.
2026-06-25 11:25:35 [INFO   ] PROGRESS |   Warm Regards,
2026-06-25 11:25:35 [INFO   ] PROGRESS |   Sandeep Jain
2026-06-25 11:25:35 [INFO   ] PROGRESS |   Founder, PlacementHub
2026-06-25 11:25:35 [INFO   ] PROGRESS |   +91-9860090620
2026-06-25 11:25:35 [INFO   ] PROGRESS |   sandeepjain200019@gmail.com
2026-06-25 11:25:35 [INFO   ] PROGRESS |   Detailed Profile
2026-06-25 11:25:35 [INFO   ] PROGRESS |   Detailed Note on Funding Requirement
2026-06-25 11:25:35 [INFO   ] --------------------------------------------------------------
2026-06-25 11:25:35 [INFO   ] 
2026-06-25 11:25:35 [INFO   ] 
2026-06-25 11:25:35 [INFO   ] PROGRESS | Email preview — To: maheshmgala_ca@yahoo.co.in | Subject: PlacementHub pre-seed intro with M N T AND ASSOCIATES LLP
2026-06-25 11:25:36 [INFO   ] SENT (Brevo) -> maheshmgala_ca@yahoo.co.in (M N T AND ASSOCIATES LLP) | PlacementHub pre-seed intro with M N T AND ASSOCIATES LLP | messageId=<202606250555.14371040963@smtp-relay.mailin.fr> (API accepted; run audit-brevo to confirm delivery)
2026-06-25 11:25:36 [INFO   ] Sleeping for 10 seconds
2026-06-25 11:25:46 [INFO   ] PROGRESS | Send 32/50 | SENT | maheshmgala_ca@yahoo.co.in | M N T AND ASSOCIATES LLP [Chartered Accountants & Company Secretaries] | ok=29 fail=3 skip=0
2026-06-25 11:25:46 [INFO   ] PROGRESS | Send 33/50 | SENDING | deepaligorde31@gmail.com | DEEPALI GORDE & CO [Chartered Accountants & Company Secretaries] | ok=29 fail=3 skip=0
2026-06-25 11:25:50 [INFO   ] --------------------------------------------------------------
2026-06-25 11:25:50 [INFO   ] PROGRESS | Email content — To: deepaligorde31@gmail.com
2026-06-25 11:25:50 [INFO   ] PROGRESS | Subject: PlacementHub pre-seed intro with DEEPALI GORDE & CO
2026-06-25 11:25:50 [INFO   ] PROGRESS | Body:
2026-06-25 11:25:50 [INFO   ] PROGRESS |   Dear Sir/Madam,
2026-06-25 11:25:50 [INFO   ] PROGRESS |   I am reaching out to introduce PlacementHub and explore whether any of your investor, entrepreneur, or
2026-06-25 11:25:50 [INFO   ] PROGRESS |   HNI clients may be open to reviewing a strategic seed opportunity.
2026-06-25 11:25:50 [INFO   ] PROGRESS |   My name is Sandeep Jain. PlacementHub is currently in its pre-seed fundraising stage, and I am
2026-06-25 11:25:50 [INFO   ] PROGRESS |   soliciting strategic seed investment for the same. PlacementHub is a campus placement and employability
2026-06-25 11:25:50 [INFO   ] PROGRESS |   platform connecting students, colleges, and recruiters. The product is built and in early
2026-06-25 11:25:50 [INFO   ] PROGRESS |   commercialization.
2026-06-25 11:25:50 [INFO   ] PROGRESS |   For reference, the detailed business plan, including the business model and go-to-market strategies, is
2026-06-25 11:25:50 [INFO   ] PROGRESS |   available here:
2026-06-25 11:25:50 [INFO   ] PROGRESS |   PlacementHub Business Plan
2026-06-25 11:25:50 [INFO   ] PROGRESS |   For a Chartered Accountant firm, the relevance is mainly professional and strategic:
2026-06-25 11:25:50 [INFO   ] PROGRESS |   PlacementHub may require support across accounting, taxation, compliance, payroll, investor documentation, audit, and related professional services.
2026-06-25 11:25:50 [INFO   ] PROGRESS |   I would naturally be pleased to consider and prioritize firms that support PlacementHub during its early growth phase, subject to suitability and mutual agreement.
2026-06-25 11:25:50 [INFO   ] PROGRESS |   The relationship can begin with a simple review of the investment note and, where appropriate, introductions to suitable investor clients.
2026-06-25 11:25:50 [INFO   ] PROGRESS |   If the opportunity is worth a look, I would be happy to send the note and speak briefly about the round,
2026-06-25 11:25:50 [INFO   ] PROGRESS |   the platform, and the type of strategic investors we are looking for.
2026-06-25 11:25:50 [INFO   ] PROGRESS |   Please reply to this email or call me if you would like to explore it.
2026-06-25 11:25:50 [INFO   ] PROGRESS |   Warm Regards,
2026-06-25 11:25:50 [INFO   ] PROGRESS |   Sandeep Jain
2026-06-25 11:25:50 [INFO   ] PROGRESS |   Founder, PlacementHub
2026-06-25 11:25:50 [INFO   ] PROGRESS |   +91-9860090620
2026-06-25 11:25:50 [INFO   ] PROGRESS |   sandeepjain200019@gmail.com
2026-06-25 11:25:50 [INFO   ] PROGRESS |   Detailed Profile
2026-06-25 11:25:50 [INFO   ] PROGRESS |   Detailed Note on Funding Requirement
2026-06-25 11:25:50 [INFO   ] --------------------------------------------------------------
2026-06-25 11:25:50 [INFO   ] 
2026-06-25 11:25:50 [INFO   ] 
2026-06-25 11:25:50 [INFO   ] PROGRESS | Email preview — To: deepaligorde31@gmail.com | Subject: PlacementHub pre-seed intro with DEEPALI GORDE & CO
2026-06-25 11:25:51 [INFO   ] SENT (Brevo) -> deepaligorde31@gmail.com (DEEPALI GORDE & CO) | PlacementHub pre-seed intro with DEEPALI GORDE & CO | messageId=<202606250555.48177446495@smtp-relay.mailin.fr> (API accepted; run audit-brevo to confirm delivery)
2026-06-25 11:25:51 [INFO   ] Sleeping for 10 seconds
2026-06-25 11:26:01 [INFO   ] PROGRESS | Send 33/50 | SENT | deepaligorde31@gmail.com | DEEPALI GORDE & CO [Chartered Accountants & Company Secretaries] | ok=30 fail=3 skip=0
2026-06-25 11:26:01 [INFO   ] PROGRESS | Send 34/50 | SENDING | ca.jmshigwan@gmail.com | SHIGWAN PARMAR AND ASSOCIATES [Chartered Accountants & Company Secretaries] | ok=30 fail=3 skip=0
2026-06-25 11:26:23 [INFO   ] --------------------------------------------------------------
2026-06-25 11:26:23 [INFO   ] PROGRESS | Email content — To: ca.jmshigwan@gmail.com
2026-06-25 11:26:23 [INFO   ] PROGRESS | Subject: PlacementHub pre-seed intro with SHIGWAN PARMAR AND ASSOCIATES
2026-06-25 11:26:23 [INFO   ] PROGRESS | Body:
2026-06-25 11:26:23 [INFO   ] PROGRESS |   Dear Sir/Madam,
2026-06-25 11:26:23 [INFO   ] PROGRESS |   I am reaching out to introduce PlacementHub and explore whether any of your investor, entrepreneur, or
2026-06-25 11:26:23 [INFO   ] PROGRESS |   HNI clients may be open to reviewing a strategic seed opportunity.
2026-06-25 11:26:23 [INFO   ] PROGRESS |   My name is Sandeep Jain. PlacementHub is currently in its pre-seed fundraising stage, and I am
2026-06-25 11:26:23 [INFO   ] PROGRESS |   soliciting strategic seed investment for the same. PlacementHub is a campus placement and employability
2026-06-25 11:26:23 [INFO   ] PROGRESS |   platform connecting students, colleges, and recruiters. The product is built and in early
2026-06-25 11:26:23 [INFO   ] PROGRESS |   commercialization.
2026-06-25 11:26:23 [INFO   ] PROGRESS |   For reference, the detailed business plan, including the business model and go-to-market strategies, is
2026-06-25 11:26:23 [INFO   ] PROGRESS |   available here:
2026-06-25 11:26:23 [INFO   ] PROGRESS |   PlacementHub Business Plan
2026-06-25 11:26:23 [INFO   ] PROGRESS |   For a Chartered Accountant firm, the relevance is mainly professional and strategic:
2026-06-25 11:26:23 [INFO   ] PROGRESS |   PlacementHub may require support across accounting, taxation, compliance, payroll, investor documentation, audit, and related professional services.
2026-06-25 11:26:23 [INFO   ] PROGRESS |   I would naturally be pleased to consider and prioritize firms that support PlacementHub during its early growth phase, subject to suitability and mutual agreement.
2026-06-25 11:26:23 [INFO   ] PROGRESS |   The relationship can begin with a simple review of the investment note and, where appropriate, introductions to suitable investor clients.
2026-06-25 11:26:23 [INFO   ] PROGRESS |   If the opportunity is worth a look, I would be happy to send the note and speak briefly about the round,
2026-06-25 11:26:23 [INFO   ] PROGRESS |   the platform, and the type of strategic investors we are looking for.
2026-06-25 11:26:23 [INFO   ] PROGRESS |   Please reply to this email or call me if you would like to explore it.
2026-06-25 11:26:23 [INFO   ] PROGRESS |   Warm Regards,
2026-06-25 11:26:23 [INFO   ] PROGRESS |   Sandeep Jain
2026-06-25 11:26:23 [INFO   ] PROGRESS |   Founder, PlacementHub
2026-06-25 11:26:23 [INFO   ] PROGRESS |   +91-9860090620
2026-06-25 11:26:23 [INFO   ] PROGRESS |   sandeepjain200019@gmail.com
2026-06-25 11:26:23 [INFO   ] PROGRESS |   Detailed Profile
2026-06-25 11:26:23 [INFO   ] PROGRESS |   Detailed Note on Funding Requirement
2026-06-25 11:26:23 [INFO   ] --------------------------------------------------------------
2026-06-25 11:26:23 [INFO   ] 
2026-06-25 11:26:23 [INFO   ] 
2026-06-25 11:26:23 [INFO   ] PROGRESS | Email preview — To: ca.jmshigwan@gmail.com | Subject: PlacementHub pre-seed intro with SHIGWAN PARMAR AND ASSOCIATES
2026-06-25 11:26:24 [INFO   ] SENT (Brevo) -> ca.jmshigwan@gmail.com (SHIGWAN PARMAR AND ASSOCIATES) | PlacementHub pre-seed intro with SHIGWAN PARMAR AND ASSOCIATES | messageId=<202606250556.44608801410@smtp-relay.mailin.fr> (API accepted; run audit-brevo to confirm delivery)
2026-06-25 11:26:24 [INFO   ] Sleeping for 10 seconds
2026-06-25 11:26:34 [INFO   ] PROGRESS | Send 34/50 | SENT | ca.jmshigwan@gmail.com | SHIGWAN PARMAR AND ASSOCIATES [Chartered Accountants & Company Secretaries] | ok=31 fail=3 skip=0
2026-06-25 11:26:34 [INFO   ] PROGRESS | Send 35/50 | SENDING | kalpen@ckspllp.com | C K S P AND CO LLP [Chartered Accountants & Company Secretaries] | ok=31 fail=3 skip=0
2026-06-25 11:27:01 [INFO   ] --------------------------------------------------------------
2026-06-25 11:27:01 [INFO   ] PROGRESS | Email content — To: kalpen@ckspllp.com
2026-06-25 11:27:01 [INFO   ] PROGRESS | Subject: PlacementHub pre-seed intro with C K S P AND CO LLP
2026-06-25 11:27:01 [INFO   ] PROGRESS | Body:
2026-06-25 11:27:01 [INFO   ] PROGRESS |   Dear Sir/Madam,
2026-06-25 11:27:01 [INFO   ] PROGRESS |   I am reaching out to introduce PlacementHub and explore whether any of your investor, entrepreneur, or
2026-06-25 11:27:01 [INFO   ] PROGRESS |   HNI clients may be open to reviewing a strategic seed opportunity.
2026-06-25 11:27:01 [INFO   ] PROGRESS |   My name is Sandeep Jain. PlacementHub is currently in its pre-seed fundraising stage, and I am
2026-06-25 11:27:01 [INFO   ] PROGRESS |   soliciting strategic seed investment for the same. PlacementHub is a campus placement and employability
2026-06-25 11:27:01 [INFO   ] PROGRESS |   platform connecting students, colleges, and recruiters. The product is built and in early
2026-06-25 11:27:01 [INFO   ] PROGRESS |   commercialization.
2026-06-25 11:27:01 [INFO   ] PROGRESS |   For reference, the detailed business plan, including the business model and go-to-market strategies, is
2026-06-25 11:27:01 [INFO   ] PROGRESS |   available here:
2026-06-25 11:27:01 [INFO   ] PROGRESS |   PlacementHub Business Plan
2026-06-25 11:27:01 [INFO   ] PROGRESS |   For a Chartered Accountant firm, the relevance is mainly professional and strategic:
2026-06-25 11:27:01 [INFO   ] PROGRESS |   PlacementHub may require support across accounting, taxation, compliance, payroll, investor documentation, audit, and related professional services.
2026-06-25 11:27:01 [INFO   ] PROGRESS |   I would naturally be pleased to consider and prioritize firms that support PlacementHub during its early growth phase, subject to suitability and mutual agreement.
2026-06-25 11:27:01 [INFO   ] PROGRESS |   The relationship can begin with a simple review of the investment note and, where appropriate, introductions to suitable investor clients.
2026-06-25 11:27:01 [INFO   ] PROGRESS |   If the opportunity is worth a look, I would be happy to send the note and speak briefly about the round,
2026-06-25 11:27:01 [INFO   ] PROGRESS |   the platform, and the type of strategic investors we are looking for.
2026-06-25 11:27:01 [INFO   ] PROGRESS |   Please reply to this email or call me if you would like to explore it.
2026-06-25 11:27:01 [INFO   ] PROGRESS |   Warm Regards,
2026-06-25 11:27:01 [INFO   ] PROGRESS |   Sandeep Jain
2026-06-25 11:27:01 [INFO   ] PROGRESS |   Founder, PlacementHub
2026-06-25 11:27:01 [INFO   ] PROGRESS |   +91-9860090620
2026-06-25 11:27:01 [INFO   ] PROGRESS |   sandeepjain200019@gmail.com
2026-06-25 11:27:01 [INFO   ] PROGRESS |   Detailed Profile
2026-06-25 11:27:01 [INFO   ] PROGRESS |   Detailed Note on Funding Requirement
2026-06-25 11:27:01 [INFO   ] --------------------------------------------------------------
2026-06-25 11:27:01 [INFO   ] 
2026-06-25 11:27:01 [INFO   ] 
2026-06-25 11:27:01 [INFO   ] PROGRESS | Email preview — To: kalpen@ckspllp.com | Subject: PlacementHub pre-seed intro with C K S P AND CO LLP
2026-06-25 11:27:02 [INFO   ] SENT (Brevo) -> kalpen@ckspllp.com (C K S P AND CO LLP) | PlacementHub pre-seed intro with C K S P AND CO LLP | messageId=<202606250557.97739317517@smtp-relay.mailin.fr> (API accepted; run audit-brevo to confirm delivery)
2026-06-25 11:27:02 [INFO   ] Sleeping for 10 seconds
2026-06-25 11:27:12 [INFO   ] PROGRESS | Send 35/50 | SENT | kalpen@ckspllp.com | C K S P AND CO LLP [Chartered Accountants & Company Secretaries] | ok=32 fail=3 skip=0
2026-06-25 11:27:12 [INFO   ] PROGRESS | Send 36/50 | SENDING | mehtashurjan99.ms@gmail.com | N S MEHTA AND ASSOCIATES [Chartered Accountants & Company Secretaries] | ok=32 fail=3 skip=0
2026-06-25 11:27:17 [INFO   ] --------------------------------------------------------------
2026-06-25 11:27:17 [INFO   ] PROGRESS | Email content — To: mehtashurjan99.ms@gmail.com
2026-06-25 11:27:17 [INFO   ] PROGRESS | Subject: PlacementHub pre-seed intro with N S MEHTA AND ASSOCIATES
2026-06-25 11:27:17 [INFO   ] PROGRESS | Body:
2026-06-25 11:27:17 [INFO   ] PROGRESS |   Dear Sir/Madam,
2026-06-25 11:27:17 [INFO   ] PROGRESS |   I am reaching out to introduce PlacementHub and explore whether any of your investor, entrepreneur, or
2026-06-25 11:27:17 [INFO   ] PROGRESS |   HNI clients may be open to reviewing a strategic seed opportunity.
2026-06-25 11:27:17 [INFO   ] PROGRESS |   My name is Sandeep Jain. PlacementHub is currently in its pre-seed fundraising stage, and I am
2026-06-25 11:27:17 [INFO   ] PROGRESS |   soliciting strategic seed investment for the same. PlacementHub is a campus placement and employability
2026-06-25 11:27:17 [INFO   ] PROGRESS |   platform connecting students, colleges, and recruiters. The product is built and in early
2026-06-25 11:27:17 [INFO   ] PROGRESS |   commercialization.
2026-06-25 11:27:17 [INFO   ] PROGRESS |   For reference, the detailed business plan, including the business model and go-to-market strategies, is
2026-06-25 11:27:17 [INFO   ] PROGRESS |   available here:
2026-06-25 11:27:17 [INFO   ] PROGRESS |   PlacementHub Business Plan
2026-06-25 11:27:17 [INFO   ] PROGRESS |   For a Chartered Accountant firm, the relevance is mainly professional and strategic:
2026-06-25 11:27:17 [INFO   ] PROGRESS |   PlacementHub may require support across accounting, taxation, compliance, payroll, investor documentation, audit, and related professional services.
2026-06-25 11:27:17 [INFO   ] PROGRESS |   I would naturally be pleased to consider and prioritize firms that support PlacementHub during its early growth phase, subject to suitability and mutual agreement.
2026-06-25 11:27:17 [INFO   ] PROGRESS |   The relationship can begin with a simple review of the investment note and, where appropriate, introductions to suitable investor clients.
2026-06-25 11:27:17 [INFO   ] PROGRESS |   If the opportunity is worth a look, I would be happy to send the note and speak briefly about the round,
2026-06-25 11:27:17 [INFO   ] PROGRESS |   the platform, and the type of strategic investors we are looking for.
2026-06-25 11:27:17 [INFO   ] PROGRESS |   Please reply to this email or call me if you would like to explore it.
2026-06-25 11:27:17 [INFO   ] PROGRESS |   Warm Regards,
2026-06-25 11:27:17 [INFO   ] PROGRESS |   Sandeep Jain
2026-06-25 11:27:17 [INFO   ] PROGRESS |   Founder, PlacementHub
2026-06-25 11:27:17 [INFO   ] PROGRESS |   +91-9860090620
2026-06-25 11:27:17 [INFO   ] PROGRESS |   sandeepjain200019@gmail.com
2026-06-25 11:27:17 [INFO   ] PROGRESS |   Detailed Profile
2026-06-25 11:27:17 [INFO   ] PROGRESS |   Detailed Note on Funding Requirement
2026-06-25 11:27:17 [INFO   ] --------------------------------------------------------------
2026-06-25 11:27:17 [INFO   ] 
2026-06-25 11:27:17 [INFO   ] 
2026-06-25 11:27:17 [INFO   ] PROGRESS | Email preview — To: mehtashurjan99.ms@gmail.com | Subject: PlacementHub pre-seed intro with N S MEHTA AND ASSOCIATES
2026-06-25 11:27:18 [INFO   ] SENT (Brevo) -> mehtashurjan99.ms@gmail.com (N S MEHTA AND ASSOCIATES) | PlacementHub pre-seed intro with N S MEHTA AND ASSOCIATES | messageId=<202606250557.17306107816@smtp-relay.mailin.fr> (API accepted; run audit-brevo to confirm delivery)
2026-06-25 11:27:18 [INFO   ] Sleeping for 10 seconds
2026-06-25 11:27:28 [INFO   ] PROGRESS | Send 36/50 | SENT | mehtashurjan99.ms@gmail.com | N S MEHTA AND ASSOCIATES [Chartered Accountants & Company Secretaries] | ok=33 fail=3 skip=0
2026-06-25 11:27:28 [INFO   ] PROGRESS | Send 37/50 | SENDING | cavimmydoshi@gmail.com | K H DOSHI & ASSOCIATES LLP [Chartered Accountants & Company Secretaries] | ok=33 fail=3 skip=0
2026-06-25 11:27:30 [INFO   ] --------------------------------------------------------------
2026-06-25 11:27:30 [INFO   ] PROGRESS | Email content — To: cavimmydoshi@gmail.com
2026-06-25 11:27:30 [INFO   ] PROGRESS | Subject: PlacementHub pre-seed intro with K H DOSHI & ASSOCIATES LLP
2026-06-25 11:27:30 [INFO   ] PROGRESS | Body:
2026-06-25 11:27:30 [INFO   ] PROGRESS |   Dear Sir/Madam,
2026-06-25 11:27:30 [INFO   ] PROGRESS |   I am reaching out to introduce PlacementHub and explore whether any of your investor, entrepreneur, or
2026-06-25 11:27:30 [INFO   ] PROGRESS |   HNI clients may be open to reviewing a strategic seed opportunity.
2026-06-25 11:27:30 [INFO   ] PROGRESS |   My name is Sandeep Jain. PlacementHub is currently in its pre-seed fundraising stage, and I am
2026-06-25 11:27:30 [INFO   ] PROGRESS |   soliciting strategic seed investment for the same. PlacementHub is a campus placement and employability
2026-06-25 11:27:30 [INFO   ] PROGRESS |   platform connecting students, colleges, and recruiters. The product is built and in early
2026-06-25 11:27:30 [INFO   ] PROGRESS |   commercialization.
2026-06-25 11:27:30 [INFO   ] PROGRESS |   For reference, the detailed business plan, including the business model and go-to-market strategies, is
2026-06-25 11:27:30 [INFO   ] PROGRESS |   available here:
2026-06-25 11:27:30 [INFO   ] PROGRESS |   PlacementHub Business Plan
2026-06-25 11:27:30 [INFO   ] PROGRESS |   For a Chartered Accountant firm, the relevance is mainly professional and strategic:
2026-06-25 11:27:30 [INFO   ] PROGRESS |   PlacementHub may require support across accounting, taxation, compliance, payroll, investor documentation, audit, and related professional services.
2026-06-25 11:27:30 [INFO   ] PROGRESS |   I would naturally be pleased to consider and prioritize firms that support PlacementHub during its early growth phase, subject to suitability and mutual agreement.
2026-06-25 11:27:30 [INFO   ] PROGRESS |   The relationship can begin with a simple review of the investment note and, where appropriate, introductions to suitable investor clients.
2026-06-25 11:27:30 [INFO   ] PROGRESS |   If the opportunity is worth a look, I would be happy to send the note and speak briefly about the round,
2026-06-25 11:27:30 [INFO   ] PROGRESS |   the platform, and the type of strategic investors we are looking for.
2026-06-25 11:27:30 [INFO   ] PROGRESS |   Please reply to this email or call me if you would like to explore it.
2026-06-25 11:27:30 [INFO   ] PROGRESS |   Warm Regards,
2026-06-25 11:27:30 [INFO   ] PROGRESS |   Sandeep Jain
2026-06-25 11:27:30 [INFO   ] PROGRESS |   Founder, PlacementHub
2026-06-25 11:27:30 [INFO   ] PROGRESS |   +91-9860090620
2026-06-25 11:27:30 [INFO   ] PROGRESS |   sandeepjain200019@gmail.com
2026-06-25 11:27:30 [INFO   ] PROGRESS |   Detailed Profile
2026-06-25 11:27:30 [INFO   ] PROGRESS |   Detailed Note on Funding Requirement
2026-06-25 11:27:30 [INFO   ] --------------------------------------------------------------
2026-06-25 11:27:30 [INFO   ] 
2026-06-25 11:27:30 [INFO   ] 
2026-06-25 11:27:30 [INFO   ] PROGRESS | Email preview — To: cavimmydoshi@gmail.com | Subject: PlacementHub pre-seed intro with K H DOSHI & ASSOCIATES LLP
2026-06-25 11:27:31 [INFO   ] SENT (Brevo) -> cavimmydoshi@gmail.com (K H DOSHI & ASSOCIATES LLP) | PlacementHub pre-seed intro with K H DOSHI & ASSOCIATES LLP | messageId=<202606250557.78679819921@smtp-relay.mailin.fr> (API accepted; run audit-brevo to confirm delivery)
2026-06-25 11:27:31 [INFO   ] Sleeping for 10 seconds
2026-06-25 11:27:41 [INFO   ] PROGRESS | Send 37/50 | SENT | cavimmydoshi@gmail.com | K H DOSHI & ASSOCIATES LLP [Chartered Accountants & Company Secretaries] | ok=34 fail=3 skip=0
2026-06-25 11:27:41 [INFO   ] PROGRESS | Send 38/50 | SENDING | somsaini@gmail.com | Saini Pati Shah & CO LLP [Chartered Accountants & Company Secretaries] | ok=34 fail=3 skip=0
2026-06-25 11:27:44 [INFO   ] --------------------------------------------------------------
2026-06-25 11:27:44 [INFO   ] PROGRESS | Email content — To: somsaini@gmail.com
2026-06-25 11:27:44 [INFO   ] PROGRESS | Subject: PlacementHub pre-seed intro with Saini Pati Shah & CO LLP
2026-06-25 11:27:44 [INFO   ] PROGRESS | Body:
2026-06-25 11:27:44 [INFO   ] PROGRESS |   Dear Sir/Madam,
2026-06-25 11:27:44 [INFO   ] PROGRESS |   I am reaching out to introduce PlacementHub and explore whether any of your investor, entrepreneur, or
2026-06-25 11:27:44 [INFO   ] PROGRESS |   HNI clients may be open to reviewing a strategic seed opportunity.
2026-06-25 11:27:44 [INFO   ] PROGRESS |   My name is Sandeep Jain. PlacementHub is currently in its pre-seed fundraising stage, and I am
2026-06-25 11:27:44 [INFO   ] PROGRESS |   soliciting strategic seed investment for the same. PlacementHub is a campus placement and employability
2026-06-25 11:27:44 [INFO   ] PROGRESS |   platform connecting students, colleges, and recruiters. The product is built and in early
2026-06-25 11:27:44 [INFO   ] PROGRESS |   commercialization.
2026-06-25 11:27:44 [INFO   ] PROGRESS |   For reference, the detailed business plan, including the business model and go-to-market strategies, is
2026-06-25 11:27:44 [INFO   ] PROGRESS |   available here:
2026-06-25 11:27:44 [INFO   ] PROGRESS |   PlacementHub Business Plan
2026-06-25 11:27:44 [INFO   ] PROGRESS |   For a Chartered Accountant firm, the relevance is mainly professional and strategic:
2026-06-25 11:27:44 [INFO   ] PROGRESS |   PlacementHub may require support across accounting, taxation, compliance, payroll, investor documentation, audit, and related professional services.
2026-06-25 11:27:44 [INFO   ] PROGRESS |   I would naturally be pleased to consider and prioritize firms that support PlacementHub during its early growth phase, subject to suitability and mutual agreement.
2026-06-25 11:27:44 [INFO   ] PROGRESS |   The relationship can begin with a simple review of the investment note and, where appropriate, introductions to suitable investor clients.
2026-06-25 11:27:44 [INFO   ] PROGRESS |   If the opportunity is worth a look, I would be happy to send the note and speak briefly about the round,
2026-06-25 11:27:44 [INFO   ] PROGRESS |   the platform, and the type of strategic investors we are looking for.
2026-06-25 11:27:44 [INFO   ] PROGRESS |   Please reply to this email or call me if you would like to explore it.
2026-06-25 11:27:44 [INFO   ] PROGRESS |   Warm Regards,
2026-06-25 11:27:44 [INFO   ] PROGRESS |   Sandeep Jain
2026-06-25 11:27:44 [INFO   ] PROGRESS |   Founder, PlacementHub
2026-06-25 11:27:44 [INFO   ] PROGRESS |   +91-9860090620
2026-06-25 11:27:44 [INFO   ] PROGRESS |   sandeepjain200019@gmail.com
2026-06-25 11:27:44 [INFO   ] PROGRESS |   Detailed Profile
2026-06-25 11:27:44 [INFO   ] PROGRESS |   Detailed Note on Funding Requirement
2026-06-25 11:27:44 [INFO   ] --------------------------------------------------------------
2026-06-25 11:27:44 [INFO   ] 
2026-06-25 11:27:44 [INFO   ] 
2026-06-25 11:27:44 [INFO   ] PROGRESS | Email preview — To: somsaini@gmail.com | Subject: PlacementHub pre-seed intro with Saini Pati Shah & CO LLP
2026-06-25 11:27:44 [INFO   ] SENT (Brevo) -> somsaini@gmail.com (Saini Pati Shah & CO LLP) | PlacementHub pre-seed intro with Saini Pati Shah & CO LLP | messageId=<202606250557.68364779934@smtp-relay.mailin.fr> (API accepted; run audit-brevo to confirm delivery)
2026-06-25 11:27:44 [INFO   ] Sleeping for 10 seconds
2026-06-25 11:27:54 [INFO   ] PROGRESS | Send 38/50 | SENT | somsaini@gmail.com | Saini Pati Shah & CO LLP [Chartered Accountants & Company Secretaries] | ok=35 fail=3 skip=0
2026-06-25 11:27:54 [INFO   ] PROGRESS | Send 39/50 | SENDING | casanjaybhujbal@gmail.com | SANJAY B BHUJBAL & ASSOCIATES LLP [Chartered Accountants & Company Secretaries] | ok=35 fail=3 skip=0
2026-06-25 11:27:57 [INFO   ] --------------------------------------------------------------
2026-06-25 11:27:57 [INFO   ] PROGRESS | Email content — To: casanjaybhujbal@gmail.com
2026-06-25 11:27:57 [INFO   ] PROGRESS | Subject: PlacementHub pre-seed intro with SANJAY B BHUJBAL & ASSOCIATES LLP
2026-06-25 11:27:57 [INFO   ] PROGRESS | Body:
2026-06-25 11:27:57 [INFO   ] PROGRESS |   Dear Sir/Madam,
2026-06-25 11:27:57 [INFO   ] PROGRESS |   I am reaching out to introduce PlacementHub and explore whether any of your investor, entrepreneur, or
2026-06-25 11:27:57 [INFO   ] PROGRESS |   HNI clients may be open to reviewing a strategic seed opportunity.
2026-06-25 11:27:57 [INFO   ] PROGRESS |   My name is Sandeep Jain. PlacementHub is currently in its pre-seed fundraising stage, and I am
2026-06-25 11:27:57 [INFO   ] PROGRESS |   soliciting strategic seed investment for the same. PlacementHub is a campus placement and employability
2026-06-25 11:27:57 [INFO   ] PROGRESS |   platform connecting students, colleges, and recruiters. The product is built and in early
2026-06-25 11:27:57 [INFO   ] PROGRESS |   commercialization.
2026-06-25 11:27:57 [INFO   ] PROGRESS |   For reference, the detailed business plan, including the business model and go-to-market strategies, is
2026-06-25 11:27:57 [INFO   ] PROGRESS |   available here:
2026-06-25 11:27:57 [INFO   ] PROGRESS |   PlacementHub Business Plan
2026-06-25 11:27:57 [INFO   ] PROGRESS |   For a Chartered Accountant firm, the relevance is mainly professional and strategic:
2026-06-25 11:27:57 [INFO   ] PROGRESS |   PlacementHub may require support across accounting, taxation, compliance, payroll, investor documentation, audit, and related professional services.
2026-06-25 11:27:57 [INFO   ] PROGRESS |   I would naturally be pleased to consider and prioritize firms that support PlacementHub during its early growth phase, subject to suitability and mutual agreement.
2026-06-25 11:27:57 [INFO   ] PROGRESS |   The relationship can begin with a simple review of the investment note and, where appropriate, introductions to suitable investor clients.
2026-06-25 11:27:57 [INFO   ] PROGRESS |   If the opportunity is worth a look, I would be happy to send the note and speak briefly about the round,
2026-06-25 11:27:57 [INFO   ] PROGRESS |   the platform, and the type of strategic investors we are looking for.
2026-06-25 11:27:57 [INFO   ] PROGRESS |   Please reply to this email or call me if you would like to explore it.
2026-06-25 11:27:57 [INFO   ] PROGRESS |   Warm Regards,
2026-06-25 11:27:57 [INFO   ] PROGRESS |   Sandeep Jain
2026-06-25 11:27:57 [INFO   ] PROGRESS |   Founder, PlacementHub
2026-06-25 11:27:57 [INFO   ] PROGRESS |   +91-9860090620
2026-06-25 11:27:57 [INFO   ] PROGRESS |   sandeepjain200019@gmail.com
2026-06-25 11:27:57 [INFO   ] PROGRESS |   Detailed Profile
2026-06-25 11:27:57 [INFO   ] PROGRESS |   Detailed Note on Funding Requirement
2026-06-25 11:27:57 [INFO   ] --------------------------------------------------------------
2026-06-25 11:27:57 [INFO   ] 
2026-06-25 11:27:57 [INFO   ] 
2026-06-25 11:27:57 [INFO   ] PROGRESS | Email preview — To: casanjaybhujbal@gmail.com | Subject: PlacementHub pre-seed intro with SANJAY B BHUJBAL & ASSOCIATES LLP
2026-06-25 11:27:59 [INFO   ] SENT (Brevo) -> casanjaybhujbal@gmail.com (SANJAY B BHUJBAL & ASSOCIATES LLP) | PlacementHub pre-seed intro with SANJAY B BHUJBAL & ASSOCIATES LLP | messageId=<202606250557.49465158446@smtp-relay.mailin.fr> (API accepted; run audit-brevo to confirm delivery)
2026-06-25 11:27:59 [INFO   ] Sleeping for 10 seconds
2026-06-25 11:28:09 [INFO   ] PROGRESS | Send 39/50 | SENT | casanjaybhujbal@gmail.com | SANJAY B BHUJBAL & ASSOCIATES LLP [Chartered Accountants & Company Secretaries] | ok=36 fail=3 skip=0
2026-06-25 11:28:09 [INFO   ] PROGRESS | Send 40/50 | SENDING | pinkymalvia@gmail.com | PINKY MALVIA & CO [Chartered Accountants & Company Secretaries] | ok=36 fail=3 skip=0
2026-06-25 11:28:19 [INFO   ] --------------------------------------------------------------
2026-06-25 11:28:19 [INFO   ] PROGRESS | Email content — To: pinkymalvia@gmail.com
2026-06-25 11:28:19 [INFO   ] PROGRESS | Subject: PlacementHub pre-seed intro with PINKY MALVIA & CO
2026-06-25 11:28:19 [INFO   ] PROGRESS | Body:
2026-06-25 11:28:19 [INFO   ] PROGRESS |   Dear Sir/Madam,
2026-06-25 11:28:19 [INFO   ] PROGRESS |   I am reaching out to introduce PlacementHub and explore whether any of your investor, entrepreneur, or
2026-06-25 11:28:19 [INFO   ] PROGRESS |   HNI clients may be open to reviewing a strategic seed opportunity.
2026-06-25 11:28:19 [INFO   ] PROGRESS |   My name is Sandeep Jain. PlacementHub is currently in its pre-seed fundraising stage, and I am
2026-06-25 11:28:19 [INFO   ] PROGRESS |   soliciting strategic seed investment for the same. PlacementHub is a campus placement and employability
2026-06-25 11:28:19 [INFO   ] PROGRESS |   platform connecting students, colleges, and recruiters. The product is built and in early
2026-06-25 11:28:19 [INFO   ] PROGRESS |   commercialization.
2026-06-25 11:28:19 [INFO   ] PROGRESS |   For reference, the detailed business plan, including the business model and go-to-market strategies, is
2026-06-25 11:28:19 [INFO   ] PROGRESS |   available here:
2026-06-25 11:28:19 [INFO   ] PROGRESS |   PlacementHub Business Plan
2026-06-25 11:28:19 [INFO   ] PROGRESS |   For a Chartered Accountant firm, the relevance is mainly professional and strategic:
2026-06-25 11:28:19 [INFO   ] PROGRESS |   PlacementHub may require support across accounting, taxation, compliance, payroll, investor documentation, audit, and related professional services.
2026-06-25 11:28:19 [INFO   ] PROGRESS |   I would naturally be pleased to consider and prioritize firms that support PlacementHub during its early growth phase, subject to suitability and mutual agreement.
2026-06-25 11:28:19 [INFO   ] PROGRESS |   The relationship can begin with a simple review of the investment note and, where appropriate, introductions to suitable investor clients.
2026-06-25 11:28:19 [INFO   ] PROGRESS |   If the opportunity is worth a look, I would be happy to send the note and speak briefly about the round,
2026-06-25 11:28:19 [INFO   ] PROGRESS |   the platform, and the type of strategic investors we are looking for.
2026-06-25 11:28:19 [INFO   ] PROGRESS |   Please reply to this email or call me if you would like to explore it.
2026-06-25 11:28:19 [INFO   ] PROGRESS |   Warm Regards,
2026-06-25 11:28:19 [INFO   ] PROGRESS |   Sandeep Jain
2026-06-25 11:28:19 [INFO   ] PROGRESS |   Founder, PlacementHub
2026-06-25 11:28:19 [INFO   ] PROGRESS |   +91-9860090620
2026-06-25 11:28:19 [INFO   ] PROGRESS |   sandeepjain200019@gmail.com
2026-06-25 11:28:19 [INFO   ] PROGRESS |   Detailed Profile
2026-06-25 11:28:19 [INFO   ] PROGRESS |   Detailed Note on Funding Requirement
2026-06-25 11:28:19 [INFO   ] --------------------------------------------------------------
2026-06-25 11:28:19 [INFO   ] 
2026-06-25 11:28:19 [INFO   ] 
2026-06-25 11:28:19 [INFO   ] PROGRESS | Email preview — To: pinkymalvia@gmail.com | Subject: PlacementHub pre-seed intro with PINKY MALVIA & CO
2026-06-25 11:28:20 [INFO   ] SENT (Brevo) -> pinkymalvia@gmail.com (PINKY MALVIA & CO) | PlacementHub pre-seed intro with PINKY MALVIA & CO | messageId=<202606250558.61456360963@smtp-relay.mailin.fr> (API accepted; run audit-brevo to confirm delivery)
2026-06-25 11:28:20 [INFO   ] Sleeping for 10 seconds
2026-06-25 11:28:30 [INFO   ] PROGRESS | Send 40/50 | SENT | pinkymalvia@gmail.com | PINKY MALVIA & CO [Chartered Accountants & Company Secretaries] | ok=37 fail=3 skip=0
2026-06-25 11:28:30 [INFO   ] PROGRESS | Send 41/50 | SENDING | rachna@nkrco.in | N K R & CO LLP [Chartered Accountants & Company Secretaries] | ok=37 fail=3 skip=0
2026-06-25 11:28:30 [WARNING] NVIDIA call failed (attempt 1/5): HTTP Error 403: Forbidden — rotating key.
2026-06-25 11:28:39 [INFO   ] --------------------------------------------------------------
2026-06-25 11:28:39 [INFO   ] PROGRESS | Email content — To: rachna@nkrco.in
2026-06-25 11:28:39 [INFO   ] PROGRESS | Subject: PlacementHub pre-seed intro with N K R & CO LLP
2026-06-25 11:28:39 [INFO   ] PROGRESS | Body:
2026-06-25 11:28:39 [INFO   ] PROGRESS |   Dear Sir/Madam,
2026-06-25 11:28:39 [INFO   ] PROGRESS |   I am reaching out to introduce PlacementHub and explore whether any of your investor, entrepreneur, or
2026-06-25 11:28:39 [INFO   ] PROGRESS |   HNI clients may be open to reviewing a strategic seed opportunity.
2026-06-25 11:28:39 [INFO   ] PROGRESS |   My name is Sandeep Jain. PlacementHub is currently in its pre-seed fundraising stage, and I am
2026-06-25 11:28:39 [INFO   ] PROGRESS |   soliciting strategic seed investment for the same. PlacementHub is a campus placement and employability
2026-06-25 11:28:39 [INFO   ] PROGRESS |   platform connecting students, colleges, and recruiters. The product is built and in early
2026-06-25 11:28:39 [INFO   ] PROGRESS |   commercialization.
2026-06-25 11:28:39 [INFO   ] PROGRESS |   For reference, the detailed business plan, including the business model and go-to-market strategies, is
2026-06-25 11:28:39 [INFO   ] PROGRESS |   available here:
2026-06-25 11:28:39 [INFO   ] PROGRESS |   PlacementHub Business Plan
2026-06-25 11:28:39 [INFO   ] PROGRESS |   For a Chartered Accountant firm, the relevance is mainly professional and strategic:
2026-06-25 11:28:39 [INFO   ] PROGRESS |   PlacementHub may require support across accounting, taxation, compliance, payroll, investor documentation, audit, and related professional services.
2026-06-25 11:28:39 [INFO   ] PROGRESS |   I would naturally be pleased to consider and prioritize firms that support PlacementHub during its early growth phase, subject to suitability and mutual agreement.
2026-06-25 11:28:39 [INFO   ] PROGRESS |   The relationship can begin with a simple review of the investment note and, where appropriate, introductions to suitable investor clients.
2026-06-25 11:28:39 [INFO   ] PROGRESS |   If the opportunity is worth a look, I would be happy to send the note and speak briefly about the round,
2026-06-25 11:28:39 [INFO   ] PROGRESS |   the platform, and the type of strategic investors we are looking for.
2026-06-25 11:28:39 [INFO   ] PROGRESS |   Please reply to this email or call me if you would like to explore it.
2026-06-25 11:28:39 [INFO   ] PROGRESS |   Warm Regards,
2026-06-25 11:28:39 [INFO   ] PROGRESS |   Sandeep Jain
2026-06-25 11:28:39 [INFO   ] PROGRESS |   Founder, PlacementHub
2026-06-25 11:28:39 [INFO   ] PROGRESS |   +91-9860090620
2026-06-25 11:28:39 [INFO   ] PROGRESS |   sandeepjain200019@gmail.com
2026-06-25 11:28:39 [INFO   ] PROGRESS |   Detailed Profile
2026-06-25 11:28:39 [INFO   ] PROGRESS |   Detailed Note on Funding Requirement
2026-06-25 11:28:39 [INFO   ] --------------------------------------------------------------
2026-06-25 11:28:39 [INFO   ] 
2026-06-25 11:28:39 [INFO   ] 
2026-06-25 11:28:39 [INFO   ] PROGRESS | Email preview — To: rachna@nkrco.in | Subject: PlacementHub pre-seed intro with N K R & CO LLP
2026-06-25 11:28:40 [INFO   ] SENT (Brevo) -> rachna@nkrco.in (N K R & CO LLP) | PlacementHub pre-seed intro with N K R & CO LLP | messageId=<202606250558.83844210886@smtp-relay.mailin.fr> (API accepted; run audit-brevo to confirm delivery)
2026-06-25 11:28:40 [INFO   ] Sleeping for 10 seconds
2026-06-25 11:28:50 [INFO   ] PROGRESS | Send 41/50 | SENT | rachna@nkrco.in | N K R & CO LLP [Chartered Accountants & Company Secretaries] | ok=38 fail=3 skip=0
2026-06-25 11:28:50 [INFO   ] PROGRESS | Send 42/50 | SENDING | nitin_mamtora@yahoo.co.in | N R MAMTORA & CO [Chartered Accountants & Company Secretaries] | ok=38 fail=3 skip=0
2026-06-25 11:28:54 [INFO   ] --------------------------------------------------------------
2026-06-25 11:28:54 [INFO   ] PROGRESS | Email content — To: nitin_mamtora@yahoo.co.in
2026-06-25 11:28:54 [INFO   ] PROGRESS | Subject: PlacementHub pre-seed intro with N R MAMTORA & CO
2026-06-25 11:28:54 [INFO   ] PROGRESS | Body:
2026-06-25 11:28:54 [INFO   ] PROGRESS |   Dear Sir/Madam,
2026-06-25 11:28:54 [INFO   ] PROGRESS |   I am reaching out to introduce PlacementHub and explore whether any of your investor, entrepreneur, or
2026-06-25 11:28:54 [INFO   ] PROGRESS |   HNI clients may be open to reviewing a strategic seed opportunity.
2026-06-25 11:28:54 [INFO   ] PROGRESS |   My name is Sandeep Jain. PlacementHub is currently in its pre-seed fundraising stage, and I am
2026-06-25 11:28:54 [INFO   ] PROGRESS |   soliciting strategic seed investment for the same. PlacementHub is a campus placement and employability
2026-06-25 11:28:54 [INFO   ] PROGRESS |   platform connecting students, colleges, and recruiters. The product is built and in early
2026-06-25 11:28:54 [INFO   ] PROGRESS |   commercialization.
2026-06-25 11:28:54 [INFO   ] PROGRESS |   For reference, the detailed business plan, including the business model and go-to-market strategies, is
2026-06-25 11:28:54 [INFO   ] PROGRESS |   available here:
2026-06-25 11:28:54 [INFO   ] PROGRESS |   PlacementHub Business Plan
2026-06-25 11:28:54 [INFO   ] PROGRESS |   For a Chartered Accountant firm, the relevance is mainly professional and strategic:
2026-06-25 11:28:54 [INFO   ] PROGRESS |   PlacementHub may require support across accounting, taxation, compliance, payroll, investor documentation, audit, and related professional services.
2026-06-25 11:28:54 [INFO   ] PROGRESS |   I would naturally be pleased to consider and prioritize firms that support PlacementHub during its early growth phase, subject to suitability and mutual agreement.
2026-06-25 11:28:54 [INFO   ] PROGRESS |   The relationship can begin with a simple review of the investment note and, where appropriate, introductions to suitable investor clients.
2026-06-25 11:28:54 [INFO   ] PROGRESS |   If the opportunity is worth a look, I would be happy to send the note and speak briefly about the round,
2026-06-25 11:28:54 [INFO   ] PROGRESS |   the platform, and the type of strategic investors we are looking for.
2026-06-25 11:28:54 [INFO   ] PROGRESS |   Please reply to this email or call me if you would like to explore it.
2026-06-25 11:28:54 [INFO   ] PROGRESS |   Warm Regards,
2026-06-25 11:28:54 [INFO   ] PROGRESS |   Sandeep Jain
2026-06-25 11:28:54 [INFO   ] PROGRESS |   Founder, PlacementHub
2026-06-25 11:28:54 [INFO   ] PROGRESS |   +91-9860090620
2026-06-25 11:28:54 [INFO   ] PROGRESS |   sandeepjain200019@gmail.com
2026-06-25 11:28:54 [INFO   ] PROGRESS |   Detailed Profile
2026-06-25 11:28:54 [INFO   ] PROGRESS |   Detailed Note on Funding Requirement
2026-06-25 11:28:54 [INFO   ] --------------------------------------------------------------
2026-06-25 11:28:54 [INFO   ] 
2026-06-25 11:28:54 [INFO   ] 
2026-06-25 11:28:54 [INFO   ] PROGRESS | Email preview — To: nitin_mamtora@yahoo.co.in | Subject: PlacementHub pre-seed intro with N R MAMTORA & CO
2026-06-25 11:28:55 [INFO   ] SENT (Brevo) -> nitin_mamtora@yahoo.co.in (N R MAMTORA & CO) | PlacementHub pre-seed intro with N R MAMTORA & CO | messageId=<202606250558.15236072851@smtp-relay.mailin.fr> (API accepted; run audit-brevo to confirm delivery)
2026-06-25 11:28:55 [INFO   ] Sleeping for 10 seconds
2026-06-25 11:29:05 [INFO   ] PROGRESS | Send 42/50 | SENT | nitin_mamtora@yahoo.co.in | N R MAMTORA & CO [Chartered Accountants & Company Secretaries] | ok=39 fail=3 skip=0
2026-06-25 11:29:05 [INFO   ] PROGRESS | Send 43/50 | SENDING | abhishekkothari152@gmail.com | ABHISHEK S KOTHARI & ASSOCIATES [Chartered Accountants & Company Secretaries] | ok=39 fail=3 skip=0
2026-06-25 11:29:08 [INFO   ] --------------------------------------------------------------
2026-06-25 11:29:08 [INFO   ] PROGRESS | Email content — To: abhishekkothari152@gmail.com
2026-06-25 11:29:08 [INFO   ] PROGRESS | Subject: PlacementHub pre-seed intro with ABHISHEK S KOTHARI & ASSOCIATES
2026-06-25 11:29:08 [INFO   ] PROGRESS | Body:
2026-06-25 11:29:08 [INFO   ] PROGRESS |   Dear Sir/Madam,
2026-06-25 11:29:08 [INFO   ] PROGRESS |   I am reaching out to introduce PlacementHub and explore whether any of your investor, entrepreneur, or
2026-06-25 11:29:08 [INFO   ] PROGRESS |   HNI clients may be open to reviewing a strategic seed opportunity.
2026-06-25 11:29:08 [INFO   ] PROGRESS |   My name is Sandeep Jain. PlacementHub is currently in its pre-seed fundraising stage, and I am
2026-06-25 11:29:08 [INFO   ] PROGRESS |   soliciting strategic seed investment for the same. PlacementHub is a campus placement and employability
2026-06-25 11:29:08 [INFO   ] PROGRESS |   platform connecting students, colleges, and recruiters. The product is built and in early
2026-06-25 11:29:08 [INFO   ] PROGRESS |   commercialization.
2026-06-25 11:29:08 [INFO   ] PROGRESS |   For reference, the detailed business plan, including the business model and go-to-market strategies, is
2026-06-25 11:29:08 [INFO   ] PROGRESS |   available here:
2026-06-25 11:29:08 [INFO   ] PROGRESS |   PlacementHub Business Plan
2026-06-25 11:29:08 [INFO   ] PROGRESS |   For a Chartered Accountant firm, the relevance is mainly professional and strategic:
2026-06-25 11:29:08 [INFO   ] PROGRESS |   PlacementHub may require support across accounting, taxation, compliance, payroll, investor documentation, audit, and related professional services.
2026-06-25 11:29:08 [INFO   ] PROGRESS |   I would naturally be pleased to consider and prioritize firms that support PlacementHub during its early growth phase, subject to suitability and mutual agreement.
2026-06-25 11:29:08 [INFO   ] PROGRESS |   The relationship can begin with a simple review of the investment note and, where appropriate, introductions to suitable investor clients.
2026-06-25 11:29:08 [INFO   ] PROGRESS |   If the opportunity is worth a look, I would be happy to send the note and speak briefly about the round,
2026-06-25 11:29:08 [INFO   ] PROGRESS |   the platform, and the type of strategic investors we are looking for.
2026-06-25 11:29:08 [INFO   ] PROGRESS |   Please reply to this email or call me if you would like to explore it.
2026-06-25 11:29:08 [INFO   ] PROGRESS |   Warm Regards,
2026-06-25 11:29:08 [INFO   ] PROGRESS |   Sandeep Jain
2026-06-25 11:29:08 [INFO   ] PROGRESS |   Founder, PlacementHub
2026-06-25 11:29:08 [INFO   ] PROGRESS |   +91-9860090620
2026-06-25 11:29:08 [INFO   ] PROGRESS |   sandeepjain200019@gmail.com
2026-06-25 11:29:08 [INFO   ] PROGRESS |   Detailed Profile
2026-06-25 11:29:08 [INFO   ] PROGRESS |   Detailed Note on Funding Requirement
2026-06-25 11:29:08 [INFO   ] --------------------------------------------------------------
2026-06-25 11:29:08 [INFO   ] 
2026-06-25 11:29:08 [INFO   ] 
2026-06-25 11:29:08 [INFO   ] PROGRESS | Email preview — To: abhishekkothari152@gmail.com | Subject: PlacementHub pre-seed intro with ABHISHEK S KOTHARI & ASSOCIATES
2026-06-25 11:29:09 [INFO   ] SENT (Brevo) -> abhishekkothari152@gmail.com (ABHISHEK S KOTHARI & ASSOCIATES) | PlacementHub pre-seed intro with ABHISHEK S KOTHARI & ASSOCIATES | messageId=<202606250559.51283450473@smtp-relay.mailin.fr> (API accepted; run audit-brevo to confirm delivery)
2026-06-25 11:29:09 [INFO   ] Sleeping for 10 seconds
2026-06-25 11:29:19 [INFO   ] PROGRESS | Send 43/50 | SENT | abhishekkothari152@gmail.com | ABHISHEK S KOTHARI & ASSOCIATES [Chartered Accountants & Company Secretaries] | ok=40 fail=3 skip=0
2026-06-25 11:29:19 [INFO   ] PROGRESS | Send 44/50 | SENDING | kenilshah059@gmail.com | KENIL SHAH & CO [Chartered Accountants & Company Secretaries] | ok=40 fail=3 skip=0
2026-06-25 11:29:24 [INFO   ] --------------------------------------------------------------
2026-06-25 11:29:24 [INFO   ] PROGRESS | Email content — To: kenilshah059@gmail.com
2026-06-25 11:29:24 [INFO   ] PROGRESS | Subject: PlacementHub pre-seed intro with KENIL SHAH & CO
2026-06-25 11:29:24 [INFO   ] PROGRESS | Body:
2026-06-25 11:29:24 [INFO   ] PROGRESS |   Dear Sir/Madam,
2026-06-25 11:29:24 [INFO   ] PROGRESS |   I am reaching out to introduce PlacementHub and explore whether any of your investor, entrepreneur, or
2026-06-25 11:29:24 [INFO   ] PROGRESS |   HNI clients may be open to reviewing a strategic seed opportunity.
2026-06-25 11:29:24 [INFO   ] PROGRESS |   My name is Sandeep Jain. PlacementHub is currently in its pre-seed fundraising stage, and I am
2026-06-25 11:29:24 [INFO   ] PROGRESS |   soliciting strategic seed investment for the same. PlacementHub is a campus placement and employability
2026-06-25 11:29:24 [INFO   ] PROGRESS |   platform connecting students, colleges, and recruiters. The product is built and in early
2026-06-25 11:29:24 [INFO   ] PROGRESS |   commercialization.
2026-06-25 11:29:24 [INFO   ] PROGRESS |   For reference, the detailed business plan, including the business model and go-to-market strategies, is
2026-06-25 11:29:24 [INFO   ] PROGRESS |   available here:
2026-06-25 11:29:24 [INFO   ] PROGRESS |   PlacementHub Business Plan
2026-06-25 11:29:24 [INFO   ] PROGRESS |   For a Chartered Accountant firm, the relevance is mainly professional and strategic:
2026-06-25 11:29:24 [INFO   ] PROGRESS |   PlacementHub may require support across accounting, taxation, compliance, payroll, investor documentation, audit, and related professional services.
2026-06-25 11:29:24 [INFO   ] PROGRESS |   I would naturally be pleased to consider and prioritize firms that support PlacementHub during its early growth phase, subject to suitability and mutual agreement.
2026-06-25 11:29:24 [INFO   ] PROGRESS |   The relationship can begin with a simple review of the investment note and, where appropriate, introductions to suitable investor clients.
2026-06-25 11:29:24 [INFO   ] PROGRESS |   If the opportunity is worth a look, I would be happy to send the note and speak briefly about the round,
2026-06-25 11:29:24 [INFO   ] PROGRESS |   the platform, and the type of strategic investors we are looking for.
2026-06-25 11:29:24 [INFO   ] PROGRESS |   Please reply to this email or call me if you would like to explore it.
2026-06-25 11:29:24 [INFO   ] PROGRESS |   Warm Regards,
2026-06-25 11:29:24 [INFO   ] PROGRESS |   Sandeep Jain
2026-06-25 11:29:24 [INFO   ] PROGRESS |   Founder, PlacementHub
2026-06-25 11:29:24 [INFO   ] PROGRESS |   +91-9860090620
2026-06-25 11:29:24 [INFO   ] PROGRESS |   sandeepjain200019@gmail.com
2026-06-25 11:29:24 [INFO   ] PROGRESS |   Detailed Profile
2026-06-25 11:29:24 [INFO   ] PROGRESS |   Detailed Note on Funding Requirement
2026-06-25 11:29:24 [INFO   ] --------------------------------------------------------------
2026-06-25 11:29:24 [INFO   ] 
2026-06-25 11:29:24 [INFO   ] 
2026-06-25 11:29:24 [INFO   ] PROGRESS | Email preview — To: kenilshah059@gmail.com | Subject: PlacementHub pre-seed intro with KENIL SHAH & CO
2026-06-25 11:29:25 [INFO   ] SENT (Brevo) -> kenilshah059@gmail.com (KENIL SHAH & CO) | PlacementHub pre-seed intro with KENIL SHAH & CO | messageId=<202606250559.64147535463@smtp-relay.mailin.fr> (API accepted; run audit-brevo to confirm delivery)
2026-06-25 11:29:25 [INFO   ] Sleeping for 10 seconds
2026-06-25 11:29:35 [INFO   ] PROGRESS | Send 44/50 | SENT | kenilshah059@gmail.com | KENIL SHAH & CO [Chartered Accountants & Company Secretaries] | ok=41 fail=3 skip=0
2026-06-25 11:29:35 [INFO   ] PROGRESS | Send 45/50 | SENDING | capurshottammenariya@gmail.com | MENARIYA & ASSOCIATES [Chartered Accountants & Company Secretaries] | ok=41 fail=3 skip=0
2026-06-25 11:29:37 [INFO   ] --------------------------------------------------------------
2026-06-25 11:29:37 [INFO   ] PROGRESS | Email content — To: capurshottammenariya@gmail.com
2026-06-25 11:29:37 [INFO   ] PROGRESS | Subject: PlacementHub pre-seed intro with MENARIYA & ASSOCIATES
2026-06-25 11:29:37 [INFO   ] PROGRESS | Body:
2026-06-25 11:29:37 [INFO   ] PROGRESS |   Dear Sir/Madam,
2026-06-25 11:29:37 [INFO   ] PROGRESS |   I am reaching out to introduce PlacementHub and explore whether any of your investor, entrepreneur, or
2026-06-25 11:29:37 [INFO   ] PROGRESS |   HNI clients may be open to reviewing a strategic seed opportunity.
2026-06-25 11:29:37 [INFO   ] PROGRESS |   My name is Sandeep Jain. PlacementHub is currently in its pre-seed fundraising stage, and I am
2026-06-25 11:29:37 [INFO   ] PROGRESS |   soliciting strategic seed investment for the same. PlacementHub is a campus placement and employability
2026-06-25 11:29:37 [INFO   ] PROGRESS |   platform connecting students, colleges, and recruiters. The product is built and in early
2026-06-25 11:29:37 [INFO   ] PROGRESS |   commercialization.
2026-06-25 11:29:37 [INFO   ] PROGRESS |   For reference, the detailed business plan, including the business model and go-to-market strategies, is
2026-06-25 11:29:37 [INFO   ] PROGRESS |   available here:
2026-06-25 11:29:37 [INFO   ] PROGRESS |   PlacementHub Business Plan
2026-06-25 11:29:37 [INFO   ] PROGRESS |   For a Chartered Accountant firm, the relevance is mainly professional and strategic:
2026-06-25 11:29:37 [INFO   ] PROGRESS |   PlacementHub may require support across accounting, taxation, compliance, payroll, investor documentation, audit, and related professional services.
2026-06-25 11:29:37 [INFO   ] PROGRESS |   I would naturally be pleased to consider and prioritize firms that support PlacementHub during its early growth phase, subject to suitability and mutual agreement.
2026-06-25 11:29:37 [INFO   ] PROGRESS |   The relationship can begin with a simple review of the investment note and, where appropriate, introductions to suitable investor clients.
2026-06-25 11:29:37 [INFO   ] PROGRESS |   If the opportunity is worth a look, I would be happy to send the note and speak briefly about the round,
2026-06-25 11:29:37 [INFO   ] PROGRESS |   the platform, and the type of strategic investors we are looking for.
2026-06-25 11:29:37 [INFO   ] PROGRESS |   Please reply to this email or call me if you would like to explore it.
2026-06-25 11:29:37 [INFO   ] PROGRESS |   Warm Regards,
2026-06-25 11:29:37 [INFO   ] PROGRESS |   Sandeep Jain
2026-06-25 11:29:37 [INFO   ] PROGRESS |   Founder, PlacementHub
2026-06-25 11:29:37 [INFO   ] PROGRESS |   +91-9860090620
2026-06-25 11:29:37 [INFO   ] PROGRESS |   sandeepjain200019@gmail.com
2026-06-25 11:29:37 [INFO   ] PROGRESS |   Detailed Profile
2026-06-25 11:29:37 [INFO   ] PROGRESS |   Detailed Note on Funding Requirement
2026-06-25 11:29:37 [INFO   ] --------------------------------------------------------------
2026-06-25 11:29:37 [INFO   ] 
2026-06-25 11:29:37 [INFO   ] 
2026-06-25 11:29:37 [INFO   ] PROGRESS | Email preview — To: capurshottammenariya@gmail.com | Subject: PlacementHub pre-seed intro with MENARIYA & ASSOCIATES
2026-06-25 11:29:38 [INFO   ] SENT (Brevo) -> capurshottammenariya@gmail.com (MENARIYA & ASSOCIATES) | PlacementHub pre-seed intro with MENARIYA & ASSOCIATES | messageId=<202606250559.41613450772@smtp-relay.mailin.fr> (API accepted; run audit-brevo to confirm delivery)
2026-06-25 11:29:38 [INFO   ] Sleeping for 10 seconds
2026-06-25 11:29:48 [INFO   ] PROGRESS | Send 45/50 | SENT | capurshottammenariya@gmail.com | MENARIYA & ASSOCIATES [Chartered Accountants & Company Secretaries] | ok=42 fail=3 skip=0
2026-06-25 11:29:48 [INFO   ] PROGRESS | Send 46/50 | SENDING | hnm6991@gmail.com | HARSHAL MEHTA & ASSOCIATES [Chartered Accountants & Company Secretaries] | ok=42 fail=3 skip=0
2026-06-25 11:29:51 [INFO   ] --------------------------------------------------------------
2026-06-25 11:29:51 [INFO   ] PROGRESS | Email content — To: hnm6991@gmail.com
2026-06-25 11:29:51 [INFO   ] PROGRESS | Subject: PlacementHub pre-seed intro with HARSHAL MEHTA & ASSOCIATES
2026-06-25 11:29:51 [INFO   ] PROGRESS | Body:
2026-06-25 11:29:51 [INFO   ] PROGRESS |   Dear Sir/Madam,
2026-06-25 11:29:51 [INFO   ] PROGRESS |   I am reaching out to introduce PlacementHub and explore whether any of your investor, entrepreneur, or
2026-06-25 11:29:51 [INFO   ] PROGRESS |   HNI clients may be open to reviewing a strategic seed opportunity.
2026-06-25 11:29:51 [INFO   ] PROGRESS |   My name is Sandeep Jain. PlacementHub is currently in its pre-seed fundraising stage, and I am
2026-06-25 11:29:51 [INFO   ] PROGRESS |   soliciting strategic seed investment for the same. PlacementHub is a campus placement and employability
2026-06-25 11:29:51 [INFO   ] PROGRESS |   platform connecting students, colleges, and recruiters. The product is built and in early
2026-06-25 11:29:51 [INFO   ] PROGRESS |   commercialization.
2026-06-25 11:29:51 [INFO   ] PROGRESS |   For reference, the detailed business plan, including the business model and go-to-market strategies, is
2026-06-25 11:29:51 [INFO   ] PROGRESS |   available here:
2026-06-25 11:29:51 [INFO   ] PROGRESS |   PlacementHub Business Plan
2026-06-25 11:29:51 [INFO   ] PROGRESS |   For a Chartered Accountant firm, the relevance is mainly professional and strategic:
2026-06-25 11:29:51 [INFO   ] PROGRESS |   PlacementHub may require support across accounting, taxation, compliance, payroll, investor documentation, audit, and related professional services.
2026-06-25 11:29:51 [INFO   ] PROGRESS |   I would naturally be pleased to consider and prioritize firms that support PlacementHub during its early growth phase, subject to suitability and mutual agreement.
2026-06-25 11:29:51 [INFO   ] PROGRESS |   The relationship can begin with a simple review of the investment note and, where appropriate, introductions to suitable investor clients.
2026-06-25 11:29:51 [INFO   ] PROGRESS |   If the opportunity is worth a look, I would be happy to send the note and speak briefly about the round,
2026-06-25 11:29:51 [INFO   ] PROGRESS |   the platform, and the type of strategic investors we are looking for.
2026-06-25 11:29:51 [INFO   ] PROGRESS |   Please reply to this email or call me if you would like to explore it.
2026-06-25 11:29:51 [INFO   ] PROGRESS |   Warm Regards,
2026-06-25 11:29:51 [INFO   ] PROGRESS |   Sandeep Jain
2026-06-25 11:29:51 [INFO   ] PROGRESS |   Founder, PlacementHub
2026-06-25 11:29:51 [INFO   ] PROGRESS |   +91-9860090620
2026-06-25 11:29:51 [INFO   ] PROGRESS |   sandeepjain200019@gmail.com
2026-06-25 11:29:51 [INFO   ] PROGRESS |   Detailed Profile
2026-06-25 11:29:51 [INFO   ] PROGRESS |   Detailed Note on Funding Requirement
2026-06-25 11:29:51 [INFO   ] --------------------------------------------------------------
2026-06-25 11:29:51 [INFO   ] 
2026-06-25 11:29:51 [INFO   ] 
2026-06-25 11:29:51 [INFO   ] PROGRESS | Email preview — To: hnm6991@gmail.com | Subject: PlacementHub pre-seed intro with HARSHAL MEHTA & ASSOCIATES
2026-06-25 11:29:52 [INFO   ] SENT (Brevo) -> hnm6991@gmail.com (HARSHAL MEHTA & ASSOCIATES) | PlacementHub pre-seed intro with HARSHAL MEHTA & ASSOCIATES | messageId=<202606250559.32593301346@smtp-relay.mailin.fr> (API accepted; run audit-brevo to confirm delivery)
2026-06-25 11:29:52 [INFO   ] Sleeping for 10 seconds
2026-06-25 11:30:02 [INFO   ] PROGRESS | Send 46/50 | SENT | hnm6991@gmail.com | HARSHAL MEHTA & ASSOCIATES [Chartered Accountants & Company Secretaries] | ok=43 fail=3 skip=0
2026-06-25 11:30:02 [INFO   ] PROGRESS | Send 47/50 | SENDING | info@slcca.in | SHANTILAL CHANDALIYA & CO [Chartered Accountants & Company Secretaries] | ok=43 fail=3 skip=0
2026-06-25 11:30:13 [INFO   ] --------------------------------------------------------------
2026-06-25 11:30:13 [INFO   ] PROGRESS | Email content — To: info@slcca.in
2026-06-25 11:30:13 [INFO   ] PROGRESS | Subject: PlacementHub pre-seed intro with SHANTILAL CHANDALIYA & CO
2026-06-25 11:30:13 [INFO   ] PROGRESS | Body:
2026-06-25 11:30:13 [INFO   ] PROGRESS |   Dear Sir/Madam,
2026-06-25 11:30:13 [INFO   ] PROGRESS |   I am reaching out to introduce PlacementHub and explore whether any of your investor, entrepreneur, or
2026-06-25 11:30:13 [INFO   ] PROGRESS |   HNI clients may be open to reviewing a strategic seed opportunity.
2026-06-25 11:30:13 [INFO   ] PROGRESS |   My name is Sandeep Jain. PlacementHub is currently in its pre-seed fundraising stage, and I am
2026-06-25 11:30:13 [INFO   ] PROGRESS |   soliciting strategic seed investment for the same. PlacementHub is a campus placement and employability
2026-06-25 11:30:13 [INFO   ] PROGRESS |   platform connecting students, colleges, and recruiters. The product is built and in early
2026-06-25 11:30:13 [INFO   ] PROGRESS |   commercialization.
2026-06-25 11:30:13 [INFO   ] PROGRESS |   For reference, the detailed business plan, including the business model and go-to-market strategies, is
2026-06-25 11:30:13 [INFO   ] PROGRESS |   available here:
2026-06-25 11:30:13 [INFO   ] PROGRESS |   PlacementHub Business Plan
2026-06-25 11:30:13 [INFO   ] PROGRESS |   For a Chartered Accountant firm, the relevance is mainly professional and strategic:
2026-06-25 11:30:13 [INFO   ] PROGRESS |   PlacementHub may require support across accounting, taxation, compliance, payroll, investor documentation, audit, and related professional services.
2026-06-25 11:30:13 [INFO   ] PROGRESS |   I would naturally be pleased to consider and prioritize firms that support PlacementHub during its early growth phase, subject to suitability and mutual agreement.
2026-06-25 11:30:13 [INFO   ] PROGRESS |   The relationship can begin with a simple review of the investment note and, where appropriate, introductions to suitable investor clients.
2026-06-25 11:30:13 [INFO   ] PROGRESS |   If the opportunity is worth a look, I would be happy to send the note and speak briefly about the round,
2026-06-25 11:30:13 [INFO   ] PROGRESS |   the platform, and the type of strategic investors we are looking for.
2026-06-25 11:30:13 [INFO   ] PROGRESS |   Please reply to this email or call me if you would like to explore it.
2026-06-25 11:30:13 [INFO   ] PROGRESS |   Warm Regards,
2026-06-25 11:30:13 [INFO   ] PROGRESS |   Sandeep Jain
2026-06-25 11:30:13 [INFO   ] PROGRESS |   Founder, PlacementHub
2026-06-25 11:30:13 [INFO   ] PROGRESS |   +91-9860090620
2026-06-25 11:30:13 [INFO   ] PROGRESS |   sandeepjain200019@gmail.com
2026-06-25 11:30:13 [INFO   ] PROGRESS |   Detailed Profile
2026-06-25 11:30:13 [INFO   ] PROGRESS |   Detailed Note on Funding Requirement
2026-06-25 11:30:13 [INFO   ] --------------------------------------------------------------
2026-06-25 11:30:13 [INFO   ] 
2026-06-25 11:30:13 [INFO   ] 
2026-06-25 11:30:13 [INFO   ] PROGRESS | Email preview — To: info@slcca.in | Subject: PlacementHub pre-seed intro with SHANTILAL CHANDALIYA & CO
2026-06-25 11:30:14 [INFO   ] SENT (Brevo) -> info@slcca.in (SHANTILAL CHANDALIYA & CO) | PlacementHub pre-seed intro with SHANTILAL CHANDALIYA & CO | messageId=<202606250600.93098234698@smtp-relay.mailin.fr> (API accepted; run audit-brevo to confirm delivery)
2026-06-25 11:30:14 [INFO   ] Sleeping for 10 seconds
2026-06-25 11:30:24 [INFO   ] PROGRESS | Send 47/50 | SENT | info@slcca.in | SHANTILAL CHANDALIYA & CO [Chartered Accountants & Company Secretaries] | ok=44 fail=3 skip=0
2026-06-25 11:30:24 [INFO   ] PROGRESS | Send 48/50 | SENDING | 999audit@gmail.com | SHINDE & ASSOCIATES [Chartered Accountants & Company Secretaries] | ok=44 fail=3 skip=0
2026-06-25 11:30:28 [INFO   ] --------------------------------------------------------------
2026-06-25 11:30:28 [INFO   ] PROGRESS | Email content — To: 999audit@gmail.com
2026-06-25 11:30:28 [INFO   ] PROGRESS | Subject: PlacementHub pre-seed intro with SHINDE & ASSOCIATES
2026-06-25 11:30:28 [INFO   ] PROGRESS | Body:
2026-06-25 11:30:28 [INFO   ] PROGRESS |   Dear Sir/Madam,
2026-06-25 11:30:28 [INFO   ] PROGRESS |   I am reaching out to introduce PlacementHub and explore whether any of your investor, entrepreneur, or
2026-06-25 11:30:28 [INFO   ] PROGRESS |   HNI clients may be open to reviewing a strategic seed opportunity.
2026-06-25 11:30:28 [INFO   ] PROGRESS |   My name is Sandeep Jain. PlacementHub is currently in its pre-seed fundraising stage, and I am
2026-06-25 11:30:28 [INFO   ] PROGRESS |   soliciting strategic seed investment for the same. PlacementHub is a campus placement and employability
2026-06-25 11:30:28 [INFO   ] PROGRESS |   platform connecting students, colleges, and recruiters. The product is built and in early
2026-06-25 11:30:28 [INFO   ] PROGRESS |   commercialization.
2026-06-25 11:30:28 [INFO   ] PROGRESS |   For reference, the detailed business plan, including the business model and go-to-market strategies, is
2026-06-25 11:30:28 [INFO   ] PROGRESS |   available here:
2026-06-25 11:30:28 [INFO   ] PROGRESS |   PlacementHub Business Plan
2026-06-25 11:30:28 [INFO   ] PROGRESS |   For a Chartered Accountant firm, the relevance is mainly professional and strategic:
2026-06-25 11:30:28 [INFO   ] PROGRESS |   PlacementHub may require support across accounting, taxation, compliance, payroll, investor documentation, audit, and related professional services.
2026-06-25 11:30:28 [INFO   ] PROGRESS |   I would naturally be pleased to consider and prioritize firms that support PlacementHub during its early growth phase, subject to suitability and mutual agreement.
2026-06-25 11:30:28 [INFO   ] PROGRESS |   The relationship can begin with a simple review of the investment note and, where appropriate, introductions to suitable investor clients.
2026-06-25 11:30:28 [INFO   ] PROGRESS |   If the opportunity is worth a look, I would be happy to send the note and speak briefly about the round,
2026-06-25 11:30:28 [INFO   ] PROGRESS |   the platform, and the type of strategic investors we are looking for.
2026-06-25 11:30:28 [INFO   ] PROGRESS |   Please reply to this email or call me if you would like to explore it.
2026-06-25 11:30:28 [INFO   ] PROGRESS |   Warm Regards,
2026-06-25 11:30:28 [INFO   ] PROGRESS |   Sandeep Jain
2026-06-25 11:30:28 [INFO   ] PROGRESS |   Founder, PlacementHub
2026-06-25 11:30:28 [INFO   ] PROGRESS |   +91-9860090620
2026-06-25 11:30:28 [INFO   ] PROGRESS |   sandeepjain200019@gmail.com
2026-06-25 11:30:28 [INFO   ] PROGRESS |   Detailed Profile
2026-06-25 11:30:28 [INFO   ] PROGRESS |   Detailed Note on Funding Requirement
2026-06-25 11:30:28 [INFO   ] --------------------------------------------------------------
2026-06-25 11:30:28 [INFO   ] 
2026-06-25 11:30:28 [INFO   ] 
2026-06-25 11:30:28 [INFO   ] PROGRESS | Email preview — To: 999audit@gmail.com | Subject: PlacementHub pre-seed intro with SHINDE & ASSOCIATES
2026-06-25 11:30:29 [INFO   ] SENT (Brevo) -> 999audit@gmail.com (SHINDE & ASSOCIATES) | PlacementHub pre-seed intro with SHINDE & ASSOCIATES | messageId=<202606250600.54720939031@smtp-relay.mailin.fr> (API accepted; run audit-brevo to confirm delivery)
2026-06-25 11:30:29 [INFO   ] Sleeping for 10 seconds
2026-06-25 11:30:39 [INFO   ] PROGRESS | Send 48/50 | SENT | 999audit@gmail.com | SHINDE & ASSOCIATES [Chartered Accountants & Company Secretaries] | ok=45 fail=3 skip=0
2026-06-25 11:30:39 [INFO   ] PROGRESS | Send 49/50 | SENDING | joglekarp@yahoo.com | P S JOGLEKAR & CO [Chartered Accountants & Company Secretaries] | ok=45 fail=3 skip=0
2026-06-25 11:30:43 [INFO   ] --------------------------------------------------------------
2026-06-25 11:30:43 [INFO   ] PROGRESS | Email content — To: joglekarp@yahoo.com
2026-06-25 11:30:43 [INFO   ] PROGRESS | Subject: PlacementHub pre-seed intro with P S JOGLEKAR & CO
2026-06-25 11:30:43 [INFO   ] PROGRESS | Body:
2026-06-25 11:30:43 [INFO   ] PROGRESS |   Dear Sir/Madam,
2026-06-25 11:30:43 [INFO   ] PROGRESS |   I am reaching out to introduce PlacementHub and explore whether any of your investor, entrepreneur, or
2026-06-25 11:30:43 [INFO   ] PROGRESS |   HNI clients may be open to reviewing a strategic seed opportunity.
2026-06-25 11:30:43 [INFO   ] PROGRESS |   My name is Sandeep Jain. PlacementHub is currently in its pre-seed fundraising stage, and I am
2026-06-25 11:30:43 [INFO   ] PROGRESS |   soliciting strategic seed investment for the same. PlacementHub is a campus placement and employability
2026-06-25 11:30:43 [INFO   ] PROGRESS |   platform connecting students, colleges, and recruiters. The product is built and in early
2026-06-25 11:30:43 [INFO   ] PROGRESS |   commercialization.
2026-06-25 11:30:43 [INFO   ] PROGRESS |   For reference, the detailed business plan, including the business model and go-to-market strategies, is
2026-06-25 11:30:43 [INFO   ] PROGRESS |   available here:
2026-06-25 11:30:43 [INFO   ] PROGRESS |   PlacementHub Business Plan
2026-06-25 11:30:43 [INFO   ] PROGRESS |   For a Chartered Accountant firm, the relevance is mainly professional and strategic:
2026-06-25 11:30:43 [INFO   ] PROGRESS |   PlacementHub may require support across accounting, taxation, compliance, payroll, investor documentation, audit, and related professional services.
2026-06-25 11:30:43 [INFO   ] PROGRESS |   I would naturally be pleased to consider and prioritize firms that support PlacementHub during its early growth phase, subject to suitability and mutual agreement.
2026-06-25 11:30:43 [INFO   ] PROGRESS |   The relationship can begin with a simple review of the investment note and, where appropriate, introductions to suitable investor clients.
2026-06-25 11:30:43 [INFO   ] PROGRESS |   If the opportunity is worth a look, I would be happy to send the note and speak briefly about the round,
2026-06-25 11:30:43 [INFO   ] PROGRESS |   the platform, and the type of strategic investors we are looking for.
2026-06-25 11:30:43 [INFO   ] PROGRESS |   Please reply to this email or call me if you would like to explore it.
2026-06-25 11:30:43 [INFO   ] PROGRESS |   Warm Regards,
2026-06-25 11:30:43 [INFO   ] PROGRESS |   Sandeep Jain
2026-06-25 11:30:43 [INFO   ] PROGRESS |   Founder, PlacementHub
2026-06-25 11:30:43 [INFO   ] PROGRESS |   +91-9860090620
2026-06-25 11:30:43 [INFO   ] PROGRESS |   sandeepjain200019@gmail.com
2026-06-25 11:30:43 [INFO   ] PROGRESS |   Detailed Profile
2026-06-25 11:30:43 [INFO   ] PROGRESS |   Detailed Note on Funding Requirement
2026-06-25 11:30:43 [INFO   ] --------------------------------------------------------------
2026-06-25 11:30:43 [INFO   ] 
2026-06-25 11:30:43 [INFO   ] 
2026-06-25 11:30:43 [INFO   ] PROGRESS | Email preview — To: joglekarp@yahoo.com | Subject: PlacementHub pre-seed intro with P S JOGLEKAR & CO
2026-06-25 11:30:43 [INFO   ] SENT (Brevo) -> joglekarp@yahoo.com (P S JOGLEKAR & CO) | PlacementHub pre-seed intro with P S JOGLEKAR & CO | messageId=<202606250600.50337594612@smtp-relay.mailin.fr> (API accepted; run audit-brevo to confirm delivery)
2026-06-25 11:30:44 [INFO   ] Sleeping for 10 seconds
2026-06-25 11:30:54 [INFO   ] PROGRESS | Send 49/50 | SENT | joglekarp@yahoo.com | P S JOGLEKAR & CO [Chartered Accountants & Company Secretaries] | ok=46 fail=3 skip=0
2026-06-25 11:30:54 [INFO   ] PROGRESS | Send 50/50 | SENDING | audit@grassociates.co.in | GANESH & RAJENDRA ASSOCIATES [Chartered Accountants & Company Secretaries] | ok=46 fail=3 skip=0
2026-06-25 11:30:59 [INFO   ] --------------------------------------------------------------
2026-06-25 11:30:59 [INFO   ] PROGRESS | Email content — To: audit@grassociates.co.in
2026-06-25 11:30:59 [INFO   ] PROGRESS | Subject: PlacementHub pre-seed intro with GANESH & RAJENDRA ASSOCIATES
2026-06-25 11:30:59 [INFO   ] PROGRESS | Body:
2026-06-25 11:30:59 [INFO   ] PROGRESS |   Dear Sir/Madam,
2026-06-25 11:30:59 [INFO   ] PROGRESS |   I am reaching out to introduce PlacementHub and explore whether any of your investor, entrepreneur, or
2026-06-25 11:30:59 [INFO   ] PROGRESS |   HNI clients may be open to reviewing a strategic seed opportunity.
2026-06-25 11:30:59 [INFO   ] PROGRESS |   My name is Sandeep Jain. PlacementHub is currently in its pre-seed fundraising stage, and I am
2026-06-25 11:30:59 [INFO   ] PROGRESS |   soliciting strategic seed investment for the same. PlacementHub is a campus placement and employability
2026-06-25 11:30:59 [INFO   ] PROGRESS |   platform connecting students, colleges, and recruiters. The product is built and in early
2026-06-25 11:30:59 [INFO   ] PROGRESS |   commercialization.
2026-06-25 11:30:59 [INFO   ] PROGRESS |   For reference, the detailed business plan, including the business model and go-to-market strategies, is
2026-06-25 11:30:59 [INFO   ] PROGRESS |   available here:
2026-06-25 11:30:59 [INFO   ] PROGRESS |   PlacementHub Business Plan
2026-06-25 11:30:59 [INFO   ] PROGRESS |   For a Chartered Accountant firm, the relevance is mainly professional and strategic:
2026-06-25 11:30:59 [INFO   ] PROGRESS |   PlacementHub may require support across accounting, taxation, compliance, payroll, investor documentation, audit, and related professional services.
2026-06-25 11:30:59 [INFO   ] PROGRESS |   I would naturally be pleased to consider and prioritize firms that support PlacementHub during its early growth phase, subject to suitability and mutual agreement.
2026-06-25 11:30:59 [INFO   ] PROGRESS |   The relationship can begin with a simple review of the investment note and, where appropriate, introductions to suitable investor clients.
2026-06-25 11:30:59 [INFO   ] PROGRESS |   If the opportunity is worth a look, I would be happy to send the note and speak briefly about the round,
2026-06-25 11:30:59 [INFO   ] PROGRESS |   the platform, and the type of strategic investors we are looking for.
2026-06-25 11:30:59 [INFO   ] PROGRESS |   Please reply to this email or call me if you would like to explore it.
2026-06-25 11:30:59 [INFO   ] PROGRESS |   Warm Regards,
2026-06-25 11:30:59 [INFO   ] PROGRESS |   Sandeep Jain
2026-06-25 11:30:59 [INFO   ] PROGRESS |   Founder, PlacementHub
2026-06-25 11:30:59 [INFO   ] PROGRESS |   +91-9860090620
2026-06-25 11:30:59 [INFO   ] PROGRESS |   sandeepjain200019@gmail.com
2026-06-25 11:30:59 [INFO   ] PROGRESS |   Detailed Profile
2026-06-25 11:30:59 [INFO   ] PROGRESS |   Detailed Note on Funding Requirement
2026-06-25 11:30:59 [INFO   ] --------------------------------------------------------------
2026-06-25 11:30:59 [INFO   ] 
2026-06-25 11:30:59 [INFO   ] 
2026-06-25 11:30:59 [INFO   ] PROGRESS | Email preview — To: audit@grassociates.co.in | Subject: PlacementHub pre-seed intro with GANESH & RAJENDRA ASSOCIATES
2026-06-25 11:31:00 [INFO   ] SENT (Brevo) -> audit@grassociates.co.in (GANESH & RAJENDRA ASSOCIATES) | PlacementHub pre-seed intro with GANESH & RAJENDRA ASSOCIATES | messageId=<202606250600.85594327318@smtp-relay.mailin.fr> (API accepted; run audit-brevo to confirm delivery)
2026-06-25 11:31:00 [INFO   ] Sleeping for 10 seconds
2026-06-25 11:31:10 [INFO   ] PROGRESS | Send 50/50 | SENT | audit@grassociates.co.in | GANESH & RAJENDRA ASSOCIATES [Chartered Accountants & Company Secretaries] | ok=47 fail=3 skip=0
2026-06-25 11:32:32 [INFO   ] CA send complete: {'sent': 47, 'failed': 3, 'skipped': 0, 'queue_size': 50, 'ca_only': True, 'ca_bulk_unsent': 1223, 'sent_ca_connect': 47, 'sent_by_industry': {'ca_cs_firms': 47}, 'send_limit': 50}
2026-06-25 11:32:32 [INFO   ] PROGRESS | Done — CA send — 47 sent, 3 failed, 1176 unsent in ca_bulk.db
