2026-06-24 11:11:47 [INFO   ] Log file: C:\Users\sandeep\Downloads\Claudes\investment\logs\immigration_2026-06-24_11-11-47.log
2026-06-24 11:11:47 [INFO   ] 
2026-06-24 11:11:47 [INFO   ] ==============================================================
2026-06-24 11:11:47 [INFO   ] PROGRESS | Send — CA emails only (up to 50 from ca_bulk.db)
2026-06-24 11:11:47 [INFO   ] ==============================================================
2026-06-24 11:11:48 [INFO   ] Send transport: Brevo API (config: C:\Users\sandeep\Downloads\Claudes\investment\config\mail_config.json, template: C:\Users\sandeep\Downloads\Claudes\investment\templates\bodies\partnership.html, sender: sandeepjain200019@gmail.com)
2026-06-24 11:11:48 [INFO   ] CA-only send from ca_bulk.db — 1270 unsent, up to 50 this run (caconnect.icai.org).
2026-06-24 11:11:54 [INFO   ] PROGRESS | Send plan — 50 recipient(s) in queue
2026-06-24 11:11:54 [INFO   ] PROGRESS | Send 1/50 | SENDING | constitution date | BATTULL AND ASSOCIATES LLP [Chartered Accountants & Company Secretaries] | ok=0 fail=0 skip=0
2026-06-24 11:11:54 [INFO   ] Loaded 41 NVIDIA API key(s) for rotation.
2026-06-24 11:11:56 [INFO   ] --------------------------------------------------------------
2026-06-24 11:11:56 [INFO   ] PROGRESS | Email content — To: constitution date
2026-06-24 11:11:56 [INFO   ] PROGRESS | Subject: PlacementHub pre-seed intro with BATTULL AND ASSOCIATES LLP
2026-06-24 11:11:56 [INFO   ] PROGRESS | Body:
2026-06-24 11:11:56 [INFO   ] PROGRESS |   Dear Sir/Madam,
2026-06-24 11:11:56 [INFO   ] PROGRESS |   I am reaching out to introduce PlacementHub and explore whether any of your investor, entrepreneur, or
2026-06-24 11:11:56 [INFO   ] PROGRESS |   HNI clients may be open to reviewing a strategic seed opportunity.
2026-06-24 11:11:56 [INFO   ] PROGRESS |   My name is Sandeep Jain. PlacementHub is currently in its pre-seed fundraising stage, and I am
2026-06-24 11:11:56 [INFO   ] PROGRESS |   soliciting strategic seed investment for the same. PlacementHub is a campus placement and employability
2026-06-24 11:11:56 [INFO   ] PROGRESS |   platform connecting students, colleges, and recruiters. The product is built and in early
2026-06-24 11:11:56 [INFO   ] PROGRESS |   commercialization.
2026-06-24 11:11:56 [INFO   ] PROGRESS |   For reference, the detailed business plan, including the business model and go-to-market strategies, is
2026-06-24 11:11:56 [INFO   ] PROGRESS |   available here:
2026-06-24 11:11:56 [INFO   ] PROGRESS |   PlacementHub Business Plan
2026-06-24 11:11:56 [INFO   ] PROGRESS |   For a Chartered Accountant firm, the relevance is mainly professional and strategic:
2026-06-24 11:11:56 [INFO   ] PROGRESS |   PlacementHub may require support across accounting, taxation, compliance, payroll, investor documentation, audit, and related professional services.
2026-06-24 11:11:56 [INFO   ] PROGRESS |   I would naturally be pleased to consider and prioritize firms that support PlacementHub during its early growth phase, subject to suitability and mutual agreement.
2026-06-24 11:11:56 [INFO   ] PROGRESS |   The relationship can begin with a simple review of the investment note and, where appropriate, introductions to suitable investor clients.
2026-06-24 11:11:56 [INFO   ] PROGRESS |   If the opportunity is worth a look, I would be happy to send the note and speak briefly about the round,
2026-06-24 11:11:56 [INFO   ] PROGRESS |   the platform, and the type of strategic investors we are looking for.
2026-06-24 11:11:56 [INFO   ] PROGRESS |   Please reply to this email or call me if you would like to explore it.
2026-06-24 11:11:56 [INFO   ] PROGRESS |   Warm Regards,
2026-06-24 11:11:56 [INFO   ] PROGRESS |   Sandeep Jain
2026-06-24 11:11:56 [INFO   ] PROGRESS |   Founder, PlacementHub
2026-06-24 11:11:56 [INFO   ] PROGRESS |   +91-9860090620
2026-06-24 11:11:56 [INFO   ] PROGRESS |   sandeepjain200019@gmail.com
2026-06-24 11:11:56 [INFO   ] PROGRESS |   Detailed Profile
2026-06-24 11:11:56 [INFO   ] PROGRESS |   Detailed Note on Funding Requirement
2026-06-24 11:11:56 [INFO   ] --------------------------------------------------------------
2026-06-24 11:11:56 [INFO   ] 
2026-06-24 11:11:56 [INFO   ] 
2026-06-24 11:11:56 [INFO   ] PROGRESS | Email preview — To: constitution date | Subject: PlacementHub pre-seed intro with BATTULL AND ASSOCIATES LLP
2026-06-24 11:11:57 [ERROR  ] Brevo send failed for constitution date: Brevo API send failed for constitution date: (400)
Reason: Bad Request
HTTP response headers: HTTPHeaderDict({'Date': 'Wed, 24 Jun 2026 05:41:57 GMT', 'Content-Type': 'application/json', 'Content-Length': '66', 'Connection': 'keep-alive', 'CF-RAY': 'a10968082a1f99ae-CDG', 'x-envoy-upstream-service-time': '18', 'access-control-allow-credentials': 'true', 'sib-request-id': '2c6b73e7-dc18-99e6-b552-24ba47030494', 'access-control-allow-origin': '*', 'access-control-allow-headers': '*', 'access-control-allow-methods': 'PUT, POST, GET, DELETE, PATCH, OPTIONS', 'x-sib-ratelimit-limit': '1000', 'x-sib-ratelimit-remaining': '999', 'x-sib-ratelimit-reset': '1', 'cf-cache-status': 'DYNAMIC', 'Set-Cookie': '_cfuvid=m9gaeujLaUA4nYzcN5PptZundsdMlVch1E4JcuuAKOA-1782279717177-0.0.1.1-604800000; path=/; domain=.sendinblue.com; HttpOnly; Secure; SameSite=None', 'Server': 'cloudflare'})
HTTP response body: {"code":"invalid_parameter","message":"email is not valid in to"}


2026-06-24 11:11:57 [INFO   ] PROGRESS | Send 1/50 | FAILED | constitution date | BATTULL AND ASSOCIATES LLP [Chartered Accountants & Company Secretaries] | ok=0 fail=1 skip=0
2026-06-24 11:11:57 [INFO   ] PROGRESS | Send 2/50 | SENDING | constitution date | BATTULL AND ASSOCIATES LLP [Chartered Accountants & Company Secretaries] | ok=0 fail=1 skip=0
2026-06-24 11:12:00 [INFO   ] --------------------------------------------------------------
2026-06-24 11:12:00 [INFO   ] PROGRESS | Email content — To: constitution date
2026-06-24 11:12:00 [INFO   ] PROGRESS | Subject: PlacementHub pre-seed intro with BATTULL AND ASSOCIATES LLP
2026-06-24 11:12:00 [INFO   ] PROGRESS | Body:
2026-06-24 11:12:00 [INFO   ] PROGRESS |   Dear Sir/Madam,
2026-06-24 11:12:00 [INFO   ] PROGRESS |   I am reaching out to introduce PlacementHub and explore whether any of your investor, entrepreneur, or
2026-06-24 11:12:00 [INFO   ] PROGRESS |   HNI clients may be open to reviewing a strategic seed opportunity.
2026-06-24 11:12:00 [INFO   ] PROGRESS |   My name is Sandeep Jain. PlacementHub is currently in its pre-seed fundraising stage, and I am
2026-06-24 11:12:00 [INFO   ] PROGRESS |   soliciting strategic seed investment for the same. PlacementHub is a campus placement and employability
2026-06-24 11:12:00 [INFO   ] PROGRESS |   platform connecting students, colleges, and recruiters. The product is built and in early
2026-06-24 11:12:00 [INFO   ] PROGRESS |   commercialization.
2026-06-24 11:12:00 [INFO   ] PROGRESS |   For reference, the detailed business plan, including the business model and go-to-market strategies, is
2026-06-24 11:12:00 [INFO   ] PROGRESS |   available here:
2026-06-24 11:12:00 [INFO   ] PROGRESS |   PlacementHub Business Plan
2026-06-24 11:12:00 [INFO   ] PROGRESS |   For a Chartered Accountant firm, the relevance is mainly professional and strategic:
2026-06-24 11:12:00 [INFO   ] PROGRESS |   PlacementHub may require support across accounting, taxation, compliance, payroll, investor documentation, audit, and related professional services.
2026-06-24 11:12:00 [INFO   ] PROGRESS |   I would naturally be pleased to consider and prioritize firms that support PlacementHub during its early growth phase, subject to suitability and mutual agreement.
2026-06-24 11:12:00 [INFO   ] PROGRESS |   The relationship can begin with a simple review of the investment note and, where appropriate, introductions to suitable investor clients.
2026-06-24 11:12:00 [INFO   ] PROGRESS |   If the opportunity is worth a look, I would be happy to send the note and speak briefly about the round,
2026-06-24 11:12:00 [INFO   ] PROGRESS |   the platform, and the type of strategic investors we are looking for.
2026-06-24 11:12:00 [INFO   ] PROGRESS |   Please reply to this email or call me if you would like to explore it.
2026-06-24 11:12:00 [INFO   ] PROGRESS |   Warm Regards,
2026-06-24 11:12:00 [INFO   ] PROGRESS |   Sandeep Jain
2026-06-24 11:12:00 [INFO   ] PROGRESS |   Founder, PlacementHub
2026-06-24 11:12:00 [INFO   ] PROGRESS |   +91-9860090620
2026-06-24 11:12:00 [INFO   ] PROGRESS |   sandeepjain200019@gmail.com
2026-06-24 11:12:00 [INFO   ] PROGRESS |   Detailed Profile
2026-06-24 11:12:00 [INFO   ] PROGRESS |   Detailed Note on Funding Requirement
2026-06-24 11:12:00 [INFO   ] --------------------------------------------------------------
2026-06-24 11:12:00 [INFO   ] 
2026-06-24 11:12:00 [INFO   ] 
2026-06-24 11:12:00 [INFO   ] PROGRESS | Email preview — To: constitution date | Subject: PlacementHub pre-seed intro with BATTULL AND ASSOCIATES LLP
2026-06-24 11:12:01 [ERROR  ] Brevo send failed for constitution date: Brevo API send failed for constitution date: (400)
Reason: Bad Request
HTTP response headers: HTTPHeaderDict({'Date': 'Wed, 24 Jun 2026 05:42:00 GMT', 'Content-Type': 'application/json', 'Content-Length': '66', 'Connection': 'keep-alive', 'CF-RAY': 'a109681d8d8a063a-CDG', 'x-envoy-upstream-service-time': '21', 'access-control-allow-credentials': 'true', 'sib-request-id': 'e73d91e4-2a11-9e8b-92e1-351066ea3011', 'access-control-allow-origin': '*', 'access-control-allow-headers': '*', 'access-control-allow-methods': 'PUT, POST, GET, DELETE, PATCH, OPTIONS', 'x-sib-ratelimit-limit': '1000', 'x-sib-ratelimit-remaining': '999', 'x-sib-ratelimit-reset': '1', 'cf-cache-status': 'DYNAMIC', 'Set-Cookie': '_cfuvid=w.SfK181ZYLxnwuKRDhdkSlDm6Y15p_tOT_BIgqJHLI-1782279720602-0.0.1.1-604800000; path=/; domain=.sendinblue.com; HttpOnly; Secure; SameSite=None', 'Server': 'cloudflare'})
HTTP response body: {"code":"invalid_parameter","message":"email is not valid in to"}


2026-06-24 11:12:01 [INFO   ] PROGRESS | Send 2/50 | FAILED | constitution date | BATTULL AND ASSOCIATES LLP [Chartered Accountants & Company Secretaries] | ok=0 fail=2 skip=0
2026-06-24 11:12:01 [INFO   ] PROGRESS | Send 3/50 | SENDING | hsco_ca@rediffmail.com/singhvihm@hotmail.com | H SINGHVI & CO [Chartered Accountants & Company Secretaries] | ok=0 fail=2 skip=0
2026-06-24 11:12:03 [INFO   ] --------------------------------------------------------------
2026-06-24 11:12:03 [INFO   ] PROGRESS | Email content — To: hsco_ca@rediffmail.com/singhvihm@hotmail.com
2026-06-24 11:12:03 [INFO   ] PROGRESS | Subject: PlacementHub pre-seed intro with H SINGHVI & CO
2026-06-24 11:12:03 [INFO   ] PROGRESS | Body:
2026-06-24 11:12:03 [INFO   ] PROGRESS |   Dear Sir/Madam,
2026-06-24 11:12:03 [INFO   ] PROGRESS |   I am reaching out to introduce PlacementHub and explore whether any of your investor, entrepreneur, or
2026-06-24 11:12:03 [INFO   ] PROGRESS |   HNI clients may be open to reviewing a strategic seed opportunity.
2026-06-24 11:12:03 [INFO   ] PROGRESS |   My name is Sandeep Jain. PlacementHub is currently in its pre-seed fundraising stage, and I am
2026-06-24 11:12:03 [INFO   ] PROGRESS |   soliciting strategic seed investment for the same. PlacementHub is a campus placement and employability
2026-06-24 11:12:03 [INFO   ] PROGRESS |   platform connecting students, colleges, and recruiters. The product is built and in early
2026-06-24 11:12:03 [INFO   ] PROGRESS |   commercialization.
2026-06-24 11:12:03 [INFO   ] PROGRESS |   For reference, the detailed business plan, including the business model and go-to-market strategies, is
2026-06-24 11:12:03 [INFO   ] PROGRESS |   available here:
2026-06-24 11:12:03 [INFO   ] PROGRESS |   PlacementHub Business Plan
2026-06-24 11:12:03 [INFO   ] PROGRESS |   For a Chartered Accountant firm, the relevance is mainly professional and strategic:
2026-06-24 11:12:03 [INFO   ] PROGRESS |   PlacementHub may require support across accounting, taxation, compliance, payroll, investor documentation, audit, and related professional services.
2026-06-24 11:12:03 [INFO   ] PROGRESS |   I would naturally be pleased to consider and prioritize firms that support PlacementHub during its early growth phase, subject to suitability and mutual agreement.
2026-06-24 11:12:03 [INFO   ] PROGRESS |   The relationship can begin with a simple review of the investment note and, where appropriate, introductions to suitable investor clients.
2026-06-24 11:12:03 [INFO   ] PROGRESS |   If the opportunity is worth a look, I would be happy to send the note and speak briefly about the round,
2026-06-24 11:12:03 [INFO   ] PROGRESS |   the platform, and the type of strategic investors we are looking for.
2026-06-24 11:12:03 [INFO   ] PROGRESS |   Please reply to this email or call me if you would like to explore it.
2026-06-24 11:12:03 [INFO   ] PROGRESS |   Warm Regards,
2026-06-24 11:12:03 [INFO   ] PROGRESS |   Sandeep Jain
2026-06-24 11:12:03 [INFO   ] PROGRESS |   Founder, PlacementHub
2026-06-24 11:12:03 [INFO   ] PROGRESS |   +91-9860090620
2026-06-24 11:12:03 [INFO   ] PROGRESS |   sandeepjain200019@gmail.com
2026-06-24 11:12:03 [INFO   ] PROGRESS |   Detailed Profile
2026-06-24 11:12:03 [INFO   ] PROGRESS |   Detailed Note on Funding Requirement
2026-06-24 11:12:03 [INFO   ] --------------------------------------------------------------
2026-06-24 11:12:03 [INFO   ] 
2026-06-24 11:12:03 [INFO   ] 
2026-06-24 11:12:03 [INFO   ] PROGRESS | Email preview — To: hsco_ca@rediffmail.com/singhvihm@hotmail.com | Subject: PlacementHub pre-seed intro with H SINGHVI & CO
2026-06-24 11:12:04 [ERROR  ] Brevo send failed for hsco_ca@rediffmail.com/singhvihm@hotmail.com: Brevo API send failed for hsco_ca@rediffmail.com/singhvihm@hotmail.com: (400)
Reason: Bad Request
HTTP response headers: HTTPHeaderDict({'Date': 'Wed, 24 Jun 2026 05:42:03 GMT', 'Content-Type': 'application/json', 'Content-Length': '66', 'Connection': 'keep-alive', 'CF-RAY': 'a109683059422298-CDG', 'x-envoy-upstream-service-time': '18', 'access-control-allow-credentials': 'true', 'sib-request-id': '6b4caa14-7ba3-9575-94bb-92185d6560de', 'access-control-allow-origin': '*', 'access-control-allow-headers': '*', 'access-control-allow-methods': 'PUT, POST, GET, DELETE, PATCH, OPTIONS', 'x-sib-ratelimit-limit': '1000', 'x-sib-ratelimit-remaining': '999', 'x-sib-ratelimit-reset': '1', 'cf-cache-status': 'DYNAMIC', 'Set-Cookie': '_cfuvid=_cqHN9bensIH8bJ3Sq_kL98axugFww5FqtegeAoZ_i8-1782279723610-0.0.1.1-604800000; path=/; domain=.sendinblue.com; HttpOnly; Secure; SameSite=None', 'Server': 'cloudflare'})
HTTP response body: {"code":"invalid_parameter","message":"email is not valid in to"}


2026-06-24 11:12:04 [INFO   ] PROGRESS | Send 3/50 | FAILED | hsco_ca@rediffmail.com/singhvihm@hotmail.com | H SINGHVI & CO [Chartered Accountants & Company Secretaries] | ok=0 fail=3 skip=0
2026-06-24 11:12:04 [INFO   ] PROGRESS | Send 4/50 | SENDING | abhijitbaul@gmail.com | BAUL SAVLA & ASSOCIATES [Chartered Accountants & Company Secretaries] | ok=0 fail=3 skip=0
2026-06-24 11:12:08 [INFO   ] --------------------------------------------------------------
2026-06-24 11:12:08 [INFO   ] PROGRESS | Email content — To: abhijitbaul@gmail.com
2026-06-24 11:12:08 [INFO   ] PROGRESS | Subject: PlacementHub pre-seed intro with BAUL SAVLA & ASSOCIATES
2026-06-24 11:12:08 [INFO   ] PROGRESS | Body:
2026-06-24 11:12:08 [INFO   ] PROGRESS |   Dear Sir/Madam,
2026-06-24 11:12:08 [INFO   ] PROGRESS |   I am reaching out to introduce PlacementHub and explore whether any of your investor, entrepreneur, or
2026-06-24 11:12:08 [INFO   ] PROGRESS |   HNI clients may be open to reviewing a strategic seed opportunity.
2026-06-24 11:12:08 [INFO   ] PROGRESS |   My name is Sandeep Jain. PlacementHub is currently in its pre-seed fundraising stage, and I am
2026-06-24 11:12:08 [INFO   ] PROGRESS |   soliciting strategic seed investment for the same. PlacementHub is a campus placement and employability
2026-06-24 11:12:08 [INFO   ] PROGRESS |   platform connecting students, colleges, and recruiters. The product is built and in early
2026-06-24 11:12:08 [INFO   ] PROGRESS |   commercialization.
2026-06-24 11:12:08 [INFO   ] PROGRESS |   For reference, the detailed business plan, including the business model and go-to-market strategies, is
2026-06-24 11:12:08 [INFO   ] PROGRESS |   available here:
2026-06-24 11:12:08 [INFO   ] PROGRESS |   PlacementHub Business Plan
2026-06-24 11:12:08 [INFO   ] PROGRESS |   For a Chartered Accountant firm, the relevance is mainly professional and strategic:
2026-06-24 11:12:08 [INFO   ] PROGRESS |   PlacementHub may require support across accounting, taxation, compliance, payroll, investor documentation, audit, and related professional services.
2026-06-24 11:12:08 [INFO   ] PROGRESS |   I would naturally be pleased to consider and prioritize firms that support PlacementHub during its early growth phase, subject to suitability and mutual agreement.
2026-06-24 11:12:08 [INFO   ] PROGRESS |   The relationship can begin with a simple review of the investment note and, where appropriate, introductions to suitable investor clients.
2026-06-24 11:12:08 [INFO   ] PROGRESS |   If the opportunity is worth a look, I would be happy to send the note and speak briefly about the round,
2026-06-24 11:12:08 [INFO   ] PROGRESS |   the platform, and the type of strategic investors we are looking for.
2026-06-24 11:12:08 [INFO   ] PROGRESS |   Please reply to this email or call me if you would like to explore it.
2026-06-24 11:12:08 [INFO   ] PROGRESS |   Warm Regards,
2026-06-24 11:12:08 [INFO   ] PROGRESS |   Sandeep Jain
2026-06-24 11:12:08 [INFO   ] PROGRESS |   Founder, PlacementHub
2026-06-24 11:12:08 [INFO   ] PROGRESS |   +91-9860090620
2026-06-24 11:12:08 [INFO   ] PROGRESS |   sandeepjain200019@gmail.com
2026-06-24 11:12:08 [INFO   ] PROGRESS |   Detailed Profile
2026-06-24 11:12:08 [INFO   ] PROGRESS |   Detailed Note on Funding Requirement
2026-06-24 11:12:08 [INFO   ] --------------------------------------------------------------
2026-06-24 11:12:08 [INFO   ] 
2026-06-24 11:12:08 [INFO   ] 
2026-06-24 11:12:08 [INFO   ] PROGRESS | Email preview — To: abhijitbaul@gmail.com | Subject: PlacementHub pre-seed intro with BAUL SAVLA & ASSOCIATES
2026-06-24 11:12:11 [INFO   ] SENT (Brevo) -> abhijitbaul@gmail.com (BAUL SAVLA & ASSOCIATES) | PlacementHub pre-seed intro with BAUL SAVLA & ASSOCIATES | messageId=<202606240542.65414833134@smtp-relay.mailin.fr> (API accepted; run audit-brevo to confirm delivery)
2026-06-24 11:12:11 [INFO   ] Sleeping for 10 seconds
2026-06-24 11:12:21 [INFO   ] PROGRESS | Send 4/50 | SENT | abhijitbaul@gmail.com | BAUL SAVLA & ASSOCIATES [Chartered Accountants & Company Secretaries] | ok=1 fail=3 skip=0
2026-06-24 11:12:21 [INFO   ] PROGRESS | Send 5/50 | SENDING | rspca1982@gmail.com | PARMAR & CO [Chartered Accountants & Company Secretaries] | ok=1 fail=3 skip=0
2026-06-24 11:12:23 [INFO   ] --------------------------------------------------------------
2026-06-24 11:12:23 [INFO   ] PROGRESS | Email content — To: rspca1982@gmail.com
2026-06-24 11:12:23 [INFO   ] PROGRESS | Subject: PlacementHub pre-seed intro with PARMAR & CO
2026-06-24 11:12:23 [INFO   ] PROGRESS | Body:
2026-06-24 11:12:23 [INFO   ] PROGRESS |   Dear Sir/Madam,
2026-06-24 11:12:23 [INFO   ] PROGRESS |   I am reaching out to introduce PlacementHub and explore whether any of your investor, entrepreneur, or
2026-06-24 11:12:23 [INFO   ] PROGRESS |   HNI clients may be open to reviewing a strategic seed opportunity.
2026-06-24 11:12:23 [INFO   ] PROGRESS |   My name is Sandeep Jain. PlacementHub is currently in its pre-seed fundraising stage, and I am
2026-06-24 11:12:23 [INFO   ] PROGRESS |   soliciting strategic seed investment for the same. PlacementHub is a campus placement and employability
2026-06-24 11:12:23 [INFO   ] PROGRESS |   platform connecting students, colleges, and recruiters. The product is built and in early
2026-06-24 11:12:23 [INFO   ] PROGRESS |   commercialization.
2026-06-24 11:12:23 [INFO   ] PROGRESS |   For reference, the detailed business plan, including the business model and go-to-market strategies, is
2026-06-24 11:12:23 [INFO   ] PROGRESS |   available here:
2026-06-24 11:12:23 [INFO   ] PROGRESS |   PlacementHub Business Plan
2026-06-24 11:12:23 [INFO   ] PROGRESS |   For a Chartered Accountant firm, the relevance is mainly professional and strategic:
2026-06-24 11:12:23 [INFO   ] PROGRESS |   PlacementHub may require support across accounting, taxation, compliance, payroll, investor documentation, audit, and related professional services.
2026-06-24 11:12:23 [INFO   ] PROGRESS |   I would naturally be pleased to consider and prioritize firms that support PlacementHub during its early growth phase, subject to suitability and mutual agreement.
2026-06-24 11:12:23 [INFO   ] PROGRESS |   The relationship can begin with a simple review of the investment note and, where appropriate, introductions to suitable investor clients.
2026-06-24 11:12:23 [INFO   ] PROGRESS |   If the opportunity is worth a look, I would be happy to send the note and speak briefly about the round,
2026-06-24 11:12:23 [INFO   ] PROGRESS |   the platform, and the type of strategic investors we are looking for.
2026-06-24 11:12:23 [INFO   ] PROGRESS |   Please reply to this email or call me if you would like to explore it.
2026-06-24 11:12:23 [INFO   ] PROGRESS |   Warm Regards,
2026-06-24 11:12:23 [INFO   ] PROGRESS |   Sandeep Jain
2026-06-24 11:12:23 [INFO   ] PROGRESS |   Founder, PlacementHub
2026-06-24 11:12:23 [INFO   ] PROGRESS |   +91-9860090620
2026-06-24 11:12:23 [INFO   ] PROGRESS |   sandeepjain200019@gmail.com
2026-06-24 11:12:23 [INFO   ] PROGRESS |   Detailed Profile
2026-06-24 11:12:23 [INFO   ] PROGRESS |   Detailed Note on Funding Requirement
2026-06-24 11:12:23 [INFO   ] --------------------------------------------------------------
2026-06-24 11:12:23 [INFO   ] 
2026-06-24 11:12:23 [INFO   ] 
2026-06-24 11:12:23 [INFO   ] PROGRESS | Email preview — To: rspca1982@gmail.com | Subject: PlacementHub pre-seed intro with PARMAR & CO
2026-06-24 11:12:25 [INFO   ] SENT (Brevo) -> rspca1982@gmail.com (PARMAR & CO) | PlacementHub pre-seed intro with PARMAR & CO | messageId=<202606240542.45143185712@smtp-relay.mailin.fr> (API accepted; run audit-brevo to confirm delivery)
2026-06-24 11:12:25 [INFO   ] Sleeping for 10 seconds
2026-06-24 11:54:59 [INFO   ] PROGRESS | Send 5/50 | SENT | rspca1982@gmail.com | PARMAR & CO [Chartered Accountants & Company Secretaries] | ok=2 fail=3 skip=0
2026-06-24 11:54:59 [INFO   ] PROGRESS | Send 6/50 | SENDING | info@nmassociates.in | N M ASSOCIATES [Chartered Accountants & Company Secretaries] | ok=2 fail=3 skip=0
2026-06-24 11:54:59 [WARNING] NVIDIA call failed (attempt 1/5): <urlopen error [Errno 11001] getaddrinfo failed> — rotating key.
2026-06-24 11:55:26 [INFO   ] --------------------------------------------------------------
2026-06-24 11:55:26 [INFO   ] PROGRESS | Email content — To: info@nmassociates.in
2026-06-24 11:55:26 [INFO   ] PROGRESS | Subject: PlacementHub pre-seed intro with N M ASSOCIATES
2026-06-24 11:55:26 [INFO   ] PROGRESS | Body:
2026-06-24 11:55:26 [INFO   ] PROGRESS |   Dear Sir/Madam,
2026-06-24 11:55:26 [INFO   ] PROGRESS |   I am reaching out to introduce PlacementHub and explore whether any of your investor, entrepreneur, or
2026-06-24 11:55:26 [INFO   ] PROGRESS |   HNI clients may be open to reviewing a strategic seed opportunity.
2026-06-24 11:55:26 [INFO   ] PROGRESS |   My name is Sandeep Jain. PlacementHub is currently in its pre-seed fundraising stage, and I am
2026-06-24 11:55:26 [INFO   ] PROGRESS |   soliciting strategic seed investment for the same. PlacementHub is a campus placement and employability
2026-06-24 11:55:26 [INFO   ] PROGRESS |   platform connecting students, colleges, and recruiters. The product is built and in early
2026-06-24 11:55:26 [INFO   ] PROGRESS |   commercialization.
2026-06-24 11:55:26 [INFO   ] PROGRESS |   For reference, the detailed business plan, including the business model and go-to-market strategies, is
2026-06-24 11:55:26 [INFO   ] PROGRESS |   available here:
2026-06-24 11:55:26 [INFO   ] PROGRESS |   PlacementHub Business Plan
2026-06-24 11:55:26 [INFO   ] PROGRESS |   For a Chartered Accountant firm, the relevance is mainly professional and strategic:
2026-06-24 11:55:26 [INFO   ] PROGRESS |   PlacementHub may require support across accounting, taxation, compliance, payroll, investor documentation, audit, and related professional services.
2026-06-24 11:55:26 [INFO   ] PROGRESS |   I would naturally be pleased to consider and prioritize firms that support PlacementHub during its early growth phase, subject to suitability and mutual agreement.
2026-06-24 11:55:26 [INFO   ] PROGRESS |   The relationship can begin with a simple review of the investment note and, where appropriate, introductions to suitable investor clients.
2026-06-24 11:55:26 [INFO   ] PROGRESS |   If the opportunity is worth a look, I would be happy to send the note and speak briefly about the round,
2026-06-24 11:55:26 [INFO   ] PROGRESS |   the platform, and the type of strategic investors we are looking for.
2026-06-24 11:55:26 [INFO   ] PROGRESS |   Please reply to this email or call me if you would like to explore it.
2026-06-24 11:55:26 [INFO   ] PROGRESS |   Warm Regards,
2026-06-24 11:55:26 [INFO   ] PROGRESS |   Sandeep Jain
2026-06-24 11:55:26 [INFO   ] PROGRESS |   Founder, PlacementHub
2026-06-24 11:55:26 [INFO   ] PROGRESS |   +91-9860090620
2026-06-24 11:55:26 [INFO   ] PROGRESS |   sandeepjain200019@gmail.com
2026-06-24 11:55:26 [INFO   ] PROGRESS |   Detailed Profile
2026-06-24 11:55:26 [INFO   ] PROGRESS |   Detailed Note on Funding Requirement
2026-06-24 11:55:26 [INFO   ] --------------------------------------------------------------
2026-06-24 11:55:26 [INFO   ] 
2026-06-24 11:55:26 [INFO   ] 
2026-06-24 11:55:26 [INFO   ] PROGRESS | Email preview — To: info@nmassociates.in | Subject: PlacementHub pre-seed intro with N M ASSOCIATES
2026-06-24 11:55:27 [INFO   ] SENT (Brevo) -> info@nmassociates.in (N M ASSOCIATES) | PlacementHub pre-seed intro with N M ASSOCIATES | messageId=<202606240625.29936131530@smtp-relay.mailin.fr> (API accepted; run audit-brevo to confirm delivery)
2026-06-24 11:55:27 [INFO   ] Sleeping for 10 seconds
2026-06-24 11:55:37 [INFO   ] PROGRESS | Send 6/50 | SENT | info@nmassociates.in | N M ASSOCIATES [Chartered Accountants & Company Secretaries] | ok=3 fail=3 skip=0
2026-06-24 11:55:37 [INFO   ] PROGRESS | Send 7/50 | SENDING | accounts@rakchamps.com | R A K C H A M P S & CO LLP [Chartered Accountants & Company Secretaries] | ok=3 fail=3 skip=0
2026-06-24 11:55:39 [INFO   ] --------------------------------------------------------------
2026-06-24 11:55:39 [INFO   ] PROGRESS | Email content — To: accounts@rakchamps.com
2026-06-24 11:55:39 [INFO   ] PROGRESS | Subject: PlacementHub pre-seed intro with R A K C H A M P S & CO LLP
2026-06-24 11:55:39 [INFO   ] PROGRESS | Body:
2026-06-24 11:55:39 [INFO   ] PROGRESS |   Dear Sir/Madam,
2026-06-24 11:55:39 [INFO   ] PROGRESS |   I am reaching out to introduce PlacementHub and explore whether any of your investor, entrepreneur, or
2026-06-24 11:55:39 [INFO   ] PROGRESS |   HNI clients may be open to reviewing a strategic seed opportunity.
2026-06-24 11:55:39 [INFO   ] PROGRESS |   My name is Sandeep Jain. PlacementHub is currently in its pre-seed fundraising stage, and I am
2026-06-24 11:55:39 [INFO   ] PROGRESS |   soliciting strategic seed investment for the same. PlacementHub is a campus placement and employability
2026-06-24 11:55:39 [INFO   ] PROGRESS |   platform connecting students, colleges, and recruiters. The product is built and in early
2026-06-24 11:55:39 [INFO   ] PROGRESS |   commercialization.
2026-06-24 11:55:39 [INFO   ] PROGRESS |   For reference, the detailed business plan, including the business model and go-to-market strategies, is
2026-06-24 11:55:39 [INFO   ] PROGRESS |   available here:
2026-06-24 11:55:39 [INFO   ] PROGRESS |   PlacementHub Business Plan
2026-06-24 11:55:39 [INFO   ] PROGRESS |   For a Chartered Accountant firm, the relevance is mainly professional and strategic:
2026-06-24 11:55:39 [INFO   ] PROGRESS |   PlacementHub may require support across accounting, taxation, compliance, payroll, investor documentation, audit, and related professional services.
2026-06-24 11:55:39 [INFO   ] PROGRESS |   I would naturally be pleased to consider and prioritize firms that support PlacementHub during its early growth phase, subject to suitability and mutual agreement.
2026-06-24 11:55:39 [INFO   ] PROGRESS |   The relationship can begin with a simple review of the investment note and, where appropriate, introductions to suitable investor clients.
2026-06-24 11:55:39 [INFO   ] PROGRESS |   If the opportunity is worth a look, I would be happy to send the note and speak briefly about the round,
2026-06-24 11:55:39 [INFO   ] PROGRESS |   the platform, and the type of strategic investors we are looking for.
2026-06-24 11:55:39 [INFO   ] PROGRESS |   Please reply to this email or call me if you would like to explore it.
2026-06-24 11:55:39 [INFO   ] PROGRESS |   Warm Regards,
2026-06-24 11:55:39 [INFO   ] PROGRESS |   Sandeep Jain
2026-06-24 11:55:39 [INFO   ] PROGRESS |   Founder, PlacementHub
2026-06-24 11:55:39 [INFO   ] PROGRESS |   +91-9860090620
2026-06-24 11:55:39 [INFO   ] PROGRESS |   sandeepjain200019@gmail.com
2026-06-24 11:55:39 [INFO   ] PROGRESS |   Detailed Profile
2026-06-24 11:55:39 [INFO   ] PROGRESS |   Detailed Note on Funding Requirement
2026-06-24 11:55:39 [INFO   ] --------------------------------------------------------------
2026-06-24 11:55:39 [INFO   ] 
2026-06-24 11:55:39 [INFO   ] 
2026-06-24 11:55:39 [INFO   ] PROGRESS | Email preview — To: accounts@rakchamps.com | Subject: PlacementHub pre-seed intro with R A K C H A M P S & CO LLP
2026-06-24 11:55:40 [INFO   ] SENT (Brevo) -> accounts@rakchamps.com (R A K C H A M P S & CO LLP) | PlacementHub pre-seed intro with R A K C H A M P S & CO LLP | messageId=<202606240625.87946576923@smtp-relay.mailin.fr> (API accepted; run audit-brevo to confirm delivery)
2026-06-24 11:55:40 [INFO   ] Sleeping for 10 seconds
2026-06-24 11:55:50 [INFO   ] PROGRESS | Send 7/50 | SENT | accounts@rakchamps.com | R A K C H A M P S & CO LLP [Chartered Accountants & Company Secretaries] | ok=4 fail=3 skip=0
2026-06-24 11:55:50 [INFO   ] PROGRESS | Send 8/50 | SENDING | caghanshyam87@gmail.com | CHANDAK AGARWAL & CO [Chartered Accountants & Company Secretaries] | ok=4 fail=3 skip=0
2026-06-24 11:56:20 [WARNING] NVIDIA call failed (attempt 1/5): The read operation timed out — rotating key.
2026-06-24 11:56:23 [INFO   ] --------------------------------------------------------------
2026-06-24 11:56:23 [INFO   ] PROGRESS | Email content — To: caghanshyam87@gmail.com
2026-06-24 11:56:23 [INFO   ] PROGRESS | Subject: PlacementHub pre-seed intro with CHANDAK AGARWAL & CO
2026-06-24 11:56:23 [INFO   ] PROGRESS | Body:
2026-06-24 11:56:23 [INFO   ] PROGRESS |   Dear Sir/Madam,
2026-06-24 11:56:23 [INFO   ] PROGRESS |   I am reaching out to introduce PlacementHub and explore whether any of your investor, entrepreneur, or
2026-06-24 11:56:23 [INFO   ] PROGRESS |   HNI clients may be open to reviewing a strategic seed opportunity.
2026-06-24 11:56:23 [INFO   ] PROGRESS |   My name is Sandeep Jain. PlacementHub is currently in its pre-seed fundraising stage, and I am
2026-06-24 11:56:23 [INFO   ] PROGRESS |   soliciting strategic seed investment for the same. PlacementHub is a campus placement and employability
2026-06-24 11:56:23 [INFO   ] PROGRESS |   platform connecting students, colleges, and recruiters. The product is built and in early
2026-06-24 11:56:23 [INFO   ] PROGRESS |   commercialization.
2026-06-24 11:56:23 [INFO   ] PROGRESS |   For reference, the detailed business plan, including the business model and go-to-market strategies, is
2026-06-24 11:56:23 [INFO   ] PROGRESS |   available here:
2026-06-24 11:56:23 [INFO   ] PROGRESS |   PlacementHub Business Plan
2026-06-24 11:56:23 [INFO   ] PROGRESS |   For a Chartered Accountant firm, the relevance is mainly professional and strategic:
2026-06-24 11:56:23 [INFO   ] PROGRESS |   PlacementHub may require support across accounting, taxation, compliance, payroll, investor documentation, audit, and related professional services.
2026-06-24 11:56:23 [INFO   ] PROGRESS |   I would naturally be pleased to consider and prioritize firms that support PlacementHub during its early growth phase, subject to suitability and mutual agreement.
2026-06-24 11:56:23 [INFO   ] PROGRESS |   The relationship can begin with a simple review of the investment note and, where appropriate, introductions to suitable investor clients.
2026-06-24 11:56:23 [INFO   ] PROGRESS |   If the opportunity is worth a look, I would be happy to send the note and speak briefly about the round,
2026-06-24 11:56:23 [INFO   ] PROGRESS |   the platform, and the type of strategic investors we are looking for.
2026-06-24 11:56:23 [INFO   ] PROGRESS |   Please reply to this email or call me if you would like to explore it.
2026-06-24 11:56:23 [INFO   ] PROGRESS |   Warm Regards,
2026-06-24 11:56:23 [INFO   ] PROGRESS |   Sandeep Jain
2026-06-24 11:56:23 [INFO   ] PROGRESS |   Founder, PlacementHub
2026-06-24 11:56:23 [INFO   ] PROGRESS |   +91-9860090620
2026-06-24 11:56:23 [INFO   ] PROGRESS |   sandeepjain200019@gmail.com
2026-06-24 11:56:23 [INFO   ] PROGRESS |   Detailed Profile
2026-06-24 11:56:23 [INFO   ] PROGRESS |   Detailed Note on Funding Requirement
2026-06-24 11:56:23 [INFO   ] --------------------------------------------------------------
2026-06-24 11:56:23 [INFO   ] 
2026-06-24 11:56:23 [INFO   ] 
2026-06-24 11:56:23 [INFO   ] PROGRESS | Email preview — To: caghanshyam87@gmail.com | Subject: PlacementHub pre-seed intro with CHANDAK AGARWAL & CO
2026-06-24 11:56:24 [INFO   ] SENT (Brevo) -> caghanshyam87@gmail.com (CHANDAK AGARWAL & CO) | PlacementHub pre-seed intro with CHANDAK AGARWAL & CO | messageId=<202606240626.11280272803@smtp-relay.mailin.fr> (API accepted; run audit-brevo to confirm delivery)
2026-06-24 11:56:24 [INFO   ] Sleeping for 10 seconds
2026-06-24 11:56:34 [INFO   ] PROGRESS | Send 8/50 | SENT | caghanshyam87@gmail.com | CHANDAK AGARWAL & CO [Chartered Accountants & Company Secretaries] | ok=5 fail=3 skip=0
2026-06-24 11:56:34 [INFO   ] PROGRESS | Send 9/50 | SENDING | nasirahmed8@gmail.com | N N AHMED & ASSOCIATES [Chartered Accountants & Company Secretaries] | ok=5 fail=3 skip=0
2026-06-24 11:57:04 [WARNING] NVIDIA call failed (attempt 1/5): The read operation timed out — rotating key.
2026-06-24 11:57:15 [INFO   ] --------------------------------------------------------------
2026-06-24 11:57:15 [INFO   ] PROGRESS | Email content — To: nasirahmed8@gmail.com
2026-06-24 11:57:15 [INFO   ] PROGRESS | Subject: PlacementHub pre-seed intro with N N AHMED & ASSOCIATES
2026-06-24 11:57:15 [INFO   ] PROGRESS | Body:
2026-06-24 11:57:15 [INFO   ] PROGRESS |   Dear Sir/Madam,
2026-06-24 11:57:15 [INFO   ] PROGRESS |   I am reaching out to introduce PlacementHub and explore whether any of your investor, entrepreneur, or
2026-06-24 11:57:15 [INFO   ] PROGRESS |   HNI clients may be open to reviewing a strategic seed opportunity.
2026-06-24 11:57:15 [INFO   ] PROGRESS |   My name is Sandeep Jain. PlacementHub is currently in its pre-seed fundraising stage, and I am
2026-06-24 11:57:15 [INFO   ] PROGRESS |   soliciting strategic seed investment for the same. PlacementHub is a campus placement and employability
2026-06-24 11:57:15 [INFO   ] PROGRESS |   platform connecting students, colleges, and recruiters. The product is built and in early
2026-06-24 11:57:15 [INFO   ] PROGRESS |   commercialization.
2026-06-24 11:57:15 [INFO   ] PROGRESS |   For reference, the detailed business plan, including the business model and go-to-market strategies, is
2026-06-24 11:57:15 [INFO   ] PROGRESS |   available here:
2026-06-24 11:57:15 [INFO   ] PROGRESS |   PlacementHub Business Plan
2026-06-24 11:57:15 [INFO   ] PROGRESS |   For a Chartered Accountant firm, the relevance is mainly professional and strategic:
2026-06-24 11:57:15 [INFO   ] PROGRESS |   PlacementHub may require support across accounting, taxation, compliance, payroll, investor documentation, audit, and related professional services.
2026-06-24 11:57:15 [INFO   ] PROGRESS |   I would naturally be pleased to consider and prioritize firms that support PlacementHub during its early growth phase, subject to suitability and mutual agreement.
2026-06-24 11:57:15 [INFO   ] PROGRESS |   The relationship can begin with a simple review of the investment note and, where appropriate, introductions to suitable investor clients.
2026-06-24 11:57:15 [INFO   ] PROGRESS |   If the opportunity is worth a look, I would be happy to send the note and speak briefly about the round,
2026-06-24 11:57:15 [INFO   ] PROGRESS |   the platform, and the type of strategic investors we are looking for.
2026-06-24 11:57:15 [INFO   ] PROGRESS |   Please reply to this email or call me if you would like to explore it.
2026-06-24 11:57:15 [INFO   ] PROGRESS |   Warm Regards,
2026-06-24 11:57:15 [INFO   ] PROGRESS |   Sandeep Jain
2026-06-24 11:57:15 [INFO   ] PROGRESS |   Founder, PlacementHub
2026-06-24 11:57:15 [INFO   ] PROGRESS |   +91-9860090620
2026-06-24 11:57:15 [INFO   ] PROGRESS |   sandeepjain200019@gmail.com
2026-06-24 11:57:15 [INFO   ] PROGRESS |   Detailed Profile
2026-06-24 11:57:15 [INFO   ] PROGRESS |   Detailed Note on Funding Requirement
2026-06-24 11:57:15 [INFO   ] --------------------------------------------------------------
2026-06-24 11:57:15 [INFO   ] 
2026-06-24 11:57:15 [INFO   ] 
2026-06-24 11:57:15 [INFO   ] PROGRESS | Email preview — To: nasirahmed8@gmail.com | Subject: PlacementHub pre-seed intro with N N AHMED & ASSOCIATES
2026-06-24 11:57:16 [INFO   ] SENT (Brevo) -> nasirahmed8@gmail.com (N N AHMED & ASSOCIATES) | PlacementHub pre-seed intro with N N AHMED & ASSOCIATES | messageId=<202606240627.82055352939@smtp-relay.mailin.fr> (API accepted; run audit-brevo to confirm delivery)
2026-06-24 11:57:16 [INFO   ] Sleeping for 10 seconds
2026-06-24 11:57:26 [INFO   ] PROGRESS | Send 9/50 | SENT | nasirahmed8@gmail.com | N N AHMED & ASSOCIATES [Chartered Accountants & Company Secretaries] | ok=6 fail=3 skip=0
2026-06-24 11:57:26 [INFO   ] PROGRESS | Send 10/50 | SENDING | jigsbhanushali19@gmail.com | A N P J & CO [Chartered Accountants & Company Secretaries] | ok=6 fail=3 skip=0
2026-06-24 11:57:34 [INFO   ] --------------------------------------------------------------
2026-06-24 11:57:34 [INFO   ] PROGRESS | Email content — To: jigsbhanushali19@gmail.com
2026-06-24 11:57:34 [INFO   ] PROGRESS | Subject: PlacementHub pre-seed intro with A N P J & CO
2026-06-24 11:57:34 [INFO   ] PROGRESS | Body:
2026-06-24 11:57:34 [INFO   ] PROGRESS |   Dear Sir/Madam,
2026-06-24 11:57:34 [INFO   ] PROGRESS |   I am reaching out to introduce PlacementHub and explore whether any of your investor, entrepreneur, or
2026-06-24 11:57:34 [INFO   ] PROGRESS |   HNI clients may be open to reviewing a strategic seed opportunity.
2026-06-24 11:57:34 [INFO   ] PROGRESS |   My name is Sandeep Jain. PlacementHub is currently in its pre-seed fundraising stage, and I am
2026-06-24 11:57:34 [INFO   ] PROGRESS |   soliciting strategic seed investment for the same. PlacementHub is a campus placement and employability
2026-06-24 11:57:34 [INFO   ] PROGRESS |   platform connecting students, colleges, and recruiters. The product is built and in early
2026-06-24 11:57:34 [INFO   ] PROGRESS |   commercialization.
2026-06-24 11:57:34 [INFO   ] PROGRESS |   For reference, the detailed business plan, including the business model and go-to-market strategies, is
2026-06-24 11:57:34 [INFO   ] PROGRESS |   available here:
2026-06-24 11:57:34 [INFO   ] PROGRESS |   PlacementHub Business Plan
2026-06-24 11:57:34 [INFO   ] PROGRESS |   For a Chartered Accountant firm, the relevance is mainly professional and strategic:
2026-06-24 11:57:34 [INFO   ] PROGRESS |   PlacementHub may require support across accounting, taxation, compliance, payroll, investor documentation, audit, and related professional services.
2026-06-24 11:57:34 [INFO   ] PROGRESS |   I would naturally be pleased to consider and prioritize firms that support PlacementHub during its early growth phase, subject to suitability and mutual agreement.
2026-06-24 11:57:34 [INFO   ] PROGRESS |   The relationship can begin with a simple review of the investment note and, where appropriate, introductions to suitable investor clients.
2026-06-24 11:57:34 [INFO   ] PROGRESS |   If the opportunity is worth a look, I would be happy to send the note and speak briefly about the round,
2026-06-24 11:57:34 [INFO   ] PROGRESS |   the platform, and the type of strategic investors we are looking for.
2026-06-24 11:57:34 [INFO   ] PROGRESS |   Please reply to this email or call me if you would like to explore it.
2026-06-24 11:57:34 [INFO   ] PROGRESS |   Warm Regards,
2026-06-24 11:57:34 [INFO   ] PROGRESS |   Sandeep Jain
2026-06-24 11:57:34 [INFO   ] PROGRESS |   Founder, PlacementHub
2026-06-24 11:57:34 [INFO   ] PROGRESS |   +91-9860090620
2026-06-24 11:57:34 [INFO   ] PROGRESS |   sandeepjain200019@gmail.com
2026-06-24 11:57:34 [INFO   ] PROGRESS |   Detailed Profile
2026-06-24 11:57:34 [INFO   ] PROGRESS |   Detailed Note on Funding Requirement
2026-06-24 11:57:34 [INFO   ] --------------------------------------------------------------
2026-06-24 11:57:34 [INFO   ] 
2026-06-24 11:57:34 [INFO   ] 
2026-06-24 11:57:34 [INFO   ] PROGRESS | Email preview — To: jigsbhanushali19@gmail.com | Subject: PlacementHub pre-seed intro with A N P J & CO
2026-06-24 11:57:35 [INFO   ] SENT (Brevo) -> jigsbhanushali19@gmail.com (A N P J & CO) | PlacementHub pre-seed intro with A N P J & CO | messageId=<202606240627.88851414119@smtp-relay.mailin.fr> (API accepted; run audit-brevo to confirm delivery)
2026-06-24 11:57:35 [INFO   ] Sleeping for 10 seconds
2026-06-24 11:57:45 [INFO   ] PROGRESS | Send 10/50 | SENT | jigsbhanushali19@gmail.com | A N P J & CO [Chartered Accountants & Company Secretaries] | ok=7 fail=3 skip=0
2026-06-24 11:57:45 [INFO   ] PROGRESS | Send 11/50 | SENDING | cahnisha@gmail.com | NISHA N HALDANKAR & CO [Chartered Accountants & Company Secretaries] | ok=7 fail=3 skip=0
2026-06-24 11:57:58 [INFO   ] --------------------------------------------------------------
2026-06-24 11:57:58 [INFO   ] PROGRESS | Email content — To: cahnisha@gmail.com
2026-06-24 11:57:58 [INFO   ] PROGRESS | Subject: PlacementHub pre-seed intro with NISHA N HALDANKAR & CO
2026-06-24 11:57:58 [INFO   ] PROGRESS | Body:
2026-06-24 11:57:58 [INFO   ] PROGRESS |   Dear Sir/Madam,
2026-06-24 11:57:58 [INFO   ] PROGRESS |   I am reaching out to introduce PlacementHub and explore whether any of your investor, entrepreneur, or
2026-06-24 11:57:58 [INFO   ] PROGRESS |   HNI clients may be open to reviewing a strategic seed opportunity.
2026-06-24 11:57:58 [INFO   ] PROGRESS |   My name is Sandeep Jain. PlacementHub is currently in its pre-seed fundraising stage, and I am
2026-06-24 11:57:58 [INFO   ] PROGRESS |   soliciting strategic seed investment for the same. PlacementHub is a campus placement and employability
2026-06-24 11:57:58 [INFO   ] PROGRESS |   platform connecting students, colleges, and recruiters. The product is built and in early
2026-06-24 11:57:58 [INFO   ] PROGRESS |   commercialization.
2026-06-24 11:57:58 [INFO   ] PROGRESS |   For reference, the detailed business plan, including the business model and go-to-market strategies, is
2026-06-24 11:57:58 [INFO   ] PROGRESS |   available here:
2026-06-24 11:57:58 [INFO   ] PROGRESS |   PlacementHub Business Plan
2026-06-24 11:57:58 [INFO   ] PROGRESS |   For a Chartered Accountant firm, the relevance is mainly professional and strategic:
2026-06-24 11:57:58 [INFO   ] PROGRESS |   PlacementHub may require support across accounting, taxation, compliance, payroll, investor documentation, audit, and related professional services.
2026-06-24 11:57:58 [INFO   ] PROGRESS |   I would naturally be pleased to consider and prioritize firms that support PlacementHub during its early growth phase, subject to suitability and mutual agreement.
2026-06-24 11:57:58 [INFO   ] PROGRESS |   The relationship can begin with a simple review of the investment note and, where appropriate, introductions to suitable investor clients.
2026-06-24 11:57:58 [INFO   ] PROGRESS |   If the opportunity is worth a look, I would be happy to send the note and speak briefly about the round,
2026-06-24 11:57:58 [INFO   ] PROGRESS |   the platform, and the type of strategic investors we are looking for.
2026-06-24 11:57:58 [INFO   ] PROGRESS |   Please reply to this email or call me if you would like to explore it.
2026-06-24 11:57:58 [INFO   ] PROGRESS |   Warm Regards,
2026-06-24 11:57:58 [INFO   ] PROGRESS |   Sandeep Jain
2026-06-24 11:57:58 [INFO   ] PROGRESS |   Founder, PlacementHub
2026-06-24 11:57:58 [INFO   ] PROGRESS |   +91-9860090620
2026-06-24 11:57:58 [INFO   ] PROGRESS |   sandeepjain200019@gmail.com
2026-06-24 11:57:58 [INFO   ] PROGRESS |   Detailed Profile
2026-06-24 11:57:58 [INFO   ] PROGRESS |   Detailed Note on Funding Requirement
2026-06-24 11:57:58 [INFO   ] --------------------------------------------------------------
2026-06-24 11:57:58 [INFO   ] 
2026-06-24 11:57:58 [INFO   ] 
2026-06-24 11:57:58 [INFO   ] PROGRESS | Email preview — To: cahnisha@gmail.com | Subject: PlacementHub pre-seed intro with NISHA N HALDANKAR & CO
2026-06-24 11:57:59 [INFO   ] SENT (Brevo) -> cahnisha@gmail.com (NISHA N HALDANKAR & CO) | PlacementHub pre-seed intro with NISHA N HALDANKAR & CO | messageId=<202606240627.53509852557@smtp-relay.mailin.fr> (API accepted; run audit-brevo to confirm delivery)
2026-06-24 11:57:59 [INFO   ] Sleeping for 10 seconds
2026-06-24 11:58:09 [INFO   ] PROGRESS | Send 11/50 | SENT | cahnisha@gmail.com | NISHA N HALDANKAR & CO [Chartered Accountants & Company Secretaries] | ok=8 fail=3 skip=0
2026-06-24 11:58:09 [INFO   ] PROGRESS | Send 12/50 | SENDING | mail@cnj.in | CHANDABHOY & JASSOOBHOY [Chartered Accountants & Company Secretaries] | ok=8 fail=3 skip=0
2026-06-24 11:58:14 [INFO   ] --------------------------------------------------------------
2026-06-24 11:58:14 [INFO   ] PROGRESS | Email content — To: mail@cnj.in
2026-06-24 11:58:14 [INFO   ] PROGRESS | Subject: PlacementHub pre-seed intro with CHANDABHOY & JASSOOBHOY
2026-06-24 11:58:14 [INFO   ] PROGRESS | Body:
2026-06-24 11:58:14 [INFO   ] PROGRESS |   Dear Sir/Madam,
2026-06-24 11:58:14 [INFO   ] PROGRESS |   I am reaching out to introduce PlacementHub and explore whether any of your investor, entrepreneur, or
2026-06-24 11:58:14 [INFO   ] PROGRESS |   HNI clients may be open to reviewing a strategic seed opportunity.
2026-06-24 11:58:14 [INFO   ] PROGRESS |   My name is Sandeep Jain. PlacementHub is currently in its pre-seed fundraising stage, and I am
2026-06-24 11:58:14 [INFO   ] PROGRESS |   soliciting strategic seed investment for the same. PlacementHub is a campus placement and employability
2026-06-24 11:58:14 [INFO   ] PROGRESS |   platform connecting students, colleges, and recruiters. The product is built and in early
2026-06-24 11:58:14 [INFO   ] PROGRESS |   commercialization.
2026-06-24 11:58:14 [INFO   ] PROGRESS |   For reference, the detailed business plan, including the business model and go-to-market strategies, is
2026-06-24 11:58:14 [INFO   ] PROGRESS |   available here:
2026-06-24 11:58:14 [INFO   ] PROGRESS |   PlacementHub Business Plan
2026-06-24 11:58:14 [INFO   ] PROGRESS |   For a Chartered Accountant firm, the relevance is mainly professional and strategic:
2026-06-24 11:58:14 [INFO   ] PROGRESS |   PlacementHub may require support across accounting, taxation, compliance, payroll, investor documentation, audit, and related professional services.
2026-06-24 11:58:14 [INFO   ] PROGRESS |   I would naturally be pleased to consider and prioritize firms that support PlacementHub during its early growth phase, subject to suitability and mutual agreement.
2026-06-24 11:58:14 [INFO   ] PROGRESS |   The relationship can begin with a simple review of the investment note and, where appropriate, introductions to suitable investor clients.
2026-06-24 11:58:14 [INFO   ] PROGRESS |   If the opportunity is worth a look, I would be happy to send the note and speak briefly about the round,
2026-06-24 11:58:14 [INFO   ] PROGRESS |   the platform, and the type of strategic investors we are looking for.
2026-06-24 11:58:14 [INFO   ] PROGRESS |   Please reply to this email or call me if you would like to explore it.
2026-06-24 11:58:14 [INFO   ] PROGRESS |   Warm Regards,
2026-06-24 11:58:14 [INFO   ] PROGRESS |   Sandeep Jain
2026-06-24 11:58:14 [INFO   ] PROGRESS |   Founder, PlacementHub
2026-06-24 11:58:14 [INFO   ] PROGRESS |   +91-9860090620
2026-06-24 11:58:14 [INFO   ] PROGRESS |   sandeepjain200019@gmail.com
2026-06-24 11:58:14 [INFO   ] PROGRESS |   Detailed Profile
2026-06-24 11:58:14 [INFO   ] PROGRESS |   Detailed Note on Funding Requirement
2026-06-24 11:58:14 [INFO   ] --------------------------------------------------------------
2026-06-24 11:58:14 [INFO   ] 
2026-06-24 11:58:14 [INFO   ] 
2026-06-24 11:58:14 [INFO   ] PROGRESS | Email preview — To: mail@cnj.in | Subject: PlacementHub pre-seed intro with CHANDABHOY & JASSOOBHOY
2026-06-24 11:58:15 [INFO   ] SENT (Brevo) -> mail@cnj.in (CHANDABHOY & JASSOOBHOY) | PlacementHub pre-seed intro with CHANDABHOY & JASSOOBHOY | messageId=<202606240628.12404844525@smtp-relay.mailin.fr> (API accepted; run audit-brevo to confirm delivery)
2026-06-24 11:58:15 [INFO   ] Sleeping for 10 seconds
2026-06-24 11:58:25 [INFO   ] PROGRESS | Send 12/50 | SENT | mail@cnj.in | CHANDABHOY & JASSOOBHOY [Chartered Accountants & Company Secretaries] | ok=9 fail=3 skip=0
2026-06-24 11:58:25 [INFO   ] PROGRESS | Send 13/50 | SENDING | devang0829@gmail.com | SARAGE DOSHI & ASSOCIATES [Chartered Accountants & Company Secretaries] | ok=9 fail=3 skip=0
2026-06-24 11:58:55 [WARNING] NVIDIA call failed (attempt 1/5): The read operation timed out — rotating key.
2026-06-24 11:59:21 [INFO   ] --------------------------------------------------------------
2026-06-24 11:59:21 [INFO   ] PROGRESS | Email content — To: devang0829@gmail.com
2026-06-24 11:59:21 [INFO   ] PROGRESS | Subject: PlacementHub pre-seed intro with SARAGE DOSHI & ASSOCIATES
2026-06-24 11:59:21 [INFO   ] PROGRESS | Body:
2026-06-24 11:59:21 [INFO   ] PROGRESS |   Dear Sir/Madam,
2026-06-24 11:59:21 [INFO   ] PROGRESS |   I am reaching out to introduce PlacementHub and explore whether any of your investor, entrepreneur, or
2026-06-24 11:59:21 [INFO   ] PROGRESS |   HNI clients may be open to reviewing a strategic seed opportunity.
2026-06-24 11:59:21 [INFO   ] PROGRESS |   My name is Sandeep Jain. PlacementHub is currently in its pre-seed fundraising stage, and I am
2026-06-24 11:59:21 [INFO   ] PROGRESS |   soliciting strategic seed investment for the same. PlacementHub is a campus placement and employability
2026-06-24 11:59:21 [INFO   ] PROGRESS |   platform connecting students, colleges, and recruiters. The product is built and in early
2026-06-24 11:59:21 [INFO   ] PROGRESS |   commercialization.
2026-06-24 11:59:21 [INFO   ] PROGRESS |   For reference, the detailed business plan, including the business model and go-to-market strategies, is
2026-06-24 11:59:21 [INFO   ] PROGRESS |   available here:
2026-06-24 11:59:21 [INFO   ] PROGRESS |   PlacementHub Business Plan
2026-06-24 11:59:21 [INFO   ] PROGRESS |   For a Chartered Accountant firm, the relevance is mainly professional and strategic:
2026-06-24 11:59:21 [INFO   ] PROGRESS |   PlacementHub may require support across accounting, taxation, compliance, payroll, investor documentation, audit, and related professional services.
2026-06-24 11:59:21 [INFO   ] PROGRESS |   I would naturally be pleased to consider and prioritize firms that support PlacementHub during its early growth phase, subject to suitability and mutual agreement.
2026-06-24 11:59:21 [INFO   ] PROGRESS |   The relationship can begin with a simple review of the investment note and, where appropriate, introductions to suitable investor clients.
2026-06-24 11:59:21 [INFO   ] PROGRESS |   If the opportunity is worth a look, I would be happy to send the note and speak briefly about the round,
2026-06-24 11:59:21 [INFO   ] PROGRESS |   the platform, and the type of strategic investors we are looking for.
2026-06-24 11:59:21 [INFO   ] PROGRESS |   Please reply to this email or call me if you would like to explore it.
2026-06-24 11:59:21 [INFO   ] PROGRESS |   Warm Regards,
2026-06-24 11:59:21 [INFO   ] PROGRESS |   Sandeep Jain
2026-06-24 11:59:21 [INFO   ] PROGRESS |   Founder, PlacementHub
2026-06-24 11:59:21 [INFO   ] PROGRESS |   +91-9860090620
2026-06-24 11:59:21 [INFO   ] PROGRESS |   sandeepjain200019@gmail.com
2026-06-24 11:59:21 [INFO   ] PROGRESS |   Detailed Profile
2026-06-24 11:59:21 [INFO   ] PROGRESS |   Detailed Note on Funding Requirement
2026-06-24 11:59:21 [INFO   ] --------------------------------------------------------------
2026-06-24 11:59:21 [INFO   ] 
2026-06-24 11:59:21 [INFO   ] 
2026-06-24 11:59:21 [INFO   ] PROGRESS | Email preview — To: devang0829@gmail.com | Subject: PlacementHub pre-seed intro with SARAGE DOSHI & ASSOCIATES
2026-06-24 11:59:22 [INFO   ] SENT (Brevo) -> devang0829@gmail.com (SARAGE DOSHI & ASSOCIATES) | PlacementHub pre-seed intro with SARAGE DOSHI & ASSOCIATES | messageId=<202606240629.83909803461@smtp-relay.mailin.fr> (API accepted; run audit-brevo to confirm delivery)
2026-06-24 11:59:22 [INFO   ] Sleeping for 10 seconds
2026-06-24 11:59:32 [INFO   ] PROGRESS | Send 13/50 | SENT | devang0829@gmail.com | SARAGE DOSHI & ASSOCIATES [Chartered Accountants & Company Secretaries] | ok=10 fail=3 skip=0
2026-06-24 11:59:32 [INFO   ] PROGRESS | Send 14/50 | SENDING | anurag.singh207@gmail.com | A S S B & ASSOCIATES [Chartered Accountants & Company Secretaries] | ok=10 fail=3 skip=0
2026-06-24 11:59:36 [INFO   ] --------------------------------------------------------------
2026-06-24 11:59:36 [INFO   ] PROGRESS | Email content — To: anurag.singh207@gmail.com
2026-06-24 11:59:36 [INFO   ] PROGRESS | Subject: PlacementHub pre-seed intro with A S S B & ASSOCIATES
2026-06-24 11:59:36 [INFO   ] PROGRESS | Body:
2026-06-24 11:59:36 [INFO   ] PROGRESS |   Dear Sir/Madam,
2026-06-24 11:59:36 [INFO   ] PROGRESS |   I am reaching out to introduce PlacementHub and explore whether any of your investor, entrepreneur, or
2026-06-24 11:59:36 [INFO   ] PROGRESS |   HNI clients may be open to reviewing a strategic seed opportunity.
2026-06-24 11:59:36 [INFO   ] PROGRESS |   My name is Sandeep Jain. PlacementHub is currently in its pre-seed fundraising stage, and I am
2026-06-24 11:59:36 [INFO   ] PROGRESS |   soliciting strategic seed investment for the same. PlacementHub is a campus placement and employability
2026-06-24 11:59:36 [INFO   ] PROGRESS |   platform connecting students, colleges, and recruiters. The product is built and in early
2026-06-24 11:59:36 [INFO   ] PROGRESS |   commercialization.
2026-06-24 11:59:36 [INFO   ] PROGRESS |   For reference, the detailed business plan, including the business model and go-to-market strategies, is
2026-06-24 11:59:36 [INFO   ] PROGRESS |   available here:
2026-06-24 11:59:36 [INFO   ] PROGRESS |   PlacementHub Business Plan
2026-06-24 11:59:36 [INFO   ] PROGRESS |   For a Chartered Accountant firm, the relevance is mainly professional and strategic:
2026-06-24 11:59:36 [INFO   ] PROGRESS |   PlacementHub may require support across accounting, taxation, compliance, payroll, investor documentation, audit, and related professional services.
2026-06-24 11:59:36 [INFO   ] PROGRESS |   I would naturally be pleased to consider and prioritize firms that support PlacementHub during its early growth phase, subject to suitability and mutual agreement.
2026-06-24 11:59:36 [INFO   ] PROGRESS |   The relationship can begin with a simple review of the investment note and, where appropriate, introductions to suitable investor clients.
2026-06-24 11:59:36 [INFO   ] PROGRESS |   If the opportunity is worth a look, I would be happy to send the note and speak briefly about the round,
2026-06-24 11:59:36 [INFO   ] PROGRESS |   the platform, and the type of strategic investors we are looking for.
2026-06-24 11:59:36 [INFO   ] PROGRESS |   Please reply to this email or call me if you would like to explore it.
2026-06-24 11:59:36 [INFO   ] PROGRESS |   Warm Regards,
2026-06-24 11:59:36 [INFO   ] PROGRESS |   Sandeep Jain
2026-06-24 11:59:36 [INFO   ] PROGRESS |   Founder, PlacementHub
2026-06-24 11:59:36 [INFO   ] PROGRESS |   +91-9860090620
2026-06-24 11:59:36 [INFO   ] PROGRESS |   sandeepjain200019@gmail.com
2026-06-24 11:59:36 [INFO   ] PROGRESS |   Detailed Profile
2026-06-24 11:59:36 [INFO   ] PROGRESS |   Detailed Note on Funding Requirement
2026-06-24 11:59:36 [INFO   ] --------------------------------------------------------------
2026-06-24 11:59:36 [INFO   ] 
2026-06-24 11:59:36 [INFO   ] 
2026-06-24 11:59:36 [INFO   ] PROGRESS | Email preview — To: anurag.singh207@gmail.com | Subject: PlacementHub pre-seed intro with A S S B & ASSOCIATES
2026-06-24 11:59:37 [INFO   ] SENT (Brevo) -> anurag.singh207@gmail.com (A S S B & ASSOCIATES) | PlacementHub pre-seed intro with A S S B & ASSOCIATES | messageId=<202606240629.71910083725@smtp-relay.mailin.fr> (API accepted; run audit-brevo to confirm delivery)
2026-06-24 11:59:37 [INFO   ] Sleeping for 10 seconds
2026-06-24 11:59:47 [INFO   ] PROGRESS | Send 14/50 | SENT | anurag.singh207@gmail.com | A S S B & ASSOCIATES [Chartered Accountants & Company Secretaries] | ok=11 fail=3 skip=0
2026-06-24 11:59:47 [INFO   ] PROGRESS | Send 15/50 | SENDING | govind_aggarwal@hotmail.com | GOVIND PRASAD & CO [Chartered Accountants & Company Secretaries] | ok=11 fail=3 skip=0
2026-06-24 11:59:50 [INFO   ] --------------------------------------------------------------
2026-06-24 11:59:50 [INFO   ] PROGRESS | Email content — To: govind_aggarwal@hotmail.com
2026-06-24 11:59:50 [INFO   ] PROGRESS | Subject: PlacementHub pre-seed intro with GOVIND PRASAD & CO
2026-06-24 11:59:50 [INFO   ] PROGRESS | Body:
2026-06-24 11:59:50 [INFO   ] PROGRESS |   Dear Sir/Madam,
2026-06-24 11:59:50 [INFO   ] PROGRESS |   I am reaching out to introduce PlacementHub and explore whether any of your investor, entrepreneur, or
2026-06-24 11:59:50 [INFO   ] PROGRESS |   HNI clients may be open to reviewing a strategic seed opportunity.
2026-06-24 11:59:50 [INFO   ] PROGRESS |   My name is Sandeep Jain. PlacementHub is currently in its pre-seed fundraising stage, and I am
2026-06-24 11:59:50 [INFO   ] PROGRESS |   soliciting strategic seed investment for the same. PlacementHub is a campus placement and employability
2026-06-24 11:59:50 [INFO   ] PROGRESS |   platform connecting students, colleges, and recruiters. The product is built and in early
2026-06-24 11:59:50 [INFO   ] PROGRESS |   commercialization.
2026-06-24 11:59:50 [INFO   ] PROGRESS |   For reference, the detailed business plan, including the business model and go-to-market strategies, is
2026-06-24 11:59:50 [INFO   ] PROGRESS |   available here:
2026-06-24 11:59:50 [INFO   ] PROGRESS |   PlacementHub Business Plan
2026-06-24 11:59:50 [INFO   ] PROGRESS |   For a Chartered Accountant firm, the relevance is mainly professional and strategic:
2026-06-24 11:59:50 [INFO   ] PROGRESS |   PlacementHub may require support across accounting, taxation, compliance, payroll, investor documentation, audit, and related professional services.
2026-06-24 11:59:50 [INFO   ] PROGRESS |   I would naturally be pleased to consider and prioritize firms that support PlacementHub during its early growth phase, subject to suitability and mutual agreement.
2026-06-24 11:59:50 [INFO   ] PROGRESS |   The relationship can begin with a simple review of the investment note and, where appropriate, introductions to suitable investor clients.
2026-06-24 11:59:50 [INFO   ] PROGRESS |   If the opportunity is worth a look, I would be happy to send the note and speak briefly about the round,
2026-06-24 11:59:50 [INFO   ] PROGRESS |   the platform, and the type of strategic investors we are looking for.
2026-06-24 11:59:50 [INFO   ] PROGRESS |   Please reply to this email or call me if you would like to explore it.
2026-06-24 11:59:50 [INFO   ] PROGRESS |   Warm Regards,
2026-06-24 11:59:50 [INFO   ] PROGRESS |   Sandeep Jain
2026-06-24 11:59:50 [INFO   ] PROGRESS |   Founder, PlacementHub
2026-06-24 11:59:50 [INFO   ] PROGRESS |   +91-9860090620
2026-06-24 11:59:50 [INFO   ] PROGRESS |   sandeepjain200019@gmail.com
2026-06-24 11:59:50 [INFO   ] PROGRESS |   Detailed Profile
2026-06-24 11:59:50 [INFO   ] PROGRESS |   Detailed Note on Funding Requirement
2026-06-24 11:59:50 [INFO   ] --------------------------------------------------------------
2026-06-24 11:59:50 [INFO   ] 
2026-06-24 11:59:50 [INFO   ] 
2026-06-24 11:59:50 [INFO   ] PROGRESS | Email preview — To: govind_aggarwal@hotmail.com | Subject: PlacementHub pre-seed intro with GOVIND PRASAD & CO
2026-06-24 11:59:51 [INFO   ] SENT (Brevo) -> govind_aggarwal@hotmail.com (GOVIND PRASAD & CO) | PlacementHub pre-seed intro with GOVIND PRASAD & CO | messageId=<202606240629.82585951542@smtp-relay.mailin.fr> (API accepted; run audit-brevo to confirm delivery)
2026-06-24 11:59:51 [INFO   ] Sleeping for 10 seconds
2026-06-24 12:00:01 [INFO   ] PROGRESS | Send 15/50 | SENT | govind_aggarwal@hotmail.com | GOVIND PRASAD & CO [Chartered Accountants & Company Secretaries] | ok=12 fail=3 skip=0
2026-06-24 12:00:01 [INFO   ] PROGRESS | Send 16/50 | SENDING | shah_vab@rediffmail.com | ASHISH SHAH & ASSOCIATES [Chartered Accountants & Company Secretaries] | ok=12 fail=3 skip=0
2026-06-24 12:00:10 [INFO   ] --------------------------------------------------------------
2026-06-24 12:00:10 [INFO   ] PROGRESS | Email content — To: shah_vab@rediffmail.com
2026-06-24 12:00:10 [INFO   ] PROGRESS | Subject: PlacementHub pre-seed intro with ASHISH SHAH & ASSOCIATES
2026-06-24 12:00:10 [INFO   ] PROGRESS | Body:
2026-06-24 12:00:10 [INFO   ] PROGRESS |   Dear Sir/Madam,
2026-06-24 12:00:10 [INFO   ] PROGRESS |   I am reaching out to introduce PlacementHub and explore whether any of your investor, entrepreneur, or
2026-06-24 12:00:10 [INFO   ] PROGRESS |   HNI clients may be open to reviewing a strategic seed opportunity.
2026-06-24 12:00:10 [INFO   ] PROGRESS |   My name is Sandeep Jain. PlacementHub is currently in its pre-seed fundraising stage, and I am
2026-06-24 12:00:10 [INFO   ] PROGRESS |   soliciting strategic seed investment for the same. PlacementHub is a campus placement and employability
2026-06-24 12:00:10 [INFO   ] PROGRESS |   platform connecting students, colleges, and recruiters. The product is built and in early
2026-06-24 12:00:10 [INFO   ] PROGRESS |   commercialization.
2026-06-24 12:00:10 [INFO   ] PROGRESS |   For reference, the detailed business plan, including the business model and go-to-market strategies, is
2026-06-24 12:00:10 [INFO   ] PROGRESS |   available here:
2026-06-24 12:00:10 [INFO   ] PROGRESS |   PlacementHub Business Plan
2026-06-24 12:00:10 [INFO   ] PROGRESS |   For a Chartered Accountant firm, the relevance is mainly professional and strategic:
2026-06-24 12:00:10 [INFO   ] PROGRESS |   PlacementHub may require support across accounting, taxation, compliance, payroll, investor documentation, audit, and related professional services.
2026-06-24 12:00:10 [INFO   ] PROGRESS |   I would naturally be pleased to consider and prioritize firms that support PlacementHub during its early growth phase, subject to suitability and mutual agreement.
2026-06-24 12:00:10 [INFO   ] PROGRESS |   The relationship can begin with a simple review of the investment note and, where appropriate, introductions to suitable investor clients.
2026-06-24 12:00:10 [INFO   ] PROGRESS |   If the opportunity is worth a look, I would be happy to send the note and speak briefly about the round,
2026-06-24 12:00:10 [INFO   ] PROGRESS |   the platform, and the type of strategic investors we are looking for.
2026-06-24 12:00:10 [INFO   ] PROGRESS |   Please reply to this email or call me if you would like to explore it.
2026-06-24 12:00:10 [INFO   ] PROGRESS |   Warm Regards,
2026-06-24 12:00:10 [INFO   ] PROGRESS |   Sandeep Jain
2026-06-24 12:00:10 [INFO   ] PROGRESS |   Founder, PlacementHub
2026-06-24 12:00:10 [INFO   ] PROGRESS |   +91-9860090620
2026-06-24 12:00:10 [INFO   ] PROGRESS |   sandeepjain200019@gmail.com
2026-06-24 12:00:10 [INFO   ] PROGRESS |   Detailed Profile
2026-06-24 12:00:10 [INFO   ] PROGRESS |   Detailed Note on Funding Requirement
2026-06-24 12:00:10 [INFO   ] --------------------------------------------------------------
2026-06-24 12:00:10 [INFO   ] 
2026-06-24 12:00:10 [INFO   ] 
2026-06-24 12:00:10 [INFO   ] PROGRESS | Email preview — To: shah_vab@rediffmail.com | Subject: PlacementHub pre-seed intro with ASHISH SHAH & ASSOCIATES
2026-06-24 12:00:11 [INFO   ] SENT (Brevo) -> shah_vab@rediffmail.com (ASHISH SHAH & ASSOCIATES) | PlacementHub pre-seed intro with ASHISH SHAH & ASSOCIATES | messageId=<202606240630.41917080445@smtp-relay.mailin.fr> (API accepted; run audit-brevo to confirm delivery)
2026-06-24 12:00:11 [INFO   ] Sleeping for 10 seconds
2026-06-24 12:00:21 [INFO   ] PROGRESS | Send 16/50 | SENT | shah_vab@rediffmail.com | ASHISH SHAH & ASSOCIATES [Chartered Accountants & Company Secretaries] | ok=13 fail=3 skip=0
2026-06-24 12:00:21 [INFO   ] PROGRESS | Send 17/50 | SENDING | kamleshsharma1993@gmail.com | KAMLESH A SHARMA & ASSOCIATES [Chartered Accountants & Company Secretaries] | ok=13 fail=3 skip=0
2026-06-24 12:00:29 [INFO   ] --------------------------------------------------------------
2026-06-24 12:00:29 [INFO   ] PROGRESS | Email content — To: kamleshsharma1993@gmail.com
2026-06-24 12:00:29 [INFO   ] PROGRESS | Subject: PlacementHub pre-seed intro with KAMLESH A SHARMA & ASSOCIATES
2026-06-24 12:00:29 [INFO   ] PROGRESS | Body:
2026-06-24 12:00:29 [INFO   ] PROGRESS |   Dear Sir/Madam,
2026-06-24 12:00:29 [INFO   ] PROGRESS |   I am reaching out to introduce PlacementHub and explore whether any of your investor, entrepreneur, or
2026-06-24 12:00:29 [INFO   ] PROGRESS |   HNI clients may be open to reviewing a strategic seed opportunity.
2026-06-24 12:00:29 [INFO   ] PROGRESS |   My name is Sandeep Jain. PlacementHub is currently in its pre-seed fundraising stage, and I am
2026-06-24 12:00:29 [INFO   ] PROGRESS |   soliciting strategic seed investment for the same. PlacementHub is a campus placement and employability
2026-06-24 12:00:29 [INFO   ] PROGRESS |   platform connecting students, colleges, and recruiters. The product is built and in early
2026-06-24 12:00:29 [INFO   ] PROGRESS |   commercialization.
2026-06-24 12:00:29 [INFO   ] PROGRESS |   For reference, the detailed business plan, including the business model and go-to-market strategies, is
2026-06-24 12:00:29 [INFO   ] PROGRESS |   available here:
2026-06-24 12:00:29 [INFO   ] PROGRESS |   PlacementHub Business Plan
2026-06-24 12:00:29 [INFO   ] PROGRESS |   For a Chartered Accountant firm, the relevance is mainly professional and strategic:
2026-06-24 12:00:29 [INFO   ] PROGRESS |   PlacementHub may require support across accounting, taxation, compliance, payroll, investor documentation, audit, and related professional services.
2026-06-24 12:00:29 [INFO   ] PROGRESS |   I would naturally be pleased to consider and prioritize firms that support PlacementHub during its early growth phase, subject to suitability and mutual agreement.
2026-06-24 12:00:29 [INFO   ] PROGRESS |   The relationship can begin with a simple review of the investment note and, where appropriate, introductions to suitable investor clients.
2026-06-24 12:00:29 [INFO   ] PROGRESS |   If the opportunity is worth a look, I would be happy to send the note and speak briefly about the round,
2026-06-24 12:00:29 [INFO   ] PROGRESS |   the platform, and the type of strategic investors we are looking for.
2026-06-24 12:00:29 [INFO   ] PROGRESS |   Please reply to this email or call me if you would like to explore it.
2026-06-24 12:00:29 [INFO   ] PROGRESS |   Warm Regards,
2026-06-24 12:00:29 [INFO   ] PROGRESS |   Sandeep Jain
2026-06-24 12:00:29 [INFO   ] PROGRESS |   Founder, PlacementHub
2026-06-24 12:00:29 [INFO   ] PROGRESS |   +91-9860090620
2026-06-24 12:00:29 [INFO   ] PROGRESS |   sandeepjain200019@gmail.com
2026-06-24 12:00:29 [INFO   ] PROGRESS |   Detailed Profile
2026-06-24 12:00:29 [INFO   ] PROGRESS |   Detailed Note on Funding Requirement
2026-06-24 12:00:29 [INFO   ] --------------------------------------------------------------
2026-06-24 12:00:29 [INFO   ] 
2026-06-24 12:00:29 [INFO   ] 
2026-06-24 12:00:29 [INFO   ] PROGRESS | Email preview — To: kamleshsharma1993@gmail.com | Subject: PlacementHub pre-seed intro with KAMLESH A SHARMA & ASSOCIATES
2026-06-24 12:00:31 [INFO   ] SENT (Brevo) -> kamleshsharma1993@gmail.com (KAMLESH A SHARMA & ASSOCIATES) | PlacementHub pre-seed intro with KAMLESH A SHARMA & ASSOCIATES | messageId=<202606240630.19988934819@smtp-relay.mailin.fr> (API accepted; run audit-brevo to confirm delivery)
2026-06-24 12:00:31 [INFO   ] Sleeping for 10 seconds
2026-06-24 12:00:41 [INFO   ] PROGRESS | Send 17/50 | SENT | kamleshsharma1993@gmail.com | KAMLESH A SHARMA & ASSOCIATES [Chartered Accountants & Company Secretaries] | ok=14 fail=3 skip=0
2026-06-24 12:00:41 [INFO   ] PROGRESS | Send 18/50 | SENDING | arunca03@gmail.com | ARUN JAMUNA & CO [Chartered Accountants & Company Secretaries] | ok=14 fail=3 skip=0
2026-06-24 12:01:11 [WARNING] NVIDIA call failed (attempt 1/5): The read operation timed out — rotating key.
2026-06-24 12:01:42 [WARNING] NVIDIA call failed (attempt 2/5): The read operation timed out — rotating key.
2026-06-24 12:02:13 [WARNING] NVIDIA call failed (attempt 3/5): The read operation timed out — rotating key.
2026-06-24 12:02:44 [WARNING] NVIDIA call failed (attempt 4/5): The read operation timed out — rotating key.
2026-06-24 12:02:48 [INFO   ] --------------------------------------------------------------
2026-06-24 12:02:48 [INFO   ] PROGRESS | Email content — To: arunca03@gmail.com
2026-06-24 12:02:48 [INFO   ] PROGRESS | Subject: PlacementHub pre-seed intro with ARUN JAMUNA & CO
2026-06-24 12:02:48 [INFO   ] PROGRESS | Body:
2026-06-24 12:02:48 [INFO   ] PROGRESS |   Dear Sir/Madam,
2026-06-24 12:02:48 [INFO   ] PROGRESS |   I am reaching out to introduce PlacementHub and explore whether any of your investor, entrepreneur, or
2026-06-24 12:02:48 [INFO   ] PROGRESS |   HNI clients may be open to reviewing a strategic seed opportunity.
2026-06-24 12:02:48 [INFO   ] PROGRESS |   My name is Sandeep Jain. PlacementHub is currently in its pre-seed fundraising stage, and I am
2026-06-24 12:02:48 [INFO   ] PROGRESS |   soliciting strategic seed investment for the same. PlacementHub is a campus placement and employability
2026-06-24 12:02:48 [INFO   ] PROGRESS |   platform connecting students, colleges, and recruiters. The product is built and in early
2026-06-24 12:02:48 [INFO   ] PROGRESS |   commercialization.
2026-06-24 12:02:48 [INFO   ] PROGRESS |   For reference, the detailed business plan, including the business model and go-to-market strategies, is
2026-06-24 12:02:48 [INFO   ] PROGRESS |   available here:
2026-06-24 12:02:48 [INFO   ] PROGRESS |   PlacementHub Business Plan
2026-06-24 12:02:48 [INFO   ] PROGRESS |   For a Chartered Accountant firm, the relevance is mainly professional and strategic:
2026-06-24 12:02:48 [INFO   ] PROGRESS |   PlacementHub may require support across accounting, taxation, compliance, payroll, investor documentation, audit, and related professional services.
2026-06-24 12:02:48 [INFO   ] PROGRESS |   I would naturally be pleased to consider and prioritize firms that support PlacementHub during its early growth phase, subject to suitability and mutual agreement.
2026-06-24 12:02:48 [INFO   ] PROGRESS |   The relationship can begin with a simple review of the investment note and, where appropriate, introductions to suitable investor clients.
2026-06-24 12:02:48 [INFO   ] PROGRESS |   If the opportunity is worth a look, I would be happy to send the note and speak briefly about the round,
2026-06-24 12:02:48 [INFO   ] PROGRESS |   the platform, and the type of strategic investors we are looking for.
2026-06-24 12:02:48 [INFO   ] PROGRESS |   Please reply to this email or call me if you would like to explore it.
2026-06-24 12:02:48 [INFO   ] PROGRESS |   Warm Regards,
2026-06-24 12:02:48 [INFO   ] PROGRESS |   Sandeep Jain
2026-06-24 12:02:48 [INFO   ] PROGRESS |   Founder, PlacementHub
2026-06-24 12:02:48 [INFO   ] PROGRESS |   +91-9860090620
2026-06-24 12:02:48 [INFO   ] PROGRESS |   sandeepjain200019@gmail.com
2026-06-24 12:02:48 [INFO   ] PROGRESS |   Detailed Profile
2026-06-24 12:02:48 [INFO   ] PROGRESS |   Detailed Note on Funding Requirement
2026-06-24 12:02:48 [INFO   ] --------------------------------------------------------------
2026-06-24 12:02:48 [INFO   ] 
2026-06-24 12:02:48 [INFO   ] 
2026-06-24 12:02:48 [INFO   ] PROGRESS | Email preview — To: arunca03@gmail.com | Subject: PlacementHub pre-seed intro with ARUN JAMUNA & CO
2026-06-24 12:02:49 [INFO   ] SENT (Brevo) -> arunca03@gmail.com (ARUN JAMUNA & CO) | PlacementHub pre-seed intro with ARUN JAMUNA & CO | messageId=<202606240632.37091054165@smtp-relay.mailin.fr> (API accepted; run audit-brevo to confirm delivery)
2026-06-24 12:02:49 [INFO   ] Sleeping for 10 seconds
2026-06-24 12:02:59 [INFO   ] PROGRESS | Send 18/50 | SENT | arunca03@gmail.com | ARUN JAMUNA & CO [Chartered Accountants & Company Secretaries] | ok=15 fail=3 skip=0
2026-06-24 12:02:59 [INFO   ] PROGRESS | Send 19/50 | SENDING | cajigarvaghela@gmail.com | JIGAR VAGHELA & ASSOCIATES [Chartered Accountants & Company Secretaries] | ok=15 fail=3 skip=0
2026-06-24 12:03:02 [INFO   ] --------------------------------------------------------------
2026-06-24 12:03:02 [INFO   ] PROGRESS | Email content — To: cajigarvaghela@gmail.com
2026-06-24 12:03:02 [INFO   ] PROGRESS | Subject: PlacementHub pre-seed intro with JIGAR VAGHELA & ASSOCIATES
2026-06-24 12:03:02 [INFO   ] PROGRESS | Body:
2026-06-24 12:03:02 [INFO   ] PROGRESS |   Dear Sir/Madam,
2026-06-24 12:03:02 [INFO   ] PROGRESS |   I am reaching out to introduce PlacementHub and explore whether any of your investor, entrepreneur, or
2026-06-24 12:03:02 [INFO   ] PROGRESS |   HNI clients may be open to reviewing a strategic seed opportunity.
2026-06-24 12:03:02 [INFO   ] PROGRESS |   My name is Sandeep Jain. PlacementHub is currently in its pre-seed fundraising stage, and I am
2026-06-24 12:03:02 [INFO   ] PROGRESS |   soliciting strategic seed investment for the same. PlacementHub is a campus placement and employability
2026-06-24 12:03:02 [INFO   ] PROGRESS |   platform connecting students, colleges, and recruiters. The product is built and in early
2026-06-24 12:03:02 [INFO   ] PROGRESS |   commercialization.
2026-06-24 12:03:02 [INFO   ] PROGRESS |   For reference, the detailed business plan, including the business model and go-to-market strategies, is
2026-06-24 12:03:02 [INFO   ] PROGRESS |   available here:
2026-06-24 12:03:02 [INFO   ] PROGRESS |   PlacementHub Business Plan
2026-06-24 12:03:02 [INFO   ] PROGRESS |   For a Chartered Accountant firm, the relevance is mainly professional and strategic:
2026-06-24 12:03:02 [INFO   ] PROGRESS |   PlacementHub may require support across accounting, taxation, compliance, payroll, investor documentation, audit, and related professional services.
2026-06-24 12:03:02 [INFO   ] PROGRESS |   I would naturally be pleased to consider and prioritize firms that support PlacementHub during its early growth phase, subject to suitability and mutual agreement.
2026-06-24 12:03:02 [INFO   ] PROGRESS |   The relationship can begin with a simple review of the investment note and, where appropriate, introductions to suitable investor clients.
2026-06-24 12:03:02 [INFO   ] PROGRESS |   If the opportunity is worth a look, I would be happy to send the note and speak briefly about the round,
2026-06-24 12:03:02 [INFO   ] PROGRESS |   the platform, and the type of strategic investors we are looking for.
2026-06-24 12:03:02 [INFO   ] PROGRESS |   Please reply to this email or call me if you would like to explore it.
2026-06-24 12:03:02 [INFO   ] PROGRESS |   Warm Regards,
2026-06-24 12:03:02 [INFO   ] PROGRESS |   Sandeep Jain
2026-06-24 12:03:02 [INFO   ] PROGRESS |   Founder, PlacementHub
2026-06-24 12:03:02 [INFO   ] PROGRESS |   +91-9860090620
2026-06-24 12:03:02 [INFO   ] PROGRESS |   sandeepjain200019@gmail.com
2026-06-24 12:03:02 [INFO   ] PROGRESS |   Detailed Profile
2026-06-24 12:03:02 [INFO   ] PROGRESS |   Detailed Note on Funding Requirement
2026-06-24 12:03:02 [INFO   ] --------------------------------------------------------------
2026-06-24 12:03:02 [INFO   ] 
2026-06-24 12:03:02 [INFO   ] 
2026-06-24 12:03:02 [INFO   ] PROGRESS | Email preview — To: cajigarvaghela@gmail.com | Subject: PlacementHub pre-seed intro with JIGAR VAGHELA & ASSOCIATES
2026-06-24 12:03:03 [INFO   ] SENT (Brevo) -> cajigarvaghela@gmail.com (JIGAR VAGHELA & ASSOCIATES) | PlacementHub pre-seed intro with JIGAR VAGHELA & ASSOCIATES | messageId=<202606240633.95420425341@smtp-relay.mailin.fr> (API accepted; run audit-brevo to confirm delivery)
2026-06-24 12:03:03 [INFO   ] Sleeping for 10 seconds
2026-06-24 12:03:13 [INFO   ] PROGRESS | Send 19/50 | SENT | cajigarvaghela@gmail.com | JIGAR VAGHELA & ASSOCIATES [Chartered Accountants & Company Secretaries] | ok=16 fail=3 skip=0
2026-06-24 12:03:13 [INFO   ] PROGRESS | Send 20/50 | SENDING | kaushilgala1991@gmail.com | KAUSHIL GALA AND CO [Chartered Accountants & Company Secretaries] | ok=16 fail=3 skip=0
2026-06-24 12:03:42 [INFO   ] --------------------------------------------------------------
2026-06-24 12:03:42 [INFO   ] PROGRESS | Email content — To: kaushilgala1991@gmail.com
2026-06-24 12:03:42 [INFO   ] PROGRESS | Subject: PlacementHub pre-seed intro with KAUSHIL GALA AND CO
2026-06-24 12:03:42 [INFO   ] PROGRESS | Body:
2026-06-24 12:03:42 [INFO   ] PROGRESS |   Dear Sir/Madam,
2026-06-24 12:03:42 [INFO   ] PROGRESS |   I am reaching out to introduce PlacementHub and explore whether any of your investor, entrepreneur, or
2026-06-24 12:03:42 [INFO   ] PROGRESS |   HNI clients may be open to reviewing a strategic seed opportunity.
2026-06-24 12:03:42 [INFO   ] PROGRESS |   My name is Sandeep Jain. PlacementHub is currently in its pre-seed fundraising stage, and I am
2026-06-24 12:03:42 [INFO   ] PROGRESS |   soliciting strategic seed investment for the same. PlacementHub is a campus placement and employability
2026-06-24 12:03:42 [INFO   ] PROGRESS |   platform connecting students, colleges, and recruiters. The product is built and in early
2026-06-24 12:03:42 [INFO   ] PROGRESS |   commercialization.
2026-06-24 12:03:42 [INFO   ] PROGRESS |   For reference, the detailed business plan, including the business model and go-to-market strategies, is
2026-06-24 12:03:42 [INFO   ] PROGRESS |   available here:
2026-06-24 12:03:42 [INFO   ] PROGRESS |   PlacementHub Business Plan
2026-06-24 12:03:42 [INFO   ] PROGRESS |   For a Chartered Accountant firm, the relevance is mainly professional and strategic:
2026-06-24 12:03:42 [INFO   ] PROGRESS |   PlacementHub may require support across accounting, taxation, compliance, payroll, investor documentation, audit, and related professional services.
2026-06-24 12:03:42 [INFO   ] PROGRESS |   I would naturally be pleased to consider and prioritize firms that support PlacementHub during its early growth phase, subject to suitability and mutual agreement.
2026-06-24 12:03:42 [INFO   ] PROGRESS |   The relationship can begin with a simple review of the investment note and, where appropriate, introductions to suitable investor clients.
2026-06-24 12:03:42 [INFO   ] PROGRESS |   If the opportunity is worth a look, I would be happy to send the note and speak briefly about the round,
2026-06-24 12:03:42 [INFO   ] PROGRESS |   the platform, and the type of strategic investors we are looking for.
2026-06-24 12:03:42 [INFO   ] PROGRESS |   Please reply to this email or call me if you would like to explore it.
2026-06-24 12:03:42 [INFO   ] PROGRESS |   Warm Regards,
2026-06-24 12:03:42 [INFO   ] PROGRESS |   Sandeep Jain
2026-06-24 12:03:42 [INFO   ] PROGRESS |   Founder, PlacementHub
2026-06-24 12:03:42 [INFO   ] PROGRESS |   +91-9860090620
2026-06-24 12:03:42 [INFO   ] PROGRESS |   sandeepjain200019@gmail.com
2026-06-24 12:03:42 [INFO   ] PROGRESS |   Detailed Profile
2026-06-24 12:03:42 [INFO   ] PROGRESS |   Detailed Note on Funding Requirement
2026-06-24 12:03:42 [INFO   ] --------------------------------------------------------------
2026-06-24 12:03:42 [INFO   ] 
2026-06-24 12:03:42 [INFO   ] 
2026-06-24 12:03:42 [INFO   ] PROGRESS | Email preview — To: kaushilgala1991@gmail.com | Subject: PlacementHub pre-seed intro with KAUSHIL GALA AND CO
2026-06-24 12:03:43 [INFO   ] SENT (Brevo) -> kaushilgala1991@gmail.com (KAUSHIL GALA AND CO) | PlacementHub pre-seed intro with KAUSHIL GALA AND CO | messageId=<202606240633.72722596585@smtp-relay.mailin.fr> (API accepted; run audit-brevo to confirm delivery)
2026-06-24 12:03:43 [INFO   ] Sleeping for 10 seconds
2026-06-24 12:03:53 [INFO   ] PROGRESS | Send 20/50 | SENT | kaushilgala1991@gmail.com | KAUSHIL GALA AND CO [Chartered Accountants & Company Secretaries] | ok=17 fail=3 skip=0
2026-06-24 12:03:53 [INFO   ] PROGRESS | Send 21/50 | SENDING | caabhishekruia@gmail.com | A R B R & CO LLP [Chartered Accountants & Company Secretaries] | ok=17 fail=3 skip=0
2026-06-24 12:04:19 [INFO   ] --------------------------------------------------------------
2026-06-24 12:04:19 [INFO   ] PROGRESS | Email content — To: caabhishekruia@gmail.com
2026-06-24 12:04:19 [INFO   ] PROGRESS | Subject: PlacementHub pre-seed intro with A R B R & CO LLP
2026-06-24 12:04:19 [INFO   ] PROGRESS | Body:
2026-06-24 12:04:19 [INFO   ] PROGRESS |   Dear Sir/Madam,
2026-06-24 12:04:19 [INFO   ] PROGRESS |   I am reaching out to introduce PlacementHub and explore whether any of your investor, entrepreneur, or
2026-06-24 12:04:19 [INFO   ] PROGRESS |   HNI clients may be open to reviewing a strategic seed opportunity.
2026-06-24 12:04:19 [INFO   ] PROGRESS |   My name is Sandeep Jain. PlacementHub is currently in its pre-seed fundraising stage, and I am
2026-06-24 12:04:19 [INFO   ] PROGRESS |   soliciting strategic seed investment for the same. PlacementHub is a campus placement and employability
2026-06-24 12:04:19 [INFO   ] PROGRESS |   platform connecting students, colleges, and recruiters. The product is built and in early
2026-06-24 12:04:19 [INFO   ] PROGRESS |   commercialization.
2026-06-24 12:04:19 [INFO   ] PROGRESS |   For reference, the detailed business plan, including the business model and go-to-market strategies, is
2026-06-24 12:04:19 [INFO   ] PROGRESS |   available here:
2026-06-24 12:04:19 [INFO   ] PROGRESS |   PlacementHub Business Plan
2026-06-24 12:04:19 [INFO   ] PROGRESS |   For a Chartered Accountant firm, the relevance is mainly professional and strategic:
2026-06-24 12:04:19 [INFO   ] PROGRESS |   PlacementHub may require support across accounting, taxation, compliance, payroll, investor documentation, audit, and related professional services.
2026-06-24 12:04:19 [INFO   ] PROGRESS |   I would naturally be pleased to consider and prioritize firms that support PlacementHub during its early growth phase, subject to suitability and mutual agreement.
2026-06-24 12:04:19 [INFO   ] PROGRESS |   The relationship can begin with a simple review of the investment note and, where appropriate, introductions to suitable investor clients.
2026-06-24 12:04:19 [INFO   ] PROGRESS |   If the opportunity is worth a look, I would be happy to send the note and speak briefly about the round,
2026-06-24 12:04:19 [INFO   ] PROGRESS |   the platform, and the type of strategic investors we are looking for.
2026-06-24 12:04:19 [INFO   ] PROGRESS |   Please reply to this email or call me if you would like to explore it.
2026-06-24 12:04:19 [INFO   ] PROGRESS |   Warm Regards,
2026-06-24 12:04:19 [INFO   ] PROGRESS |   Sandeep Jain
2026-06-24 12:04:19 [INFO   ] PROGRESS |   Founder, PlacementHub
2026-06-24 12:04:19 [INFO   ] PROGRESS |   +91-9860090620
2026-06-24 12:04:19 [INFO   ] PROGRESS |   sandeepjain200019@gmail.com
2026-06-24 12:04:19 [INFO   ] PROGRESS |   Detailed Profile
2026-06-24 12:04:19 [INFO   ] PROGRESS |   Detailed Note on Funding Requirement
2026-06-24 12:04:19 [INFO   ] --------------------------------------------------------------
2026-06-24 12:04:19 [INFO   ] 
2026-06-24 12:04:19 [INFO   ] 
2026-06-24 12:04:19 [INFO   ] PROGRESS | Email preview — To: caabhishekruia@gmail.com | Subject: PlacementHub pre-seed intro with A R B R & CO LLP
2026-06-24 12:04:20 [INFO   ] SENT (Brevo) -> caabhishekruia@gmail.com (A R B R & CO LLP) | PlacementHub pre-seed intro with A R B R & CO LLP | messageId=<202606240634.44071420446@smtp-relay.mailin.fr> (API accepted; run audit-brevo to confirm delivery)
2026-06-24 12:04:20 [INFO   ] Sleeping for 10 seconds
2026-06-24 12:04:30 [INFO   ] PROGRESS | Send 21/50 | SENT | caabhishekruia@gmail.com | A R B R & CO LLP [Chartered Accountants & Company Secretaries] | ok=18 fail=3 skip=0
2026-06-24 12:04:30 [INFO   ] PROGRESS | Send 22/50 | SENDING | cadarshanjain@gmail.com | D K Y & ASSOCIATES LLP [Chartered Accountants & Company Secretaries] | ok=18 fail=3 skip=0
2026-06-24 12:04:34 [INFO   ] --------------------------------------------------------------
2026-06-24 12:04:34 [INFO   ] PROGRESS | Email content — To: cadarshanjain@gmail.com
2026-06-24 12:04:34 [INFO   ] PROGRESS | Subject: PlacementHub pre-seed intro with D K Y & ASSOCIATES LLP
2026-06-24 12:04:34 [INFO   ] PROGRESS | Body:
2026-06-24 12:04:34 [INFO   ] PROGRESS |   Dear Sir/Madam,
2026-06-24 12:04:34 [INFO   ] PROGRESS |   I am reaching out to introduce PlacementHub and explore whether any of your investor, entrepreneur, or
2026-06-24 12:04:34 [INFO   ] PROGRESS |   HNI clients may be open to reviewing a strategic seed opportunity.
2026-06-24 12:04:34 [INFO   ] PROGRESS |   My name is Sandeep Jain. PlacementHub is currently in its pre-seed fundraising stage, and I am
2026-06-24 12:04:34 [INFO   ] PROGRESS |   soliciting strategic seed investment for the same. PlacementHub is a campus placement and employability
2026-06-24 12:04:34 [INFO   ] PROGRESS |   platform connecting students, colleges, and recruiters. The product is built and in early
2026-06-24 12:04:34 [INFO   ] PROGRESS |   commercialization.
2026-06-24 12:04:34 [INFO   ] PROGRESS |   For reference, the detailed business plan, including the business model and go-to-market strategies, is
2026-06-24 12:04:34 [INFO   ] PROGRESS |   available here:
2026-06-24 12:04:34 [INFO   ] PROGRESS |   PlacementHub Business Plan
2026-06-24 12:04:34 [INFO   ] PROGRESS |   For a Chartered Accountant firm, the relevance is mainly professional and strategic:
2026-06-24 12:04:34 [INFO   ] PROGRESS |   PlacementHub may require support across accounting, taxation, compliance, payroll, investor documentation, audit, and related professional services.
2026-06-24 12:04:34 [INFO   ] PROGRESS |   I would naturally be pleased to consider and prioritize firms that support PlacementHub during its early growth phase, subject to suitability and mutual agreement.
2026-06-24 12:04:34 [INFO   ] PROGRESS |   The relationship can begin with a simple review of the investment note and, where appropriate, introductions to suitable investor clients.
2026-06-24 12:04:34 [INFO   ] PROGRESS |   If the opportunity is worth a look, I would be happy to send the note and speak briefly about the round,
2026-06-24 12:04:34 [INFO   ] PROGRESS |   the platform, and the type of strategic investors we are looking for.
2026-06-24 12:04:34 [INFO   ] PROGRESS |   Please reply to this email or call me if you would like to explore it.
2026-06-24 12:04:34 [INFO   ] PROGRESS |   Warm Regards,
2026-06-24 12:04:34 [INFO   ] PROGRESS |   Sandeep Jain
2026-06-24 12:04:34 [INFO   ] PROGRESS |   Founder, PlacementHub
2026-06-24 12:04:34 [INFO   ] PROGRESS |   +91-9860090620
2026-06-24 12:04:34 [INFO   ] PROGRESS |   sandeepjain200019@gmail.com
2026-06-24 12:04:34 [INFO   ] PROGRESS |   Detailed Profile
2026-06-24 12:04:34 [INFO   ] PROGRESS |   Detailed Note on Funding Requirement
2026-06-24 12:04:34 [INFO   ] --------------------------------------------------------------
2026-06-24 12:04:34 [INFO   ] 
2026-06-24 12:04:34 [INFO   ] 
2026-06-24 12:04:34 [INFO   ] PROGRESS | Email preview — To: cadarshanjain@gmail.com | Subject: PlacementHub pre-seed intro with D K Y & ASSOCIATES LLP
2026-06-24 12:04:35 [INFO   ] SENT (Brevo) -> cadarshanjain@gmail.com (D K Y & ASSOCIATES LLP) | PlacementHub pre-seed intro with D K Y & ASSOCIATES LLP | messageId=<202606240634.16387858050@smtp-relay.mailin.fr> (API accepted; run audit-brevo to confirm delivery)
2026-06-24 12:04:35 [INFO   ] Sleeping for 10 seconds
2026-06-24 12:04:45 [INFO   ] PROGRESS | Send 22/50 | SENT | cadarshanjain@gmail.com | D K Y & ASSOCIATES LLP [Chartered Accountants & Company Secretaries] | ok=19 fail=3 skip=0
2026-06-24 12:04:45 [INFO   ] PROGRESS | Send 23/50 | SENDING | caaparekh@yahoo.com | A M PAREKH & ASSOCIATES [Chartered Accountants & Company Secretaries] | ok=19 fail=3 skip=0
2026-06-24 12:04:54 [INFO   ] --------------------------------------------------------------
2026-06-24 12:04:54 [INFO   ] PROGRESS | Email content — To: caaparekh@yahoo.com
2026-06-24 12:04:54 [INFO   ] PROGRESS | Subject: PlacementHub pre-seed intro with A M PAREKH & ASSOCIATES
2026-06-24 12:04:54 [INFO   ] PROGRESS | Body:
2026-06-24 12:04:54 [INFO   ] PROGRESS |   Dear Sir/Madam,
2026-06-24 12:04:54 [INFO   ] PROGRESS |   I am reaching out to introduce PlacementHub and explore whether any of your investor, entrepreneur, or
2026-06-24 12:04:54 [INFO   ] PROGRESS |   HNI clients may be open to reviewing a strategic seed opportunity.
2026-06-24 12:04:54 [INFO   ] PROGRESS |   My name is Sandeep Jain. PlacementHub is currently in its pre-seed fundraising stage, and I am
2026-06-24 12:04:54 [INFO   ] PROGRESS |   soliciting strategic seed investment for the same. PlacementHub is a campus placement and employability
2026-06-24 12:04:54 [INFO   ] PROGRESS |   platform connecting students, colleges, and recruiters. The product is built and in early
2026-06-24 12:04:54 [INFO   ] PROGRESS |   commercialization.
2026-06-24 12:04:54 [INFO   ] PROGRESS |   For reference, the detailed business plan, including the business model and go-to-market strategies, is
2026-06-24 12:04:54 [INFO   ] PROGRESS |   available here:
2026-06-24 12:04:54 [INFO   ] PROGRESS |   PlacementHub Business Plan
2026-06-24 12:04:54 [INFO   ] PROGRESS |   For a Chartered Accountant firm, the relevance is mainly professional and strategic:
2026-06-24 12:04:54 [INFO   ] PROGRESS |   PlacementHub may require support across accounting, taxation, compliance, payroll, investor documentation, audit, and related professional services.
2026-06-24 12:04:54 [INFO   ] PROGRESS |   I would naturally be pleased to consider and prioritize firms that support PlacementHub during its early growth phase, subject to suitability and mutual agreement.
2026-06-24 12:04:54 [INFO   ] PROGRESS |   The relationship can begin with a simple review of the investment note and, where appropriate, introductions to suitable investor clients.
2026-06-24 12:04:54 [INFO   ] PROGRESS |   If the opportunity is worth a look, I would be happy to send the note and speak briefly about the round,
2026-06-24 12:04:54 [INFO   ] PROGRESS |   the platform, and the type of strategic investors we are looking for.
2026-06-24 12:04:54 [INFO   ] PROGRESS |   Please reply to this email or call me if you would like to explore it.
2026-06-24 12:04:54 [INFO   ] PROGRESS |   Warm Regards,
2026-06-24 12:04:54 [INFO   ] PROGRESS |   Sandeep Jain
2026-06-24 12:04:54 [INFO   ] PROGRESS |   Founder, PlacementHub
2026-06-24 12:04:54 [INFO   ] PROGRESS |   +91-9860090620
2026-06-24 12:04:54 [INFO   ] PROGRESS |   sandeepjain200019@gmail.com
2026-06-24 12:04:54 [INFO   ] PROGRESS |   Detailed Profile
2026-06-24 12:04:54 [INFO   ] PROGRESS |   Detailed Note on Funding Requirement
2026-06-24 12:04:54 [INFO   ] --------------------------------------------------------------
2026-06-24 12:04:54 [INFO   ] 
2026-06-24 12:04:54 [INFO   ] 
2026-06-24 12:04:54 [INFO   ] PROGRESS | Email preview — To: caaparekh@yahoo.com | Subject: PlacementHub pre-seed intro with A M PAREKH & ASSOCIATES
2026-06-24 12:04:55 [INFO   ] SENT (Brevo) -> caaparekh@yahoo.com (A M PAREKH & ASSOCIATES) | PlacementHub pre-seed intro with A M PAREKH & ASSOCIATES | messageId=<202606240634.75599589331@smtp-relay.mailin.fr> (API accepted; run audit-brevo to confirm delivery)
2026-06-24 12:04:55 [INFO   ] Sleeping for 10 seconds
2026-06-24 12:05:05 [INFO   ] PROGRESS | Send 23/50 | SENT | caaparekh@yahoo.com | A M PAREKH & ASSOCIATES [Chartered Accountants & Company Secretaries] | ok=20 fail=3 skip=0
2026-06-24 12:05:05 [INFO   ] PROGRESS | Send 24/50 | SENDING | ca.anilgg@gmail.com | N S A R G & CO LLP [Chartered Accountants & Company Secretaries] | ok=20 fail=3 skip=0
2026-06-24 12:05:22 [INFO   ] --------------------------------------------------------------
2026-06-24 12:05:22 [INFO   ] PROGRESS | Email content — To: ca.anilgg@gmail.com
2026-06-24 12:05:22 [INFO   ] PROGRESS | Subject: PlacementHub pre-seed intro with N S A R G & CO LLP
2026-06-24 12:05:22 [INFO   ] PROGRESS | Body:
2026-06-24 12:05:22 [INFO   ] PROGRESS |   Dear Sir/Madam,
2026-06-24 12:05:22 [INFO   ] PROGRESS |   I am reaching out to introduce PlacementHub and explore whether any of your investor, entrepreneur, or
2026-06-24 12:05:22 [INFO   ] PROGRESS |   HNI clients may be open to reviewing a strategic seed opportunity.
2026-06-24 12:05:22 [INFO   ] PROGRESS |   My name is Sandeep Jain. PlacementHub is currently in its pre-seed fundraising stage, and I am
2026-06-24 12:05:22 [INFO   ] PROGRESS |   soliciting strategic seed investment for the same. PlacementHub is a campus placement and employability
2026-06-24 12:05:22 [INFO   ] PROGRESS |   platform connecting students, colleges, and recruiters. The product is built and in early
2026-06-24 12:05:22 [INFO   ] PROGRESS |   commercialization.
2026-06-24 12:05:22 [INFO   ] PROGRESS |   For reference, the detailed business plan, including the business model and go-to-market strategies, is
2026-06-24 12:05:22 [INFO   ] PROGRESS |   available here:
2026-06-24 12:05:22 [INFO   ] PROGRESS |   PlacementHub Business Plan
2026-06-24 12:05:22 [INFO   ] PROGRESS |   For a Chartered Accountant firm, the relevance is mainly professional and strategic:
2026-06-24 12:05:22 [INFO   ] PROGRESS |   PlacementHub may require support across accounting, taxation, compliance, payroll, investor documentation, audit, and related professional services.
2026-06-24 12:05:22 [INFO   ] PROGRESS |   I would naturally be pleased to consider and prioritize firms that support PlacementHub during its early growth phase, subject to suitability and mutual agreement.
2026-06-24 12:05:22 [INFO   ] PROGRESS |   The relationship can begin with a simple review of the investment note and, where appropriate, introductions to suitable investor clients.
2026-06-24 12:05:22 [INFO   ] PROGRESS |   If the opportunity is worth a look, I would be happy to send the note and speak briefly about the round,
2026-06-24 12:05:22 [INFO   ] PROGRESS |   the platform, and the type of strategic investors we are looking for.
2026-06-24 12:05:22 [INFO   ] PROGRESS |   Please reply to this email or call me if you would like to explore it.
2026-06-24 12:05:22 [INFO   ] PROGRESS |   Warm Regards,
2026-06-24 12:05:22 [INFO   ] PROGRESS |   Sandeep Jain
2026-06-24 12:05:22 [INFO   ] PROGRESS |   Founder, PlacementHub
2026-06-24 12:05:22 [INFO   ] PROGRESS |   +91-9860090620
2026-06-24 12:05:22 [INFO   ] PROGRESS |   sandeepjain200019@gmail.com
2026-06-24 12:05:22 [INFO   ] PROGRESS |   Detailed Profile
2026-06-24 12:05:22 [INFO   ] PROGRESS |   Detailed Note on Funding Requirement
2026-06-24 12:05:22 [INFO   ] --------------------------------------------------------------
2026-06-24 12:05:22 [INFO   ] 
2026-06-24 12:05:22 [INFO   ] 
2026-06-24 12:05:22 [INFO   ] PROGRESS | Email preview — To: ca.anilgg@gmail.com | Subject: PlacementHub pre-seed intro with N S A R G & CO LLP
2026-06-24 12:05:23 [INFO   ] SENT (Brevo) -> ca.anilgg@gmail.com (N S A R G & CO LLP) | PlacementHub pre-seed intro with N S A R G & CO LLP | messageId=<202606240635.13820545046@smtp-relay.mailin.fr> (API accepted; run audit-brevo to confirm delivery)
2026-06-24 12:05:23 [INFO   ] Sleeping for 10 seconds
2026-06-24 12:05:33 [INFO   ] PROGRESS | Send 24/50 | SENT | ca.anilgg@gmail.com | N S A R G & CO LLP [Chartered Accountants & Company Secretaries] | ok=21 fail=3 skip=0
2026-06-24 12:05:33 [INFO   ] PROGRESS | Send 25/50 | SENDING | sanjayr@ssrane.net | SANJAY RANE & ASSOCIATES LLP [Chartered Accountants & Company Secretaries] | ok=21 fail=3 skip=0
2026-06-24 12:05:41 [INFO   ] --------------------------------------------------------------
2026-06-24 12:05:41 [INFO   ] PROGRESS | Email content — To: sanjayr@ssrane.net
2026-06-24 12:05:41 [INFO   ] PROGRESS | Subject: PlacementHub pre-seed intro with SANJAY RANE & ASSOCIATES LLP
2026-06-24 12:05:41 [INFO   ] PROGRESS | Body:
2026-06-24 12:05:41 [INFO   ] PROGRESS |   Dear Sir/Madam,
2026-06-24 12:05:41 [INFO   ] PROGRESS |   I am reaching out to introduce PlacementHub and explore whether any of your investor, entrepreneur, or
2026-06-24 12:05:41 [INFO   ] PROGRESS |   HNI clients may be open to reviewing a strategic seed opportunity.
2026-06-24 12:05:41 [INFO   ] PROGRESS |   My name is Sandeep Jain. PlacementHub is currently in its pre-seed fundraising stage, and I am
2026-06-24 12:05:41 [INFO   ] PROGRESS |   soliciting strategic seed investment for the same. PlacementHub is a campus placement and employability
2026-06-24 12:05:41 [INFO   ] PROGRESS |   platform connecting students, colleges, and recruiters. The product is built and in early
2026-06-24 12:05:41 [INFO   ] PROGRESS |   commercialization.
2026-06-24 12:05:41 [INFO   ] PROGRESS |   For reference, the detailed business plan, including the business model and go-to-market strategies, is
2026-06-24 12:05:41 [INFO   ] PROGRESS |   available here:
2026-06-24 12:05:41 [INFO   ] PROGRESS |   PlacementHub Business Plan
2026-06-24 12:05:41 [INFO   ] PROGRESS |   For a Chartered Accountant firm, the relevance is mainly professional and strategic:
2026-06-24 12:05:41 [INFO   ] PROGRESS |   PlacementHub may require support across accounting, taxation, compliance, payroll, investor documentation, audit, and related professional services.
2026-06-24 12:05:41 [INFO   ] PROGRESS |   I would naturally be pleased to consider and prioritize firms that support PlacementHub during its early growth phase, subject to suitability and mutual agreement.
2026-06-24 12:05:41 [INFO   ] PROGRESS |   The relationship can begin with a simple review of the investment note and, where appropriate, introductions to suitable investor clients.
2026-06-24 12:05:41 [INFO   ] PROGRESS |   If the opportunity is worth a look, I would be happy to send the note and speak briefly about the round,
2026-06-24 12:05:41 [INFO   ] PROGRESS |   the platform, and the type of strategic investors we are looking for.
2026-06-24 12:05:41 [INFO   ] PROGRESS |   Please reply to this email or call me if you would like to explore it.
2026-06-24 12:05:41 [INFO   ] PROGRESS |   Warm Regards,
2026-06-24 12:05:41 [INFO   ] PROGRESS |   Sandeep Jain
2026-06-24 12:05:41 [INFO   ] PROGRESS |   Founder, PlacementHub
2026-06-24 12:05:41 [INFO   ] PROGRESS |   +91-9860090620
2026-06-24 12:05:41 [INFO   ] PROGRESS |   sandeepjain200019@gmail.com
2026-06-24 12:05:41 [INFO   ] PROGRESS |   Detailed Profile
2026-06-24 12:05:41 [INFO   ] PROGRESS |   Detailed Note on Funding Requirement
2026-06-24 12:05:41 [INFO   ] --------------------------------------------------------------
2026-06-24 12:05:41 [INFO   ] 
2026-06-24 12:05:41 [INFO   ] 
2026-06-24 12:05:41 [INFO   ] PROGRESS | Email preview — To: sanjayr@ssrane.net | Subject: PlacementHub pre-seed intro with SANJAY RANE & ASSOCIATES LLP
2026-06-24 12:05:42 [INFO   ] SENT (Brevo) -> sanjayr@ssrane.net (SANJAY RANE & ASSOCIATES LLP) | PlacementHub pre-seed intro with SANJAY RANE & ASSOCIATES LLP | messageId=<202606240635.24476208268@smtp-relay.mailin.fr> (API accepted; run audit-brevo to confirm delivery)
2026-06-24 12:05:42 [INFO   ] Sleeping for 10 seconds
2026-06-24 12:05:52 [INFO   ] PROGRESS | Send 25/50 | SENT | sanjayr@ssrane.net | SANJAY RANE & ASSOCIATES LLP [Chartered Accountants & Company Secretaries] | ok=22 fail=3 skip=0
2026-06-24 12:05:52 [INFO   ] PROGRESS | Send 26/50 | SENDING | kspeshori@hotmail.com | PESHORI PACHORI & JAIN [Chartered Accountants & Company Secretaries] | ok=22 fail=3 skip=0
2026-06-24 12:05:56 [INFO   ] --------------------------------------------------------------
2026-06-24 12:05:56 [INFO   ] PROGRESS | Email content — To: kspeshori@hotmail.com
2026-06-24 12:05:56 [INFO   ] PROGRESS | Subject: PlacementHub pre-seed intro with PESHORI PACHORI & JAIN
2026-06-24 12:05:56 [INFO   ] PROGRESS | Body:
2026-06-24 12:05:56 [INFO   ] PROGRESS |   Dear Sir/Madam,
2026-06-24 12:05:56 [INFO   ] PROGRESS |   I am reaching out to introduce PlacementHub and explore whether any of your investor, entrepreneur, or
2026-06-24 12:05:56 [INFO   ] PROGRESS |   HNI clients may be open to reviewing a strategic seed opportunity.
2026-06-24 12:05:56 [INFO   ] PROGRESS |   My name is Sandeep Jain. PlacementHub is currently in its pre-seed fundraising stage, and I am
2026-06-24 12:05:56 [INFO   ] PROGRESS |   soliciting strategic seed investment for the same. PlacementHub is a campus placement and employability
2026-06-24 12:05:56 [INFO   ] PROGRESS |   platform connecting students, colleges, and recruiters. The product is built and in early
2026-06-24 12:05:56 [INFO   ] PROGRESS |   commercialization.
2026-06-24 12:05:56 [INFO   ] PROGRESS |   For reference, the detailed business plan, including the business model and go-to-market strategies, is
2026-06-24 12:05:56 [INFO   ] PROGRESS |   available here:
2026-06-24 12:05:56 [INFO   ] PROGRESS |   PlacementHub Business Plan
2026-06-24 12:05:56 [INFO   ] PROGRESS |   For a Chartered Accountant firm, the relevance is mainly professional and strategic:
2026-06-24 12:05:56 [INFO   ] PROGRESS |   PlacementHub may require support across accounting, taxation, compliance, payroll, investor documentation, audit, and related professional services.
2026-06-24 12:05:56 [INFO   ] PROGRESS |   I would naturally be pleased to consider and prioritize firms that support PlacementHub during its early growth phase, subject to suitability and mutual agreement.
2026-06-24 12:05:56 [INFO   ] PROGRESS |   The relationship can begin with a simple review of the investment note and, where appropriate, introductions to suitable investor clients.
2026-06-24 12:05:56 [INFO   ] PROGRESS |   If the opportunity is worth a look, I would be happy to send the note and speak briefly about the round,
2026-06-24 12:05:56 [INFO   ] PROGRESS |   the platform, and the type of strategic investors we are looking for.
2026-06-24 12:05:56 [INFO   ] PROGRESS |   Please reply to this email or call me if you would like to explore it.
2026-06-24 12:05:56 [INFO   ] PROGRESS |   Warm Regards,
2026-06-24 12:05:56 [INFO   ] PROGRESS |   Sandeep Jain
2026-06-24 12:05:56 [INFO   ] PROGRESS |   Founder, PlacementHub
2026-06-24 12:05:56 [INFO   ] PROGRESS |   +91-9860090620
2026-06-24 12:05:56 [INFO   ] PROGRESS |   sandeepjain200019@gmail.com
2026-06-24 12:05:56 [INFO   ] PROGRESS |   Detailed Profile
2026-06-24 12:05:56 [INFO   ] PROGRESS |   Detailed Note on Funding Requirement
2026-06-24 12:05:56 [INFO   ] --------------------------------------------------------------
2026-06-24 12:05:56 [INFO   ] 
2026-06-24 12:05:56 [INFO   ] 
2026-06-24 12:05:56 [INFO   ] PROGRESS | Email preview — To: kspeshori@hotmail.com | Subject: PlacementHub pre-seed intro with PESHORI PACHORI & JAIN
2026-06-24 12:05:57 [INFO   ] SENT (Brevo) -> kspeshori@hotmail.com (PESHORI PACHORI & JAIN) | PlacementHub pre-seed intro with PESHORI PACHORI & JAIN | messageId=<202606240635.51675978445@smtp-relay.mailin.fr> (API accepted; run audit-brevo to confirm delivery)
2026-06-24 12:05:57 [INFO   ] Sleeping for 10 seconds
2026-06-24 12:06:07 [INFO   ] PROGRESS | Send 26/50 | SENT | kspeshori@hotmail.com | PESHORI PACHORI & JAIN [Chartered Accountants & Company Secretaries] | ok=23 fail=3 skip=0
2026-06-24 12:06:07 [INFO   ] PROGRESS | Send 27/50 | SENDING | cakomalpatel23289@gmail.com | KOMAL K PATEL & ASSOCIATES [Chartered Accountants & Company Secretaries] | ok=23 fail=3 skip=0
2026-06-24 12:06:37 [WARNING] NVIDIA call failed (attempt 1/5): The read operation timed out — rotating key.
2026-06-24 12:06:46 [INFO   ] --------------------------------------------------------------
2026-06-24 12:06:46 [INFO   ] PROGRESS | Email content — To: cakomalpatel23289@gmail.com
2026-06-24 12:06:46 [INFO   ] PROGRESS | Subject: PlacementHub pre-seed intro with KOMAL K PATEL & ASSOCIATES
2026-06-24 12:06:46 [INFO   ] PROGRESS | Body:
2026-06-24 12:06:46 [INFO   ] PROGRESS |   Dear Sir/Madam,
2026-06-24 12:06:46 [INFO   ] PROGRESS |   I am reaching out to introduce PlacementHub and explore whether any of your investor, entrepreneur, or
2026-06-24 12:06:46 [INFO   ] PROGRESS |   HNI clients may be open to reviewing a strategic seed opportunity.
2026-06-24 12:06:46 [INFO   ] PROGRESS |   My name is Sandeep Jain. PlacementHub is currently in its pre-seed fundraising stage, and I am
2026-06-24 12:06:46 [INFO   ] PROGRESS |   soliciting strategic seed investment for the same. PlacementHub is a campus placement and employability
2026-06-24 12:06:46 [INFO   ] PROGRESS |   platform connecting students, colleges, and recruiters. The product is built and in early
2026-06-24 12:06:46 [INFO   ] PROGRESS |   commercialization.
2026-06-24 12:06:46 [INFO   ] PROGRESS |   For reference, the detailed business plan, including the business model and go-to-market strategies, is
2026-06-24 12:06:46 [INFO   ] PROGRESS |   available here:
2026-06-24 12:06:46 [INFO   ] PROGRESS |   PlacementHub Business Plan
2026-06-24 12:06:46 [INFO   ] PROGRESS |   For a Chartered Accountant firm, the relevance is mainly professional and strategic:
2026-06-24 12:06:46 [INFO   ] PROGRESS |   PlacementHub may require support across accounting, taxation, compliance, payroll, investor documentation, audit, and related professional services.
2026-06-24 12:06:46 [INFO   ] PROGRESS |   I would naturally be pleased to consider and prioritize firms that support PlacementHub during its early growth phase, subject to suitability and mutual agreement.
2026-06-24 12:06:46 [INFO   ] PROGRESS |   The relationship can begin with a simple review of the investment note and, where appropriate, introductions to suitable investor clients.
2026-06-24 12:06:46 [INFO   ] PROGRESS |   If the opportunity is worth a look, I would be happy to send the note and speak briefly about the round,
2026-06-24 12:06:46 [INFO   ] PROGRESS |   the platform, and the type of strategic investors we are looking for.
2026-06-24 12:06:46 [INFO   ] PROGRESS |   Please reply to this email or call me if you would like to explore it.
2026-06-24 12:06:46 [INFO   ] PROGRESS |   Warm Regards,
2026-06-24 12:06:46 [INFO   ] PROGRESS |   Sandeep Jain
2026-06-24 12:06:46 [INFO   ] PROGRESS |   Founder, PlacementHub
2026-06-24 12:06:46 [INFO   ] PROGRESS |   +91-9860090620
2026-06-24 12:06:46 [INFO   ] PROGRESS |   sandeepjain200019@gmail.com
2026-06-24 12:06:46 [INFO   ] PROGRESS |   Detailed Profile
2026-06-24 12:06:46 [INFO   ] PROGRESS |   Detailed Note on Funding Requirement
2026-06-24 12:06:46 [INFO   ] --------------------------------------------------------------
2026-06-24 12:06:46 [INFO   ] 
2026-06-24 12:06:46 [INFO   ] 
2026-06-24 12:06:46 [INFO   ] PROGRESS | Email preview — To: cakomalpatel23289@gmail.com | Subject: PlacementHub pre-seed intro with KOMAL K PATEL & ASSOCIATES
2026-06-24 12:06:47 [INFO   ] SENT (Brevo) -> cakomalpatel23289@gmail.com (KOMAL K PATEL & ASSOCIATES) | PlacementHub pre-seed intro with KOMAL K PATEL & ASSOCIATES | messageId=<202606240636.99635474297@smtp-relay.mailin.fr> (API accepted; run audit-brevo to confirm delivery)
2026-06-24 12:06:47 [INFO   ] Sleeping for 10 seconds
2026-06-24 12:06:57 [INFO   ] PROGRESS | Send 27/50 | SENT | cakomalpatel23289@gmail.com | KOMAL K PATEL & ASSOCIATES [Chartered Accountants & Company Secretaries] | ok=24 fail=3 skip=0
2026-06-24 12:06:57 [INFO   ] PROGRESS | Send 28/50 | SENDING | vivek.jaiswal222@gmail.com | VIVEK V JAISWAL & ASSOCIATES [Chartered Accountants & Company Secretaries] | ok=24 fail=3 skip=0
2026-06-24 12:07:03 [INFO   ] --------------------------------------------------------------
2026-06-24 12:07:03 [INFO   ] PROGRESS | Email content — To: vivek.jaiswal222@gmail.com
2026-06-24 12:07:03 [INFO   ] PROGRESS | Subject: PlacementHub pre-seed intro with VIVEK V JAISWAL & ASSOCIATES
2026-06-24 12:07:03 [INFO   ] PROGRESS | Body:
2026-06-24 12:07:03 [INFO   ] PROGRESS |   Dear Sir/Madam,
2026-06-24 12:07:03 [INFO   ] PROGRESS |   I am reaching out to introduce PlacementHub and explore whether any of your investor, entrepreneur, or
2026-06-24 12:07:03 [INFO   ] PROGRESS |   HNI clients may be open to reviewing a strategic seed opportunity.
2026-06-24 12:07:03 [INFO   ] PROGRESS |   My name is Sandeep Jain. PlacementHub is currently in its pre-seed fundraising stage, and I am
2026-06-24 12:07:03 [INFO   ] PROGRESS |   soliciting strategic seed investment for the same. PlacementHub is a campus placement and employability
2026-06-24 12:07:03 [INFO   ] PROGRESS |   platform connecting students, colleges, and recruiters. The product is built and in early
2026-06-24 12:07:03 [INFO   ] PROGRESS |   commercialization.
2026-06-24 12:07:03 [INFO   ] PROGRESS |   For reference, the detailed business plan, including the business model and go-to-market strategies, is
2026-06-24 12:07:03 [INFO   ] PROGRESS |   available here:
2026-06-24 12:07:03 [INFO   ] PROGRESS |   PlacementHub Business Plan
2026-06-24 12:07:03 [INFO   ] PROGRESS |   For a Chartered Accountant firm, the relevance is mainly professional and strategic:
2026-06-24 12:07:03 [INFO   ] PROGRESS |   PlacementHub may require support across accounting, taxation, compliance, payroll, investor documentation, audit, and related professional services.
2026-06-24 12:07:03 [INFO   ] PROGRESS |   I would naturally be pleased to consider and prioritize firms that support PlacementHub during its early growth phase, subject to suitability and mutual agreement.
2026-06-24 12:07:03 [INFO   ] PROGRESS |   The relationship can begin with a simple review of the investment note and, where appropriate, introductions to suitable investor clients.
2026-06-24 12:07:03 [INFO   ] PROGRESS |   If the opportunity is worth a look, I would be happy to send the note and speak briefly about the round,
2026-06-24 12:07:03 [INFO   ] PROGRESS |   the platform, and the type of strategic investors we are looking for.
2026-06-24 12:07:03 [INFO   ] PROGRESS |   Please reply to this email or call me if you would like to explore it.
2026-06-24 12:07:03 [INFO   ] PROGRESS |   Warm Regards,
2026-06-24 12:07:03 [INFO   ] PROGRESS |   Sandeep Jain
2026-06-24 12:07:03 [INFO   ] PROGRESS |   Founder, PlacementHub
2026-06-24 12:07:03 [INFO   ] PROGRESS |   +91-9860090620
2026-06-24 12:07:03 [INFO   ] PROGRESS |   sandeepjain200019@gmail.com
2026-06-24 12:07:03 [INFO   ] PROGRESS |   Detailed Profile
2026-06-24 12:07:03 [INFO   ] PROGRESS |   Detailed Note on Funding Requirement
2026-06-24 12:07:03 [INFO   ] --------------------------------------------------------------
2026-06-24 12:07:03 [INFO   ] 
2026-06-24 12:07:03 [INFO   ] 
2026-06-24 12:07:03 [INFO   ] PROGRESS | Email preview — To: vivek.jaiswal222@gmail.com | Subject: PlacementHub pre-seed intro with VIVEK V JAISWAL & ASSOCIATES
2026-06-24 12:07:03 [INFO   ] SENT (Brevo) -> vivek.jaiswal222@gmail.com (VIVEK V JAISWAL & ASSOCIATES) | PlacementHub pre-seed intro with VIVEK V JAISWAL & ASSOCIATES | messageId=<202606240637.46895848348@smtp-relay.mailin.fr> (API accepted; run audit-brevo to confirm delivery)
2026-06-24 12:07:03 [INFO   ] Sleeping for 10 seconds
2026-06-24 12:07:13 [INFO   ] PROGRESS | Send 28/50 | SENT | vivek.jaiswal222@gmail.com | VIVEK V JAISWAL & ASSOCIATES [Chartered Accountants & Company Secretaries] | ok=25 fail=3 skip=0
2026-06-24 12:07:13 [INFO   ] PROGRESS | Send 29/50 | SENDING | capurnima1987@gmail.com | R K CHAPAWAT & CO [Chartered Accountants & Company Secretaries] | ok=25 fail=3 skip=0
2026-06-24 12:07:33 [INFO   ] --------------------------------------------------------------
2026-06-24 12:07:33 [INFO   ] PROGRESS | Email content — To: capurnima1987@gmail.com
2026-06-24 12:07:33 [INFO   ] PROGRESS | Subject: PlacementHub pre-seed intro with R K CHAPAWAT & CO
2026-06-24 12:07:33 [INFO   ] PROGRESS | Body:
2026-06-24 12:07:33 [INFO   ] PROGRESS |   Dear Sir/Madam,
2026-06-24 12:07:33 [INFO   ] PROGRESS |   I am reaching out to introduce PlacementHub and explore whether any of your investor, entrepreneur, or
2026-06-24 12:07:33 [INFO   ] PROGRESS |   HNI clients may be open to reviewing a strategic seed opportunity.
2026-06-24 12:07:33 [INFO   ] PROGRESS |   My name is Sandeep Jain. PlacementHub is currently in its pre-seed fundraising stage, and I am
2026-06-24 12:07:33 [INFO   ] PROGRESS |   soliciting strategic seed investment for the same. PlacementHub is a campus placement and employability
2026-06-24 12:07:33 [INFO   ] PROGRESS |   platform connecting students, colleges, and recruiters. The product is built and in early
2026-06-24 12:07:33 [INFO   ] PROGRESS |   commercialization.
2026-06-24 12:07:33 [INFO   ] PROGRESS |   For reference, the detailed business plan, including the business model and go-to-market strategies, is
2026-06-24 12:07:33 [INFO   ] PROGRESS |   available here:
2026-06-24 12:07:33 [INFO   ] PROGRESS |   PlacementHub Business Plan
2026-06-24 12:07:33 [INFO   ] PROGRESS |   For a Chartered Accountant firm, the relevance is mainly professional and strategic:
2026-06-24 12:07:33 [INFO   ] PROGRESS |   PlacementHub may require support across accounting, taxation, compliance, payroll, investor documentation, audit, and related professional services.
2026-06-24 12:07:33 [INFO   ] PROGRESS |   I would naturally be pleased to consider and prioritize firms that support PlacementHub during its early growth phase, subject to suitability and mutual agreement.
2026-06-24 12:07:33 [INFO   ] PROGRESS |   The relationship can begin with a simple review of the investment note and, where appropriate, introductions to suitable investor clients.
2026-06-24 12:07:33 [INFO   ] PROGRESS |   If the opportunity is worth a look, I would be happy to send the note and speak briefly about the round,
2026-06-24 12:07:33 [INFO   ] PROGRESS |   the platform, and the type of strategic investors we are looking for.
2026-06-24 12:07:33 [INFO   ] PROGRESS |   Please reply to this email or call me if you would like to explore it.
2026-06-24 12:07:33 [INFO   ] PROGRESS |   Warm Regards,
2026-06-24 12:07:33 [INFO   ] PROGRESS |   Sandeep Jain
2026-06-24 12:07:33 [INFO   ] PROGRESS |   Founder, PlacementHub
2026-06-24 12:07:33 [INFO   ] PROGRESS |   +91-9860090620
2026-06-24 12:07:33 [INFO   ] PROGRESS |   sandeepjain200019@gmail.com
2026-06-24 12:07:33 [INFO   ] PROGRESS |   Detailed Profile
2026-06-24 12:07:33 [INFO   ] PROGRESS |   Detailed Note on Funding Requirement
2026-06-24 12:07:33 [INFO   ] --------------------------------------------------------------
2026-06-24 12:07:33 [INFO   ] 
2026-06-24 12:07:33 [INFO   ] 
2026-06-24 12:07:33 [INFO   ] PROGRESS | Email preview — To: capurnima1987@gmail.com | Subject: PlacementHub pre-seed intro with R K CHAPAWAT & CO
2026-06-24 12:07:34 [INFO   ] SENT (Brevo) -> capurnima1987@gmail.com (R K CHAPAWAT & CO) | PlacementHub pre-seed intro with R K CHAPAWAT & CO | messageId=<202606240637.34431658958@smtp-relay.mailin.fr> (API accepted; run audit-brevo to confirm delivery)
2026-06-24 12:07:34 [INFO   ] Sleeping for 10 seconds
2026-06-24 12:07:44 [INFO   ] PROGRESS | Send 29/50 | SENT | capurnima1987@gmail.com | R K CHAPAWAT & CO [Chartered Accountants & Company Secretaries] | ok=26 fail=3 skip=0
2026-06-24 12:07:44 [INFO   ] PROGRESS | Send 30/50 | SENDING | cagauravsaboo@outlook.com | M A K K S & CO [Chartered Accountants & Company Secretaries] | ok=26 fail=3 skip=0
2026-06-24 12:07:51 [INFO   ] --------------------------------------------------------------
2026-06-24 12:07:51 [INFO   ] PROGRESS | Email content — To: cagauravsaboo@outlook.com
2026-06-24 12:07:51 [INFO   ] PROGRESS | Subject: PlacementHub pre-seed intro with M A K K S & CO
2026-06-24 12:07:51 [INFO   ] PROGRESS | Body:
2026-06-24 12:07:51 [INFO   ] PROGRESS |   Dear Sir/Madam,
2026-06-24 12:07:51 [INFO   ] PROGRESS |   I am reaching out to introduce PlacementHub and explore whether any of your investor, entrepreneur, or
2026-06-24 12:07:51 [INFO   ] PROGRESS |   HNI clients may be open to reviewing a strategic seed opportunity.
2026-06-24 12:07:51 [INFO   ] PROGRESS |   My name is Sandeep Jain. PlacementHub is currently in its pre-seed fundraising stage, and I am
2026-06-24 12:07:51 [INFO   ] PROGRESS |   soliciting strategic seed investment for the same. PlacementHub is a campus placement and employability
2026-06-24 12:07:51 [INFO   ] PROGRESS |   platform connecting students, colleges, and recruiters. The product is built and in early
2026-06-24 12:07:51 [INFO   ] PROGRESS |   commercialization.
2026-06-24 12:07:51 [INFO   ] PROGRESS |   For reference, the detailed business plan, including the business model and go-to-market strategies, is
2026-06-24 12:07:51 [INFO   ] PROGRESS |   available here:
2026-06-24 12:07:51 [INFO   ] PROGRESS |   PlacementHub Business Plan
2026-06-24 12:07:51 [INFO   ] PROGRESS |   For a Chartered Accountant firm, the relevance is mainly professional and strategic:
2026-06-24 12:07:51 [INFO   ] PROGRESS |   PlacementHub may require support across accounting, taxation, compliance, payroll, investor documentation, audit, and related professional services.
2026-06-24 12:07:51 [INFO   ] PROGRESS |   I would naturally be pleased to consider and prioritize firms that support PlacementHub during its early growth phase, subject to suitability and mutual agreement.
2026-06-24 12:07:51 [INFO   ] PROGRESS |   The relationship can begin with a simple review of the investment note and, where appropriate, introductions to suitable investor clients.
2026-06-24 12:07:51 [INFO   ] PROGRESS |   If the opportunity is worth a look, I would be happy to send the note and speak briefly about the round,
2026-06-24 12:07:51 [INFO   ] PROGRESS |   the platform, and the type of strategic investors we are looking for.
2026-06-24 12:07:51 [INFO   ] PROGRESS |   Please reply to this email or call me if you would like to explore it.
2026-06-24 12:07:51 [INFO   ] PROGRESS |   Warm Regards,
2026-06-24 12:07:51 [INFO   ] PROGRESS |   Sandeep Jain
2026-06-24 12:07:51 [INFO   ] PROGRESS |   Founder, PlacementHub
2026-06-24 12:07:51 [INFO   ] PROGRESS |   +91-9860090620
2026-06-24 12:07:51 [INFO   ] PROGRESS |   sandeepjain200019@gmail.com
2026-06-24 12:07:51 [INFO   ] PROGRESS |   Detailed Profile
2026-06-24 12:07:51 [INFO   ] PROGRESS |   Detailed Note on Funding Requirement
2026-06-24 12:07:51 [INFO   ] --------------------------------------------------------------
2026-06-24 12:07:51 [INFO   ] 
2026-06-24 12:07:51 [INFO   ] 
2026-06-24 12:07:51 [INFO   ] PROGRESS | Email preview — To: cagauravsaboo@outlook.com | Subject: PlacementHub pre-seed intro with M A K K S & CO
2026-06-24 12:07:52 [INFO   ] SENT (Brevo) -> cagauravsaboo@outlook.com (M A K K S & CO) | PlacementHub pre-seed intro with M A K K S & CO | messageId=<202606240637.50452165464@smtp-relay.mailin.fr> (API accepted; run audit-brevo to confirm delivery)
2026-06-24 12:07:52 [INFO   ] Sleeping for 10 seconds
2026-06-24 12:08:02 [INFO   ] PROGRESS | Send 30/50 | SENT | cagauravsaboo@outlook.com | M A K K S & CO [Chartered Accountants & Company Secretaries] | ok=27 fail=3 skip=0
2026-06-24 12:08:02 [INFO   ] PROGRESS | Send 31/50 | SENDING | ssshetty288@gmail.com | SHARATH SHETTY & ASSOCIATES [Chartered Accountants & Company Secretaries] | ok=27 fail=3 skip=0
2026-06-24 12:08:15 [INFO   ] --------------------------------------------------------------
2026-06-24 12:08:15 [INFO   ] PROGRESS | Email content — To: ssshetty288@gmail.com
2026-06-24 12:08:15 [INFO   ] PROGRESS | Subject: PlacementHub pre-seed intro with SHARATH SHETTY & ASSOCIATES
2026-06-24 12:08:15 [INFO   ] PROGRESS | Body:
2026-06-24 12:08:15 [INFO   ] PROGRESS |   Dear Sir/Madam,
2026-06-24 12:08:15 [INFO   ] PROGRESS |   I am reaching out to introduce PlacementHub and explore whether any of your investor, entrepreneur, or
2026-06-24 12:08:15 [INFO   ] PROGRESS |   HNI clients may be open to reviewing a strategic seed opportunity.
2026-06-24 12:08:15 [INFO   ] PROGRESS |   My name is Sandeep Jain. PlacementHub is currently in its pre-seed fundraising stage, and I am
2026-06-24 12:08:15 [INFO   ] PROGRESS |   soliciting strategic seed investment for the same. PlacementHub is a campus placement and employability
2026-06-24 12:08:15 [INFO   ] PROGRESS |   platform connecting students, colleges, and recruiters. The product is built and in early
2026-06-24 12:08:15 [INFO   ] PROGRESS |   commercialization.
2026-06-24 12:08:15 [INFO   ] PROGRESS |   For reference, the detailed business plan, including the business model and go-to-market strategies, is
2026-06-24 12:08:15 [INFO   ] PROGRESS |   available here:
2026-06-24 12:08:15 [INFO   ] PROGRESS |   PlacementHub Business Plan
2026-06-24 12:08:15 [INFO   ] PROGRESS |   For a Chartered Accountant firm, the relevance is mainly professional and strategic:
2026-06-24 12:08:15 [INFO   ] PROGRESS |   PlacementHub may require support across accounting, taxation, compliance, payroll, investor documentation, audit, and related professional services.
2026-06-24 12:08:15 [INFO   ] PROGRESS |   I would naturally be pleased to consider and prioritize firms that support PlacementHub during its early growth phase, subject to suitability and mutual agreement.
2026-06-24 12:08:15 [INFO   ] PROGRESS |   The relationship can begin with a simple review of the investment note and, where appropriate, introductions to suitable investor clients.
2026-06-24 12:08:15 [INFO   ] PROGRESS |   If the opportunity is worth a look, I would be happy to send the note and speak briefly about the round,
2026-06-24 12:08:15 [INFO   ] PROGRESS |   the platform, and the type of strategic investors we are looking for.
2026-06-24 12:08:15 [INFO   ] PROGRESS |   Please reply to this email or call me if you would like to explore it.
2026-06-24 12:08:15 [INFO   ] PROGRESS |   Warm Regards,
2026-06-24 12:08:15 [INFO   ] PROGRESS |   Sandeep Jain
2026-06-24 12:08:15 [INFO   ] PROGRESS |   Founder, PlacementHub
2026-06-24 12:08:15 [INFO   ] PROGRESS |   +91-9860090620
2026-06-24 12:08:15 [INFO   ] PROGRESS |   sandeepjain200019@gmail.com
2026-06-24 12:08:15 [INFO   ] PROGRESS |   Detailed Profile
2026-06-24 12:08:15 [INFO   ] PROGRESS |   Detailed Note on Funding Requirement
2026-06-24 12:08:15 [INFO   ] --------------------------------------------------------------
2026-06-24 12:08:15 [INFO   ] 
2026-06-24 12:08:15 [INFO   ] 
2026-06-24 12:08:15 [INFO   ] PROGRESS | Email preview — To: ssshetty288@gmail.com | Subject: PlacementHub pre-seed intro with SHARATH SHETTY & ASSOCIATES
2026-06-24 12:08:16 [INFO   ] SENT (Brevo) -> ssshetty288@gmail.com (SHARATH SHETTY & ASSOCIATES) | PlacementHub pre-seed intro with SHARATH SHETTY & ASSOCIATES | messageId=<202606240638.59482189175@smtp-relay.mailin.fr> (API accepted; run audit-brevo to confirm delivery)
2026-06-24 12:08:16 [INFO   ] Sleeping for 10 seconds
2026-06-24 12:08:26 [INFO   ] PROGRESS | Send 31/50 | SENT | ssshetty288@gmail.com | SHARATH SHETTY & ASSOCIATES [Chartered Accountants & Company Secretaries] | ok=28 fail=3 skip=0
2026-06-24 12:08:26 [INFO   ] PROGRESS | Send 32/50 | SENDING | vivek.bapat@vabapat.com | V A BAPAT & CO [Chartered Accountants & Company Secretaries] | ok=28 fail=3 skip=0
2026-06-24 12:08:27 [WARNING] NVIDIA call failed (attempt 1/5): HTTP Error 403: Forbidden — rotating key.
2026-06-24 12:08:33 [INFO   ] --------------------------------------------------------------
2026-06-24 12:08:33 [INFO   ] PROGRESS | Email content — To: vivek.bapat@vabapat.com
2026-06-24 12:08:33 [INFO   ] PROGRESS | Subject: PlacementHub pre-seed intro with V A BAPAT & CO
2026-06-24 12:08:33 [INFO   ] PROGRESS | Body:
2026-06-24 12:08:33 [INFO   ] PROGRESS |   Dear Sir/Madam,
2026-06-24 12:08:33 [INFO   ] PROGRESS |   I am reaching out to introduce PlacementHub and explore whether any of your investor, entrepreneur, or
2026-06-24 12:08:33 [INFO   ] PROGRESS |   HNI clients may be open to reviewing a strategic seed opportunity.
2026-06-24 12:08:33 [INFO   ] PROGRESS |   My name is Sandeep Jain. PlacementHub is currently in its pre-seed fundraising stage, and I am
2026-06-24 12:08:33 [INFO   ] PROGRESS |   soliciting strategic seed investment for the same. PlacementHub is a campus placement and employability
2026-06-24 12:08:33 [INFO   ] PROGRESS |   platform connecting students, colleges, and recruiters. The product is built and in early
2026-06-24 12:08:33 [INFO   ] PROGRESS |   commercialization.
2026-06-24 12:08:33 [INFO   ] PROGRESS |   For reference, the detailed business plan, including the business model and go-to-market strategies, is
2026-06-24 12:08:33 [INFO   ] PROGRESS |   available here:
2026-06-24 12:08:33 [INFO   ] PROGRESS |   PlacementHub Business Plan
2026-06-24 12:08:33 [INFO   ] PROGRESS |   For a Chartered Accountant firm, the relevance is mainly professional and strategic:
2026-06-24 12:08:33 [INFO   ] PROGRESS |   PlacementHub may require support across accounting, taxation, compliance, payroll, investor documentation, audit, and related professional services.
2026-06-24 12:08:33 [INFO   ] PROGRESS |   I would naturally be pleased to consider and prioritize firms that support PlacementHub during its early growth phase, subject to suitability and mutual agreement.
2026-06-24 12:08:33 [INFO   ] PROGRESS |   The relationship can begin with a simple review of the investment note and, where appropriate, introductions to suitable investor clients.
2026-06-24 12:08:33 [INFO   ] PROGRESS |   If the opportunity is worth a look, I would be happy to send the note and speak briefly about the round,
2026-06-24 12:08:33 [INFO   ] PROGRESS |   the platform, and the type of strategic investors we are looking for.
2026-06-24 12:08:33 [INFO   ] PROGRESS |   Please reply to this email or call me if you would like to explore it.
2026-06-24 12:08:33 [INFO   ] PROGRESS |   Warm Regards,
2026-06-24 12:08:33 [INFO   ] PROGRESS |   Sandeep Jain
2026-06-24 12:08:33 [INFO   ] PROGRESS |   Founder, PlacementHub
2026-06-24 12:08:33 [INFO   ] PROGRESS |   +91-9860090620
2026-06-24 12:08:33 [INFO   ] PROGRESS |   sandeepjain200019@gmail.com
2026-06-24 12:08:33 [INFO   ] PROGRESS |   Detailed Profile
2026-06-24 12:08:33 [INFO   ] PROGRESS |   Detailed Note on Funding Requirement
2026-06-24 12:08:33 [INFO   ] --------------------------------------------------------------
2026-06-24 12:08:33 [INFO   ] 
2026-06-24 12:08:33 [INFO   ] 
2026-06-24 12:08:33 [INFO   ] PROGRESS | Email preview — To: vivek.bapat@vabapat.com | Subject: PlacementHub pre-seed intro with V A BAPAT & CO
2026-06-24 12:08:34 [INFO   ] SENT (Brevo) -> vivek.bapat@vabapat.com (V A BAPAT & CO) | PlacementHub pre-seed intro with V A BAPAT & CO | messageId=<202606240638.15591137169@smtp-relay.mailin.fr> (API accepted; run audit-brevo to confirm delivery)
2026-06-24 12:08:34 [INFO   ] Sleeping for 10 seconds
2026-06-24 12:08:44 [INFO   ] PROGRESS | Send 32/50 | SENT | vivek.bapat@vabapat.com | V A BAPAT & CO [Chartered Accountants & Company Secretaries] | ok=29 fail=3 skip=0
2026-06-24 12:08:44 [INFO   ] PROGRESS | Send 33/50 | SENDING | ca.dineshhchoudhary@gmail.com | DINESH CHOUDHARY & CO [Chartered Accountants & Company Secretaries] | ok=29 fail=3 skip=0
2026-06-24 12:08:54 [INFO   ] --------------------------------------------------------------
2026-06-24 12:08:54 [INFO   ] PROGRESS | Email content — To: ca.dineshhchoudhary@gmail.com
2026-06-24 12:08:54 [INFO   ] PROGRESS | Subject: PlacementHub pre-seed intro with DINESH CHOUDHARY & CO
2026-06-24 12:08:54 [INFO   ] PROGRESS | Body:
2026-06-24 12:08:54 [INFO   ] PROGRESS |   Dear Sir/Madam,
2026-06-24 12:08:54 [INFO   ] PROGRESS |   I am reaching out to introduce PlacementHub and explore whether any of your investor, entrepreneur, or
2026-06-24 12:08:54 [INFO   ] PROGRESS |   HNI clients may be open to reviewing a strategic seed opportunity.
2026-06-24 12:08:54 [INFO   ] PROGRESS |   My name is Sandeep Jain. PlacementHub is currently in its pre-seed fundraising stage, and I am
2026-06-24 12:08:54 [INFO   ] PROGRESS |   soliciting strategic seed investment for the same. PlacementHub is a campus placement and employability
2026-06-24 12:08:54 [INFO   ] PROGRESS |   platform connecting students, colleges, and recruiters. The product is built and in early
2026-06-24 12:08:54 [INFO   ] PROGRESS |   commercialization.
2026-06-24 12:08:54 [INFO   ] PROGRESS |   For reference, the detailed business plan, including the business model and go-to-market strategies, is
2026-06-24 12:08:54 [INFO   ] PROGRESS |   available here:
2026-06-24 12:08:54 [INFO   ] PROGRESS |   PlacementHub Business Plan
2026-06-24 12:08:54 [INFO   ] PROGRESS |   For a Chartered Accountant firm, the relevance is mainly professional and strategic:
2026-06-24 12:08:54 [INFO   ] PROGRESS |   PlacementHub may require support across accounting, taxation, compliance, payroll, investor documentation, audit, and related professional services.
2026-06-24 12:08:54 [INFO   ] PROGRESS |   I would naturally be pleased to consider and prioritize firms that support PlacementHub during its early growth phase, subject to suitability and mutual agreement.
2026-06-24 12:08:54 [INFO   ] PROGRESS |   The relationship can begin with a simple review of the investment note and, where appropriate, introductions to suitable investor clients.
2026-06-24 12:08:54 [INFO   ] PROGRESS |   If the opportunity is worth a look, I would be happy to send the note and speak briefly about the round,
2026-06-24 12:08:54 [INFO   ] PROGRESS |   the platform, and the type of strategic investors we are looking for.
2026-06-24 12:08:54 [INFO   ] PROGRESS |   Please reply to this email or call me if you would like to explore it.
2026-06-24 12:08:54 [INFO   ] PROGRESS |   Warm Regards,
2026-06-24 12:08:54 [INFO   ] PROGRESS |   Sandeep Jain
2026-06-24 12:08:54 [INFO   ] PROGRESS |   Founder, PlacementHub
2026-06-24 12:08:54 [INFO   ] PROGRESS |   +91-9860090620
2026-06-24 12:08:54 [INFO   ] PROGRESS |   sandeepjain200019@gmail.com
2026-06-24 12:08:54 [INFO   ] PROGRESS |   Detailed Profile
2026-06-24 12:08:54 [INFO   ] PROGRESS |   Detailed Note on Funding Requirement
2026-06-24 12:08:54 [INFO   ] --------------------------------------------------------------
2026-06-24 12:08:54 [INFO   ] 
2026-06-24 12:08:54 [INFO   ] 
2026-06-24 12:08:54 [INFO   ] PROGRESS | Email preview — To: ca.dineshhchoudhary@gmail.com | Subject: PlacementHub pre-seed intro with DINESH CHOUDHARY & CO
2026-06-24 12:08:55 [INFO   ] SENT (Brevo) -> ca.dineshhchoudhary@gmail.com (DINESH CHOUDHARY & CO) | PlacementHub pre-seed intro with DINESH CHOUDHARY & CO | messageId=<202606240638.50385460352@smtp-relay.mailin.fr> (API accepted; run audit-brevo to confirm delivery)
2026-06-24 12:08:55 [INFO   ] Sleeping for 10 seconds
2026-06-24 12:09:05 [INFO   ] PROGRESS | Send 33/50 | SENT | ca.dineshhchoudhary@gmail.com | DINESH CHOUDHARY & CO [Chartered Accountants & Company Secretaries] | ok=30 fail=3 skip=0
2026-06-24 12:09:05 [INFO   ] PROGRESS | Send 34/50 | SENDING | yash_ca@yahoo.com | YASHWANT AND CO [Chartered Accountants & Company Secretaries] | ok=30 fail=3 skip=0
2026-06-24 12:09:11 [INFO   ] --------------------------------------------------------------
2026-06-24 12:09:11 [INFO   ] PROGRESS | Email content — To: yash_ca@yahoo.com
2026-06-24 12:09:11 [INFO   ] PROGRESS | Subject: PlacementHub pre-seed intro with YASHWANT AND CO
2026-06-24 12:09:11 [INFO   ] PROGRESS | Body:
2026-06-24 12:09:11 [INFO   ] PROGRESS |   Dear Sir/Madam,
2026-06-24 12:09:11 [INFO   ] PROGRESS |   I am reaching out to introduce PlacementHub and explore whether any of your investor, entrepreneur, or
2026-06-24 12:09:11 [INFO   ] PROGRESS |   HNI clients may be open to reviewing a strategic seed opportunity.
2026-06-24 12:09:11 [INFO   ] PROGRESS |   My name is Sandeep Jain. PlacementHub is currently in its pre-seed fundraising stage, and I am
2026-06-24 12:09:11 [INFO   ] PROGRESS |   soliciting strategic seed investment for the same. PlacementHub is a campus placement and employability
2026-06-24 12:09:11 [INFO   ] PROGRESS |   platform connecting students, colleges, and recruiters. The product is built and in early
2026-06-24 12:09:11 [INFO   ] PROGRESS |   commercialization.
2026-06-24 12:09:11 [INFO   ] PROGRESS |   For reference, the detailed business plan, including the business model and go-to-market strategies, is
2026-06-24 12:09:11 [INFO   ] PROGRESS |   available here:
2026-06-24 12:09:11 [INFO   ] PROGRESS |   PlacementHub Business Plan
2026-06-24 12:09:11 [INFO   ] PROGRESS |   For a Chartered Accountant firm, the relevance is mainly professional and strategic:
2026-06-24 12:09:11 [INFO   ] PROGRESS |   PlacementHub may require support across accounting, taxation, compliance, payroll, investor documentation, audit, and related professional services.
2026-06-24 12:09:11 [INFO   ] PROGRESS |   I would naturally be pleased to consider and prioritize firms that support PlacementHub during its early growth phase, subject to suitability and mutual agreement.
2026-06-24 12:09:11 [INFO   ] PROGRESS |   The relationship can begin with a simple review of the investment note and, where appropriate, introductions to suitable investor clients.
2026-06-24 12:09:11 [INFO   ] PROGRESS |   If the opportunity is worth a look, I would be happy to send the note and speak briefly about the round,
2026-06-24 12:09:11 [INFO   ] PROGRESS |   the platform, and the type of strategic investors we are looking for.
2026-06-24 12:09:11 [INFO   ] PROGRESS |   Please reply to this email or call me if you would like to explore it.
2026-06-24 12:09:11 [INFO   ] PROGRESS |   Warm Regards,
2026-06-24 12:09:11 [INFO   ] PROGRESS |   Sandeep Jain
2026-06-24 12:09:11 [INFO   ] PROGRESS |   Founder, PlacementHub
2026-06-24 12:09:11 [INFO   ] PROGRESS |   +91-9860090620
2026-06-24 12:09:11 [INFO   ] PROGRESS |   sandeepjain200019@gmail.com
2026-06-24 12:09:11 [INFO   ] PROGRESS |   Detailed Profile
2026-06-24 12:09:11 [INFO   ] PROGRESS |   Detailed Note on Funding Requirement
2026-06-24 12:09:11 [INFO   ] --------------------------------------------------------------
2026-06-24 12:09:11 [INFO   ] 
2026-06-24 12:09:11 [INFO   ] 
2026-06-24 12:09:11 [INFO   ] PROGRESS | Email preview — To: yash_ca@yahoo.com | Subject: PlacementHub pre-seed intro with YASHWANT AND CO
2026-06-24 12:09:12 [INFO   ] SENT (Brevo) -> yash_ca@yahoo.com (YASHWANT AND CO) | PlacementHub pre-seed intro with YASHWANT AND CO | messageId=<202606240639.80659193116@smtp-relay.mailin.fr> (API accepted; run audit-brevo to confirm delivery)
2026-06-24 12:09:12 [INFO   ] Sleeping for 10 seconds
2026-06-24 12:09:22 [INFO   ] PROGRESS | Send 34/50 | SENT | yash_ca@yahoo.com | YASHWANT AND CO [Chartered Accountants & Company Secretaries] | ok=31 fail=3 skip=0
2026-06-24 12:09:22 [INFO   ] PROGRESS | Send 35/50 | SENDING | padmini07@gmail.com | P Y DHURU & CO [Chartered Accountants & Company Secretaries] | ok=31 fail=3 skip=0
2026-06-24 12:09:27 [INFO   ] --------------------------------------------------------------
2026-06-24 12:09:27 [INFO   ] PROGRESS | Email content — To: padmini07@gmail.com
2026-06-24 12:09:27 [INFO   ] PROGRESS | Subject: PlacementHub pre-seed intro with P Y DHURU & CO
2026-06-24 12:09:27 [INFO   ] PROGRESS | Body:
2026-06-24 12:09:27 [INFO   ] PROGRESS |   Dear Sir/Madam,
2026-06-24 12:09:27 [INFO   ] PROGRESS |   I am reaching out to introduce PlacementHub and explore whether any of your investor, entrepreneur, or
2026-06-24 12:09:27 [INFO   ] PROGRESS |   HNI clients may be open to reviewing a strategic seed opportunity.
2026-06-24 12:09:27 [INFO   ] PROGRESS |   My name is Sandeep Jain. PlacementHub is currently in its pre-seed fundraising stage, and I am
2026-06-24 12:09:27 [INFO   ] PROGRESS |   soliciting strategic seed investment for the same. PlacementHub is a campus placement and employability
2026-06-24 12:09:27 [INFO   ] PROGRESS |   platform connecting students, colleges, and recruiters. The product is built and in early
2026-06-24 12:09:27 [INFO   ] PROGRESS |   commercialization.
2026-06-24 12:09:27 [INFO   ] PROGRESS |   For reference, the detailed business plan, including the business model and go-to-market strategies, is
2026-06-24 12:09:27 [INFO   ] PROGRESS |   available here:
2026-06-24 12:09:27 [INFO   ] PROGRESS |   PlacementHub Business Plan
2026-06-24 12:09:27 [INFO   ] PROGRESS |   For a Chartered Accountant firm, the relevance is mainly professional and strategic:
2026-06-24 12:09:27 [INFO   ] PROGRESS |   PlacementHub may require support across accounting, taxation, compliance, payroll, investor documentation, audit, and related professional services.
2026-06-24 12:09:27 [INFO   ] PROGRESS |   I would naturally be pleased to consider and prioritize firms that support PlacementHub during its early growth phase, subject to suitability and mutual agreement.
2026-06-24 12:09:27 [INFO   ] PROGRESS |   The relationship can begin with a simple review of the investment note and, where appropriate, introductions to suitable investor clients.
2026-06-24 12:09:27 [INFO   ] PROGRESS |   If the opportunity is worth a look, I would be happy to send the note and speak briefly about the round,
2026-06-24 12:09:27 [INFO   ] PROGRESS |   the platform, and the type of strategic investors we are looking for.
2026-06-24 12:09:27 [INFO   ] PROGRESS |   Please reply to this email or call me if you would like to explore it.
2026-06-24 12:09:27 [INFO   ] PROGRESS |   Warm Regards,
2026-06-24 12:09:27 [INFO   ] PROGRESS |   Sandeep Jain
2026-06-24 12:09:27 [INFO   ] PROGRESS |   Founder, PlacementHub
2026-06-24 12:09:27 [INFO   ] PROGRESS |   +91-9860090620
2026-06-24 12:09:27 [INFO   ] PROGRESS |   sandeepjain200019@gmail.com
2026-06-24 12:09:27 [INFO   ] PROGRESS |   Detailed Profile
2026-06-24 12:09:27 [INFO   ] PROGRESS |   Detailed Note on Funding Requirement
2026-06-24 12:09:27 [INFO   ] --------------------------------------------------------------
2026-06-24 12:09:27 [INFO   ] 
2026-06-24 12:09:27 [INFO   ] 
2026-06-24 12:09:27 [INFO   ] PROGRESS | Email preview — To: padmini07@gmail.com | Subject: PlacementHub pre-seed intro with P Y DHURU & CO
2026-06-24 12:09:28 [INFO   ] SENT (Brevo) -> padmini07@gmail.com (P Y DHURU & CO) | PlacementHub pre-seed intro with P Y DHURU & CO | messageId=<202606240639.94048756319@smtp-relay.mailin.fr> (API accepted; run audit-brevo to confirm delivery)
2026-06-24 12:09:28 [INFO   ] Sleeping for 10 seconds
2026-06-24 12:09:38 [INFO   ] PROGRESS | Send 35/50 | SENT | padmini07@gmail.com | P Y DHURU & CO [Chartered Accountants & Company Secretaries] | ok=32 fail=3 skip=0
2026-06-24 12:09:38 [INFO   ] PROGRESS | Send 36/50 | SENDING | ca.amitverma@gmail.com | AMIT VERMA & CO [Chartered Accountants & Company Secretaries] | ok=32 fail=3 skip=0
2026-06-24 12:09:43 [INFO   ] --------------------------------------------------------------
2026-06-24 12:09:43 [INFO   ] PROGRESS | Email content — To: ca.amitverma@gmail.com
2026-06-24 12:09:43 [INFO   ] PROGRESS | Subject: PlacementHub pre-seed intro with AMIT VERMA & CO
2026-06-24 12:09:43 [INFO   ] PROGRESS | Body:
2026-06-24 12:09:43 [INFO   ] PROGRESS |   Dear Sir/Madam,
2026-06-24 12:09:43 [INFO   ] PROGRESS |   I am reaching out to introduce PlacementHub and explore whether any of your investor, entrepreneur, or
2026-06-24 12:09:43 [INFO   ] PROGRESS |   HNI clients may be open to reviewing a strategic seed opportunity.
2026-06-24 12:09:43 [INFO   ] PROGRESS |   My name is Sandeep Jain. PlacementHub is currently in its pre-seed fundraising stage, and I am
2026-06-24 12:09:43 [INFO   ] PROGRESS |   soliciting strategic seed investment for the same. PlacementHub is a campus placement and employability
2026-06-24 12:09:43 [INFO   ] PROGRESS |   platform connecting students, colleges, and recruiters. The product is built and in early
2026-06-24 12:09:43 [INFO   ] PROGRESS |   commercialization.
2026-06-24 12:09:43 [INFO   ] PROGRESS |   For reference, the detailed business plan, including the business model and go-to-market strategies, is
2026-06-24 12:09:43 [INFO   ] PROGRESS |   available here:
2026-06-24 12:09:43 [INFO   ] PROGRESS |   PlacementHub Business Plan
2026-06-24 12:09:43 [INFO   ] PROGRESS |   For a Chartered Accountant firm, the relevance is mainly professional and strategic:
2026-06-24 12:09:43 [INFO   ] PROGRESS |   PlacementHub may require support across accounting, taxation, compliance, payroll, investor documentation, audit, and related professional services.
2026-06-24 12:09:43 [INFO   ] PROGRESS |   I would naturally be pleased to consider and prioritize firms that support PlacementHub during its early growth phase, subject to suitability and mutual agreement.
2026-06-24 12:09:43 [INFO   ] PROGRESS |   The relationship can begin with a simple review of the investment note and, where appropriate, introductions to suitable investor clients.
2026-06-24 12:09:43 [INFO   ] PROGRESS |   If the opportunity is worth a look, I would be happy to send the note and speak briefly about the round,
2026-06-24 12:09:43 [INFO   ] PROGRESS |   the platform, and the type of strategic investors we are looking for.
2026-06-24 12:09:43 [INFO   ] PROGRESS |   Please reply to this email or call me if you would like to explore it.
2026-06-24 12:09:43 [INFO   ] PROGRESS |   Warm Regards,
2026-06-24 12:09:43 [INFO   ] PROGRESS |   Sandeep Jain
2026-06-24 12:09:43 [INFO   ] PROGRESS |   Founder, PlacementHub
2026-06-24 12:09:43 [INFO   ] PROGRESS |   +91-9860090620
2026-06-24 12:09:43 [INFO   ] PROGRESS |   sandeepjain200019@gmail.com
2026-06-24 12:09:43 [INFO   ] PROGRESS |   Detailed Profile
2026-06-24 12:09:43 [INFO   ] PROGRESS |   Detailed Note on Funding Requirement
2026-06-24 12:09:43 [INFO   ] --------------------------------------------------------------
2026-06-24 12:09:43 [INFO   ] 
2026-06-24 12:09:43 [INFO   ] 
2026-06-24 12:09:43 [INFO   ] PROGRESS | Email preview — To: ca.amitverma@gmail.com | Subject: PlacementHub pre-seed intro with AMIT VERMA & CO
2026-06-24 12:09:44 [INFO   ] SENT (Brevo) -> ca.amitverma@gmail.com (AMIT VERMA & CO) | PlacementHub pre-seed intro with AMIT VERMA & CO | messageId=<202606240639.94031140407@smtp-relay.mailin.fr> (API accepted; run audit-brevo to confirm delivery)
2026-06-24 12:09:44 [INFO   ] Sleeping for 10 seconds
2026-06-24 12:09:54 [INFO   ] PROGRESS | Send 36/50 | SENT | ca.amitverma@gmail.com | AMIT VERMA & CO [Chartered Accountants & Company Secretaries] | ok=33 fail=3 skip=0
2026-06-24 12:09:54 [INFO   ] PROGRESS | Send 37/50 | SENDING | casanjeevmanmohan@yahoo.co.in | SANJEEV MANMOHAN & ASSOCIATES [Chartered Accountants & Company Secretaries] | ok=33 fail=3 skip=0
2026-06-24 12:10:24 [WARNING] NVIDIA call failed (attempt 1/5): The read operation timed out — rotating key.
2026-06-24 12:10:28 [INFO   ] --------------------------------------------------------------
2026-06-24 12:10:28 [INFO   ] PROGRESS | Email content — To: casanjeevmanmohan@yahoo.co.in
2026-06-24 12:10:28 [INFO   ] PROGRESS | Subject: PlacementHub pre-seed intro with SANJEEV MANMOHAN & ASSOCIATES
2026-06-24 12:10:28 [INFO   ] PROGRESS | Body:
2026-06-24 12:10:28 [INFO   ] PROGRESS |   Dear Sir/Madam,
2026-06-24 12:10:28 [INFO   ] PROGRESS |   I am reaching out to introduce PlacementHub and explore whether any of your investor, entrepreneur, or
2026-06-24 12:10:28 [INFO   ] PROGRESS |   HNI clients may be open to reviewing a strategic seed opportunity.
2026-06-24 12:10:28 [INFO   ] PROGRESS |   My name is Sandeep Jain. PlacementHub is currently in its pre-seed fundraising stage, and I am
2026-06-24 12:10:28 [INFO   ] PROGRESS |   soliciting strategic seed investment for the same. PlacementHub is a campus placement and employability
2026-06-24 12:10:28 [INFO   ] PROGRESS |   platform connecting students, colleges, and recruiters. The product is built and in early
2026-06-24 12:10:28 [INFO   ] PROGRESS |   commercialization.
2026-06-24 12:10:28 [INFO   ] PROGRESS |   For reference, the detailed business plan, including the business model and go-to-market strategies, is
2026-06-24 12:10:28 [INFO   ] PROGRESS |   available here:
2026-06-24 12:10:28 [INFO   ] PROGRESS |   PlacementHub Business Plan
2026-06-24 12:10:28 [INFO   ] PROGRESS |   For a Chartered Accountant firm, the relevance is mainly professional and strategic:
2026-06-24 12:10:28 [INFO   ] PROGRESS |   PlacementHub may require support across accounting, taxation, compliance, payroll, investor documentation, audit, and related professional services.
2026-06-24 12:10:28 [INFO   ] PROGRESS |   I would naturally be pleased to consider and prioritize firms that support PlacementHub during its early growth phase, subject to suitability and mutual agreement.
2026-06-24 12:10:28 [INFO   ] PROGRESS |   The relationship can begin with a simple review of the investment note and, where appropriate, introductions to suitable investor clients.
2026-06-24 12:10:28 [INFO   ] PROGRESS |   If the opportunity is worth a look, I would be happy to send the note and speak briefly about the round,
2026-06-24 12:10:28 [INFO   ] PROGRESS |   the platform, and the type of strategic investors we are looking for.
2026-06-24 12:10:28 [INFO   ] PROGRESS |   Please reply to this email or call me if you would like to explore it.
2026-06-24 12:10:28 [INFO   ] PROGRESS |   Warm Regards,
2026-06-24 12:10:28 [INFO   ] PROGRESS |   Sandeep Jain
2026-06-24 12:10:28 [INFO   ] PROGRESS |   Founder, PlacementHub
2026-06-24 12:10:28 [INFO   ] PROGRESS |   +91-9860090620
2026-06-24 12:10:28 [INFO   ] PROGRESS |   sandeepjain200019@gmail.com
2026-06-24 12:10:28 [INFO   ] PROGRESS |   Detailed Profile
2026-06-24 12:10:28 [INFO   ] PROGRESS |   Detailed Note on Funding Requirement
2026-06-24 12:10:28 [INFO   ] --------------------------------------------------------------
2026-06-24 12:10:28 [INFO   ] 
2026-06-24 12:10:28 [INFO   ] 
2026-06-24 12:10:28 [INFO   ] PROGRESS | Email preview — To: casanjeevmanmohan@yahoo.co.in | Subject: PlacementHub pre-seed intro with SANJEEV MANMOHAN & ASSOCIATES
2026-06-24 12:10:29 [INFO   ] SENT (Brevo) -> casanjeevmanmohan@yahoo.co.in (SANJEEV MANMOHAN & ASSOCIATES) | PlacementHub pre-seed intro with SANJEEV MANMOHAN & ASSOCIATES | messageId=<202606240640.40207752359@smtp-relay.mailin.fr> (API accepted; run audit-brevo to confirm delivery)
2026-06-24 12:10:29 [INFO   ] Sleeping for 10 seconds
2026-06-24 12:10:39 [INFO   ] PROGRESS | Send 37/50 | SENT | casanjeevmanmohan@yahoo.co.in | SANJEEV MANMOHAN & ASSOCIATES [Chartered Accountants & Company Secretaries] | ok=34 fail=3 skip=0
2026-06-24 12:10:39 [INFO   ] PROGRESS | Send 38/50 | SENDING | vikrambharuka@gmail.com | BHARUKA & ASSOCIATES [Chartered Accountants & Company Secretaries] | ok=34 fail=3 skip=0
2026-06-24 12:11:09 [WARNING] NVIDIA call failed (attempt 1/5): The read operation timed out — rotating key.
2026-06-24 12:11:12 [INFO   ] --------------------------------------------------------------
2026-06-24 12:11:12 [INFO   ] PROGRESS | Email content — To: vikrambharuka@gmail.com
2026-06-24 12:11:12 [INFO   ] PROGRESS | Subject: PlacementHub pre-seed intro with BHARUKA & ASSOCIATES
2026-06-24 12:11:12 [INFO   ] PROGRESS | Body:
2026-06-24 12:11:12 [INFO   ] PROGRESS |   Dear Sir/Madam,
2026-06-24 12:11:12 [INFO   ] PROGRESS |   I am reaching out to introduce PlacementHub and explore whether any of your investor, entrepreneur, or
2026-06-24 12:11:12 [INFO   ] PROGRESS |   HNI clients may be open to reviewing a strategic seed opportunity.
2026-06-24 12:11:12 [INFO   ] PROGRESS |   My name is Sandeep Jain. PlacementHub is currently in its pre-seed fundraising stage, and I am
2026-06-24 12:11:12 [INFO   ] PROGRESS |   soliciting strategic seed investment for the same. PlacementHub is a campus placement and employability
2026-06-24 12:11:12 [INFO   ] PROGRESS |   platform connecting students, colleges, and recruiters. The product is built and in early
2026-06-24 12:11:12 [INFO   ] PROGRESS |   commercialization.
2026-06-24 12:11:12 [INFO   ] PROGRESS |   For reference, the detailed business plan, including the business model and go-to-market strategies, is
2026-06-24 12:11:12 [INFO   ] PROGRESS |   available here:
2026-06-24 12:11:12 [INFO   ] PROGRESS |   PlacementHub Business Plan
2026-06-24 12:11:12 [INFO   ] PROGRESS |   For a Chartered Accountant firm, the relevance is mainly professional and strategic:
2026-06-24 12:11:12 [INFO   ] PROGRESS |   PlacementHub may require support across accounting, taxation, compliance, payroll, investor documentation, audit, and related professional services.
2026-06-24 12:11:12 [INFO   ] PROGRESS |   I would naturally be pleased to consider and prioritize firms that support PlacementHub during its early growth phase, subject to suitability and mutual agreement.
2026-06-24 12:11:12 [INFO   ] PROGRESS |   The relationship can begin with a simple review of the investment note and, where appropriate, introductions to suitable investor clients.
2026-06-24 12:11:12 [INFO   ] PROGRESS |   If the opportunity is worth a look, I would be happy to send the note and speak briefly about the round,
2026-06-24 12:11:12 [INFO   ] PROGRESS |   the platform, and the type of strategic investors we are looking for.
2026-06-24 12:11:12 [INFO   ] PROGRESS |   Please reply to this email or call me if you would like to explore it.
2026-06-24 12:11:12 [INFO   ] PROGRESS |   Warm Regards,
2026-06-24 12:11:12 [INFO   ] PROGRESS |   Sandeep Jain
2026-06-24 12:11:12 [INFO   ] PROGRESS |   Founder, PlacementHub
2026-06-24 12:11:12 [INFO   ] PROGRESS |   +91-9860090620
2026-06-24 12:11:12 [INFO   ] PROGRESS |   sandeepjain200019@gmail.com
2026-06-24 12:11:12 [INFO   ] PROGRESS |   Detailed Profile
2026-06-24 12:11:12 [INFO   ] PROGRESS |   Detailed Note on Funding Requirement
2026-06-24 12:11:12 [INFO   ] --------------------------------------------------------------
2026-06-24 12:11:12 [INFO   ] 
2026-06-24 12:11:12 [INFO   ] 
2026-06-24 12:11:12 [INFO   ] PROGRESS | Email preview — To: vikrambharuka@gmail.com | Subject: PlacementHub pre-seed intro with BHARUKA & ASSOCIATES
2026-06-24 12:11:13 [INFO   ] SENT (Brevo) -> vikrambharuka@gmail.com (BHARUKA & ASSOCIATES) | PlacementHub pre-seed intro with BHARUKA & ASSOCIATES | messageId=<202606240641.33551435589@smtp-relay.mailin.fr> (API accepted; run audit-brevo to confirm delivery)
2026-06-24 12:11:13 [INFO   ] Sleeping for 10 seconds
2026-06-24 12:11:23 [INFO   ] PROGRESS | Send 38/50 | SENT | vikrambharuka@gmail.com | BHARUKA & ASSOCIATES [Chartered Accountants & Company Secretaries] | ok=35 fail=3 skip=0
2026-06-24 12:11:23 [INFO   ] PROGRESS | Send 39/50 | SENDING | carohitsfulwani@gmail.com | ROHIT FULWANI & CO [Chartered Accountants & Company Secretaries] | ok=35 fail=3 skip=0
2026-06-24 12:11:33 [INFO   ] --------------------------------------------------------------
2026-06-24 12:11:33 [INFO   ] PROGRESS | Email content — To: carohitsfulwani@gmail.com
2026-06-24 12:11:33 [INFO   ] PROGRESS | Subject: PlacementHub pre-seed intro with ROHIT FULWANI & CO
2026-06-24 12:11:33 [INFO   ] PROGRESS | Body:
2026-06-24 12:11:33 [INFO   ] PROGRESS |   Dear Sir/Madam,
2026-06-24 12:11:33 [INFO   ] PROGRESS |   I am reaching out to introduce PlacementHub and explore whether any of your investor, entrepreneur, or
2026-06-24 12:11:33 [INFO   ] PROGRESS |   HNI clients may be open to reviewing a strategic seed opportunity.
2026-06-24 12:11:33 [INFO   ] PROGRESS |   My name is Sandeep Jain. PlacementHub is currently in its pre-seed fundraising stage, and I am
2026-06-24 12:11:33 [INFO   ] PROGRESS |   soliciting strategic seed investment for the same. PlacementHub is a campus placement and employability
2026-06-24 12:11:33 [INFO   ] PROGRESS |   platform connecting students, colleges, and recruiters. The product is built and in early
2026-06-24 12:11:33 [INFO   ] PROGRESS |   commercialization.
2026-06-24 12:11:33 [INFO   ] PROGRESS |   For reference, the detailed business plan, including the business model and go-to-market strategies, is
2026-06-24 12:11:33 [INFO   ] PROGRESS |   available here:
2026-06-24 12:11:33 [INFO   ] PROGRESS |   PlacementHub Business Plan
2026-06-24 12:11:33 [INFO   ] PROGRESS |   For a Chartered Accountant firm, the relevance is mainly professional and strategic:
2026-06-24 12:11:33 [INFO   ] PROGRESS |   PlacementHub may require support across accounting, taxation, compliance, payroll, investor documentation, audit, and related professional services.
2026-06-24 12:11:33 [INFO   ] PROGRESS |   I would naturally be pleased to consider and prioritize firms that support PlacementHub during its early growth phase, subject to suitability and mutual agreement.
2026-06-24 12:11:33 [INFO   ] PROGRESS |   The relationship can begin with a simple review of the investment note and, where appropriate, introductions to suitable investor clients.
2026-06-24 12:11:33 [INFO   ] PROGRESS |   If the opportunity is worth a look, I would be happy to send the note and speak briefly about the round,
2026-06-24 12:11:33 [INFO   ] PROGRESS |   the platform, and the type of strategic investors we are looking for.
2026-06-24 12:11:33 [INFO   ] PROGRESS |   Please reply to this email or call me if you would like to explore it.
2026-06-24 12:11:33 [INFO   ] PROGRESS |   Warm Regards,
2026-06-24 12:11:33 [INFO   ] PROGRESS |   Sandeep Jain
2026-06-24 12:11:33 [INFO   ] PROGRESS |   Founder, PlacementHub
2026-06-24 12:11:33 [INFO   ] PROGRESS |   +91-9860090620
2026-06-24 12:11:33 [INFO   ] PROGRESS |   sandeepjain200019@gmail.com
2026-06-24 12:11:33 [INFO   ] PROGRESS |   Detailed Profile
2026-06-24 12:11:33 [INFO   ] PROGRESS |   Detailed Note on Funding Requirement
2026-06-24 12:11:33 [INFO   ] --------------------------------------------------------------
2026-06-24 12:11:33 [INFO   ] 
2026-06-24 12:11:33 [INFO   ] 
2026-06-24 12:11:33 [INFO   ] PROGRESS | Email preview — To: carohitsfulwani@gmail.com | Subject: PlacementHub pre-seed intro with ROHIT FULWANI & CO
2026-06-24 12:11:34 [INFO   ] SENT (Brevo) -> carohitsfulwani@gmail.com (ROHIT FULWANI & CO) | PlacementHub pre-seed intro with ROHIT FULWANI & CO | messageId=<202606240641.86092973516@smtp-relay.mailin.fr> (API accepted; run audit-brevo to confirm delivery)
2026-06-24 12:11:34 [INFO   ] Sleeping for 10 seconds
2026-06-24 12:11:44 [INFO   ] PROGRESS | Send 39/50 | SENT | carohitsfulwani@gmail.com | ROHIT FULWANI & CO [Chartered Accountants & Company Secretaries] | ok=36 fail=3 skip=0
2026-06-24 12:11:44 [INFO   ] PROGRESS | Send 40/50 | SENDING | hasmukhjoban@gmail.com | H A Y AND ASSOCIATES [Chartered Accountants & Company Secretaries] | ok=36 fail=3 skip=0
2026-06-24 12:12:09 [INFO   ] --------------------------------------------------------------
2026-06-24 12:12:09 [INFO   ] PROGRESS | Email content — To: hasmukhjoban@gmail.com
2026-06-24 12:12:09 [INFO   ] PROGRESS | Subject: PlacementHub pre-seed intro with H A Y AND ASSOCIATES
2026-06-24 12:12:09 [INFO   ] PROGRESS | Body:
2026-06-24 12:12:09 [INFO   ] PROGRESS |   Dear Sir/Madam,
2026-06-24 12:12:09 [INFO   ] PROGRESS |   I am reaching out to introduce PlacementHub and explore whether any of your investor, entrepreneur, or
2026-06-24 12:12:09 [INFO   ] PROGRESS |   HNI clients may be open to reviewing a strategic seed opportunity.
2026-06-24 12:12:09 [INFO   ] PROGRESS |   My name is Sandeep Jain. PlacementHub is currently in its pre-seed fundraising stage, and I am
2026-06-24 12:12:09 [INFO   ] PROGRESS |   soliciting strategic seed investment for the same. PlacementHub is a campus placement and employability
2026-06-24 12:12:09 [INFO   ] PROGRESS |   platform connecting students, colleges, and recruiters. The product is built and in early
2026-06-24 12:12:09 [INFO   ] PROGRESS |   commercialization.
2026-06-24 12:12:09 [INFO   ] PROGRESS |   For reference, the detailed business plan, including the business model and go-to-market strategies, is
2026-06-24 12:12:09 [INFO   ] PROGRESS |   available here:
2026-06-24 12:12:09 [INFO   ] PROGRESS |   PlacementHub Business Plan
2026-06-24 12:12:09 [INFO   ] PROGRESS |   For a Chartered Accountant firm, the relevance is mainly professional and strategic:
2026-06-24 12:12:09 [INFO   ] PROGRESS |   PlacementHub may require support across accounting, taxation, compliance, payroll, investor documentation, audit, and related professional services.
2026-06-24 12:12:09 [INFO   ] PROGRESS |   I would naturally be pleased to consider and prioritize firms that support PlacementHub during its early growth phase, subject to suitability and mutual agreement.
2026-06-24 12:12:09 [INFO   ] PROGRESS |   The relationship can begin with a simple review of the investment note and, where appropriate, introductions to suitable investor clients.
2026-06-24 12:12:09 [INFO   ] PROGRESS |   If the opportunity is worth a look, I would be happy to send the note and speak briefly about the round,
2026-06-24 12:12:09 [INFO   ] PROGRESS |   the platform, and the type of strategic investors we are looking for.
2026-06-24 12:12:09 [INFO   ] PROGRESS |   Please reply to this email or call me if you would like to explore it.
2026-06-24 12:12:09 [INFO   ] PROGRESS |   Warm Regards,
2026-06-24 12:12:09 [INFO   ] PROGRESS |   Sandeep Jain
2026-06-24 12:12:09 [INFO   ] PROGRESS |   Founder, PlacementHub
2026-06-24 12:12:09 [INFO   ] PROGRESS |   +91-9860090620
2026-06-24 12:12:09 [INFO   ] PROGRESS |   sandeepjain200019@gmail.com
2026-06-24 12:12:09 [INFO   ] PROGRESS |   Detailed Profile
2026-06-24 12:12:09 [INFO   ] PROGRESS |   Detailed Note on Funding Requirement
2026-06-24 12:12:09 [INFO   ] --------------------------------------------------------------
2026-06-24 12:12:09 [INFO   ] 
2026-06-24 12:12:09 [INFO   ] 
2026-06-24 12:12:09 [INFO   ] PROGRESS | Email preview — To: hasmukhjoban@gmail.com | Subject: PlacementHub pre-seed intro with H A Y AND ASSOCIATES
2026-06-24 12:12:09 [INFO   ] SENT (Brevo) -> hasmukhjoban@gmail.com (H A Y AND ASSOCIATES) | PlacementHub pre-seed intro with H A Y AND ASSOCIATES | messageId=<202606240642.62735141102@smtp-relay.mailin.fr> (API accepted; run audit-brevo to confirm delivery)
2026-06-24 12:12:10 [INFO   ] Sleeping for 10 seconds
2026-06-24 12:12:20 [INFO   ] PROGRESS | Send 40/50 | SENT | hasmukhjoban@gmail.com | H A Y AND ASSOCIATES [Chartered Accountants & Company Secretaries] | ok=37 fail=3 skip=0
2026-06-24 12:12:20 [INFO   ] PROGRESS | Send 41/50 | SENDING | bharat.hiran@yahoo.com | HIRAN & ASSOCIATES [Chartered Accountants & Company Secretaries] | ok=37 fail=3 skip=0
2026-06-24 12:12:22 [INFO   ] --------------------------------------------------------------
2026-06-24 12:12:22 [INFO   ] PROGRESS | Email content — To: bharat.hiran@yahoo.com
2026-06-24 12:12:22 [INFO   ] PROGRESS | Subject: PlacementHub pre-seed intro with HIRAN & ASSOCIATES
2026-06-24 12:12:22 [INFO   ] PROGRESS | Body:
2026-06-24 12:12:22 [INFO   ] PROGRESS |   Dear Sir/Madam,
2026-06-24 12:12:22 [INFO   ] PROGRESS |   I am reaching out to introduce PlacementHub and explore whether any of your investor, entrepreneur, or
2026-06-24 12:12:22 [INFO   ] PROGRESS |   HNI clients may be open to reviewing a strategic seed opportunity.
2026-06-24 12:12:22 [INFO   ] PROGRESS |   My name is Sandeep Jain. PlacementHub is currently in its pre-seed fundraising stage, and I am
2026-06-24 12:12:22 [INFO   ] PROGRESS |   soliciting strategic seed investment for the same. PlacementHub is a campus placement and employability
2026-06-24 12:12:22 [INFO   ] PROGRESS |   platform connecting students, colleges, and recruiters. The product is built and in early
2026-06-24 12:12:22 [INFO   ] PROGRESS |   commercialization.
2026-06-24 12:12:22 [INFO   ] PROGRESS |   For reference, the detailed business plan, including the business model and go-to-market strategies, is
2026-06-24 12:12:22 [INFO   ] PROGRESS |   available here:
2026-06-24 12:12:22 [INFO   ] PROGRESS |   PlacementHub Business Plan
2026-06-24 12:12:22 [INFO   ] PROGRESS |   For a Chartered Accountant firm, the relevance is mainly professional and strategic:
2026-06-24 12:12:22 [INFO   ] PROGRESS |   PlacementHub may require support across accounting, taxation, compliance, payroll, investor documentation, audit, and related professional services.
2026-06-24 12:12:22 [INFO   ] PROGRESS |   I would naturally be pleased to consider and prioritize firms that support PlacementHub during its early growth phase, subject to suitability and mutual agreement.
2026-06-24 12:12:22 [INFO   ] PROGRESS |   The relationship can begin with a simple review of the investment note and, where appropriate, introductions to suitable investor clients.
2026-06-24 12:12:22 [INFO   ] PROGRESS |   If the opportunity is worth a look, I would be happy to send the note and speak briefly about the round,
2026-06-24 12:12:22 [INFO   ] PROGRESS |   the platform, and the type of strategic investors we are looking for.
2026-06-24 12:12:22 [INFO   ] PROGRESS |   Please reply to this email or call me if you would like to explore it.
2026-06-24 12:12:22 [INFO   ] PROGRESS |   Warm Regards,
2026-06-24 12:12:22 [INFO   ] PROGRESS |   Sandeep Jain
2026-06-24 12:12:22 [INFO   ] PROGRESS |   Founder, PlacementHub
2026-06-24 12:12:22 [INFO   ] PROGRESS |   +91-9860090620
2026-06-24 12:12:22 [INFO   ] PROGRESS |   sandeepjain200019@gmail.com
2026-06-24 12:12:22 [INFO   ] PROGRESS |   Detailed Profile
2026-06-24 12:12:22 [INFO   ] PROGRESS |   Detailed Note on Funding Requirement
2026-06-24 12:12:22 [INFO   ] --------------------------------------------------------------
2026-06-24 12:12:22 [INFO   ] 
2026-06-24 12:12:22 [INFO   ] 
2026-06-24 12:12:22 [INFO   ] PROGRESS | Email preview — To: bharat.hiran@yahoo.com | Subject: PlacementHub pre-seed intro with HIRAN & ASSOCIATES
2026-06-24 12:12:23 [INFO   ] SENT (Brevo) -> bharat.hiran@yahoo.com (HIRAN & ASSOCIATES) | PlacementHub pre-seed intro with HIRAN & ASSOCIATES | messageId=<202606240642.12902585518@smtp-relay.mailin.fr> (API accepted; run audit-brevo to confirm delivery)
2026-06-24 12:12:23 [INFO   ] Sleeping for 10 seconds
2026-06-24 12:12:33 [INFO   ] PROGRESS | Send 41/50 | SENT | bharat.hiran@yahoo.com | HIRAN & ASSOCIATES [Chartered Accountants & Company Secretaries] | ok=38 fail=3 skip=0
2026-06-24 12:12:33 [INFO   ] PROGRESS | Send 42/50 | SENDING | chiragsharma118@gmail.com | C S L & CO [Chartered Accountants & Company Secretaries] | ok=38 fail=3 skip=0
2026-06-24 12:12:38 [INFO   ] --------------------------------------------------------------
2026-06-24 12:12:38 [INFO   ] PROGRESS | Email content — To: chiragsharma118@gmail.com
2026-06-24 12:12:38 [INFO   ] PROGRESS | Subject: PlacementHub pre-seed intro with C S L & CO
2026-06-24 12:12:38 [INFO   ] PROGRESS | Body:
2026-06-24 12:12:38 [INFO   ] PROGRESS |   Dear Sir/Madam,
2026-06-24 12:12:38 [INFO   ] PROGRESS |   I am reaching out to introduce PlacementHub and explore whether any of your investor, entrepreneur, or
2026-06-24 12:12:38 [INFO   ] PROGRESS |   HNI clients may be open to reviewing a strategic seed opportunity.
2026-06-24 12:12:38 [INFO   ] PROGRESS |   My name is Sandeep Jain. PlacementHub is currently in its pre-seed fundraising stage, and I am
2026-06-24 12:12:38 [INFO   ] PROGRESS |   soliciting strategic seed investment for the same. PlacementHub is a campus placement and employability
2026-06-24 12:12:38 [INFO   ] PROGRESS |   platform connecting students, colleges, and recruiters. The product is built and in early
2026-06-24 12:12:38 [INFO   ] PROGRESS |   commercialization.
2026-06-24 12:12:38 [INFO   ] PROGRESS |   For reference, the detailed business plan, including the business model and go-to-market strategies, is
2026-06-24 12:12:38 [INFO   ] PROGRESS |   available here:
2026-06-24 12:12:38 [INFO   ] PROGRESS |   PlacementHub Business Plan
2026-06-24 12:12:38 [INFO   ] PROGRESS |   For a Chartered Accountant firm, the relevance is mainly professional and strategic:
2026-06-24 12:12:38 [INFO   ] PROGRESS |   PlacementHub may require support across accounting, taxation, compliance, payroll, investor documentation, audit, and related professional services.
2026-06-24 12:12:38 [INFO   ] PROGRESS |   I would naturally be pleased to consider and prioritize firms that support PlacementHub during its early growth phase, subject to suitability and mutual agreement.
2026-06-24 12:12:38 [INFO   ] PROGRESS |   The relationship can begin with a simple review of the investment note and, where appropriate, introductions to suitable investor clients.
2026-06-24 12:12:38 [INFO   ] PROGRESS |   If the opportunity is worth a look, I would be happy to send the note and speak briefly about the round,
2026-06-24 12:12:38 [INFO   ] PROGRESS |   the platform, and the type of strategic investors we are looking for.
2026-06-24 12:12:38 [INFO   ] PROGRESS |   Please reply to this email or call me if you would like to explore it.
2026-06-24 12:12:38 [INFO   ] PROGRESS |   Warm Regards,
2026-06-24 12:12:38 [INFO   ] PROGRESS |   Sandeep Jain
2026-06-24 12:12:38 [INFO   ] PROGRESS |   Founder, PlacementHub
2026-06-24 12:12:38 [INFO   ] PROGRESS |   +91-9860090620
2026-06-24 12:12:38 [INFO   ] PROGRESS |   sandeepjain200019@gmail.com
2026-06-24 12:12:38 [INFO   ] PROGRESS |   Detailed Profile
2026-06-24 12:12:38 [INFO   ] PROGRESS |   Detailed Note on Funding Requirement
2026-06-24 12:12:38 [INFO   ] --------------------------------------------------------------
2026-06-24 12:12:38 [INFO   ] 
2026-06-24 12:12:38 [INFO   ] 
2026-06-24 12:12:38 [INFO   ] PROGRESS | Email preview — To: chiragsharma118@gmail.com | Subject: PlacementHub pre-seed intro with C S L & CO
2026-06-24 12:12:39 [INFO   ] SENT (Brevo) -> chiragsharma118@gmail.com (C S L & CO) | PlacementHub pre-seed intro with C S L & CO | messageId=<202606240642.55224456656@smtp-relay.mailin.fr> (API accepted; run audit-brevo to confirm delivery)
2026-06-24 12:12:39 [INFO   ] Sleeping for 10 seconds
2026-06-24 12:12:49 [INFO   ] PROGRESS | Send 42/50 | SENT | chiragsharma118@gmail.com | C S L & CO [Chartered Accountants & Company Secretaries] | ok=39 fail=3 skip=0
2026-06-24 12:12:49 [INFO   ] PROGRESS | Send 43/50 | SENDING | mpurohit970@gmail.com | MAHENDRA PUROHIT AND ASSOCIATES [Chartered Accountants & Company Secretaries] | ok=39 fail=3 skip=0
2026-06-24 12:12:59 [INFO   ] --------------------------------------------------------------
2026-06-24 12:12:59 [INFO   ] PROGRESS | Email content — To: mpurohit970@gmail.com
2026-06-24 12:12:59 [INFO   ] PROGRESS | Subject: PlacementHub pre-seed intro with MAHENDRA PUROHIT AND ASSOCIATES
2026-06-24 12:12:59 [INFO   ] PROGRESS | Body:
2026-06-24 12:12:59 [INFO   ] PROGRESS |   Dear Sir/Madam,
2026-06-24 12:12:59 [INFO   ] PROGRESS |   I am reaching out to introduce PlacementHub and explore whether any of your investor, entrepreneur, or
2026-06-24 12:12:59 [INFO   ] PROGRESS |   HNI clients may be open to reviewing a strategic seed opportunity.
2026-06-24 12:12:59 [INFO   ] PROGRESS |   My name is Sandeep Jain. PlacementHub is currently in its pre-seed fundraising stage, and I am
2026-06-24 12:12:59 [INFO   ] PROGRESS |   soliciting strategic seed investment for the same. PlacementHub is a campus placement and employability
2026-06-24 12:12:59 [INFO   ] PROGRESS |   platform connecting students, colleges, and recruiters. The product is built and in early
2026-06-24 12:12:59 [INFO   ] PROGRESS |   commercialization.
2026-06-24 12:12:59 [INFO   ] PROGRESS |   For reference, the detailed business plan, including the business model and go-to-market strategies, is
2026-06-24 12:12:59 [INFO   ] PROGRESS |   available here:
2026-06-24 12:12:59 [INFO   ] PROGRESS |   PlacementHub Business Plan
2026-06-24 12:12:59 [INFO   ] PROGRESS |   For a Chartered Accountant firm, the relevance is mainly professional and strategic:
2026-06-24 12:12:59 [INFO   ] PROGRESS |   PlacementHub may require support across accounting, taxation, compliance, payroll, investor documentation, audit, and related professional services.
2026-06-24 12:12:59 [INFO   ] PROGRESS |   I would naturally be pleased to consider and prioritize firms that support PlacementHub during its early growth phase, subject to suitability and mutual agreement.
2026-06-24 12:12:59 [INFO   ] PROGRESS |   The relationship can begin with a simple review of the investment note and, where appropriate, introductions to suitable investor clients.
2026-06-24 12:12:59 [INFO   ] PROGRESS |   If the opportunity is worth a look, I would be happy to send the note and speak briefly about the round,
2026-06-24 12:12:59 [INFO   ] PROGRESS |   the platform, and the type of strategic investors we are looking for.
2026-06-24 12:12:59 [INFO   ] PROGRESS |   Please reply to this email or call me if you would like to explore it.
2026-06-24 12:12:59 [INFO   ] PROGRESS |   Warm Regards,
2026-06-24 12:12:59 [INFO   ] PROGRESS |   Sandeep Jain
2026-06-24 12:12:59 [INFO   ] PROGRESS |   Founder, PlacementHub
2026-06-24 12:12:59 [INFO   ] PROGRESS |   +91-9860090620
2026-06-24 12:12:59 [INFO   ] PROGRESS |   sandeepjain200019@gmail.com
2026-06-24 12:12:59 [INFO   ] PROGRESS |   Detailed Profile
2026-06-24 12:12:59 [INFO   ] PROGRESS |   Detailed Note on Funding Requirement
2026-06-24 12:12:59 [INFO   ] --------------------------------------------------------------
2026-06-24 12:12:59 [INFO   ] 
2026-06-24 12:12:59 [INFO   ] 
2026-06-24 12:12:59 [INFO   ] PROGRESS | Email preview — To: mpurohit970@gmail.com | Subject: PlacementHub pre-seed intro with MAHENDRA PUROHIT AND ASSOCIATES
2026-06-24 12:12:59 [INFO   ] SENT (Brevo) -> mpurohit970@gmail.com (MAHENDRA PUROHIT AND ASSOCIATES) | PlacementHub pre-seed intro with MAHENDRA PUROHIT AND ASSOCIATES | messageId=<202606240642.49799863550@smtp-relay.mailin.fr> (API accepted; run audit-brevo to confirm delivery)
2026-06-24 12:12:59 [INFO   ] Sleeping for 10 seconds
2026-06-24 12:13:09 [INFO   ] PROGRESS | Send 43/50 | SENT | mpurohit970@gmail.com | MAHENDRA PUROHIT AND ASSOCIATES [Chartered Accountants & Company Secretaries] | ok=40 fail=3 skip=0
2026-06-24 12:13:09 [INFO   ] PROGRESS | Send 44/50 | SENDING | raj.varma2004@gmail.com | RAJESH VARMA & ASSOCIATES [Chartered Accountants & Company Secretaries] | ok=40 fail=3 skip=0
2026-06-24 12:13:18 [INFO   ] --------------------------------------------------------------
2026-06-24 12:13:18 [INFO   ] PROGRESS | Email content — To: raj.varma2004@gmail.com
2026-06-24 12:13:18 [INFO   ] PROGRESS | Subject: PlacementHub pre-seed intro with RAJESH VARMA & ASSOCIATES
2026-06-24 12:13:18 [INFO   ] PROGRESS | Body:
2026-06-24 12:13:18 [INFO   ] PROGRESS |   Dear Sir/Madam,
2026-06-24 12:13:18 [INFO   ] PROGRESS |   I am reaching out to introduce PlacementHub and explore whether any of your investor, entrepreneur, or
2026-06-24 12:13:18 [INFO   ] PROGRESS |   HNI clients may be open to reviewing a strategic seed opportunity.
2026-06-24 12:13:18 [INFO   ] PROGRESS |   My name is Sandeep Jain. PlacementHub is currently in its pre-seed fundraising stage, and I am
2026-06-24 12:13:18 [INFO   ] PROGRESS |   soliciting strategic seed investment for the same. PlacementHub is a campus placement and employability
2026-06-24 12:13:18 [INFO   ] PROGRESS |   platform connecting students, colleges, and recruiters. The product is built and in early
2026-06-24 12:13:18 [INFO   ] PROGRESS |   commercialization.
2026-06-24 12:13:18 [INFO   ] PROGRESS |   For reference, the detailed business plan, including the business model and go-to-market strategies, is
2026-06-24 12:13:18 [INFO   ] PROGRESS |   available here:
2026-06-24 12:13:18 [INFO   ] PROGRESS |   PlacementHub Business Plan
2026-06-24 12:13:18 [INFO   ] PROGRESS |   For a Chartered Accountant firm, the relevance is mainly professional and strategic:
2026-06-24 12:13:18 [INFO   ] PROGRESS |   PlacementHub may require support across accounting, taxation, compliance, payroll, investor documentation, audit, and related professional services.
2026-06-24 12:13:18 [INFO   ] PROGRESS |   I would naturally be pleased to consider and prioritize firms that support PlacementHub during its early growth phase, subject to suitability and mutual agreement.
2026-06-24 12:13:18 [INFO   ] PROGRESS |   The relationship can begin with a simple review of the investment note and, where appropriate, introductions to suitable investor clients.
2026-06-24 12:13:18 [INFO   ] PROGRESS |   If the opportunity is worth a look, I would be happy to send the note and speak briefly about the round,
2026-06-24 12:13:18 [INFO   ] PROGRESS |   the platform, and the type of strategic investors we are looking for.
2026-06-24 12:13:18 [INFO   ] PROGRESS |   Please reply to this email or call me if you would like to explore it.
2026-06-24 12:13:18 [INFO   ] PROGRESS |   Warm Regards,
2026-06-24 12:13:18 [INFO   ] PROGRESS |   Sandeep Jain
2026-06-24 12:13:18 [INFO   ] PROGRESS |   Founder, PlacementHub
2026-06-24 12:13:18 [INFO   ] PROGRESS |   +91-9860090620
2026-06-24 12:13:18 [INFO   ] PROGRESS |   sandeepjain200019@gmail.com
2026-06-24 12:13:18 [INFO   ] PROGRESS |   Detailed Profile
2026-06-24 12:13:18 [INFO   ] PROGRESS |   Detailed Note on Funding Requirement
2026-06-24 12:13:18 [INFO   ] --------------------------------------------------------------
2026-06-24 12:13:18 [INFO   ] 
2026-06-24 12:13:18 [INFO   ] 
2026-06-24 12:13:18 [INFO   ] PROGRESS | Email preview — To: raj.varma2004@gmail.com | Subject: PlacementHub pre-seed intro with RAJESH VARMA & ASSOCIATES
2026-06-24 12:13:19 [INFO   ] SENT (Brevo) -> raj.varma2004@gmail.com (RAJESH VARMA & ASSOCIATES) | PlacementHub pre-seed intro with RAJESH VARMA & ASSOCIATES | messageId=<202606240643.60643422735@smtp-relay.mailin.fr> (API accepted; run audit-brevo to confirm delivery)
2026-06-24 12:13:19 [INFO   ] Sleeping for 10 seconds
2026-06-24 12:13:29 [INFO   ] PROGRESS | Send 44/50 | SENT | raj.varma2004@gmail.com | RAJESH VARMA & ASSOCIATES [Chartered Accountants & Company Secretaries] | ok=41 fail=3 skip=0
2026-06-24 12:13:29 [INFO   ] PROGRESS | Send 45/50 | SENDING | yatinshah01@yahoo.co.in | YATIN S SHAH & CO [Chartered Accountants & Company Secretaries] | ok=41 fail=3 skip=0
2026-06-24 12:13:44 [INFO   ] --------------------------------------------------------------
2026-06-24 12:13:44 [INFO   ] PROGRESS | Email content — To: yatinshah01@yahoo.co.in
2026-06-24 12:13:44 [INFO   ] PROGRESS | Subject: PlacementHub pre-seed intro with YATIN S SHAH & CO
2026-06-24 12:13:44 [INFO   ] PROGRESS | Body:
2026-06-24 12:13:44 [INFO   ] PROGRESS |   Dear Sir/Madam,
2026-06-24 12:13:44 [INFO   ] PROGRESS |   I am reaching out to introduce PlacementHub and explore whether any of your investor, entrepreneur, or
2026-06-24 12:13:44 [INFO   ] PROGRESS |   HNI clients may be open to reviewing a strategic seed opportunity.
2026-06-24 12:13:44 [INFO   ] PROGRESS |   My name is Sandeep Jain. PlacementHub is currently in its pre-seed fundraising stage, and I am
2026-06-24 12:13:44 [INFO   ] PROGRESS |   soliciting strategic seed investment for the same. PlacementHub is a campus placement and employability
2026-06-24 12:13:44 [INFO   ] PROGRESS |   platform connecting students, colleges, and recruiters. The product is built and in early
2026-06-24 12:13:44 [INFO   ] PROGRESS |   commercialization.
2026-06-24 12:13:44 [INFO   ] PROGRESS |   For reference, the detailed business plan, including the business model and go-to-market strategies, is
2026-06-24 12:13:44 [INFO   ] PROGRESS |   available here:
2026-06-24 12:13:44 [INFO   ] PROGRESS |   PlacementHub Business Plan
2026-06-24 12:13:44 [INFO   ] PROGRESS |   For a Chartered Accountant firm, the relevance is mainly professional and strategic:
2026-06-24 12:13:44 [INFO   ] PROGRESS |   PlacementHub may require support across accounting, taxation, compliance, payroll, investor documentation, audit, and related professional services.
2026-06-24 12:13:44 [INFO   ] PROGRESS |   I would naturally be pleased to consider and prioritize firms that support PlacementHub during its early growth phase, subject to suitability and mutual agreement.
2026-06-24 12:13:44 [INFO   ] PROGRESS |   The relationship can begin with a simple review of the investment note and, where appropriate, introductions to suitable investor clients.
2026-06-24 12:13:44 [INFO   ] PROGRESS |   If the opportunity is worth a look, I would be happy to send the note and speak briefly about the round,
2026-06-24 12:13:44 [INFO   ] PROGRESS |   the platform, and the type of strategic investors we are looking for.
2026-06-24 12:13:44 [INFO   ] PROGRESS |   Please reply to this email or call me if you would like to explore it.
2026-06-24 12:13:44 [INFO   ] PROGRESS |   Warm Regards,
2026-06-24 12:13:44 [INFO   ] PROGRESS |   Sandeep Jain
2026-06-24 12:13:44 [INFO   ] PROGRESS |   Founder, PlacementHub
2026-06-24 12:13:44 [INFO   ] PROGRESS |   +91-9860090620
2026-06-24 12:13:44 [INFO   ] PROGRESS |   sandeepjain200019@gmail.com
2026-06-24 12:13:44 [INFO   ] PROGRESS |   Detailed Profile
2026-06-24 12:13:44 [INFO   ] PROGRESS |   Detailed Note on Funding Requirement
2026-06-24 12:13:44 [INFO   ] --------------------------------------------------------------
2026-06-24 12:13:44 [INFO   ] 
2026-06-24 12:13:44 [INFO   ] 
2026-06-24 12:13:44 [INFO   ] PROGRESS | Email preview — To: yatinshah01@yahoo.co.in | Subject: PlacementHub pre-seed intro with YATIN S SHAH & CO
2026-06-24 12:13:45 [INFO   ] SENT (Brevo) -> yatinshah01@yahoo.co.in (YATIN S SHAH & CO) | PlacementHub pre-seed intro with YATIN S SHAH & CO | messageId=<202606240643.80466627039@smtp-relay.mailin.fr> (API accepted; run audit-brevo to confirm delivery)
2026-06-24 12:13:45 [INFO   ] Sleeping for 10 seconds
2026-06-24 12:13:55 [INFO   ] PROGRESS | Send 45/50 | SENT | yatinshah01@yahoo.co.in | YATIN S SHAH & CO [Chartered Accountants & Company Secretaries] | ok=42 fail=3 skip=0
2026-06-24 12:13:55 [INFO   ] PROGRESS | Send 46/50 | SENDING | chaitanya.dalal@gmail.com | CHAITANYA C DALAL & CO [Chartered Accountants & Company Secretaries] | ok=42 fail=3 skip=0
2026-06-24 12:14:24 [INFO   ] --------------------------------------------------------------
2026-06-24 12:14:24 [INFO   ] PROGRESS | Email content — To: chaitanya.dalal@gmail.com
2026-06-24 12:14:24 [INFO   ] PROGRESS | Subject: PlacementHub pre-seed intro with CHAITANYA C DALAL & CO
2026-06-24 12:14:24 [INFO   ] PROGRESS | Body:
2026-06-24 12:14:24 [INFO   ] PROGRESS |   Dear Sir/Madam,
2026-06-24 12:14:24 [INFO   ] PROGRESS |   I am reaching out to introduce PlacementHub and explore whether any of your investor, entrepreneur, or
2026-06-24 12:14:24 [INFO   ] PROGRESS |   HNI clients may be open to reviewing a strategic seed opportunity.
2026-06-24 12:14:24 [INFO   ] PROGRESS |   My name is Sandeep Jain. PlacementHub is currently in its pre-seed fundraising stage, and I am
2026-06-24 12:14:24 [INFO   ] PROGRESS |   soliciting strategic seed investment for the same. PlacementHub is a campus placement and employability
2026-06-24 12:14:24 [INFO   ] PROGRESS |   platform connecting students, colleges, and recruiters. The product is built and in early
2026-06-24 12:14:24 [INFO   ] PROGRESS |   commercialization.
2026-06-24 12:14:24 [INFO   ] PROGRESS |   For reference, the detailed business plan, including the business model and go-to-market strategies, is
2026-06-24 12:14:24 [INFO   ] PROGRESS |   available here:
2026-06-24 12:14:24 [INFO   ] PROGRESS |   PlacementHub Business Plan
2026-06-24 12:14:24 [INFO   ] PROGRESS |   For a Chartered Accountant firm, the relevance is mainly professional and strategic:
2026-06-24 12:14:24 [INFO   ] PROGRESS |   PlacementHub may require support across accounting, taxation, compliance, payroll, investor documentation, audit, and related professional services.
2026-06-24 12:14:24 [INFO   ] PROGRESS |   I would naturally be pleased to consider and prioritize firms that support PlacementHub during its early growth phase, subject to suitability and mutual agreement.
2026-06-24 12:14:24 [INFO   ] PROGRESS |   The relationship can begin with a simple review of the investment note and, where appropriate, introductions to suitable investor clients.
2026-06-24 12:14:24 [INFO   ] PROGRESS |   If the opportunity is worth a look, I would be happy to send the note and speak briefly about the round,
2026-06-24 12:14:24 [INFO   ] PROGRESS |   the platform, and the type of strategic investors we are looking for.
2026-06-24 12:14:24 [INFO   ] PROGRESS |   Please reply to this email or call me if you would like to explore it.
2026-06-24 12:14:24 [INFO   ] PROGRESS |   Warm Regards,
2026-06-24 12:14:24 [INFO   ] PROGRESS |   Sandeep Jain
2026-06-24 12:14:24 [INFO   ] PROGRESS |   Founder, PlacementHub
2026-06-24 12:14:24 [INFO   ] PROGRESS |   +91-9860090620
2026-06-24 12:14:24 [INFO   ] PROGRESS |   sandeepjain200019@gmail.com
2026-06-24 12:14:24 [INFO   ] PROGRESS |   Detailed Profile
2026-06-24 12:14:24 [INFO   ] PROGRESS |   Detailed Note on Funding Requirement
2026-06-24 12:14:24 [INFO   ] --------------------------------------------------------------
2026-06-24 12:14:24 [INFO   ] 
2026-06-24 12:14:24 [INFO   ] 
2026-06-24 12:14:24 [INFO   ] PROGRESS | Email preview — To: chaitanya.dalal@gmail.com | Subject: PlacementHub pre-seed intro with CHAITANYA C DALAL & CO
2026-06-24 12:14:25 [INFO   ] SENT (Brevo) -> chaitanya.dalal@gmail.com (CHAITANYA C DALAL & CO) | PlacementHub pre-seed intro with CHAITANYA C DALAL & CO | messageId=<202606240644.66464211966@smtp-relay.mailin.fr> (API accepted; run audit-brevo to confirm delivery)
2026-06-24 12:14:25 [INFO   ] Sleeping for 10 seconds
2026-06-24 12:14:35 [INFO   ] PROGRESS | Send 46/50 | SENT | chaitanya.dalal@gmail.com | CHAITANYA C DALAL & CO [Chartered Accountants & Company Secretaries] | ok=43 fail=3 skip=0
2026-06-24 12:14:35 [INFO   ] PROGRESS | Send 47/50 | SENDING | cakiranthakkar2018@gmail.com | KIRAN THAKKAR & CO [Chartered Accountants & Company Secretaries] | ok=43 fail=3 skip=0
2026-06-24 12:14:48 [INFO   ] --------------------------------------------------------------
2026-06-24 12:14:48 [INFO   ] PROGRESS | Email content — To: cakiranthakkar2018@gmail.com
2026-06-24 12:14:48 [INFO   ] PROGRESS | Subject: PlacementHub pre-seed intro with KIRAN THAKKAR & CO
2026-06-24 12:14:48 [INFO   ] PROGRESS | Body:
2026-06-24 12:14:48 [INFO   ] PROGRESS |   Dear Sir/Madam,
2026-06-24 12:14:48 [INFO   ] PROGRESS |   I am reaching out to introduce PlacementHub and explore whether any of your investor, entrepreneur, or
2026-06-24 12:14:48 [INFO   ] PROGRESS |   HNI clients may be open to reviewing a strategic seed opportunity.
2026-06-24 12:14:48 [INFO   ] PROGRESS |   My name is Sandeep Jain. PlacementHub is currently in its pre-seed fundraising stage, and I am
2026-06-24 12:14:48 [INFO   ] PROGRESS |   soliciting strategic seed investment for the same. PlacementHub is a campus placement and employability
2026-06-24 12:14:48 [INFO   ] PROGRESS |   platform connecting students, colleges, and recruiters. The product is built and in early
2026-06-24 12:14:48 [INFO   ] PROGRESS |   commercialization.
2026-06-24 12:14:48 [INFO   ] PROGRESS |   For reference, the detailed business plan, including the business model and go-to-market strategies, is
2026-06-24 12:14:48 [INFO   ] PROGRESS |   available here:
2026-06-24 12:14:48 [INFO   ] PROGRESS |   PlacementHub Business Plan
2026-06-24 12:14:48 [INFO   ] PROGRESS |   For a Chartered Accountant firm, the relevance is mainly professional and strategic:
2026-06-24 12:14:48 [INFO   ] PROGRESS |   PlacementHub may require support across accounting, taxation, compliance, payroll, investor documentation, audit, and related professional services.
2026-06-24 12:14:48 [INFO   ] PROGRESS |   I would naturally be pleased to consider and prioritize firms that support PlacementHub during its early growth phase, subject to suitability and mutual agreement.
2026-06-24 12:14:48 [INFO   ] PROGRESS |   The relationship can begin with a simple review of the investment note and, where appropriate, introductions to suitable investor clients.
2026-06-24 12:14:48 [INFO   ] PROGRESS |   If the opportunity is worth a look, I would be happy to send the note and speak briefly about the round,
2026-06-24 12:14:48 [INFO   ] PROGRESS |   the platform, and the type of strategic investors we are looking for.
2026-06-24 12:14:48 [INFO   ] PROGRESS |   Please reply to this email or call me if you would like to explore it.
2026-06-24 12:14:48 [INFO   ] PROGRESS |   Warm Regards,
2026-06-24 12:14:48 [INFO   ] PROGRESS |   Sandeep Jain
2026-06-24 12:14:48 [INFO   ] PROGRESS |   Founder, PlacementHub
2026-06-24 12:14:48 [INFO   ] PROGRESS |   +91-9860090620
2026-06-24 12:14:48 [INFO   ] PROGRESS |   sandeepjain200019@gmail.com
2026-06-24 12:14:48 [INFO   ] PROGRESS |   Detailed Profile
2026-06-24 12:14:48 [INFO   ] PROGRESS |   Detailed Note on Funding Requirement
2026-06-24 12:14:48 [INFO   ] --------------------------------------------------------------
2026-06-24 12:14:48 [INFO   ] 
2026-06-24 12:14:48 [INFO   ] 
2026-06-24 12:14:48 [INFO   ] PROGRESS | Email preview — To: cakiranthakkar2018@gmail.com | Subject: PlacementHub pre-seed intro with KIRAN THAKKAR & CO
2026-06-24 12:14:50 [INFO   ] SENT (Brevo) -> cakiranthakkar2018@gmail.com (KIRAN THAKKAR & CO) | PlacementHub pre-seed intro with KIRAN THAKKAR & CO | messageId=<202606240644.94870790746@smtp-relay.mailin.fr> (API accepted; run audit-brevo to confirm delivery)
2026-06-24 12:14:50 [INFO   ] Sleeping for 10 seconds
2026-06-24 12:15:00 [INFO   ] PROGRESS | Send 47/50 | SENT | cakiranthakkar2018@gmail.com | KIRAN THAKKAR & CO [Chartered Accountants & Company Secretaries] | ok=44 fail=3 skip=0
2026-06-24 12:15:00 [INFO   ] PROGRESS | Send 48/50 | SENDING | jitendra.taparia@gmail.com | J S TAPARIA & ASSOCIATES [Chartered Accountants & Company Secretaries] | ok=44 fail=3 skip=0
2026-06-24 12:15:11 [INFO   ] --------------------------------------------------------------
2026-06-24 12:15:11 [INFO   ] PROGRESS | Email content — To: jitendra.taparia@gmail.com
2026-06-24 12:15:11 [INFO   ] PROGRESS | Subject: PlacementHub pre-seed intro with J S TAPARIA & ASSOCIATES
2026-06-24 12:15:11 [INFO   ] PROGRESS | Body:
2026-06-24 12:15:11 [INFO   ] PROGRESS |   Dear Sir/Madam,
2026-06-24 12:15:11 [INFO   ] PROGRESS |   I am reaching out to introduce PlacementHub and explore whether any of your investor, entrepreneur, or
2026-06-24 12:15:11 [INFO   ] PROGRESS |   HNI clients may be open to reviewing a strategic seed opportunity.
2026-06-24 12:15:11 [INFO   ] PROGRESS |   My name is Sandeep Jain. PlacementHub is currently in its pre-seed fundraising stage, and I am
2026-06-24 12:15:11 [INFO   ] PROGRESS |   soliciting strategic seed investment for the same. PlacementHub is a campus placement and employability
2026-06-24 12:15:11 [INFO   ] PROGRESS |   platform connecting students, colleges, and recruiters. The product is built and in early
2026-06-24 12:15:11 [INFO   ] PROGRESS |   commercialization.
2026-06-24 12:15:11 [INFO   ] PROGRESS |   For reference, the detailed business plan, including the business model and go-to-market strategies, is
2026-06-24 12:15:11 [INFO   ] PROGRESS |   available here:
2026-06-24 12:15:11 [INFO   ] PROGRESS |   PlacementHub Business Plan
2026-06-24 12:15:11 [INFO   ] PROGRESS |   For a Chartered Accountant firm, the relevance is mainly professional and strategic:
2026-06-24 12:15:11 [INFO   ] PROGRESS |   PlacementHub may require support across accounting, taxation, compliance, payroll, investor documentation, audit, and related professional services.
2026-06-24 12:15:11 [INFO   ] PROGRESS |   I would naturally be pleased to consider and prioritize firms that support PlacementHub during its early growth phase, subject to suitability and mutual agreement.
2026-06-24 12:15:11 [INFO   ] PROGRESS |   The relationship can begin with a simple review of the investment note and, where appropriate, introductions to suitable investor clients.
2026-06-24 12:15:11 [INFO   ] PROGRESS |   If the opportunity is worth a look, I would be happy to send the note and speak briefly about the round,
2026-06-24 12:15:11 [INFO   ] PROGRESS |   the platform, and the type of strategic investors we are looking for.
2026-06-24 12:15:11 [INFO   ] PROGRESS |   Please reply to this email or call me if you would like to explore it.
2026-06-24 12:15:11 [INFO   ] PROGRESS |   Warm Regards,
2026-06-24 12:15:11 [INFO   ] PROGRESS |   Sandeep Jain
2026-06-24 12:15:11 [INFO   ] PROGRESS |   Founder, PlacementHub
2026-06-24 12:15:11 [INFO   ] PROGRESS |   +91-9860090620
2026-06-24 12:15:11 [INFO   ] PROGRESS |   sandeepjain200019@gmail.com
2026-06-24 12:15:11 [INFO   ] PROGRESS |   Detailed Profile
2026-06-24 12:15:11 [INFO   ] PROGRESS |   Detailed Note on Funding Requirement
2026-06-24 12:15:11 [INFO   ] --------------------------------------------------------------
2026-06-24 12:15:11 [INFO   ] 
2026-06-24 12:15:11 [INFO   ] 
2026-06-24 12:15:11 [INFO   ] PROGRESS | Email preview — To: jitendra.taparia@gmail.com | Subject: PlacementHub pre-seed intro with J S TAPARIA & ASSOCIATES
2026-06-24 12:15:12 [INFO   ] SENT (Brevo) -> jitendra.taparia@gmail.com (J S TAPARIA & ASSOCIATES) | PlacementHub pre-seed intro with J S TAPARIA & ASSOCIATES | messageId=<202606240645.11617103502@smtp-relay.mailin.fr> (API accepted; run audit-brevo to confirm delivery)
2026-06-24 12:15:12 [INFO   ] Sleeping for 10 seconds
2026-06-24 12:15:22 [INFO   ] PROGRESS | Send 48/50 | SENT | jitendra.taparia@gmail.com | J S TAPARIA & ASSOCIATES [Chartered Accountants & Company Secretaries] | ok=45 fail=3 skip=0
2026-06-24 12:15:22 [INFO   ] PROGRESS | Send 49/50 | SENDING | rupali_abhani@yahoo.com | RUPALI MAYEKAR & ASSOCIATES [Chartered Accountants & Company Secretaries] | ok=45 fail=3 skip=0
2026-06-24 12:15:24 [INFO   ] --------------------------------------------------------------
2026-06-24 12:15:24 [INFO   ] PROGRESS | Email content — To: rupali_abhani@yahoo.com
2026-06-24 12:15:24 [INFO   ] PROGRESS | Subject: PlacementHub pre-seed intro with RUPALI MAYEKAR & ASSOCIATES
2026-06-24 12:15:24 [INFO   ] PROGRESS | Body:
2026-06-24 12:15:24 [INFO   ] PROGRESS |   Dear Sir/Madam,
2026-06-24 12:15:24 [INFO   ] PROGRESS |   I am reaching out to introduce PlacementHub and explore whether any of your investor, entrepreneur, or
2026-06-24 12:15:24 [INFO   ] PROGRESS |   HNI clients may be open to reviewing a strategic seed opportunity.
2026-06-24 12:15:24 [INFO   ] PROGRESS |   My name is Sandeep Jain. PlacementHub is currently in its pre-seed fundraising stage, and I am
2026-06-24 12:15:24 [INFO   ] PROGRESS |   soliciting strategic seed investment for the same. PlacementHub is a campus placement and employability
2026-06-24 12:15:24 [INFO   ] PROGRESS |   platform connecting students, colleges, and recruiters. The product is built and in early
2026-06-24 12:15:24 [INFO   ] PROGRESS |   commercialization.
2026-06-24 12:15:24 [INFO   ] PROGRESS |   For reference, the detailed business plan, including the business model and go-to-market strategies, is
2026-06-24 12:15:24 [INFO   ] PROGRESS |   available here:
2026-06-24 12:15:24 [INFO   ] PROGRESS |   PlacementHub Business Plan
2026-06-24 12:15:24 [INFO   ] PROGRESS |   For a Chartered Accountant firm, the relevance is mainly professional and strategic:
2026-06-24 12:15:24 [INFO   ] PROGRESS |   PlacementHub may require support across accounting, taxation, compliance, payroll, investor documentation, audit, and related professional services.
2026-06-24 12:15:24 [INFO   ] PROGRESS |   I would naturally be pleased to consider and prioritize firms that support PlacementHub during its early growth phase, subject to suitability and mutual agreement.
2026-06-24 12:15:24 [INFO   ] PROGRESS |   The relationship can begin with a simple review of the investment note and, where appropriate, introductions to suitable investor clients.
2026-06-24 12:15:24 [INFO   ] PROGRESS |   If the opportunity is worth a look, I would be happy to send the note and speak briefly about the round,
2026-06-24 12:15:24 [INFO   ] PROGRESS |   the platform, and the type of strategic investors we are looking for.
2026-06-24 12:15:24 [INFO   ] PROGRESS |   Please reply to this email or call me if you would like to explore it.
2026-06-24 12:15:24 [INFO   ] PROGRESS |   Warm Regards,
2026-06-24 12:15:24 [INFO   ] PROGRESS |   Sandeep Jain
2026-06-24 12:15:24 [INFO   ] PROGRESS |   Founder, PlacementHub
2026-06-24 12:15:24 [INFO   ] PROGRESS |   +91-9860090620
2026-06-24 12:15:24 [INFO   ] PROGRESS |   sandeepjain200019@gmail.com
2026-06-24 12:15:24 [INFO   ] PROGRESS |   Detailed Profile
2026-06-24 12:15:24 [INFO   ] PROGRESS |   Detailed Note on Funding Requirement
2026-06-24 12:15:24 [INFO   ] --------------------------------------------------------------
2026-06-24 12:15:24 [INFO   ] 
2026-06-24 12:15:24 [INFO   ] 
2026-06-24 12:15:24 [INFO   ] PROGRESS | Email preview — To: rupali_abhani@yahoo.com | Subject: PlacementHub pre-seed intro with RUPALI MAYEKAR & ASSOCIATES
2026-06-24 12:15:25 [INFO   ] SENT (Brevo) -> rupali_abhani@yahoo.com (RUPALI MAYEKAR & ASSOCIATES) | PlacementHub pre-seed intro with RUPALI MAYEKAR & ASSOCIATES | messageId=<202606240645.53913586872@smtp-relay.mailin.fr> (API accepted; run audit-brevo to confirm delivery)
2026-06-24 12:15:25 [INFO   ] Sleeping for 10 seconds
2026-06-24 12:15:35 [INFO   ] PROGRESS | Send 49/50 | SENT | rupali_abhani@yahoo.com | RUPALI MAYEKAR & ASSOCIATES [Chartered Accountants & Company Secretaries] | ok=46 fail=3 skip=0
2026-06-24 12:15:35 [INFO   ] PROGRESS | Send 50/50 | SENDING | anil_mansingka@amnca.com | A M N & ASSOCIATES [Chartered Accountants & Company Secretaries] | ok=46 fail=3 skip=0
2026-06-24 12:15:39 [INFO   ] --------------------------------------------------------------
2026-06-24 12:15:39 [INFO   ] PROGRESS | Email content — To: anil_mansingka@amnca.com
2026-06-24 12:15:39 [INFO   ] PROGRESS | Subject: PlacementHub pre-seed intro with A M N & ASSOCIATES
2026-06-24 12:15:39 [INFO   ] PROGRESS | Body:
2026-06-24 12:15:39 [INFO   ] PROGRESS |   Dear Sir/Madam,
2026-06-24 12:15:39 [INFO   ] PROGRESS |   I am reaching out to introduce PlacementHub and explore whether any of your investor, entrepreneur, or
2026-06-24 12:15:39 [INFO   ] PROGRESS |   HNI clients may be open to reviewing a strategic seed opportunity.
2026-06-24 12:15:39 [INFO   ] PROGRESS |   My name is Sandeep Jain. PlacementHub is currently in its pre-seed fundraising stage, and I am
2026-06-24 12:15:39 [INFO   ] PROGRESS |   soliciting strategic seed investment for the same. PlacementHub is a campus placement and employability
2026-06-24 12:15:39 [INFO   ] PROGRESS |   platform connecting students, colleges, and recruiters. The product is built and in early
2026-06-24 12:15:39 [INFO   ] PROGRESS |   commercialization.
2026-06-24 12:15:39 [INFO   ] PROGRESS |   For reference, the detailed business plan, including the business model and go-to-market strategies, is
2026-06-24 12:15:39 [INFO   ] PROGRESS |   available here:
2026-06-24 12:15:39 [INFO   ] PROGRESS |   PlacementHub Business Plan
2026-06-24 12:15:39 [INFO   ] PROGRESS |   For a Chartered Accountant firm, the relevance is mainly professional and strategic:
2026-06-24 12:15:39 [INFO   ] PROGRESS |   PlacementHub may require support across accounting, taxation, compliance, payroll, investor documentation, audit, and related professional services.
2026-06-24 12:15:39 [INFO   ] PROGRESS |   I would naturally be pleased to consider and prioritize firms that support PlacementHub during its early growth phase, subject to suitability and mutual agreement.
2026-06-24 12:15:39 [INFO   ] PROGRESS |   The relationship can begin with a simple review of the investment note and, where appropriate, introductions to suitable investor clients.
2026-06-24 12:15:39 [INFO   ] PROGRESS |   If the opportunity is worth a look, I would be happy to send the note and speak briefly about the round,
2026-06-24 12:15:39 [INFO   ] PROGRESS |   the platform, and the type of strategic investors we are looking for.
2026-06-24 12:15:39 [INFO   ] PROGRESS |   Please reply to this email or call me if you would like to explore it.
2026-06-24 12:15:39 [INFO   ] PROGRESS |   Warm Regards,
2026-06-24 12:15:39 [INFO   ] PROGRESS |   Sandeep Jain
2026-06-24 12:15:39 [INFO   ] PROGRESS |   Founder, PlacementHub
2026-06-24 12:15:39 [INFO   ] PROGRESS |   +91-9860090620
2026-06-24 12:15:39 [INFO   ] PROGRESS |   sandeepjain200019@gmail.com
2026-06-24 12:15:39 [INFO   ] PROGRESS |   Detailed Profile
2026-06-24 12:15:39 [INFO   ] PROGRESS |   Detailed Note on Funding Requirement
2026-06-24 12:15:39 [INFO   ] --------------------------------------------------------------
2026-06-24 12:15:39 [INFO   ] 
2026-06-24 12:15:39 [INFO   ] 
2026-06-24 12:15:39 [INFO   ] PROGRESS | Email preview — To: anil_mansingka@amnca.com | Subject: PlacementHub pre-seed intro with A M N & ASSOCIATES
2026-06-24 12:15:40 [INFO   ] SENT (Brevo) -> anil_mansingka@amnca.com (A M N & ASSOCIATES) | PlacementHub pre-seed intro with A M N & ASSOCIATES | messageId=<202606240645.71379219143@smtp-relay.mailin.fr> (API accepted; run audit-brevo to confirm delivery)
2026-06-24 12:15:40 [INFO   ] Sleeping for 10 seconds
2026-06-24 12:15:50 [INFO   ] PROGRESS | Send 50/50 | SENT | anil_mansingka@amnca.com | A M N & ASSOCIATES [Chartered Accountants & Company Secretaries] | ok=47 fail=3 skip=0
2026-06-24 12:15:56 [INFO   ] CA send complete: {'sent': 47, 'failed': 3, 'skipped': 0, 'queue_size': 50, 'ca_only': True, 'ca_bulk_unsent': 1270, 'sent_ca_connect': 47, 'sent_by_industry': {'ca_cs_firms': 47}, 'send_limit': 50}
2026-06-24 12:15:56 [INFO   ] PROGRESS | Done — CA send — 47 sent, 3 failed, 1223 unsent in ca_bulk.db
