2026-06-23 00:37:46 [INFO   ] Log file: C:\Users\sandeep\Downloads\Claudes\investment\logs\immigration_2026-06-23_00-37-46.log
2026-06-23 00:37:46 [INFO   ] 
2026-06-23 00:37:46 [INFO   ] ==============================================================
2026-06-23 00:37:46 [INFO   ] PROGRESS | Send — CA emails only (up to 50 from ca_bulk.db)
2026-06-23 00:37:46 [INFO   ] ==============================================================
2026-06-23 00:37:47 [INFO   ] Send transport: Brevo API (config: C:\Users\sandeep\Downloads\Claudes\investment\config\mail_config.json, template: C:\Users\sandeep\Downloads\Claudes\investment\templates\bodies\partnership.html, sender: sandeepjain200019@gmail.com)
2026-06-23 00:37:47 [INFO   ] CA-only send from ca_bulk.db — 1413 unsent, up to 50 this run (caconnect.icai.org).
2026-06-23 00:37:52 [INFO   ] PROGRESS | Send plan — 50 recipient(s) in queue
2026-06-23 00:37:52 [INFO   ] PROGRESS | Send 1/50 | SENDING | constitution date | BATTULL AND ASSOCIATES LLP [Chartered Accountants & Company Secretaries] | ok=0 fail=0 skip=0
2026-06-23 00:37:52 [INFO   ] Loaded 41 NVIDIA API key(s) for rotation.
2026-06-23 00:38:10 [INFO   ] --------------------------------------------------------------
2026-06-23 00:38:10 [INFO   ] PROGRESS | Email content — To: constitution date
2026-06-23 00:38:10 [INFO   ] PROGRESS | Subject: PlacementHub pre-seed intro with BATTULL AND ASSOCIATES LLP
2026-06-23 00:38:10 [INFO   ] PROGRESS | Body:
2026-06-23 00:38:10 [INFO   ] PROGRESS |   Dear Sir/Madam,
2026-06-23 00:38:10 [INFO   ] PROGRESS |   I am reaching out to introduce PlacementHub and explore whether any of your investor, entrepreneur, or
2026-06-23 00:38:10 [INFO   ] PROGRESS |   HNI clients may be open to reviewing a strategic seed opportunity.
2026-06-23 00:38:10 [INFO   ] PROGRESS |   My name is Sandeep Jain. PlacementHub is currently in its pre-seed fundraising stage, and I am
2026-06-23 00:38:10 [INFO   ] PROGRESS |   soliciting strategic seed investment for the same. PlacementHub is a campus placement and employability
2026-06-23 00:38:10 [INFO   ] PROGRESS |   platform connecting students, colleges, and recruiters. The product is built and in early
2026-06-23 00:38:10 [INFO   ] PROGRESS |   commercialization.
2026-06-23 00:38:10 [INFO   ] PROGRESS |   For reference, the detailed business plan, including the business model and go-to-market strategies, is
2026-06-23 00:38:10 [INFO   ] PROGRESS |   available here:
2026-06-23 00:38:10 [INFO   ] PROGRESS |   PlacementHub Business Plan
2026-06-23 00:38:10 [INFO   ] PROGRESS |   For a Chartered Accountant firm, the relevance is mainly professional and strategic:
2026-06-23 00:38:10 [INFO   ] PROGRESS |   PlacementHub may require support across accounting, taxation, compliance, payroll, investor documentation, audit, and related professional services.
2026-06-23 00:38:10 [INFO   ] PROGRESS |   I would naturally be pleased to consider and prioritize firms that support PlacementHub during its early growth phase, subject to suitability and mutual agreement.
2026-06-23 00:38:10 [INFO   ] PROGRESS |   The relationship can begin with a simple review of the investment note and, where appropriate, introductions to suitable investor clients.
2026-06-23 00:38:10 [INFO   ] PROGRESS |   If the opportunity is worth a look, I would be happy to send the note and speak briefly about the round,
2026-06-23 00:38:10 [INFO   ] PROGRESS |   the platform, and the type of strategic investors we are looking for.
2026-06-23 00:38:10 [INFO   ] PROGRESS |   Please reply to this email or call me if you would like to explore it.
2026-06-23 00:38:10 [INFO   ] PROGRESS |   Warm Regards,
2026-06-23 00:38:10 [INFO   ] PROGRESS |   Sandeep Jain
2026-06-23 00:38:10 [INFO   ] PROGRESS |   Founder, PlacementHub
2026-06-23 00:38:10 [INFO   ] PROGRESS |   +91-9860090620
2026-06-23 00:38:10 [INFO   ] PROGRESS |   sandeepjain200019@gmail.com
2026-06-23 00:38:10 [INFO   ] PROGRESS |   Detailed Profile
2026-06-23 00:38:10 [INFO   ] PROGRESS |   Detailed Note on Funding Requirement
2026-06-23 00:38:10 [INFO   ] --------------------------------------------------------------
2026-06-23 00:38:10 [INFO   ] 
2026-06-23 00:38:10 [INFO   ] 
2026-06-23 00:38:10 [INFO   ] PROGRESS | Email preview — To: constitution date | Subject: PlacementHub pre-seed intro with BATTULL AND ASSOCIATES LLP
2026-06-23 00:38:11 [ERROR  ] Brevo send failed for constitution date: Brevo API send failed for constitution date: (400)
Reason: Bad Request
HTTP response headers: HTTPHeaderDict({'Date': 'Mon, 22 Jun 2026 19:08:11 GMT', 'Content-Type': 'application/json', 'Content-Length': '66', 'Connection': 'keep-alive', 'CF-RAY': 'a0fd8a4a09d0f0f4-CDG', 'x-envoy-upstream-service-time': '15', 'access-control-allow-credentials': 'true', 'sib-request-id': '1634ab7d-f25c-9a42-b9c3-0cacc2627de6', 'access-control-allow-origin': '*', 'access-control-allow-headers': '*', 'access-control-allow-methods': 'PUT, POST, GET, DELETE, PATCH, OPTIONS', 'x-sib-ratelimit-limit': '1000', 'x-sib-ratelimit-remaining': '999', 'x-sib-ratelimit-reset': '1', 'cf-cache-status': 'DYNAMIC', 'Set-Cookie': '_cfuvid=WVrjWUcBm_71JOGMHZY7sRSiNLq4a3ZT1zonT0hTsT8-1782155291239-0.0.1.1-604800000; path=/; domain=.sendinblue.com; HttpOnly; Secure; SameSite=None', 'Server': 'cloudflare'})
HTTP response body: {"code":"invalid_parameter","message":"email is not valid in to"}


2026-06-23 00:38:11 [INFO   ] PROGRESS | Send 1/50 | FAILED | constitution date | BATTULL AND ASSOCIATES LLP [Chartered Accountants & Company Secretaries] | ok=0 fail=1 skip=0
2026-06-23 00:38:11 [INFO   ] PROGRESS | Send 2/50 | SENDING | constitution date | BATTULL AND ASSOCIATES LLP [Chartered Accountants & Company Secretaries] | ok=0 fail=1 skip=0
2026-06-23 00:38:13 [INFO   ] --------------------------------------------------------------
2026-06-23 00:38:13 [INFO   ] PROGRESS | Email content — To: constitution date
2026-06-23 00:38:13 [INFO   ] PROGRESS | Subject: PlacementHub pre-seed intro with BATTULL AND ASSOCIATES LLP
2026-06-23 00:38:13 [INFO   ] PROGRESS | Body:
2026-06-23 00:38:13 [INFO   ] PROGRESS |   Dear Sir/Madam,
2026-06-23 00:38:13 [INFO   ] PROGRESS |   I am reaching out to introduce PlacementHub and explore whether any of your investor, entrepreneur, or
2026-06-23 00:38:13 [INFO   ] PROGRESS |   HNI clients may be open to reviewing a strategic seed opportunity.
2026-06-23 00:38:13 [INFO   ] PROGRESS |   My name is Sandeep Jain. PlacementHub is currently in its pre-seed fundraising stage, and I am
2026-06-23 00:38:13 [INFO   ] PROGRESS |   soliciting strategic seed investment for the same. PlacementHub is a campus placement and employability
2026-06-23 00:38:13 [INFO   ] PROGRESS |   platform connecting students, colleges, and recruiters. The product is built and in early
2026-06-23 00:38:13 [INFO   ] PROGRESS |   commercialization.
2026-06-23 00:38:13 [INFO   ] PROGRESS |   For reference, the detailed business plan, including the business model and go-to-market strategies, is
2026-06-23 00:38:13 [INFO   ] PROGRESS |   available here:
2026-06-23 00:38:13 [INFO   ] PROGRESS |   PlacementHub Business Plan
2026-06-23 00:38:13 [INFO   ] PROGRESS |   For a Chartered Accountant firm, the relevance is mainly professional and strategic:
2026-06-23 00:38:13 [INFO   ] PROGRESS |   PlacementHub may require support across accounting, taxation, compliance, payroll, investor documentation, audit, and related professional services.
2026-06-23 00:38:13 [INFO   ] PROGRESS |   I would naturally be pleased to consider and prioritize firms that support PlacementHub during its early growth phase, subject to suitability and mutual agreement.
2026-06-23 00:38:13 [INFO   ] PROGRESS |   The relationship can begin with a simple review of the investment note and, where appropriate, introductions to suitable investor clients.
2026-06-23 00:38:13 [INFO   ] PROGRESS |   If the opportunity is worth a look, I would be happy to send the note and speak briefly about the round,
2026-06-23 00:38:13 [INFO   ] PROGRESS |   the platform, and the type of strategic investors we are looking for.
2026-06-23 00:38:13 [INFO   ] PROGRESS |   Please reply to this email or call me if you would like to explore it.
2026-06-23 00:38:13 [INFO   ] PROGRESS |   Warm Regards,
2026-06-23 00:38:13 [INFO   ] PROGRESS |   Sandeep Jain
2026-06-23 00:38:13 [INFO   ] PROGRESS |   Founder, PlacementHub
2026-06-23 00:38:13 [INFO   ] PROGRESS |   +91-9860090620
2026-06-23 00:38:13 [INFO   ] PROGRESS |   sandeepjain200019@gmail.com
2026-06-23 00:38:13 [INFO   ] PROGRESS |   Detailed Profile
2026-06-23 00:38:13 [INFO   ] PROGRESS |   Detailed Note on Funding Requirement
2026-06-23 00:38:13 [INFO   ] --------------------------------------------------------------
2026-06-23 00:38:13 [INFO   ] 
2026-06-23 00:38:13 [INFO   ] 
2026-06-23 00:38:13 [INFO   ] PROGRESS | Email preview — To: constitution date | Subject: PlacementHub pre-seed intro with BATTULL AND ASSOCIATES LLP
2026-06-23 00:38:14 [ERROR  ] Brevo send failed for constitution date: Brevo API send failed for constitution date: (400)
Reason: Bad Request
HTTP response headers: HTTPHeaderDict({'Date': 'Mon, 22 Jun 2026 19:08:13 GMT', 'Content-Type': 'application/json', 'Content-Length': '66', 'Connection': 'keep-alive', 'CF-RAY': 'a0fd8a58483303f5-CDG', 'x-envoy-upstream-service-time': '17', 'access-control-allow-credentials': 'true', 'sib-request-id': 'a8b14088-1649-92c0-b544-a8ab6ceca55b', 'access-control-allow-origin': '*', 'access-control-allow-headers': '*', 'access-control-allow-methods': 'PUT, POST, GET, DELETE, PATCH, OPTIONS', 'x-sib-ratelimit-limit': '1000', 'x-sib-ratelimit-remaining': '999', 'x-sib-ratelimit-reset': '1', 'cf-cache-status': 'DYNAMIC', 'Set-Cookie': '_cfuvid=CyS2KTVgGvg9Sye0bJzxQNs_FOOhIiiXLWKhm5tGZoA-1782155293831-0.0.1.1-604800000; path=/; domain=.sendinblue.com; HttpOnly; Secure; SameSite=None', 'Server': 'cloudflare'})
HTTP response body: {"code":"invalid_parameter","message":"email is not valid in to"}


2026-06-23 00:38:14 [INFO   ] PROGRESS | Send 2/50 | FAILED | constitution date | BATTULL AND ASSOCIATES LLP [Chartered Accountants & Company Secretaries] | ok=0 fail=2 skip=0
2026-06-23 00:38:14 [INFO   ] PROGRESS | Send 3/50 | SENDING | sohailkagalwala@yahoo.co.in | SOHAIL SALIM KAGALWALA [Chartered Accountants & Company Secretaries] | ok=0 fail=2 skip=0
2026-06-23 00:38:28 [INFO   ] --------------------------------------------------------------
2026-06-23 00:38:28 [INFO   ] PROGRESS | Email content — To: sohailkagalwala@yahoo.co.in
2026-06-23 00:38:28 [INFO   ] PROGRESS | Subject: PlacementHub pre-seed intro with SOHAIL SALIM KAGALWALA
2026-06-23 00:38:28 [INFO   ] PROGRESS | Body:
2026-06-23 00:38:28 [INFO   ] PROGRESS |   Dear Sir/Madam,
2026-06-23 00:38:28 [INFO   ] PROGRESS |   I am reaching out to introduce PlacementHub and explore whether any of your investor, entrepreneur, or
2026-06-23 00:38:28 [INFO   ] PROGRESS |   HNI clients may be open to reviewing a strategic seed opportunity.
2026-06-23 00:38:28 [INFO   ] PROGRESS |   My name is Sandeep Jain. PlacementHub is currently in its pre-seed fundraising stage, and I am
2026-06-23 00:38:28 [INFO   ] PROGRESS |   soliciting strategic seed investment for the same. PlacementHub is a campus placement and employability
2026-06-23 00:38:28 [INFO   ] PROGRESS |   platform connecting students, colleges, and recruiters. The product is built and in early
2026-06-23 00:38:28 [INFO   ] PROGRESS |   commercialization.
2026-06-23 00:38:28 [INFO   ] PROGRESS |   For reference, the detailed business plan, including the business model and go-to-market strategies, is
2026-06-23 00:38:28 [INFO   ] PROGRESS |   available here:
2026-06-23 00:38:28 [INFO   ] PROGRESS |   PlacementHub Business Plan
2026-06-23 00:38:28 [INFO   ] PROGRESS |   For a Chartered Accountant firm, the relevance is mainly professional and strategic:
2026-06-23 00:38:28 [INFO   ] PROGRESS |   PlacementHub may require support across accounting, taxation, compliance, payroll, investor documentation, audit, and related professional services.
2026-06-23 00:38:28 [INFO   ] PROGRESS |   I would naturally be pleased to consider and prioritize firms that support PlacementHub during its early growth phase, subject to suitability and mutual agreement.
2026-06-23 00:38:28 [INFO   ] PROGRESS |   The relationship can begin with a simple review of the investment note and, where appropriate, introductions to suitable investor clients.
2026-06-23 00:38:28 [INFO   ] PROGRESS |   If the opportunity is worth a look, I would be happy to send the note and speak briefly about the round,
2026-06-23 00:38:28 [INFO   ] PROGRESS |   the platform, and the type of strategic investors we are looking for.
2026-06-23 00:38:28 [INFO   ] PROGRESS |   Please reply to this email or call me if you would like to explore it.
2026-06-23 00:38:28 [INFO   ] PROGRESS |   Warm Regards,
2026-06-23 00:38:28 [INFO   ] PROGRESS |   Sandeep Jain
2026-06-23 00:38:28 [INFO   ] PROGRESS |   Founder, PlacementHub
2026-06-23 00:38:28 [INFO   ] PROGRESS |   +91-9860090620
2026-06-23 00:38:28 [INFO   ] PROGRESS |   sandeepjain200019@gmail.com
2026-06-23 00:38:28 [INFO   ] PROGRESS |   Detailed Profile
2026-06-23 00:38:28 [INFO   ] PROGRESS |   Detailed Note on Funding Requirement
2026-06-23 00:38:28 [INFO   ] --------------------------------------------------------------
2026-06-23 00:38:28 [INFO   ] 
2026-06-23 00:38:28 [INFO   ] 
2026-06-23 00:38:28 [INFO   ] PROGRESS | Email preview — To: sohailkagalwala@yahoo.co.in | Subject: PlacementHub pre-seed intro with SOHAIL SALIM KAGALWALA
2026-06-23 00:38:29 [INFO   ] SENT (Brevo) -> sohailkagalwala@yahoo.co.in (SOHAIL SALIM KAGALWALA) | PlacementHub pre-seed intro with SOHAIL SALIM KAGALWALA | messageId=<202606221908.11705873311@smtp-relay.mailin.fr> (API accepted; run audit-brevo to confirm delivery)
2026-06-23 00:38:29 [INFO   ] Sleeping for 10 seconds
2026-06-23 00:38:39 [INFO   ] PROGRESS | Send 3/50 | SENT | sohailkagalwala@yahoo.co.in | SOHAIL SALIM KAGALWALA [Chartered Accountants & Company Secretaries] | ok=1 fail=2 skip=0
2026-06-23 00:38:39 [INFO   ] PROGRESS | Send 4/50 | SENDING | atulpithadia55@gmail.com | ATUL NARENDRAKUMAR PITHADIA [Chartered Accountants & Company Secretaries] | ok=1 fail=2 skip=0
2026-06-23 00:38:40 [INFO   ] --------------------------------------------------------------
2026-06-23 00:38:40 [INFO   ] PROGRESS | Email content — To: atulpithadia55@gmail.com
2026-06-23 00:38:40 [INFO   ] PROGRESS | Subject: PlacementHub pre-seed intro with ATUL NARENDRAKUMAR PITHADIA
2026-06-23 00:38:40 [INFO   ] PROGRESS | Body:
2026-06-23 00:38:40 [INFO   ] PROGRESS |   Dear Sir/Madam,
2026-06-23 00:38:40 [INFO   ] PROGRESS |   I am reaching out to introduce PlacementHub and explore whether any of your investor, entrepreneur, or
2026-06-23 00:38:40 [INFO   ] PROGRESS |   HNI clients may be open to reviewing a strategic seed opportunity.
2026-06-23 00:38:40 [INFO   ] PROGRESS |   My name is Sandeep Jain. PlacementHub is currently in its pre-seed fundraising stage, and I am
2026-06-23 00:38:40 [INFO   ] PROGRESS |   soliciting strategic seed investment for the same. PlacementHub is a campus placement and employability
2026-06-23 00:38:40 [INFO   ] PROGRESS |   platform connecting students, colleges, and recruiters. The product is built and in early
2026-06-23 00:38:40 [INFO   ] PROGRESS |   commercialization.
2026-06-23 00:38:40 [INFO   ] PROGRESS |   For reference, the detailed business plan, including the business model and go-to-market strategies, is
2026-06-23 00:38:40 [INFO   ] PROGRESS |   available here:
2026-06-23 00:38:40 [INFO   ] PROGRESS |   PlacementHub Business Plan
2026-06-23 00:38:40 [INFO   ] PROGRESS |   For a Chartered Accountant firm, the relevance is mainly professional and strategic:
2026-06-23 00:38:40 [INFO   ] PROGRESS |   PlacementHub may require support across accounting, taxation, compliance, payroll, investor documentation, audit, and related professional services.
2026-06-23 00:38:40 [INFO   ] PROGRESS |   I would naturally be pleased to consider and prioritize firms that support PlacementHub during its early growth phase, subject to suitability and mutual agreement.
2026-06-23 00:38:40 [INFO   ] PROGRESS |   The relationship can begin with a simple review of the investment note and, where appropriate, introductions to suitable investor clients.
2026-06-23 00:38:40 [INFO   ] PROGRESS |   If the opportunity is worth a look, I would be happy to send the note and speak briefly about the round,
2026-06-23 00:38:40 [INFO   ] PROGRESS |   the platform, and the type of strategic investors we are looking for.
2026-06-23 00:38:40 [INFO   ] PROGRESS |   Please reply to this email or call me if you would like to explore it.
2026-06-23 00:38:40 [INFO   ] PROGRESS |   Warm Regards,
2026-06-23 00:38:40 [INFO   ] PROGRESS |   Sandeep Jain
2026-06-23 00:38:40 [INFO   ] PROGRESS |   Founder, PlacementHub
2026-06-23 00:38:40 [INFO   ] PROGRESS |   +91-9860090620
2026-06-23 00:38:40 [INFO   ] PROGRESS |   sandeepjain200019@gmail.com
2026-06-23 00:38:40 [INFO   ] PROGRESS |   Detailed Profile
2026-06-23 00:38:40 [INFO   ] PROGRESS |   Detailed Note on Funding Requirement
2026-06-23 00:38:40 [INFO   ] --------------------------------------------------------------
2026-06-23 00:38:40 [INFO   ] 
2026-06-23 00:38:40 [INFO   ] 
2026-06-23 00:38:40 [INFO   ] PROGRESS | Email preview — To: atulpithadia55@gmail.com | Subject: PlacementHub pre-seed intro with ATUL NARENDRAKUMAR PITHADIA
2026-06-23 00:38:42 [INFO   ] SENT (Brevo) -> atulpithadia55@gmail.com (ATUL NARENDRAKUMAR PITHADIA) | PlacementHub pre-seed intro with ATUL NARENDRAKUMAR PITHADIA | messageId=<202606221908.60576400283@smtp-relay.mailin.fr> (API accepted; run audit-brevo to confirm delivery)
2026-06-23 00:38:42 [INFO   ] Sleeping for 10 seconds
2026-06-23 00:38:52 [INFO   ] PROGRESS | Send 4/50 | SENT | atulpithadia55@gmail.com | ATUL NARENDRAKUMAR PITHADIA [Chartered Accountants & Company Secretaries] | ok=2 fail=2 skip=0
2026-06-23 00:38:52 [INFO   ] PROGRESS | Send 5/50 | SENDING | guptaabhishek282@gmail.com | ABHISHEK GUPTA [Chartered Accountants & Company Secretaries] | ok=2 fail=2 skip=0
2026-06-23 00:39:21 [INFO   ] --------------------------------------------------------------
2026-06-23 00:39:21 [INFO   ] PROGRESS | Email content — To: guptaabhishek282@gmail.com
2026-06-23 00:39:21 [INFO   ] PROGRESS | Subject: PlacementHub pre-seed intro with ABHISHEK GUPTA
2026-06-23 00:39:21 [INFO   ] PROGRESS | Body:
2026-06-23 00:39:21 [INFO   ] PROGRESS |   Dear Sir/Madam,
2026-06-23 00:39:21 [INFO   ] PROGRESS |   I am reaching out to introduce PlacementHub and explore whether any of your investor, entrepreneur, or
2026-06-23 00:39:21 [INFO   ] PROGRESS |   HNI clients may be open to reviewing a strategic seed opportunity.
2026-06-23 00:39:21 [INFO   ] PROGRESS |   My name is Sandeep Jain. PlacementHub is currently in its pre-seed fundraising stage, and I am
2026-06-23 00:39:21 [INFO   ] PROGRESS |   soliciting strategic seed investment for the same. PlacementHub is a campus placement and employability
2026-06-23 00:39:21 [INFO   ] PROGRESS |   platform connecting students, colleges, and recruiters. The product is built and in early
2026-06-23 00:39:21 [INFO   ] PROGRESS |   commercialization.
2026-06-23 00:39:21 [INFO   ] PROGRESS |   For reference, the detailed business plan, including the business model and go-to-market strategies, is
2026-06-23 00:39:21 [INFO   ] PROGRESS |   available here:
2026-06-23 00:39:21 [INFO   ] PROGRESS |   PlacementHub Business Plan
2026-06-23 00:39:21 [INFO   ] PROGRESS |   For a Chartered Accountant firm, the relevance is mainly professional and strategic:
2026-06-23 00:39:21 [INFO   ] PROGRESS |   PlacementHub may require support across accounting, taxation, compliance, payroll, investor documentation, audit, and related professional services.
2026-06-23 00:39:21 [INFO   ] PROGRESS |   I would naturally be pleased to consider and prioritize firms that support PlacementHub during its early growth phase, subject to suitability and mutual agreement.
2026-06-23 00:39:21 [INFO   ] PROGRESS |   The relationship can begin with a simple review of the investment note and, where appropriate, introductions to suitable investor clients.
2026-06-23 00:39:21 [INFO   ] PROGRESS |   If the opportunity is worth a look, I would be happy to send the note and speak briefly about the round,
2026-06-23 00:39:21 [INFO   ] PROGRESS |   the platform, and the type of strategic investors we are looking for.
2026-06-23 00:39:21 [INFO   ] PROGRESS |   Please reply to this email or call me if you would like to explore it.
2026-06-23 00:39:21 [INFO   ] PROGRESS |   Warm Regards,
2026-06-23 00:39:21 [INFO   ] PROGRESS |   Sandeep Jain
2026-06-23 00:39:21 [INFO   ] PROGRESS |   Founder, PlacementHub
2026-06-23 00:39:21 [INFO   ] PROGRESS |   +91-9860090620
2026-06-23 00:39:21 [INFO   ] PROGRESS |   sandeepjain200019@gmail.com
2026-06-23 00:39:21 [INFO   ] PROGRESS |   Detailed Profile
2026-06-23 00:39:21 [INFO   ] PROGRESS |   Detailed Note on Funding Requirement
2026-06-23 00:39:21 [INFO   ] --------------------------------------------------------------
2026-06-23 00:39:21 [INFO   ] 
2026-06-23 00:39:21 [INFO   ] 
2026-06-23 00:39:21 [INFO   ] PROGRESS | Email preview — To: guptaabhishek282@gmail.com | Subject: PlacementHub pre-seed intro with ABHISHEK GUPTA
2026-06-23 00:39:22 [INFO   ] SENT (Brevo) -> guptaabhishek282@gmail.com (ABHISHEK GUPTA) | PlacementHub pre-seed intro with ABHISHEK GUPTA | messageId=<202606221909.68566215229@smtp-relay.mailin.fr> (API accepted; run audit-brevo to confirm delivery)
2026-06-23 00:39:22 [INFO   ] Sleeping for 10 seconds
2026-06-23 00:39:32 [INFO   ] PROGRESS | Send 5/50 | SENT | guptaabhishek282@gmail.com | ABHISHEK GUPTA [Chartered Accountants & Company Secretaries] | ok=3 fail=2 skip=0
2026-06-23 00:39:32 [INFO   ] PROGRESS | Send 6/50 | SENDING | rakesh_daftary@rediffmail.com | RAKESH ROHITBHAI DAFTARY [Chartered Accountants & Company Secretaries] | ok=3 fail=2 skip=0
2026-06-23 00:39:34 [INFO   ] --------------------------------------------------------------
2026-06-23 00:39:34 [INFO   ] PROGRESS | Email content — To: rakesh_daftary@rediffmail.com
2026-06-23 00:39:34 [INFO   ] PROGRESS | Subject: PlacementHub pre-seed intro with RAKESH ROHITBHAI DAFTARY
2026-06-23 00:39:34 [INFO   ] PROGRESS | Body:
2026-06-23 00:39:34 [INFO   ] PROGRESS |   Dear Sir/Madam,
2026-06-23 00:39:34 [INFO   ] PROGRESS |   I am reaching out to introduce PlacementHub and explore whether any of your investor, entrepreneur, or
2026-06-23 00:39:34 [INFO   ] PROGRESS |   HNI clients may be open to reviewing a strategic seed opportunity.
2026-06-23 00:39:34 [INFO   ] PROGRESS |   My name is Sandeep Jain. PlacementHub is currently in its pre-seed fundraising stage, and I am
2026-06-23 00:39:34 [INFO   ] PROGRESS |   soliciting strategic seed investment for the same. PlacementHub is a campus placement and employability
2026-06-23 00:39:34 [INFO   ] PROGRESS |   platform connecting students, colleges, and recruiters. The product is built and in early
2026-06-23 00:39:34 [INFO   ] PROGRESS |   commercialization.
2026-06-23 00:39:34 [INFO   ] PROGRESS |   For reference, the detailed business plan, including the business model and go-to-market strategies, is
2026-06-23 00:39:34 [INFO   ] PROGRESS |   available here:
2026-06-23 00:39:34 [INFO   ] PROGRESS |   PlacementHub Business Plan
2026-06-23 00:39:34 [INFO   ] PROGRESS |   For a Chartered Accountant firm, the relevance is mainly professional and strategic:
2026-06-23 00:39:34 [INFO   ] PROGRESS |   PlacementHub may require support across accounting, taxation, compliance, payroll, investor documentation, audit, and related professional services.
2026-06-23 00:39:34 [INFO   ] PROGRESS |   I would naturally be pleased to consider and prioritize firms that support PlacementHub during its early growth phase, subject to suitability and mutual agreement.
2026-06-23 00:39:34 [INFO   ] PROGRESS |   The relationship can begin with a simple review of the investment note and, where appropriate, introductions to suitable investor clients.
2026-06-23 00:39:34 [INFO   ] PROGRESS |   If the opportunity is worth a look, I would be happy to send the note and speak briefly about the round,
2026-06-23 00:39:34 [INFO   ] PROGRESS |   the platform, and the type of strategic investors we are looking for.
2026-06-23 00:39:34 [INFO   ] PROGRESS |   Please reply to this email or call me if you would like to explore it.
2026-06-23 00:39:34 [INFO   ] PROGRESS |   Warm Regards,
2026-06-23 00:39:34 [INFO   ] PROGRESS |   Sandeep Jain
2026-06-23 00:39:34 [INFO   ] PROGRESS |   Founder, PlacementHub
2026-06-23 00:39:34 [INFO   ] PROGRESS |   +91-9860090620
2026-06-23 00:39:34 [INFO   ] PROGRESS |   sandeepjain200019@gmail.com
2026-06-23 00:39:34 [INFO   ] PROGRESS |   Detailed Profile
2026-06-23 00:39:34 [INFO   ] PROGRESS |   Detailed Note on Funding Requirement
2026-06-23 00:39:34 [INFO   ] --------------------------------------------------------------
2026-06-23 00:39:34 [INFO   ] 
2026-06-23 00:39:34 [INFO   ] 
2026-06-23 00:39:34 [INFO   ] PROGRESS | Email preview — To: rakesh_daftary@rediffmail.com | Subject: PlacementHub pre-seed intro with RAKESH ROHITBHAI DAFTARY
2026-06-23 00:39:35 [INFO   ] SENT (Brevo) -> rakesh_daftary@rediffmail.com (RAKESH ROHITBHAI DAFTARY) | PlacementHub pre-seed intro with RAKESH ROHITBHAI DAFTARY | messageId=<202606221909.45982196898@smtp-relay.mailin.fr> (API accepted; run audit-brevo to confirm delivery)
2026-06-23 00:39:35 [INFO   ] Sleeping for 10 seconds
2026-06-23 00:39:45 [INFO   ] PROGRESS | Send 6/50 | SENT | rakesh_daftary@rediffmail.com | RAKESH ROHITBHAI DAFTARY [Chartered Accountants & Company Secretaries] | ok=4 fail=2 skip=0
2026-06-23 00:39:45 [INFO   ] PROGRESS | Send 7/50 | SENDING | hanifusman@yahoo.com | HANIF FAROOK USMAN [Chartered Accountants & Company Secretaries] | ok=4 fail=2 skip=0
2026-06-23 00:39:46 [INFO   ] --------------------------------------------------------------
2026-06-23 00:39:46 [INFO   ] PROGRESS | Email content — To: hanifusman@yahoo.com
2026-06-23 00:39:46 [INFO   ] PROGRESS | Subject: PlacementHub pre-seed intro with HANIF FAROOK USMAN
2026-06-23 00:39:46 [INFO   ] PROGRESS | Body:
2026-06-23 00:39:46 [INFO   ] PROGRESS |   Dear Sir/Madam,
2026-06-23 00:39:46 [INFO   ] PROGRESS |   I am reaching out to introduce PlacementHub and explore whether any of your investor, entrepreneur, or
2026-06-23 00:39:46 [INFO   ] PROGRESS |   HNI clients may be open to reviewing a strategic seed opportunity.
2026-06-23 00:39:46 [INFO   ] PROGRESS |   My name is Sandeep Jain. PlacementHub is currently in its pre-seed fundraising stage, and I am
2026-06-23 00:39:46 [INFO   ] PROGRESS |   soliciting strategic seed investment for the same. PlacementHub is a campus placement and employability
2026-06-23 00:39:46 [INFO   ] PROGRESS |   platform connecting students, colleges, and recruiters. The product is built and in early
2026-06-23 00:39:46 [INFO   ] PROGRESS |   commercialization.
2026-06-23 00:39:46 [INFO   ] PROGRESS |   For reference, the detailed business plan, including the business model and go-to-market strategies, is
2026-06-23 00:39:46 [INFO   ] PROGRESS |   available here:
2026-06-23 00:39:46 [INFO   ] PROGRESS |   PlacementHub Business Plan
2026-06-23 00:39:46 [INFO   ] PROGRESS |   For a Chartered Accountant firm, the relevance is mainly professional and strategic:
2026-06-23 00:39:46 [INFO   ] PROGRESS |   PlacementHub may require support across accounting, taxation, compliance, payroll, investor documentation, audit, and related professional services.
2026-06-23 00:39:46 [INFO   ] PROGRESS |   I would naturally be pleased to consider and prioritize firms that support PlacementHub during its early growth phase, subject to suitability and mutual agreement.
2026-06-23 00:39:46 [INFO   ] PROGRESS |   The relationship can begin with a simple review of the investment note and, where appropriate, introductions to suitable investor clients.
2026-06-23 00:39:46 [INFO   ] PROGRESS |   If the opportunity is worth a look, I would be happy to send the note and speak briefly about the round,
2026-06-23 00:39:46 [INFO   ] PROGRESS |   the platform, and the type of strategic investors we are looking for.
2026-06-23 00:39:46 [INFO   ] PROGRESS |   Please reply to this email or call me if you would like to explore it.
2026-06-23 00:39:46 [INFO   ] PROGRESS |   Warm Regards,
2026-06-23 00:39:46 [INFO   ] PROGRESS |   Sandeep Jain
2026-06-23 00:39:46 [INFO   ] PROGRESS |   Founder, PlacementHub
2026-06-23 00:39:46 [INFO   ] PROGRESS |   +91-9860090620
2026-06-23 00:39:46 [INFO   ] PROGRESS |   sandeepjain200019@gmail.com
2026-06-23 00:39:46 [INFO   ] PROGRESS |   Detailed Profile
2026-06-23 00:39:46 [INFO   ] PROGRESS |   Detailed Note on Funding Requirement
2026-06-23 00:39:46 [INFO   ] --------------------------------------------------------------
2026-06-23 00:39:46 [INFO   ] 
2026-06-23 00:39:46 [INFO   ] 
2026-06-23 00:39:46 [INFO   ] PROGRESS | Email preview — To: hanifusman@yahoo.com | Subject: PlacementHub pre-seed intro with HANIF FAROOK USMAN
2026-06-23 00:39:47 [INFO   ] SENT (Brevo) -> hanifusman@yahoo.com (HANIF FAROOK USMAN) | PlacementHub pre-seed intro with HANIF FAROOK USMAN | messageId=<202606221909.36435080747@smtp-relay.mailin.fr> (API accepted; run audit-brevo to confirm delivery)
2026-06-23 00:39:47 [INFO   ] Sleeping for 10 seconds
2026-06-23 00:39:57 [INFO   ] PROGRESS | Send 7/50 | SENT | hanifusman@yahoo.com | HANIF FAROOK USMAN [Chartered Accountants & Company Secretaries] | ok=5 fail=2 skip=0
2026-06-23 00:39:57 [INFO   ] PROGRESS | Send 8/50 | SENDING | dubey.nagesh@gmail.com | DUBEY NAGESH KUMAR VIJAYNATH [Chartered Accountants & Company Secretaries] | ok=5 fail=2 skip=0
2026-06-23 00:40:19 [INFO   ] --------------------------------------------------------------
2026-06-23 00:40:19 [INFO   ] PROGRESS | Email content — To: dubey.nagesh@gmail.com
2026-06-23 00:40:19 [INFO   ] PROGRESS | Subject: PlacementHub pre-seed intro with DUBEY NAGESH KUMAR VIJAYNATH
2026-06-23 00:40:19 [INFO   ] PROGRESS | Body:
2026-06-23 00:40:19 [INFO   ] PROGRESS |   Dear Sir/Madam,
2026-06-23 00:40:19 [INFO   ] PROGRESS |   I am reaching out to introduce PlacementHub and explore whether any of your investor, entrepreneur, or
2026-06-23 00:40:19 [INFO   ] PROGRESS |   HNI clients may be open to reviewing a strategic seed opportunity.
2026-06-23 00:40:19 [INFO   ] PROGRESS |   My name is Sandeep Jain. PlacementHub is currently in its pre-seed fundraising stage, and I am
2026-06-23 00:40:19 [INFO   ] PROGRESS |   soliciting strategic seed investment for the same. PlacementHub is a campus placement and employability
2026-06-23 00:40:19 [INFO   ] PROGRESS |   platform connecting students, colleges, and recruiters. The product is built and in early
2026-06-23 00:40:19 [INFO   ] PROGRESS |   commercialization.
2026-06-23 00:40:19 [INFO   ] PROGRESS |   For reference, the detailed business plan, including the business model and go-to-market strategies, is
2026-06-23 00:40:19 [INFO   ] PROGRESS |   available here:
2026-06-23 00:40:19 [INFO   ] PROGRESS |   PlacementHub Business Plan
2026-06-23 00:40:19 [INFO   ] PROGRESS |   For a Chartered Accountant firm, the relevance is mainly professional and strategic:
2026-06-23 00:40:19 [INFO   ] PROGRESS |   PlacementHub may require support across accounting, taxation, compliance, payroll, investor documentation, audit, and related professional services.
2026-06-23 00:40:19 [INFO   ] PROGRESS |   I would naturally be pleased to consider and prioritize firms that support PlacementHub during its early growth phase, subject to suitability and mutual agreement.
2026-06-23 00:40:19 [INFO   ] PROGRESS |   The relationship can begin with a simple review of the investment note and, where appropriate, introductions to suitable investor clients.
2026-06-23 00:40:19 [INFO   ] PROGRESS |   If the opportunity is worth a look, I would be happy to send the note and speak briefly about the round,
2026-06-23 00:40:19 [INFO   ] PROGRESS |   the platform, and the type of strategic investors we are looking for.
2026-06-23 00:40:19 [INFO   ] PROGRESS |   Please reply to this email or call me if you would like to explore it.
2026-06-23 00:40:19 [INFO   ] PROGRESS |   Warm Regards,
2026-06-23 00:40:19 [INFO   ] PROGRESS |   Sandeep Jain
2026-06-23 00:40:19 [INFO   ] PROGRESS |   Founder, PlacementHub
2026-06-23 00:40:19 [INFO   ] PROGRESS |   +91-9860090620
2026-06-23 00:40:19 [INFO   ] PROGRESS |   sandeepjain200019@gmail.com
2026-06-23 00:40:19 [INFO   ] PROGRESS |   Detailed Profile
2026-06-23 00:40:19 [INFO   ] PROGRESS |   Detailed Note on Funding Requirement
2026-06-23 00:40:19 [INFO   ] --------------------------------------------------------------
2026-06-23 00:40:19 [INFO   ] 
2026-06-23 00:40:19 [INFO   ] 
2026-06-23 00:40:19 [INFO   ] PROGRESS | Email preview — To: dubey.nagesh@gmail.com | Subject: PlacementHub pre-seed intro with DUBEY NAGESH KUMAR VIJAYNATH
2026-06-23 00:40:21 [INFO   ] SENT (Brevo) -> dubey.nagesh@gmail.com (DUBEY NAGESH KUMAR VIJAYNATH) | PlacementHub pre-seed intro with DUBEY NAGESH KUMAR VIJAYNATH | messageId=<202606221910.67921720868@smtp-relay.mailin.fr> (API accepted; run audit-brevo to confirm delivery)
2026-06-23 00:40:21 [INFO   ] Sleeping for 10 seconds
2026-06-23 00:40:31 [INFO   ] PROGRESS | Send 8/50 | SENT | dubey.nagesh@gmail.com | DUBEY NAGESH KUMAR VIJAYNATH [Chartered Accountants & Company Secretaries] | ok=6 fail=2 skip=0
2026-06-23 00:40:31 [INFO   ] PROGRESS | Send 9/50 | SENDING | kdshahconsultancy@gmail.com | KEYUR DILIP SHAH [Chartered Accountants & Company Secretaries] | ok=6 fail=2 skip=0
2026-06-23 00:40:32 [INFO   ] --------------------------------------------------------------
2026-06-23 00:40:32 [INFO   ] PROGRESS | Email content — To: kdshahconsultancy@gmail.com
2026-06-23 00:40:32 [INFO   ] PROGRESS | Subject: PlacementHub pre-seed intro with KEYUR DILIP SHAH
2026-06-23 00:40:32 [INFO   ] PROGRESS | Body:
2026-06-23 00:40:32 [INFO   ] PROGRESS |   Dear Sir/Madam,
2026-06-23 00:40:32 [INFO   ] PROGRESS |   I am reaching out to introduce PlacementHub and explore whether any of your investor, entrepreneur, or
2026-06-23 00:40:32 [INFO   ] PROGRESS |   HNI clients may be open to reviewing a strategic seed opportunity.
2026-06-23 00:40:32 [INFO   ] PROGRESS |   My name is Sandeep Jain. PlacementHub is currently in its pre-seed fundraising stage, and I am
2026-06-23 00:40:32 [INFO   ] PROGRESS |   soliciting strategic seed investment for the same. PlacementHub is a campus placement and employability
2026-06-23 00:40:32 [INFO   ] PROGRESS |   platform connecting students, colleges, and recruiters. The product is built and in early
2026-06-23 00:40:32 [INFO   ] PROGRESS |   commercialization.
2026-06-23 00:40:32 [INFO   ] PROGRESS |   For reference, the detailed business plan, including the business model and go-to-market strategies, is
2026-06-23 00:40:32 [INFO   ] PROGRESS |   available here:
2026-06-23 00:40:32 [INFO   ] PROGRESS |   PlacementHub Business Plan
2026-06-23 00:40:32 [INFO   ] PROGRESS |   For a Chartered Accountant firm, the relevance is mainly professional and strategic:
2026-06-23 00:40:32 [INFO   ] PROGRESS |   PlacementHub may require support across accounting, taxation, compliance, payroll, investor documentation, audit, and related professional services.
2026-06-23 00:40:32 [INFO   ] PROGRESS |   I would naturally be pleased to consider and prioritize firms that support PlacementHub during its early growth phase, subject to suitability and mutual agreement.
2026-06-23 00:40:32 [INFO   ] PROGRESS |   The relationship can begin with a simple review of the investment note and, where appropriate, introductions to suitable investor clients.
2026-06-23 00:40:32 [INFO   ] PROGRESS |   If the opportunity is worth a look, I would be happy to send the note and speak briefly about the round,
2026-06-23 00:40:32 [INFO   ] PROGRESS |   the platform, and the type of strategic investors we are looking for.
2026-06-23 00:40:32 [INFO   ] PROGRESS |   Please reply to this email or call me if you would like to explore it.
2026-06-23 00:40:32 [INFO   ] PROGRESS |   Warm Regards,
2026-06-23 00:40:32 [INFO   ] PROGRESS |   Sandeep Jain
2026-06-23 00:40:32 [INFO   ] PROGRESS |   Founder, PlacementHub
2026-06-23 00:40:32 [INFO   ] PROGRESS |   +91-9860090620
2026-06-23 00:40:32 [INFO   ] PROGRESS |   sandeepjain200019@gmail.com
2026-06-23 00:40:32 [INFO   ] PROGRESS |   Detailed Profile
2026-06-23 00:40:32 [INFO   ] PROGRESS |   Detailed Note on Funding Requirement
2026-06-23 00:40:32 [INFO   ] --------------------------------------------------------------
2026-06-23 00:40:32 [INFO   ] 
2026-06-23 00:40:32 [INFO   ] 
2026-06-23 00:40:32 [INFO   ] PROGRESS | Email preview — To: kdshahconsultancy@gmail.com | Subject: PlacementHub pre-seed intro with KEYUR DILIP SHAH
2026-06-23 00:40:33 [INFO   ] SENT (Brevo) -> kdshahconsultancy@gmail.com (KEYUR DILIP SHAH) | PlacementHub pre-seed intro with KEYUR DILIP SHAH | messageId=<202606221910.15534006353@smtp-relay.mailin.fr> (API accepted; run audit-brevo to confirm delivery)
2026-06-23 00:40:33 [INFO   ] Sleeping for 10 seconds
2026-06-23 00:40:43 [INFO   ] PROGRESS | Send 9/50 | SENT | kdshahconsultancy@gmail.com | KEYUR DILIP SHAH [Chartered Accountants & Company Secretaries] | ok=7 fail=2 skip=0
2026-06-23 00:40:43 [INFO   ] PROGRESS | Send 10/50 | SENDING | nim.8055@gmail.com | NIMESH ARVIND RAJPOPAT [Chartered Accountants & Company Secretaries] | ok=7 fail=2 skip=0
2026-06-23 00:40:58 [INFO   ] --------------------------------------------------------------
2026-06-23 00:40:58 [INFO   ] PROGRESS | Email content — To: nim.8055@gmail.com
2026-06-23 00:40:58 [INFO   ] PROGRESS | Subject: PlacementHub pre-seed intro with NIMESH ARVIND RAJPOPAT
2026-06-23 00:40:58 [INFO   ] PROGRESS | Body:
2026-06-23 00:40:58 [INFO   ] PROGRESS |   Dear Sir/Madam,
2026-06-23 00:40:58 [INFO   ] PROGRESS |   I am reaching out to introduce PlacementHub and explore whether any of your investor, entrepreneur, or
2026-06-23 00:40:58 [INFO   ] PROGRESS |   HNI clients may be open to reviewing a strategic seed opportunity.
2026-06-23 00:40:58 [INFO   ] PROGRESS |   My name is Sandeep Jain. PlacementHub is currently in its pre-seed fundraising stage, and I am
2026-06-23 00:40:58 [INFO   ] PROGRESS |   soliciting strategic seed investment for the same. PlacementHub is a campus placement and employability
2026-06-23 00:40:58 [INFO   ] PROGRESS |   platform connecting students, colleges, and recruiters. The product is built and in early
2026-06-23 00:40:58 [INFO   ] PROGRESS |   commercialization.
2026-06-23 00:40:58 [INFO   ] PROGRESS |   For reference, the detailed business plan, including the business model and go-to-market strategies, is
2026-06-23 00:40:58 [INFO   ] PROGRESS |   available here:
2026-06-23 00:40:58 [INFO   ] PROGRESS |   PlacementHub Business Plan
2026-06-23 00:40:58 [INFO   ] PROGRESS |   For a Chartered Accountant firm, the relevance is mainly professional and strategic:
2026-06-23 00:40:58 [INFO   ] PROGRESS |   PlacementHub may require support across accounting, taxation, compliance, payroll, investor documentation, audit, and related professional services.
2026-06-23 00:40:58 [INFO   ] PROGRESS |   I would naturally be pleased to consider and prioritize firms that support PlacementHub during its early growth phase, subject to suitability and mutual agreement.
2026-06-23 00:40:58 [INFO   ] PROGRESS |   The relationship can begin with a simple review of the investment note and, where appropriate, introductions to suitable investor clients.
2026-06-23 00:40:58 [INFO   ] PROGRESS |   If the opportunity is worth a look, I would be happy to send the note and speak briefly about the round,
2026-06-23 00:40:58 [INFO   ] PROGRESS |   the platform, and the type of strategic investors we are looking for.
2026-06-23 00:40:58 [INFO   ] PROGRESS |   Please reply to this email or call me if you would like to explore it.
2026-06-23 00:40:58 [INFO   ] PROGRESS |   Warm Regards,
2026-06-23 00:40:58 [INFO   ] PROGRESS |   Sandeep Jain
2026-06-23 00:40:58 [INFO   ] PROGRESS |   Founder, PlacementHub
2026-06-23 00:40:58 [INFO   ] PROGRESS |   +91-9860090620
2026-06-23 00:40:58 [INFO   ] PROGRESS |   sandeepjain200019@gmail.com
2026-06-23 00:40:58 [INFO   ] PROGRESS |   Detailed Profile
2026-06-23 00:40:58 [INFO   ] PROGRESS |   Detailed Note on Funding Requirement
2026-06-23 00:40:58 [INFO   ] --------------------------------------------------------------
2026-06-23 00:40:58 [INFO   ] 
2026-06-23 00:40:58 [INFO   ] 
2026-06-23 00:40:58 [INFO   ] PROGRESS | Email preview — To: nim.8055@gmail.com | Subject: PlacementHub pre-seed intro with NIMESH ARVIND RAJPOPAT
2026-06-23 00:40:59 [INFO   ] SENT (Brevo) -> nim.8055@gmail.com (NIMESH ARVIND RAJPOPAT) | PlacementHub pre-seed intro with NIMESH ARVIND RAJPOPAT | messageId=<202606221910.11592183687@smtp-relay.mailin.fr> (API accepted; run audit-brevo to confirm delivery)
2026-06-23 00:40:59 [INFO   ] Sleeping for 10 seconds
2026-06-23 00:41:09 [INFO   ] PROGRESS | Send 10/50 | SENT | nim.8055@gmail.com | NIMESH ARVIND RAJPOPAT [Chartered Accountants & Company Secretaries] | ok=8 fail=2 skip=0
2026-06-23 00:41:09 [INFO   ] PROGRESS | Send 11/50 | SENDING | shahekta528@gmail.com | EKTA BHARAT SHAH [Chartered Accountants & Company Secretaries] | ok=8 fail=2 skip=0
2026-06-23 00:41:10 [INFO   ] --------------------------------------------------------------
2026-06-23 00:41:10 [INFO   ] PROGRESS | Email content — To: shahekta528@gmail.com
2026-06-23 00:41:10 [INFO   ] PROGRESS | Subject: PlacementHub pre-seed intro with EKTA BHARAT SHAH
2026-06-23 00:41:10 [INFO   ] PROGRESS | Body:
2026-06-23 00:41:10 [INFO   ] PROGRESS |   Dear Sir/Madam,
2026-06-23 00:41:10 [INFO   ] PROGRESS |   I am reaching out to introduce PlacementHub and explore whether any of your investor, entrepreneur, or
2026-06-23 00:41:10 [INFO   ] PROGRESS |   HNI clients may be open to reviewing a strategic seed opportunity.
2026-06-23 00:41:10 [INFO   ] PROGRESS |   My name is Sandeep Jain. PlacementHub is currently in its pre-seed fundraising stage, and I am
2026-06-23 00:41:10 [INFO   ] PROGRESS |   soliciting strategic seed investment for the same. PlacementHub is a campus placement and employability
2026-06-23 00:41:10 [INFO   ] PROGRESS |   platform connecting students, colleges, and recruiters. The product is built and in early
2026-06-23 00:41:10 [INFO   ] PROGRESS |   commercialization.
2026-06-23 00:41:10 [INFO   ] PROGRESS |   For reference, the detailed business plan, including the business model and go-to-market strategies, is
2026-06-23 00:41:10 [INFO   ] PROGRESS |   available here:
2026-06-23 00:41:10 [INFO   ] PROGRESS |   PlacementHub Business Plan
2026-06-23 00:41:10 [INFO   ] PROGRESS |   For a Chartered Accountant firm, the relevance is mainly professional and strategic:
2026-06-23 00:41:10 [INFO   ] PROGRESS |   PlacementHub may require support across accounting, taxation, compliance, payroll, investor documentation, audit, and related professional services.
2026-06-23 00:41:10 [INFO   ] PROGRESS |   I would naturally be pleased to consider and prioritize firms that support PlacementHub during its early growth phase, subject to suitability and mutual agreement.
2026-06-23 00:41:10 [INFO   ] PROGRESS |   The relationship can begin with a simple review of the investment note and, where appropriate, introductions to suitable investor clients.
2026-06-23 00:41:10 [INFO   ] PROGRESS |   If the opportunity is worth a look, I would be happy to send the note and speak briefly about the round,
2026-06-23 00:41:10 [INFO   ] PROGRESS |   the platform, and the type of strategic investors we are looking for.
2026-06-23 00:41:10 [INFO   ] PROGRESS |   Please reply to this email or call me if you would like to explore it.
2026-06-23 00:41:10 [INFO   ] PROGRESS |   Warm Regards,
2026-06-23 00:41:10 [INFO   ] PROGRESS |   Sandeep Jain
2026-06-23 00:41:10 [INFO   ] PROGRESS |   Founder, PlacementHub
2026-06-23 00:41:10 [INFO   ] PROGRESS |   +91-9860090620
2026-06-23 00:41:10 [INFO   ] PROGRESS |   sandeepjain200019@gmail.com
2026-06-23 00:41:10 [INFO   ] PROGRESS |   Detailed Profile
2026-06-23 00:41:10 [INFO   ] PROGRESS |   Detailed Note on Funding Requirement
2026-06-23 00:41:10 [INFO   ] --------------------------------------------------------------
2026-06-23 00:41:10 [INFO   ] 
2026-06-23 00:41:10 [INFO   ] 
2026-06-23 00:41:10 [INFO   ] PROGRESS | Email preview — To: shahekta528@gmail.com | Subject: PlacementHub pre-seed intro with EKTA BHARAT SHAH
2026-06-23 00:41:11 [INFO   ] SENT (Brevo) -> shahekta528@gmail.com (EKTA BHARAT SHAH) | PlacementHub pre-seed intro with EKTA BHARAT SHAH | messageId=<202606221911.17402234245@smtp-relay.mailin.fr> (API accepted; run audit-brevo to confirm delivery)
2026-06-23 00:41:11 [INFO   ] Sleeping for 10 seconds
2026-06-23 00:41:21 [INFO   ] PROGRESS | Send 11/50 | SENT | shahekta528@gmail.com | EKTA BHARAT SHAH [Chartered Accountants & Company Secretaries] | ok=9 fail=2 skip=0
2026-06-23 00:41:21 [INFO   ] PROGRESS | Send 12/50 | SENDING | caabhishekjain1117@gmail.com | ABHISHEK RAJENDRAKUMAR JAIN [Chartered Accountants & Company Secretaries] | ok=9 fail=2 skip=0
2026-06-23 00:41:24 [INFO   ] --------------------------------------------------------------
2026-06-23 00:41:24 [INFO   ] PROGRESS | Email content — To: caabhishekjain1117@gmail.com
2026-06-23 00:41:24 [INFO   ] PROGRESS | Subject: PlacementHub pre-seed intro with ABHISHEK RAJENDRAKUMAR JAIN
2026-06-23 00:41:24 [INFO   ] PROGRESS | Body:
2026-06-23 00:41:24 [INFO   ] PROGRESS |   Dear Sir/Madam,
2026-06-23 00:41:24 [INFO   ] PROGRESS |   I am reaching out to introduce PlacementHub and explore whether any of your investor, entrepreneur, or
2026-06-23 00:41:24 [INFO   ] PROGRESS |   HNI clients may be open to reviewing a strategic seed opportunity.
2026-06-23 00:41:24 [INFO   ] PROGRESS |   My name is Sandeep Jain. PlacementHub is currently in its pre-seed fundraising stage, and I am
2026-06-23 00:41:24 [INFO   ] PROGRESS |   soliciting strategic seed investment for the same. PlacementHub is a campus placement and employability
2026-06-23 00:41:24 [INFO   ] PROGRESS |   platform connecting students, colleges, and recruiters. The product is built and in early
2026-06-23 00:41:24 [INFO   ] PROGRESS |   commercialization.
2026-06-23 00:41:24 [INFO   ] PROGRESS |   For reference, the detailed business plan, including the business model and go-to-market strategies, is
2026-06-23 00:41:24 [INFO   ] PROGRESS |   available here:
2026-06-23 00:41:24 [INFO   ] PROGRESS |   PlacementHub Business Plan
2026-06-23 00:41:24 [INFO   ] PROGRESS |   For a Chartered Accountant firm, the relevance is mainly professional and strategic:
2026-06-23 00:41:24 [INFO   ] PROGRESS |   PlacementHub may require support across accounting, taxation, compliance, payroll, investor documentation, audit, and related professional services.
2026-06-23 00:41:24 [INFO   ] PROGRESS |   I would naturally be pleased to consider and prioritize firms that support PlacementHub during its early growth phase, subject to suitability and mutual agreement.
2026-06-23 00:41:24 [INFO   ] PROGRESS |   The relationship can begin with a simple review of the investment note and, where appropriate, introductions to suitable investor clients.
2026-06-23 00:41:24 [INFO   ] PROGRESS |   If the opportunity is worth a look, I would be happy to send the note and speak briefly about the round,
2026-06-23 00:41:24 [INFO   ] PROGRESS |   the platform, and the type of strategic investors we are looking for.
2026-06-23 00:41:24 [INFO   ] PROGRESS |   Please reply to this email or call me if you would like to explore it.
2026-06-23 00:41:24 [INFO   ] PROGRESS |   Warm Regards,
2026-06-23 00:41:24 [INFO   ] PROGRESS |   Sandeep Jain
2026-06-23 00:41:24 [INFO   ] PROGRESS |   Founder, PlacementHub
2026-06-23 00:41:24 [INFO   ] PROGRESS |   +91-9860090620
2026-06-23 00:41:24 [INFO   ] PROGRESS |   sandeepjain200019@gmail.com
2026-06-23 00:41:24 [INFO   ] PROGRESS |   Detailed Profile
2026-06-23 00:41:24 [INFO   ] PROGRESS |   Detailed Note on Funding Requirement
2026-06-23 00:41:24 [INFO   ] --------------------------------------------------------------
2026-06-23 00:41:24 [INFO   ] 
2026-06-23 00:41:24 [INFO   ] 
2026-06-23 00:41:24 [INFO   ] PROGRESS | Email preview — To: caabhishekjain1117@gmail.com | Subject: PlacementHub pre-seed intro with ABHISHEK RAJENDRAKUMAR JAIN
2026-06-23 00:41:25 [INFO   ] SENT (Brevo) -> caabhishekjain1117@gmail.com (ABHISHEK RAJENDRAKUMAR JAIN) | PlacementHub pre-seed intro with ABHISHEK RAJENDRAKUMAR JAIN | messageId=<202606221911.22920015007@smtp-relay.mailin.fr> (API accepted; run audit-brevo to confirm delivery)
2026-06-23 00:41:25 [INFO   ] Sleeping for 10 seconds
2026-06-23 00:41:35 [INFO   ] PROGRESS | Send 12/50 | SENT | caabhishekjain1117@gmail.com | ABHISHEK RAJENDRAKUMAR JAIN [Chartered Accountants & Company Secretaries] | ok=10 fail=2 skip=0
2026-06-23 00:41:35 [INFO   ] PROGRESS | Send 13/50 | SENDING | aditya.r.chaturvedi@gmail.com | ADITYA RAJESH CHATURVEDI [Chartered Accountants & Company Secretaries] | ok=10 fail=2 skip=0
2026-06-23 00:41:41 [INFO   ] --------------------------------------------------------------
2026-06-23 00:41:41 [INFO   ] PROGRESS | Email content — To: aditya.r.chaturvedi@gmail.com
2026-06-23 00:41:41 [INFO   ] PROGRESS | Subject: PlacementHub pre-seed intro with ADITYA RAJESH CHATURVEDI
2026-06-23 00:41:41 [INFO   ] PROGRESS | Body:
2026-06-23 00:41:41 [INFO   ] PROGRESS |   Dear Sir/Madam,
2026-06-23 00:41:41 [INFO   ] PROGRESS |   I am reaching out to introduce PlacementHub and explore whether any of your investor, entrepreneur, or
2026-06-23 00:41:41 [INFO   ] PROGRESS |   HNI clients may be open to reviewing a strategic seed opportunity.
2026-06-23 00:41:41 [INFO   ] PROGRESS |   My name is Sandeep Jain. PlacementHub is currently in its pre-seed fundraising stage, and I am
2026-06-23 00:41:41 [INFO   ] PROGRESS |   soliciting strategic seed investment for the same. PlacementHub is a campus placement and employability
2026-06-23 00:41:41 [INFO   ] PROGRESS |   platform connecting students, colleges, and recruiters. The product is built and in early
2026-06-23 00:41:41 [INFO   ] PROGRESS |   commercialization.
2026-06-23 00:41:41 [INFO   ] PROGRESS |   For reference, the detailed business plan, including the business model and go-to-market strategies, is
2026-06-23 00:41:41 [INFO   ] PROGRESS |   available here:
2026-06-23 00:41:41 [INFO   ] PROGRESS |   PlacementHub Business Plan
2026-06-23 00:41:41 [INFO   ] PROGRESS |   For a Chartered Accountant firm, the relevance is mainly professional and strategic:
2026-06-23 00:41:41 [INFO   ] PROGRESS |   PlacementHub may require support across accounting, taxation, compliance, payroll, investor documentation, audit, and related professional services.
2026-06-23 00:41:41 [INFO   ] PROGRESS |   I would naturally be pleased to consider and prioritize firms that support PlacementHub during its early growth phase, subject to suitability and mutual agreement.
2026-06-23 00:41:41 [INFO   ] PROGRESS |   The relationship can begin with a simple review of the investment note and, where appropriate, introductions to suitable investor clients.
2026-06-23 00:41:41 [INFO   ] PROGRESS |   If the opportunity is worth a look, I would be happy to send the note and speak briefly about the round,
2026-06-23 00:41:41 [INFO   ] PROGRESS |   the platform, and the type of strategic investors we are looking for.
2026-06-23 00:41:41 [INFO   ] PROGRESS |   Please reply to this email or call me if you would like to explore it.
2026-06-23 00:41:41 [INFO   ] PROGRESS |   Warm Regards,
2026-06-23 00:41:41 [INFO   ] PROGRESS |   Sandeep Jain
2026-06-23 00:41:41 [INFO   ] PROGRESS |   Founder, PlacementHub
2026-06-23 00:41:41 [INFO   ] PROGRESS |   +91-9860090620
2026-06-23 00:41:41 [INFO   ] PROGRESS |   sandeepjain200019@gmail.com
2026-06-23 00:41:41 [INFO   ] PROGRESS |   Detailed Profile
2026-06-23 00:41:41 [INFO   ] PROGRESS |   Detailed Note on Funding Requirement
2026-06-23 00:41:41 [INFO   ] --------------------------------------------------------------
2026-06-23 00:41:41 [INFO   ] 
2026-06-23 00:41:41 [INFO   ] 
2026-06-23 00:41:41 [INFO   ] PROGRESS | Email preview — To: aditya.r.chaturvedi@gmail.com | Subject: PlacementHub pre-seed intro with ADITYA RAJESH CHATURVEDI
2026-06-23 00:41:42 [INFO   ] SENT (Brevo) -> aditya.r.chaturvedi@gmail.com (ADITYA RAJESH CHATURVEDI) | PlacementHub pre-seed intro with ADITYA RAJESH CHATURVEDI | messageId=<202606221911.77678653733@smtp-relay.mailin.fr> (API accepted; run audit-brevo to confirm delivery)
2026-06-23 00:41:42 [INFO   ] Sleeping for 10 seconds
2026-06-23 00:41:52 [INFO   ] PROGRESS | Send 13/50 | SENT | aditya.r.chaturvedi@gmail.com | ADITYA RAJESH CHATURVEDI [Chartered Accountants & Company Secretaries] | ok=11 fail=2 skip=0
2026-06-23 00:41:52 [INFO   ] PROGRESS | Send 14/50 | SENDING | sgowadia@rediffmail.com | SANJEEV KUMAR GOWADIA [Chartered Accountants & Company Secretaries] | ok=11 fail=2 skip=0
2026-06-23 00:41:56 [INFO   ] --------------------------------------------------------------
2026-06-23 00:41:56 [INFO   ] PROGRESS | Email content — To: sgowadia@rediffmail.com
2026-06-23 00:41:56 [INFO   ] PROGRESS | Subject: PlacementHub pre-seed intro with SANJEEV KUMAR GOWADIA
2026-06-23 00:41:56 [INFO   ] PROGRESS | Body:
2026-06-23 00:41:56 [INFO   ] PROGRESS |   Dear Sir/Madam,
2026-06-23 00:41:56 [INFO   ] PROGRESS |   I am reaching out to introduce PlacementHub and explore whether any of your investor, entrepreneur, or
2026-06-23 00:41:56 [INFO   ] PROGRESS |   HNI clients may be open to reviewing a strategic seed opportunity.
2026-06-23 00:41:56 [INFO   ] PROGRESS |   My name is Sandeep Jain. PlacementHub is currently in its pre-seed fundraising stage, and I am
2026-06-23 00:41:56 [INFO   ] PROGRESS |   soliciting strategic seed investment for the same. PlacementHub is a campus placement and employability
2026-06-23 00:41:56 [INFO   ] PROGRESS |   platform connecting students, colleges, and recruiters. The product is built and in early
2026-06-23 00:41:56 [INFO   ] PROGRESS |   commercialization.
2026-06-23 00:41:56 [INFO   ] PROGRESS |   For reference, the detailed business plan, including the business model and go-to-market strategies, is
2026-06-23 00:41:56 [INFO   ] PROGRESS |   available here:
2026-06-23 00:41:56 [INFO   ] PROGRESS |   PlacementHub Business Plan
2026-06-23 00:41:56 [INFO   ] PROGRESS |   For a Chartered Accountant firm, the relevance is mainly professional and strategic:
2026-06-23 00:41:56 [INFO   ] PROGRESS |   PlacementHub may require support across accounting, taxation, compliance, payroll, investor documentation, audit, and related professional services.
2026-06-23 00:41:56 [INFO   ] PROGRESS |   I would naturally be pleased to consider and prioritize firms that support PlacementHub during its early growth phase, subject to suitability and mutual agreement.
2026-06-23 00:41:56 [INFO   ] PROGRESS |   The relationship can begin with a simple review of the investment note and, where appropriate, introductions to suitable investor clients.
2026-06-23 00:41:56 [INFO   ] PROGRESS |   If the opportunity is worth a look, I would be happy to send the note and speak briefly about the round,
2026-06-23 00:41:56 [INFO   ] PROGRESS |   the platform, and the type of strategic investors we are looking for.
2026-06-23 00:41:56 [INFO   ] PROGRESS |   Please reply to this email or call me if you would like to explore it.
2026-06-23 00:41:56 [INFO   ] PROGRESS |   Warm Regards,
2026-06-23 00:41:56 [INFO   ] PROGRESS |   Sandeep Jain
2026-06-23 00:41:56 [INFO   ] PROGRESS |   Founder, PlacementHub
2026-06-23 00:41:56 [INFO   ] PROGRESS |   +91-9860090620
2026-06-23 00:41:56 [INFO   ] PROGRESS |   sandeepjain200019@gmail.com
2026-06-23 00:41:56 [INFO   ] PROGRESS |   Detailed Profile
2026-06-23 00:41:56 [INFO   ] PROGRESS |   Detailed Note on Funding Requirement
2026-06-23 00:41:56 [INFO   ] --------------------------------------------------------------
2026-06-23 00:41:56 [INFO   ] 
2026-06-23 00:41:56 [INFO   ] 
2026-06-23 00:41:56 [INFO   ] PROGRESS | Email preview — To: sgowadia@rediffmail.com | Subject: PlacementHub pre-seed intro with SANJEEV KUMAR GOWADIA
2026-06-23 00:41:58 [INFO   ] SENT (Brevo) -> sgowadia@rediffmail.com (SANJEEV KUMAR GOWADIA) | PlacementHub pre-seed intro with SANJEEV KUMAR GOWADIA | messageId=<202606221911.13581634631@smtp-relay.mailin.fr> (API accepted; run audit-brevo to confirm delivery)
2026-06-23 00:41:58 [INFO   ] Sleeping for 10 seconds
2026-06-23 00:42:08 [INFO   ] PROGRESS | Send 14/50 | SENT | sgowadia@rediffmail.com | SANJEEV KUMAR GOWADIA [Chartered Accountants & Company Secretaries] | ok=12 fail=2 skip=0
2026-06-23 00:42:08 [INFO   ] PROGRESS | Send 15/50 | SENDING | mitulvalia8879@gmail.com | MITUL MAYUR VALIA [Chartered Accountants & Company Secretaries] | ok=12 fail=2 skip=0
2026-06-23 00:42:24 [INFO   ] --------------------------------------------------------------
2026-06-23 00:42:24 [INFO   ] PROGRESS | Email content — To: mitulvalia8879@gmail.com
2026-06-23 00:42:24 [INFO   ] PROGRESS | Subject: PlacementHub pre-seed intro with MITUL MAYUR VALIA
2026-06-23 00:42:24 [INFO   ] PROGRESS | Body:
2026-06-23 00:42:24 [INFO   ] PROGRESS |   Dear Sir/Madam,
2026-06-23 00:42:24 [INFO   ] PROGRESS |   I am reaching out to introduce PlacementHub and explore whether any of your investor, entrepreneur, or
2026-06-23 00:42:24 [INFO   ] PROGRESS |   HNI clients may be open to reviewing a strategic seed opportunity.
2026-06-23 00:42:24 [INFO   ] PROGRESS |   My name is Sandeep Jain. PlacementHub is currently in its pre-seed fundraising stage, and I am
2026-06-23 00:42:24 [INFO   ] PROGRESS |   soliciting strategic seed investment for the same. PlacementHub is a campus placement and employability
2026-06-23 00:42:24 [INFO   ] PROGRESS |   platform connecting students, colleges, and recruiters. The product is built and in early
2026-06-23 00:42:24 [INFO   ] PROGRESS |   commercialization.
2026-06-23 00:42:24 [INFO   ] PROGRESS |   For reference, the detailed business plan, including the business model and go-to-market strategies, is
2026-06-23 00:42:24 [INFO   ] PROGRESS |   available here:
2026-06-23 00:42:24 [INFO   ] PROGRESS |   PlacementHub Business Plan
2026-06-23 00:42:24 [INFO   ] PROGRESS |   For a Chartered Accountant firm, the relevance is mainly professional and strategic:
2026-06-23 00:42:24 [INFO   ] PROGRESS |   PlacementHub may require support across accounting, taxation, compliance, payroll, investor documentation, audit, and related professional services.
2026-06-23 00:42:24 [INFO   ] PROGRESS |   I would naturally be pleased to consider and prioritize firms that support PlacementHub during its early growth phase, subject to suitability and mutual agreement.
2026-06-23 00:42:24 [INFO   ] PROGRESS |   The relationship can begin with a simple review of the investment note and, where appropriate, introductions to suitable investor clients.
2026-06-23 00:42:24 [INFO   ] PROGRESS |   If the opportunity is worth a look, I would be happy to send the note and speak briefly about the round,
2026-06-23 00:42:24 [INFO   ] PROGRESS |   the platform, and the type of strategic investors we are looking for.
2026-06-23 00:42:24 [INFO   ] PROGRESS |   Please reply to this email or call me if you would like to explore it.
2026-06-23 00:42:24 [INFO   ] PROGRESS |   Warm Regards,
2026-06-23 00:42:24 [INFO   ] PROGRESS |   Sandeep Jain
2026-06-23 00:42:24 [INFO   ] PROGRESS |   Founder, PlacementHub
2026-06-23 00:42:24 [INFO   ] PROGRESS |   +91-9860090620
2026-06-23 00:42:24 [INFO   ] PROGRESS |   sandeepjain200019@gmail.com
2026-06-23 00:42:24 [INFO   ] PROGRESS |   Detailed Profile
2026-06-23 00:42:24 [INFO   ] PROGRESS |   Detailed Note on Funding Requirement
2026-06-23 00:42:24 [INFO   ] --------------------------------------------------------------
2026-06-23 00:42:24 [INFO   ] 
2026-06-23 00:42:24 [INFO   ] 
2026-06-23 00:42:24 [INFO   ] PROGRESS | Email preview — To: mitulvalia8879@gmail.com | Subject: PlacementHub pre-seed intro with MITUL MAYUR VALIA
2026-06-23 00:42:25 [INFO   ] SENT (Brevo) -> mitulvalia8879@gmail.com (MITUL MAYUR VALIA) | PlacementHub pre-seed intro with MITUL MAYUR VALIA | messageId=<202606221912.25870683160@smtp-relay.mailin.fr> (API accepted; run audit-brevo to confirm delivery)
2026-06-23 00:42:25 [INFO   ] Sleeping for 10 seconds
2026-06-23 00:42:35 [INFO   ] PROGRESS | Send 15/50 | SENT | mitulvalia8879@gmail.com | MITUL MAYUR VALIA [Chartered Accountants & Company Secretaries] | ok=13 fail=2 skip=0
2026-06-23 00:42:35 [INFO   ] PROGRESS | Send 16/50 | SENDING | ramprakasht009@gmail.com | RAM PRAKASH TIWARI [Chartered Accountants & Company Secretaries] | ok=13 fail=2 skip=0
2026-06-23 00:42:37 [INFO   ] --------------------------------------------------------------
2026-06-23 00:42:37 [INFO   ] PROGRESS | Email content — To: ramprakasht009@gmail.com
2026-06-23 00:42:37 [INFO   ] PROGRESS | Subject: PlacementHub pre-seed intro with RAM PRAKASH TIWARI
2026-06-23 00:42:37 [INFO   ] PROGRESS | Body:
2026-06-23 00:42:37 [INFO   ] PROGRESS |   Dear Sir/Madam,
2026-06-23 00:42:37 [INFO   ] PROGRESS |   I am reaching out to introduce PlacementHub and explore whether any of your investor, entrepreneur, or
2026-06-23 00:42:37 [INFO   ] PROGRESS |   HNI clients may be open to reviewing a strategic seed opportunity.
2026-06-23 00:42:37 [INFO   ] PROGRESS |   My name is Sandeep Jain. PlacementHub is currently in its pre-seed fundraising stage, and I am
2026-06-23 00:42:37 [INFO   ] PROGRESS |   soliciting strategic seed investment for the same. PlacementHub is a campus placement and employability
2026-06-23 00:42:37 [INFO   ] PROGRESS |   platform connecting students, colleges, and recruiters. The product is built and in early
2026-06-23 00:42:37 [INFO   ] PROGRESS |   commercialization.
2026-06-23 00:42:37 [INFO   ] PROGRESS |   For reference, the detailed business plan, including the business model and go-to-market strategies, is
2026-06-23 00:42:37 [INFO   ] PROGRESS |   available here:
2026-06-23 00:42:37 [INFO   ] PROGRESS |   PlacementHub Business Plan
2026-06-23 00:42:37 [INFO   ] PROGRESS |   For a Chartered Accountant firm, the relevance is mainly professional and strategic:
2026-06-23 00:42:37 [INFO   ] PROGRESS |   PlacementHub may require support across accounting, taxation, compliance, payroll, investor documentation, audit, and related professional services.
2026-06-23 00:42:37 [INFO   ] PROGRESS |   I would naturally be pleased to consider and prioritize firms that support PlacementHub during its early growth phase, subject to suitability and mutual agreement.
2026-06-23 00:42:37 [INFO   ] PROGRESS |   The relationship can begin with a simple review of the investment note and, where appropriate, introductions to suitable investor clients.
2026-06-23 00:42:37 [INFO   ] PROGRESS |   If the opportunity is worth a look, I would be happy to send the note and speak briefly about the round,
2026-06-23 00:42:37 [INFO   ] PROGRESS |   the platform, and the type of strategic investors we are looking for.
2026-06-23 00:42:37 [INFO   ] PROGRESS |   Please reply to this email or call me if you would like to explore it.
2026-06-23 00:42:37 [INFO   ] PROGRESS |   Warm Regards,
2026-06-23 00:42:37 [INFO   ] PROGRESS |   Sandeep Jain
2026-06-23 00:42:37 [INFO   ] PROGRESS |   Founder, PlacementHub
2026-06-23 00:42:37 [INFO   ] PROGRESS |   +91-9860090620
2026-06-23 00:42:37 [INFO   ] PROGRESS |   sandeepjain200019@gmail.com
2026-06-23 00:42:37 [INFO   ] PROGRESS |   Detailed Profile
2026-06-23 00:42:37 [INFO   ] PROGRESS |   Detailed Note on Funding Requirement
2026-06-23 00:42:37 [INFO   ] --------------------------------------------------------------
2026-06-23 00:42:37 [INFO   ] 
2026-06-23 00:42:37 [INFO   ] 
2026-06-23 00:42:37 [INFO   ] PROGRESS | Email preview — To: ramprakasht009@gmail.com | Subject: PlacementHub pre-seed intro with RAM PRAKASH TIWARI
2026-06-23 00:42:38 [INFO   ] SENT (Brevo) -> ramprakasht009@gmail.com (RAM PRAKASH TIWARI) | PlacementHub pre-seed intro with RAM PRAKASH TIWARI | messageId=<202606221912.32934645692@smtp-relay.mailin.fr> (API accepted; run audit-brevo to confirm delivery)
2026-06-23 00:42:38 [INFO   ] Sleeping for 10 seconds
2026-06-23 00:42:48 [INFO   ] PROGRESS | Send 16/50 | SENT | ramprakasht009@gmail.com | RAM PRAKASH TIWARI [Chartered Accountants & Company Secretaries] | ok=14 fail=2 skip=0
2026-06-23 00:42:48 [INFO   ] PROGRESS | Send 17/50 | SENDING | ca.richoksey@gmail.com | CHOKSEY RASHMIKANT ISHWARLAL [Chartered Accountants & Company Secretaries] | ok=14 fail=2 skip=0
2026-06-23 00:42:49 [INFO   ] --------------------------------------------------------------
2026-06-23 00:42:49 [INFO   ] PROGRESS | Email content — To: ca.richoksey@gmail.com
2026-06-23 00:42:49 [INFO   ] PROGRESS | Subject: PlacementHub pre-seed intro with CHOKSEY RASHMIKANT ISHWARLAL
2026-06-23 00:42:49 [INFO   ] PROGRESS | Body:
2026-06-23 00:42:49 [INFO   ] PROGRESS |   Dear Sir/Madam,
2026-06-23 00:42:49 [INFO   ] PROGRESS |   I am reaching out to introduce PlacementHub and explore whether any of your investor, entrepreneur, or
2026-06-23 00:42:49 [INFO   ] PROGRESS |   HNI clients may be open to reviewing a strategic seed opportunity.
2026-06-23 00:42:49 [INFO   ] PROGRESS |   My name is Sandeep Jain. PlacementHub is currently in its pre-seed fundraising stage, and I am
2026-06-23 00:42:49 [INFO   ] PROGRESS |   soliciting strategic seed investment for the same. PlacementHub is a campus placement and employability
2026-06-23 00:42:49 [INFO   ] PROGRESS |   platform connecting students, colleges, and recruiters. The product is built and in early
2026-06-23 00:42:49 [INFO   ] PROGRESS |   commercialization.
2026-06-23 00:42:49 [INFO   ] PROGRESS |   For reference, the detailed business plan, including the business model and go-to-market strategies, is
2026-06-23 00:42:49 [INFO   ] PROGRESS |   available here:
2026-06-23 00:42:49 [INFO   ] PROGRESS |   PlacementHub Business Plan
2026-06-23 00:42:49 [INFO   ] PROGRESS |   For a Chartered Accountant firm, the relevance is mainly professional and strategic:
2026-06-23 00:42:49 [INFO   ] PROGRESS |   PlacementHub may require support across accounting, taxation, compliance, payroll, investor documentation, audit, and related professional services.
2026-06-23 00:42:49 [INFO   ] PROGRESS |   I would naturally be pleased to consider and prioritize firms that support PlacementHub during its early growth phase, subject to suitability and mutual agreement.
2026-06-23 00:42:49 [INFO   ] PROGRESS |   The relationship can begin with a simple review of the investment note and, where appropriate, introductions to suitable investor clients.
2026-06-23 00:42:49 [INFO   ] PROGRESS |   If the opportunity is worth a look, I would be happy to send the note and speak briefly about the round,
2026-06-23 00:42:49 [INFO   ] PROGRESS |   the platform, and the type of strategic investors we are looking for.
2026-06-23 00:42:49 [INFO   ] PROGRESS |   Please reply to this email or call me if you would like to explore it.
2026-06-23 00:42:49 [INFO   ] PROGRESS |   Warm Regards,
2026-06-23 00:42:49 [INFO   ] PROGRESS |   Sandeep Jain
2026-06-23 00:42:49 [INFO   ] PROGRESS |   Founder, PlacementHub
2026-06-23 00:42:49 [INFO   ] PROGRESS |   +91-9860090620
2026-06-23 00:42:49 [INFO   ] PROGRESS |   sandeepjain200019@gmail.com
2026-06-23 00:42:49 [INFO   ] PROGRESS |   Detailed Profile
2026-06-23 00:42:49 [INFO   ] PROGRESS |   Detailed Note on Funding Requirement
2026-06-23 00:42:49 [INFO   ] --------------------------------------------------------------
2026-06-23 00:42:49 [INFO   ] 
2026-06-23 00:42:49 [INFO   ] 
2026-06-23 00:42:49 [INFO   ] PROGRESS | Email preview — To: ca.richoksey@gmail.com | Subject: PlacementHub pre-seed intro with CHOKSEY RASHMIKANT ISHWARLAL
2026-06-23 00:42:51 [INFO   ] SENT (Brevo) -> ca.richoksey@gmail.com (CHOKSEY RASHMIKANT ISHWARLAL) | PlacementHub pre-seed intro with CHOKSEY RASHMIKANT ISHWARLAL | messageId=<202606221912.25444612171@smtp-relay.mailin.fr> (API accepted; run audit-brevo to confirm delivery)
2026-06-23 00:42:51 [INFO   ] Sleeping for 10 seconds
2026-06-23 00:43:01 [INFO   ] PROGRESS | Send 17/50 | SENT | ca.richoksey@gmail.com | CHOKSEY RASHMIKANT ISHWARLAL [Chartered Accountants & Company Secretaries] | ok=15 fail=2 skip=0
2026-06-23 00:43:01 [INFO   ] PROGRESS | Send 18/50 | SENDING | cndedhia@hotmail.com | DEDHIA CHETAN NANJI [Chartered Accountants & Company Secretaries] | ok=15 fail=2 skip=0
2026-06-23 00:43:02 [INFO   ] --------------------------------------------------------------
2026-06-23 00:43:02 [INFO   ] PROGRESS | Email content — To: cndedhia@hotmail.com
2026-06-23 00:43:02 [INFO   ] PROGRESS | Subject: PlacementHub pre-seed intro with DEDHIA CHETAN NANJI
2026-06-23 00:43:02 [INFO   ] PROGRESS | Body:
2026-06-23 00:43:02 [INFO   ] PROGRESS |   Dear Sir/Madam,
2026-06-23 00:43:02 [INFO   ] PROGRESS |   I am reaching out to introduce PlacementHub and explore whether any of your investor, entrepreneur, or
2026-06-23 00:43:02 [INFO   ] PROGRESS |   HNI clients may be open to reviewing a strategic seed opportunity.
2026-06-23 00:43:02 [INFO   ] PROGRESS |   My name is Sandeep Jain. PlacementHub is currently in its pre-seed fundraising stage, and I am
2026-06-23 00:43:02 [INFO   ] PROGRESS |   soliciting strategic seed investment for the same. PlacementHub is a campus placement and employability
2026-06-23 00:43:02 [INFO   ] PROGRESS |   platform connecting students, colleges, and recruiters. The product is built and in early
2026-06-23 00:43:02 [INFO   ] PROGRESS |   commercialization.
2026-06-23 00:43:02 [INFO   ] PROGRESS |   For reference, the detailed business plan, including the business model and go-to-market strategies, is
2026-06-23 00:43:02 [INFO   ] PROGRESS |   available here:
2026-06-23 00:43:02 [INFO   ] PROGRESS |   PlacementHub Business Plan
2026-06-23 00:43:02 [INFO   ] PROGRESS |   For a Chartered Accountant firm, the relevance is mainly professional and strategic:
2026-06-23 00:43:02 [INFO   ] PROGRESS |   PlacementHub may require support across accounting, taxation, compliance, payroll, investor documentation, audit, and related professional services.
2026-06-23 00:43:02 [INFO   ] PROGRESS |   I would naturally be pleased to consider and prioritize firms that support PlacementHub during its early growth phase, subject to suitability and mutual agreement.
2026-06-23 00:43:02 [INFO   ] PROGRESS |   The relationship can begin with a simple review of the investment note and, where appropriate, introductions to suitable investor clients.
2026-06-23 00:43:02 [INFO   ] PROGRESS |   If the opportunity is worth a look, I would be happy to send the note and speak briefly about the round,
2026-06-23 00:43:02 [INFO   ] PROGRESS |   the platform, and the type of strategic investors we are looking for.
2026-06-23 00:43:02 [INFO   ] PROGRESS |   Please reply to this email or call me if you would like to explore it.
2026-06-23 00:43:02 [INFO   ] PROGRESS |   Warm Regards,
2026-06-23 00:43:02 [INFO   ] PROGRESS |   Sandeep Jain
2026-06-23 00:43:02 [INFO   ] PROGRESS |   Founder, PlacementHub
2026-06-23 00:43:02 [INFO   ] PROGRESS |   +91-9860090620
2026-06-23 00:43:02 [INFO   ] PROGRESS |   sandeepjain200019@gmail.com
2026-06-23 00:43:02 [INFO   ] PROGRESS |   Detailed Profile
2026-06-23 00:43:02 [INFO   ] PROGRESS |   Detailed Note on Funding Requirement
2026-06-23 00:43:02 [INFO   ] --------------------------------------------------------------
2026-06-23 00:43:02 [INFO   ] 
2026-06-23 00:43:02 [INFO   ] 
2026-06-23 00:43:02 [INFO   ] PROGRESS | Email preview — To: cndedhia@hotmail.com | Subject: PlacementHub pre-seed intro with DEDHIA CHETAN NANJI
2026-06-23 00:43:03 [INFO   ] SENT (Brevo) -> cndedhia@hotmail.com (DEDHIA CHETAN NANJI) | PlacementHub pre-seed intro with DEDHIA CHETAN NANJI | messageId=<202606221913.87287513159@smtp-relay.mailin.fr> (API accepted; run audit-brevo to confirm delivery)
2026-06-23 00:43:03 [INFO   ] Sleeping for 10 seconds
2026-06-23 00:43:13 [INFO   ] PROGRESS | Send 18/50 | SENT | cndedhia@hotmail.com | DEDHIA CHETAN NANJI [Chartered Accountants & Company Secretaries] | ok=16 fail=2 skip=0
2026-06-23 00:43:13 [INFO   ] PROGRESS | Send 19/50 | SENDING | nahar_uttam@rediffmail.com | UTTAM CHAND NAHAR [Chartered Accountants & Company Secretaries] | ok=16 fail=2 skip=0
2026-06-23 00:43:42 [INFO   ] --------------------------------------------------------------
2026-06-23 00:43:42 [INFO   ] PROGRESS | Email content — To: nahar_uttam@rediffmail.com
2026-06-23 00:43:42 [INFO   ] PROGRESS | Subject: PlacementHub pre-seed intro with UTTAM CHAND NAHAR
2026-06-23 00:43:42 [INFO   ] PROGRESS | Body:
2026-06-23 00:43:42 [INFO   ] PROGRESS |   Dear Sir/Madam,
2026-06-23 00:43:42 [INFO   ] PROGRESS |   I am reaching out to introduce PlacementHub and explore whether any of your investor, entrepreneur, or
2026-06-23 00:43:42 [INFO   ] PROGRESS |   HNI clients may be open to reviewing a strategic seed opportunity.
2026-06-23 00:43:42 [INFO   ] PROGRESS |   My name is Sandeep Jain. PlacementHub is currently in its pre-seed fundraising stage, and I am
2026-06-23 00:43:42 [INFO   ] PROGRESS |   soliciting strategic seed investment for the same. PlacementHub is a campus placement and employability
2026-06-23 00:43:42 [INFO   ] PROGRESS |   platform connecting students, colleges, and recruiters. The product is built and in early
2026-06-23 00:43:42 [INFO   ] PROGRESS |   commercialization.
2026-06-23 00:43:42 [INFO   ] PROGRESS |   For reference, the detailed business plan, including the business model and go-to-market strategies, is
2026-06-23 00:43:42 [INFO   ] PROGRESS |   available here:
2026-06-23 00:43:42 [INFO   ] PROGRESS |   PlacementHub Business Plan
2026-06-23 00:43:42 [INFO   ] PROGRESS |   For a Chartered Accountant firm, the relevance is mainly professional and strategic:
2026-06-23 00:43:42 [INFO   ] PROGRESS |   PlacementHub may require support across accounting, taxation, compliance, payroll, investor documentation, audit, and related professional services.
2026-06-23 00:43:42 [INFO   ] PROGRESS |   I would naturally be pleased to consider and prioritize firms that support PlacementHub during its early growth phase, subject to suitability and mutual agreement.
2026-06-23 00:43:42 [INFO   ] PROGRESS |   The relationship can begin with a simple review of the investment note and, where appropriate, introductions to suitable investor clients.
2026-06-23 00:43:42 [INFO   ] PROGRESS |   If the opportunity is worth a look, I would be happy to send the note and speak briefly about the round,
2026-06-23 00:43:42 [INFO   ] PROGRESS |   the platform, and the type of strategic investors we are looking for.
2026-06-23 00:43:42 [INFO   ] PROGRESS |   Please reply to this email or call me if you would like to explore it.
2026-06-23 00:43:42 [INFO   ] PROGRESS |   Warm Regards,
2026-06-23 00:43:42 [INFO   ] PROGRESS |   Sandeep Jain
2026-06-23 00:43:42 [INFO   ] PROGRESS |   Founder, PlacementHub
2026-06-23 00:43:42 [INFO   ] PROGRESS |   +91-9860090620
2026-06-23 00:43:42 [INFO   ] PROGRESS |   sandeepjain200019@gmail.com
2026-06-23 00:43:42 [INFO   ] PROGRESS |   Detailed Profile
2026-06-23 00:43:42 [INFO   ] PROGRESS |   Detailed Note on Funding Requirement
2026-06-23 00:43:42 [INFO   ] --------------------------------------------------------------
2026-06-23 00:43:42 [INFO   ] 
2026-06-23 00:43:42 [INFO   ] 
2026-06-23 00:43:42 [INFO   ] PROGRESS | Email preview — To: nahar_uttam@rediffmail.com | Subject: PlacementHub pre-seed intro with UTTAM CHAND NAHAR
2026-06-23 00:43:43 [INFO   ] SENT (Brevo) -> nahar_uttam@rediffmail.com (UTTAM CHAND NAHAR) | PlacementHub pre-seed intro with UTTAM CHAND NAHAR | messageId=<202606221913.92089268178@smtp-relay.mailin.fr> (API accepted; run audit-brevo to confirm delivery)
2026-06-23 00:43:43 [INFO   ] Sleeping for 10 seconds
2026-06-23 00:43:53 [INFO   ] PROGRESS | Send 19/50 | SENT | nahar_uttam@rediffmail.com | UTTAM CHAND NAHAR [Chartered Accountants & Company Secretaries] | ok=17 fail=2 skip=0
2026-06-23 00:43:53 [INFO   ] PROGRESS | Send 20/50 | SENDING | realshwetha@gmail.com | SWETHA JAIN S [Chartered Accountants & Company Secretaries] | ok=17 fail=2 skip=0
2026-06-23 00:44:02 [INFO   ] --------------------------------------------------------------
2026-06-23 00:44:02 [INFO   ] PROGRESS | Email content — To: realshwetha@gmail.com
2026-06-23 00:44:02 [INFO   ] PROGRESS | Subject: PlacementHub pre-seed intro with SWETHA JAIN S
2026-06-23 00:44:02 [INFO   ] PROGRESS | Body:
2026-06-23 00:44:02 [INFO   ] PROGRESS |   Dear Sir/Madam,
2026-06-23 00:44:02 [INFO   ] PROGRESS |   I am reaching out to introduce PlacementHub and explore whether any of your investor, entrepreneur, or
2026-06-23 00:44:02 [INFO   ] PROGRESS |   HNI clients may be open to reviewing a strategic seed opportunity.
2026-06-23 00:44:02 [INFO   ] PROGRESS |   My name is Sandeep Jain. PlacementHub is currently in its pre-seed fundraising stage, and I am
2026-06-23 00:44:02 [INFO   ] PROGRESS |   soliciting strategic seed investment for the same. PlacementHub is a campus placement and employability
2026-06-23 00:44:02 [INFO   ] PROGRESS |   platform connecting students, colleges, and recruiters. The product is built and in early
2026-06-23 00:44:02 [INFO   ] PROGRESS |   commercialization.
2026-06-23 00:44:02 [INFO   ] PROGRESS |   For reference, the detailed business plan, including the business model and go-to-market strategies, is
2026-06-23 00:44:02 [INFO   ] PROGRESS |   available here:
2026-06-23 00:44:02 [INFO   ] PROGRESS |   PlacementHub Business Plan
2026-06-23 00:44:02 [INFO   ] PROGRESS |   For a Chartered Accountant firm, the relevance is mainly professional and strategic:
2026-06-23 00:44:02 [INFO   ] PROGRESS |   PlacementHub may require support across accounting, taxation, compliance, payroll, investor documentation, audit, and related professional services.
2026-06-23 00:44:02 [INFO   ] PROGRESS |   I would naturally be pleased to consider and prioritize firms that support PlacementHub during its early growth phase, subject to suitability and mutual agreement.
2026-06-23 00:44:02 [INFO   ] PROGRESS |   The relationship can begin with a simple review of the investment note and, where appropriate, introductions to suitable investor clients.
2026-06-23 00:44:02 [INFO   ] PROGRESS |   If the opportunity is worth a look, I would be happy to send the note and speak briefly about the round,
2026-06-23 00:44:02 [INFO   ] PROGRESS |   the platform, and the type of strategic investors we are looking for.
2026-06-23 00:44:02 [INFO   ] PROGRESS |   Please reply to this email or call me if you would like to explore it.
2026-06-23 00:44:02 [INFO   ] PROGRESS |   Warm Regards,
2026-06-23 00:44:02 [INFO   ] PROGRESS |   Sandeep Jain
2026-06-23 00:44:02 [INFO   ] PROGRESS |   Founder, PlacementHub
2026-06-23 00:44:02 [INFO   ] PROGRESS |   +91-9860090620
2026-06-23 00:44:02 [INFO   ] PROGRESS |   sandeepjain200019@gmail.com
2026-06-23 00:44:02 [INFO   ] PROGRESS |   Detailed Profile
2026-06-23 00:44:02 [INFO   ] PROGRESS |   Detailed Note on Funding Requirement
2026-06-23 00:44:02 [INFO   ] --------------------------------------------------------------
2026-06-23 00:44:02 [INFO   ] 
2026-06-23 00:44:02 [INFO   ] 
2026-06-23 00:44:02 [INFO   ] PROGRESS | Email preview — To: realshwetha@gmail.com | Subject: PlacementHub pre-seed intro with SWETHA JAIN S
2026-06-23 00:44:03 [INFO   ] SENT (Brevo) -> realshwetha@gmail.com (SWETHA JAIN S) | PlacementHub pre-seed intro with SWETHA JAIN S | messageId=<202606221914.33923832406@smtp-relay.mailin.fr> (API accepted; run audit-brevo to confirm delivery)
2026-06-23 00:44:03 [INFO   ] Sleeping for 10 seconds
2026-06-23 00:44:13 [INFO   ] PROGRESS | Send 20/50 | SENT | realshwetha@gmail.com | SWETHA JAIN S [Chartered Accountants & Company Secretaries] | ok=18 fail=2 skip=0
2026-06-23 00:44:13 [INFO   ] PROGRESS | Send 21/50 | SENDING | surajkumarp840@gmail.com | SURAJKUMAR BABUBHAI PATEL [Chartered Accountants & Company Secretaries] | ok=18 fail=2 skip=0
2026-06-23 00:44:15 [INFO   ] --------------------------------------------------------------
2026-06-23 00:44:15 [INFO   ] PROGRESS | Email content — To: surajkumarp840@gmail.com
2026-06-23 00:44:15 [INFO   ] PROGRESS | Subject: PlacementHub pre-seed intro with SURAJKUMAR BABUBHAI PATEL
2026-06-23 00:44:15 [INFO   ] PROGRESS | Body:
2026-06-23 00:44:15 [INFO   ] PROGRESS |   Dear Sir/Madam,
2026-06-23 00:44:15 [INFO   ] PROGRESS |   I am reaching out to introduce PlacementHub and explore whether any of your investor, entrepreneur, or
2026-06-23 00:44:15 [INFO   ] PROGRESS |   HNI clients may be open to reviewing a strategic seed opportunity.
2026-06-23 00:44:15 [INFO   ] PROGRESS |   My name is Sandeep Jain. PlacementHub is currently in its pre-seed fundraising stage, and I am
2026-06-23 00:44:15 [INFO   ] PROGRESS |   soliciting strategic seed investment for the same. PlacementHub is a campus placement and employability
2026-06-23 00:44:15 [INFO   ] PROGRESS |   platform connecting students, colleges, and recruiters. The product is built and in early
2026-06-23 00:44:15 [INFO   ] PROGRESS |   commercialization.
2026-06-23 00:44:15 [INFO   ] PROGRESS |   For reference, the detailed business plan, including the business model and go-to-market strategies, is
2026-06-23 00:44:15 [INFO   ] PROGRESS |   available here:
2026-06-23 00:44:15 [INFO   ] PROGRESS |   PlacementHub Business Plan
2026-06-23 00:44:15 [INFO   ] PROGRESS |   For a Chartered Accountant firm, the relevance is mainly professional and strategic:
2026-06-23 00:44:15 [INFO   ] PROGRESS |   PlacementHub may require support across accounting, taxation, compliance, payroll, investor documentation, audit, and related professional services.
2026-06-23 00:44:15 [INFO   ] PROGRESS |   I would naturally be pleased to consider and prioritize firms that support PlacementHub during its early growth phase, subject to suitability and mutual agreement.
2026-06-23 00:44:15 [INFO   ] PROGRESS |   The relationship can begin with a simple review of the investment note and, where appropriate, introductions to suitable investor clients.
2026-06-23 00:44:15 [INFO   ] PROGRESS |   If the opportunity is worth a look, I would be happy to send the note and speak briefly about the round,
2026-06-23 00:44:15 [INFO   ] PROGRESS |   the platform, and the type of strategic investors we are looking for.
2026-06-23 00:44:15 [INFO   ] PROGRESS |   Please reply to this email or call me if you would like to explore it.
2026-06-23 00:44:15 [INFO   ] PROGRESS |   Warm Regards,
2026-06-23 00:44:15 [INFO   ] PROGRESS |   Sandeep Jain
2026-06-23 00:44:15 [INFO   ] PROGRESS |   Founder, PlacementHub
2026-06-23 00:44:15 [INFO   ] PROGRESS |   +91-9860090620
2026-06-23 00:44:15 [INFO   ] PROGRESS |   sandeepjain200019@gmail.com
2026-06-23 00:44:15 [INFO   ] PROGRESS |   Detailed Profile
2026-06-23 00:44:15 [INFO   ] PROGRESS |   Detailed Note on Funding Requirement
2026-06-23 00:44:15 [INFO   ] --------------------------------------------------------------
2026-06-23 00:44:15 [INFO   ] 
2026-06-23 00:44:15 [INFO   ] 
2026-06-23 00:44:15 [INFO   ] PROGRESS | Email preview — To: surajkumarp840@gmail.com | Subject: PlacementHub pre-seed intro with SURAJKUMAR BABUBHAI PATEL
2026-06-23 00:44:16 [INFO   ] SENT (Brevo) -> surajkumarp840@gmail.com (SURAJKUMAR BABUBHAI PATEL) | PlacementHub pre-seed intro with SURAJKUMAR BABUBHAI PATEL | messageId=<202606221914.94738954884@smtp-relay.mailin.fr> (API accepted; run audit-brevo to confirm delivery)
2026-06-23 00:44:16 [INFO   ] Sleeping for 10 seconds
2026-06-23 00:44:26 [INFO   ] PROGRESS | Send 21/50 | SENT | surajkumarp840@gmail.com | SURAJKUMAR BABUBHAI PATEL [Chartered Accountants & Company Secretaries] | ok=19 fail=2 skip=0
2026-06-23 00:44:26 [INFO   ] PROGRESS | Send 22/50 | SENDING | cadharmesh.vaiyata@gmail.com | DHARMESH HASMUKHBHAI VAIYATA [Chartered Accountants & Company Secretaries] | ok=19 fail=2 skip=0
2026-06-23 00:44:28 [INFO   ] --------------------------------------------------------------
2026-06-23 00:44:28 [INFO   ] PROGRESS | Email content — To: cadharmesh.vaiyata@gmail.com
2026-06-23 00:44:28 [INFO   ] PROGRESS | Subject: PlacementHub pre-seed intro with DHARMESH HASMUKHBHAI VAIYATA
2026-06-23 00:44:28 [INFO   ] PROGRESS | Body:
2026-06-23 00:44:28 [INFO   ] PROGRESS |   Dear Sir/Madam,
2026-06-23 00:44:28 [INFO   ] PROGRESS |   I am reaching out to introduce PlacementHub and explore whether any of your investor, entrepreneur, or
2026-06-23 00:44:28 [INFO   ] PROGRESS |   HNI clients may be open to reviewing a strategic seed opportunity.
2026-06-23 00:44:28 [INFO   ] PROGRESS |   My name is Sandeep Jain. PlacementHub is currently in its pre-seed fundraising stage, and I am
2026-06-23 00:44:28 [INFO   ] PROGRESS |   soliciting strategic seed investment for the same. PlacementHub is a campus placement and employability
2026-06-23 00:44:28 [INFO   ] PROGRESS |   platform connecting students, colleges, and recruiters. The product is built and in early
2026-06-23 00:44:28 [INFO   ] PROGRESS |   commercialization.
2026-06-23 00:44:28 [INFO   ] PROGRESS |   For reference, the detailed business plan, including the business model and go-to-market strategies, is
2026-06-23 00:44:28 [INFO   ] PROGRESS |   available here:
2026-06-23 00:44:28 [INFO   ] PROGRESS |   PlacementHub Business Plan
2026-06-23 00:44:28 [INFO   ] PROGRESS |   For a Chartered Accountant firm, the relevance is mainly professional and strategic:
2026-06-23 00:44:28 [INFO   ] PROGRESS |   PlacementHub may require support across accounting, taxation, compliance, payroll, investor documentation, audit, and related professional services.
2026-06-23 00:44:28 [INFO   ] PROGRESS |   I would naturally be pleased to consider and prioritize firms that support PlacementHub during its early growth phase, subject to suitability and mutual agreement.
2026-06-23 00:44:28 [INFO   ] PROGRESS |   The relationship can begin with a simple review of the investment note and, where appropriate, introductions to suitable investor clients.
2026-06-23 00:44:28 [INFO   ] PROGRESS |   If the opportunity is worth a look, I would be happy to send the note and speak briefly about the round,
2026-06-23 00:44:28 [INFO   ] PROGRESS |   the platform, and the type of strategic investors we are looking for.
2026-06-23 00:44:28 [INFO   ] PROGRESS |   Please reply to this email or call me if you would like to explore it.
2026-06-23 00:44:28 [INFO   ] PROGRESS |   Warm Regards,
2026-06-23 00:44:28 [INFO   ] PROGRESS |   Sandeep Jain
2026-06-23 00:44:28 [INFO   ] PROGRESS |   Founder, PlacementHub
2026-06-23 00:44:28 [INFO   ] PROGRESS |   +91-9860090620
2026-06-23 00:44:28 [INFO   ] PROGRESS |   sandeepjain200019@gmail.com
2026-06-23 00:44:28 [INFO   ] PROGRESS |   Detailed Profile
2026-06-23 00:44:28 [INFO   ] PROGRESS |   Detailed Note on Funding Requirement
2026-06-23 00:44:28 [INFO   ] --------------------------------------------------------------
2026-06-23 00:44:28 [INFO   ] 
2026-06-23 00:44:28 [INFO   ] 
2026-06-23 00:44:28 [INFO   ] PROGRESS | Email preview — To: cadharmesh.vaiyata@gmail.com | Subject: PlacementHub pre-seed intro with DHARMESH HASMUKHBHAI VAIYATA
2026-06-23 00:44:29 [INFO   ] SENT (Brevo) -> cadharmesh.vaiyata@gmail.com (DHARMESH HASMUKHBHAI VAIYATA) | PlacementHub pre-seed intro with DHARMESH HASMUKHBHAI VAIYATA | messageId=<202606221914.63644662627@smtp-relay.mailin.fr> (API accepted; run audit-brevo to confirm delivery)
2026-06-23 00:44:29 [INFO   ] Sleeping for 10 seconds
2026-06-23 00:44:39 [INFO   ] PROGRESS | Send 22/50 | SENT | cadharmesh.vaiyata@gmail.com | DHARMESH HASMUKHBHAI VAIYATA [Chartered Accountants & Company Secretaries] | ok=20 fail=2 skip=0
2026-06-23 00:44:39 [INFO   ] PROGRESS | Send 23/50 | SENDING | jeswanirathore.hanisha@gmail.com | HANISHA VIJAYBHAI SARVAIYA [Chartered Accountants & Company Secretaries] | ok=20 fail=2 skip=0
2026-06-23 00:45:09 [WARNING] NVIDIA call failed (attempt 1/5): The read operation timed out — rotating key.
2026-06-23 00:45:12 [INFO   ] --------------------------------------------------------------
2026-06-23 00:45:12 [INFO   ] PROGRESS | Email content — To: jeswanirathore.hanisha@gmail.com
2026-06-23 00:45:12 [INFO   ] PROGRESS | Subject: PlacementHub pre-seed intro with HANISHA VIJAYBHAI SARVAIYA
2026-06-23 00:45:12 [INFO   ] PROGRESS | Body:
2026-06-23 00:45:12 [INFO   ] PROGRESS |   Dear Sir/Madam,
2026-06-23 00:45:12 [INFO   ] PROGRESS |   I am reaching out to introduce PlacementHub and explore whether any of your investor, entrepreneur, or
2026-06-23 00:45:12 [INFO   ] PROGRESS |   HNI clients may be open to reviewing a strategic seed opportunity.
2026-06-23 00:45:12 [INFO   ] PROGRESS |   My name is Sandeep Jain. PlacementHub is currently in its pre-seed fundraising stage, and I am
2026-06-23 00:45:12 [INFO   ] PROGRESS |   soliciting strategic seed investment for the same. PlacementHub is a campus placement and employability
2026-06-23 00:45:12 [INFO   ] PROGRESS |   platform connecting students, colleges, and recruiters. The product is built and in early
2026-06-23 00:45:12 [INFO   ] PROGRESS |   commercialization.
2026-06-23 00:45:12 [INFO   ] PROGRESS |   For reference, the detailed business plan, including the business model and go-to-market strategies, is
2026-06-23 00:45:12 [INFO   ] PROGRESS |   available here:
2026-06-23 00:45:12 [INFO   ] PROGRESS |   PlacementHub Business Plan
2026-06-23 00:45:12 [INFO   ] PROGRESS |   For a Chartered Accountant firm, the relevance is mainly professional and strategic:
2026-06-23 00:45:12 [INFO   ] PROGRESS |   PlacementHub may require support across accounting, taxation, compliance, payroll, investor documentation, audit, and related professional services.
2026-06-23 00:45:12 [INFO   ] PROGRESS |   I would naturally be pleased to consider and prioritize firms that support PlacementHub during its early growth phase, subject to suitability and mutual agreement.
2026-06-23 00:45:12 [INFO   ] PROGRESS |   The relationship can begin with a simple review of the investment note and, where appropriate, introductions to suitable investor clients.
2026-06-23 00:45:12 [INFO   ] PROGRESS |   If the opportunity is worth a look, I would be happy to send the note and speak briefly about the round,
2026-06-23 00:45:12 [INFO   ] PROGRESS |   the platform, and the type of strategic investors we are looking for.
2026-06-23 00:45:12 [INFO   ] PROGRESS |   Please reply to this email or call me if you would like to explore it.
2026-06-23 00:45:12 [INFO   ] PROGRESS |   Warm Regards,
2026-06-23 00:45:12 [INFO   ] PROGRESS |   Sandeep Jain
2026-06-23 00:45:12 [INFO   ] PROGRESS |   Founder, PlacementHub
2026-06-23 00:45:12 [INFO   ] PROGRESS |   +91-9860090620
2026-06-23 00:45:12 [INFO   ] PROGRESS |   sandeepjain200019@gmail.com
2026-06-23 00:45:12 [INFO   ] PROGRESS |   Detailed Profile
2026-06-23 00:45:12 [INFO   ] PROGRESS |   Detailed Note on Funding Requirement
2026-06-23 00:45:12 [INFO   ] --------------------------------------------------------------
2026-06-23 00:45:12 [INFO   ] 
2026-06-23 00:45:12 [INFO   ] 
2026-06-23 00:45:12 [INFO   ] PROGRESS | Email preview — To: jeswanirathore.hanisha@gmail.com | Subject: PlacementHub pre-seed intro with HANISHA VIJAYBHAI SARVAIYA
2026-06-23 00:45:14 [INFO   ] SENT (Brevo) -> jeswanirathore.hanisha@gmail.com (HANISHA VIJAYBHAI SARVAIYA) | PlacementHub pre-seed intro with HANISHA VIJAYBHAI SARVAIYA | messageId=<202606221915.29662446170@smtp-relay.mailin.fr> (API accepted; run audit-brevo to confirm delivery)
2026-06-23 00:45:14 [INFO   ] Sleeping for 10 seconds
2026-06-23 00:45:24 [INFO   ] PROGRESS | Send 23/50 | SENT | jeswanirathore.hanisha@gmail.com | HANISHA VIJAYBHAI SARVAIYA [Chartered Accountants & Company Secretaries] | ok=21 fail=2 skip=0
2026-06-23 00:45:24 [INFO   ] PROGRESS | Send 24/50 | SENDING | cariyachavan@gmail.com | RIYA HEMANT CHAVAN [Chartered Accountants & Company Secretaries] | ok=21 fail=2 skip=0
2026-06-23 00:45:26 [INFO   ] --------------------------------------------------------------
2026-06-23 00:45:26 [INFO   ] PROGRESS | Email content — To: cariyachavan@gmail.com
2026-06-23 00:45:26 [INFO   ] PROGRESS | Subject: PlacementHub pre-seed intro with RIYA HEMANT CHAVAN
2026-06-23 00:45:26 [INFO   ] PROGRESS | Body:
2026-06-23 00:45:26 [INFO   ] PROGRESS |   Dear Sir/Madam,
2026-06-23 00:45:26 [INFO   ] PROGRESS |   I am reaching out to introduce PlacementHub and explore whether any of your investor, entrepreneur, or
2026-06-23 00:45:26 [INFO   ] PROGRESS |   HNI clients may be open to reviewing a strategic seed opportunity.
2026-06-23 00:45:26 [INFO   ] PROGRESS |   My name is Sandeep Jain. PlacementHub is currently in its pre-seed fundraising stage, and I am
2026-06-23 00:45:26 [INFO   ] PROGRESS |   soliciting strategic seed investment for the same. PlacementHub is a campus placement and employability
2026-06-23 00:45:26 [INFO   ] PROGRESS |   platform connecting students, colleges, and recruiters. The product is built and in early
2026-06-23 00:45:26 [INFO   ] PROGRESS |   commercialization.
2026-06-23 00:45:26 [INFO   ] PROGRESS |   For reference, the detailed business plan, including the business model and go-to-market strategies, is
2026-06-23 00:45:26 [INFO   ] PROGRESS |   available here:
2026-06-23 00:45:26 [INFO   ] PROGRESS |   PlacementHub Business Plan
2026-06-23 00:45:26 [INFO   ] PROGRESS |   For a Chartered Accountant firm, the relevance is mainly professional and strategic:
2026-06-23 00:45:26 [INFO   ] PROGRESS |   PlacementHub may require support across accounting, taxation, compliance, payroll, investor documentation, audit, and related professional services.
2026-06-23 00:45:26 [INFO   ] PROGRESS |   I would naturally be pleased to consider and prioritize firms that support PlacementHub during its early growth phase, subject to suitability and mutual agreement.
2026-06-23 00:45:26 [INFO   ] PROGRESS |   The relationship can begin with a simple review of the investment note and, where appropriate, introductions to suitable investor clients.
2026-06-23 00:45:26 [INFO   ] PROGRESS |   If the opportunity is worth a look, I would be happy to send the note and speak briefly about the round,
2026-06-23 00:45:26 [INFO   ] PROGRESS |   the platform, and the type of strategic investors we are looking for.
2026-06-23 00:45:26 [INFO   ] PROGRESS |   Please reply to this email or call me if you would like to explore it.
2026-06-23 00:45:26 [INFO   ] PROGRESS |   Warm Regards,
2026-06-23 00:45:26 [INFO   ] PROGRESS |   Sandeep Jain
2026-06-23 00:45:26 [INFO   ] PROGRESS |   Founder, PlacementHub
2026-06-23 00:45:26 [INFO   ] PROGRESS |   +91-9860090620
2026-06-23 00:45:26 [INFO   ] PROGRESS |   sandeepjain200019@gmail.com
2026-06-23 00:45:26 [INFO   ] PROGRESS |   Detailed Profile
2026-06-23 00:45:26 [INFO   ] PROGRESS |   Detailed Note on Funding Requirement
2026-06-23 00:45:26 [INFO   ] --------------------------------------------------------------
2026-06-23 00:45:26 [INFO   ] 
2026-06-23 00:45:26 [INFO   ] 
2026-06-23 00:45:26 [INFO   ] PROGRESS | Email preview — To: cariyachavan@gmail.com | Subject: PlacementHub pre-seed intro with RIYA HEMANT CHAVAN
2026-06-23 00:45:27 [INFO   ] SENT (Brevo) -> cariyachavan@gmail.com (RIYA HEMANT CHAVAN) | PlacementHub pre-seed intro with RIYA HEMANT CHAVAN | messageId=<202606221915.92082316693@smtp-relay.mailin.fr> (API accepted; run audit-brevo to confirm delivery)
2026-06-23 00:45:27 [INFO   ] Sleeping for 10 seconds
2026-06-23 00:45:37 [INFO   ] PROGRESS | Send 24/50 | SENT | cariyachavan@gmail.com | RIYA HEMANT CHAVAN [Chartered Accountants & Company Secretaries] | ok=22 fail=2 skip=0
2026-06-23 00:45:37 [INFO   ] PROGRESS | Send 25/50 | SENDING | rahulk1988@gmail.com | RAHUL PRAKASH KOTHARI [Chartered Accountants & Company Secretaries] | ok=22 fail=2 skip=0
2026-06-23 00:45:54 [INFO   ] --------------------------------------------------------------
2026-06-23 00:45:54 [INFO   ] PROGRESS | Email content — To: rahulk1988@gmail.com
2026-06-23 00:45:54 [INFO   ] PROGRESS | Subject: PlacementHub pre-seed intro with RAHUL PRAKASH KOTHARI
2026-06-23 00:45:54 [INFO   ] PROGRESS | Body:
2026-06-23 00:45:54 [INFO   ] PROGRESS |   Dear Sir/Madam,
2026-06-23 00:45:54 [INFO   ] PROGRESS |   I am reaching out to introduce PlacementHub and explore whether any of your investor, entrepreneur, or
2026-06-23 00:45:54 [INFO   ] PROGRESS |   HNI clients may be open to reviewing a strategic seed opportunity.
2026-06-23 00:45:54 [INFO   ] PROGRESS |   My name is Sandeep Jain. PlacementHub is currently in its pre-seed fundraising stage, and I am
2026-06-23 00:45:54 [INFO   ] PROGRESS |   soliciting strategic seed investment for the same. PlacementHub is a campus placement and employability
2026-06-23 00:45:54 [INFO   ] PROGRESS |   platform connecting students, colleges, and recruiters. The product is built and in early
2026-06-23 00:45:54 [INFO   ] PROGRESS |   commercialization.
2026-06-23 00:45:54 [INFO   ] PROGRESS |   For reference, the detailed business plan, including the business model and go-to-market strategies, is
2026-06-23 00:45:54 [INFO   ] PROGRESS |   available here:
2026-06-23 00:45:54 [INFO   ] PROGRESS |   PlacementHub Business Plan
2026-06-23 00:45:54 [INFO   ] PROGRESS |   For a Chartered Accountant firm, the relevance is mainly professional and strategic:
2026-06-23 00:45:54 [INFO   ] PROGRESS |   PlacementHub may require support across accounting, taxation, compliance, payroll, investor documentation, audit, and related professional services.
2026-06-23 00:45:54 [INFO   ] PROGRESS |   I would naturally be pleased to consider and prioritize firms that support PlacementHub during its early growth phase, subject to suitability and mutual agreement.
2026-06-23 00:45:54 [INFO   ] PROGRESS |   The relationship can begin with a simple review of the investment note and, where appropriate, introductions to suitable investor clients.
2026-06-23 00:45:54 [INFO   ] PROGRESS |   If the opportunity is worth a look, I would be happy to send the note and speak briefly about the round,
2026-06-23 00:45:54 [INFO   ] PROGRESS |   the platform, and the type of strategic investors we are looking for.
2026-06-23 00:45:54 [INFO   ] PROGRESS |   Please reply to this email or call me if you would like to explore it.
2026-06-23 00:45:54 [INFO   ] PROGRESS |   Warm Regards,
2026-06-23 00:45:54 [INFO   ] PROGRESS |   Sandeep Jain
2026-06-23 00:45:54 [INFO   ] PROGRESS |   Founder, PlacementHub
2026-06-23 00:45:54 [INFO   ] PROGRESS |   +91-9860090620
2026-06-23 00:45:54 [INFO   ] PROGRESS |   sandeepjain200019@gmail.com
2026-06-23 00:45:54 [INFO   ] PROGRESS |   Detailed Profile
2026-06-23 00:45:54 [INFO   ] PROGRESS |   Detailed Note on Funding Requirement
2026-06-23 00:45:54 [INFO   ] --------------------------------------------------------------
2026-06-23 00:45:54 [INFO   ] 
2026-06-23 00:45:54 [INFO   ] 
2026-06-23 00:45:54 [INFO   ] PROGRESS | Email preview — To: rahulk1988@gmail.com | Subject: PlacementHub pre-seed intro with RAHUL PRAKASH KOTHARI
2026-06-23 00:45:56 [INFO   ] SENT (Brevo) -> rahulk1988@gmail.com (RAHUL PRAKASH KOTHARI) | PlacementHub pre-seed intro with RAHUL PRAKASH KOTHARI | messageId=<202606221915.44628894741@smtp-relay.mailin.fr> (API accepted; run audit-brevo to confirm delivery)
2026-06-23 00:45:56 [INFO   ] Sleeping for 10 seconds
2026-06-23 00:46:06 [INFO   ] PROGRESS | Send 25/50 | SENT | rahulk1988@gmail.com | RAHUL PRAKASH KOTHARI [Chartered Accountants & Company Secretaries] | ok=23 fail=2 skip=0
2026-06-23 00:46:06 [INFO   ] PROGRESS | Send 26/50 | SENDING | gkrishna8521@gmail.com | KRISHNA ROHIT GUPTA [Chartered Accountants & Company Secretaries] | ok=23 fail=2 skip=0
2026-06-23 00:46:11 [INFO   ] --------------------------------------------------------------
2026-06-23 00:46:11 [INFO   ] PROGRESS | Email content — To: gkrishna8521@gmail.com
2026-06-23 00:46:11 [INFO   ] PROGRESS | Subject: PlacementHub pre-seed intro with KRISHNA ROHIT GUPTA
2026-06-23 00:46:11 [INFO   ] PROGRESS | Body:
2026-06-23 00:46:11 [INFO   ] PROGRESS |   Dear Sir/Madam,
2026-06-23 00:46:11 [INFO   ] PROGRESS |   I am reaching out to introduce PlacementHub and explore whether any of your investor, entrepreneur, or
2026-06-23 00:46:11 [INFO   ] PROGRESS |   HNI clients may be open to reviewing a strategic seed opportunity.
2026-06-23 00:46:11 [INFO   ] PROGRESS |   My name is Sandeep Jain. PlacementHub is currently in its pre-seed fundraising stage, and I am
2026-06-23 00:46:11 [INFO   ] PROGRESS |   soliciting strategic seed investment for the same. PlacementHub is a campus placement and employability
2026-06-23 00:46:11 [INFO   ] PROGRESS |   platform connecting students, colleges, and recruiters. The product is built and in early
2026-06-23 00:46:11 [INFO   ] PROGRESS |   commercialization.
2026-06-23 00:46:11 [INFO   ] PROGRESS |   For reference, the detailed business plan, including the business model and go-to-market strategies, is
2026-06-23 00:46:11 [INFO   ] PROGRESS |   available here:
2026-06-23 00:46:11 [INFO   ] PROGRESS |   PlacementHub Business Plan
2026-06-23 00:46:11 [INFO   ] PROGRESS |   For a Chartered Accountant firm, the relevance is mainly professional and strategic:
2026-06-23 00:46:11 [INFO   ] PROGRESS |   PlacementHub may require support across accounting, taxation, compliance, payroll, investor documentation, audit, and related professional services.
2026-06-23 00:46:11 [INFO   ] PROGRESS |   I would naturally be pleased to consider and prioritize firms that support PlacementHub during its early growth phase, subject to suitability and mutual agreement.
2026-06-23 00:46:11 [INFO   ] PROGRESS |   The relationship can begin with a simple review of the investment note and, where appropriate, introductions to suitable investor clients.
2026-06-23 00:46:11 [INFO   ] PROGRESS |   If the opportunity is worth a look, I would be happy to send the note and speak briefly about the round,
2026-06-23 00:46:11 [INFO   ] PROGRESS |   the platform, and the type of strategic investors we are looking for.
2026-06-23 00:46:11 [INFO   ] PROGRESS |   Please reply to this email or call me if you would like to explore it.
2026-06-23 00:46:11 [INFO   ] PROGRESS |   Warm Regards,
2026-06-23 00:46:11 [INFO   ] PROGRESS |   Sandeep Jain
2026-06-23 00:46:11 [INFO   ] PROGRESS |   Founder, PlacementHub
2026-06-23 00:46:11 [INFO   ] PROGRESS |   +91-9860090620
2026-06-23 00:46:11 [INFO   ] PROGRESS |   sandeepjain200019@gmail.com
2026-06-23 00:46:11 [INFO   ] PROGRESS |   Detailed Profile
2026-06-23 00:46:11 [INFO   ] PROGRESS |   Detailed Note on Funding Requirement
2026-06-23 00:46:11 [INFO   ] --------------------------------------------------------------
2026-06-23 00:46:11 [INFO   ] 
2026-06-23 00:46:11 [INFO   ] 
2026-06-23 00:46:11 [INFO   ] PROGRESS | Email preview — To: gkrishna8521@gmail.com | Subject: PlacementHub pre-seed intro with KRISHNA ROHIT GUPTA
2026-06-23 00:46:13 [INFO   ] SENT (Brevo) -> gkrishna8521@gmail.com (KRISHNA ROHIT GUPTA) | PlacementHub pre-seed intro with KRISHNA ROHIT GUPTA | messageId=<202606221916.53204567752@smtp-relay.mailin.fr> (API accepted; run audit-brevo to confirm delivery)
2026-06-23 00:46:13 [INFO   ] Sleeping for 10 seconds
2026-06-23 00:46:23 [INFO   ] PROGRESS | Send 26/50 | SENT | gkrishna8521@gmail.com | KRISHNA ROHIT GUPTA [Chartered Accountants & Company Secretaries] | ok=24 fail=2 skip=0
2026-06-23 00:46:23 [INFO   ] PROGRESS | Send 27/50 | SENDING | mghasolia1992@gmail.com | MANOJKUMAR GAURISHANKAR GHASOLIA [Chartered Accountants & Company Secretaries] | ok=24 fail=2 skip=0
2026-06-23 00:46:53 [WARNING] NVIDIA call failed (attempt 1/5): The read operation timed out — rotating key.
2026-06-23 00:47:05 [INFO   ] --------------------------------------------------------------
2026-06-23 00:47:05 [INFO   ] PROGRESS | Email content — To: mghasolia1992@gmail.com
2026-06-23 00:47:05 [INFO   ] PROGRESS | Subject: PlacementHub pre-seed intro with MANOJKUMAR GAURISHANKAR GHASOLIA
2026-06-23 00:47:05 [INFO   ] PROGRESS | Body:
2026-06-23 00:47:05 [INFO   ] PROGRESS |   Dear Sir/Madam,
2026-06-23 00:47:05 [INFO   ] PROGRESS |   I am reaching out to introduce PlacementHub and explore whether any of your investor, entrepreneur, or
2026-06-23 00:47:05 [INFO   ] PROGRESS |   HNI clients may be open to reviewing a strategic seed opportunity.
2026-06-23 00:47:05 [INFO   ] PROGRESS |   My name is Sandeep Jain. PlacementHub is currently in its pre-seed fundraising stage, and I am
2026-06-23 00:47:05 [INFO   ] PROGRESS |   soliciting strategic seed investment for the same. PlacementHub is a campus placement and employability
2026-06-23 00:47:05 [INFO   ] PROGRESS |   platform connecting students, colleges, and recruiters. The product is built and in early
2026-06-23 00:47:05 [INFO   ] PROGRESS |   commercialization.
2026-06-23 00:47:05 [INFO   ] PROGRESS |   For reference, the detailed business plan, including the business model and go-to-market strategies, is
2026-06-23 00:47:05 [INFO   ] PROGRESS |   available here:
2026-06-23 00:47:05 [INFO   ] PROGRESS |   PlacementHub Business Plan
2026-06-23 00:47:05 [INFO   ] PROGRESS |   For a Chartered Accountant firm, the relevance is mainly professional and strategic:
2026-06-23 00:47:05 [INFO   ] PROGRESS |   PlacementHub may require support across accounting, taxation, compliance, payroll, investor documentation, audit, and related professional services.
2026-06-23 00:47:05 [INFO   ] PROGRESS |   I would naturally be pleased to consider and prioritize firms that support PlacementHub during its early growth phase, subject to suitability and mutual agreement.
2026-06-23 00:47:05 [INFO   ] PROGRESS |   The relationship can begin with a simple review of the investment note and, where appropriate, introductions to suitable investor clients.
2026-06-23 00:47:05 [INFO   ] PROGRESS |   If the opportunity is worth a look, I would be happy to send the note and speak briefly about the round,
2026-06-23 00:47:05 [INFO   ] PROGRESS |   the platform, and the type of strategic investors we are looking for.
2026-06-23 00:47:05 [INFO   ] PROGRESS |   Please reply to this email or call me if you would like to explore it.
2026-06-23 00:47:05 [INFO   ] PROGRESS |   Warm Regards,
2026-06-23 00:47:05 [INFO   ] PROGRESS |   Sandeep Jain
2026-06-23 00:47:05 [INFO   ] PROGRESS |   Founder, PlacementHub
2026-06-23 00:47:05 [INFO   ] PROGRESS |   +91-9860090620
2026-06-23 00:47:05 [INFO   ] PROGRESS |   sandeepjain200019@gmail.com
2026-06-23 00:47:05 [INFO   ] PROGRESS |   Detailed Profile
2026-06-23 00:47:05 [INFO   ] PROGRESS |   Detailed Note on Funding Requirement
2026-06-23 00:47:05 [INFO   ] --------------------------------------------------------------
2026-06-23 00:47:05 [INFO   ] 
2026-06-23 00:47:05 [INFO   ] 
2026-06-23 00:47:05 [INFO   ] PROGRESS | Email preview — To: mghasolia1992@gmail.com | Subject: PlacementHub pre-seed intro with MANOJKUMAR GAURISHANKAR GHASOLIA
2026-06-23 00:47:06 [INFO   ] SENT (Brevo) -> mghasolia1992@gmail.com (MANOJKUMAR GAURISHANKAR GHASOLIA) | PlacementHub pre-seed intro with MANOJKUMAR GAURISHANKAR GHASOLIA | messageId=<202606221917.99917375860@smtp-relay.mailin.fr> (API accepted; run audit-brevo to confirm delivery)
2026-06-23 00:47:06 [INFO   ] Sleeping for 10 seconds
2026-06-23 00:47:16 [INFO   ] PROGRESS | Send 27/50 | SENT | mghasolia1992@gmail.com | MANOJKUMAR GAURISHANKAR GHASOLIA [Chartered Accountants & Company Secretaries] | ok=25 fail=2 skip=0
2026-06-23 00:47:16 [INFO   ] PROGRESS | Send 28/50 | SENDING | natasharathod15@gmail.com | NATASHA DHARMENDRA RATHOD [Chartered Accountants & Company Secretaries] | ok=25 fail=2 skip=0
2026-06-23 00:47:17 [INFO   ] --------------------------------------------------------------
2026-06-23 00:47:17 [INFO   ] PROGRESS | Email content — To: natasharathod15@gmail.com
2026-06-23 00:47:17 [INFO   ] PROGRESS | Subject: PlacementHub pre-seed intro with NATASHA DHARMENDRA RATHOD
2026-06-23 00:47:17 [INFO   ] PROGRESS | Body:
2026-06-23 00:47:17 [INFO   ] PROGRESS |   Dear Sir/Madam,
2026-06-23 00:47:17 [INFO   ] PROGRESS |   I am reaching out to introduce PlacementHub and explore whether any of your investor, entrepreneur, or
2026-06-23 00:47:17 [INFO   ] PROGRESS |   HNI clients may be open to reviewing a strategic seed opportunity.
2026-06-23 00:47:17 [INFO   ] PROGRESS |   My name is Sandeep Jain. PlacementHub is currently in its pre-seed fundraising stage, and I am
2026-06-23 00:47:17 [INFO   ] PROGRESS |   soliciting strategic seed investment for the same. PlacementHub is a campus placement and employability
2026-06-23 00:47:17 [INFO   ] PROGRESS |   platform connecting students, colleges, and recruiters. The product is built and in early
2026-06-23 00:47:17 [INFO   ] PROGRESS |   commercialization.
2026-06-23 00:47:17 [INFO   ] PROGRESS |   For reference, the detailed business plan, including the business model and go-to-market strategies, is
2026-06-23 00:47:17 [INFO   ] PROGRESS |   available here:
2026-06-23 00:47:17 [INFO   ] PROGRESS |   PlacementHub Business Plan
2026-06-23 00:47:17 [INFO   ] PROGRESS |   For a Chartered Accountant firm, the relevance is mainly professional and strategic:
2026-06-23 00:47:17 [INFO   ] PROGRESS |   PlacementHub may require support across accounting, taxation, compliance, payroll, investor documentation, audit, and related professional services.
2026-06-23 00:47:17 [INFO   ] PROGRESS |   I would naturally be pleased to consider and prioritize firms that support PlacementHub during its early growth phase, subject to suitability and mutual agreement.
2026-06-23 00:47:17 [INFO   ] PROGRESS |   The relationship can begin with a simple review of the investment note and, where appropriate, introductions to suitable investor clients.
2026-06-23 00:47:17 [INFO   ] PROGRESS |   If the opportunity is worth a look, I would be happy to send the note and speak briefly about the round,
2026-06-23 00:47:17 [INFO   ] PROGRESS |   the platform, and the type of strategic investors we are looking for.
2026-06-23 00:47:17 [INFO   ] PROGRESS |   Please reply to this email or call me if you would like to explore it.
2026-06-23 00:47:17 [INFO   ] PROGRESS |   Warm Regards,
2026-06-23 00:47:17 [INFO   ] PROGRESS |   Sandeep Jain
2026-06-23 00:47:17 [INFO   ] PROGRESS |   Founder, PlacementHub
2026-06-23 00:47:17 [INFO   ] PROGRESS |   +91-9860090620
2026-06-23 00:47:17 [INFO   ] PROGRESS |   sandeepjain200019@gmail.com
2026-06-23 00:47:17 [INFO   ] PROGRESS |   Detailed Profile
2026-06-23 00:47:17 [INFO   ] PROGRESS |   Detailed Note on Funding Requirement
2026-06-23 00:47:17 [INFO   ] --------------------------------------------------------------
2026-06-23 00:47:17 [INFO   ] 
2026-06-23 00:47:17 [INFO   ] 
2026-06-23 00:47:17 [INFO   ] PROGRESS | Email preview — To: natasharathod15@gmail.com | Subject: PlacementHub pre-seed intro with NATASHA DHARMENDRA RATHOD
2026-06-23 00:47:18 [INFO   ] SENT (Brevo) -> natasharathod15@gmail.com (NATASHA DHARMENDRA RATHOD) | PlacementHub pre-seed intro with NATASHA DHARMENDRA RATHOD | messageId=<202606221917.20163643879@smtp-relay.mailin.fr> (API accepted; run audit-brevo to confirm delivery)
2026-06-23 00:47:18 [INFO   ] Sleeping for 10 seconds
2026-06-23 00:47:28 [INFO   ] PROGRESS | Send 28/50 | SENT | natasharathod15@gmail.com | NATASHA DHARMENDRA RATHOD [Chartered Accountants & Company Secretaries] | ok=26 fail=2 skip=0
2026-06-23 00:47:28 [INFO   ] PROGRESS | Send 29/50 | SENDING | aisha.k.ca@gmail.com | AISHA KHATOON [Chartered Accountants & Company Secretaries] | ok=26 fail=2 skip=0
2026-06-23 00:47:30 [INFO   ] --------------------------------------------------------------
2026-06-23 00:47:30 [INFO   ] PROGRESS | Email content — To: aisha.k.ca@gmail.com
2026-06-23 00:47:30 [INFO   ] PROGRESS | Subject: PlacementHub pre-seed intro with AISHA KHATOON
2026-06-23 00:47:30 [INFO   ] PROGRESS | Body:
2026-06-23 00:47:30 [INFO   ] PROGRESS |   Dear Sir/Madam,
2026-06-23 00:47:30 [INFO   ] PROGRESS |   I am reaching out to introduce PlacementHub and explore whether any of your investor, entrepreneur, or
2026-06-23 00:47:30 [INFO   ] PROGRESS |   HNI clients may be open to reviewing a strategic seed opportunity.
2026-06-23 00:47:30 [INFO   ] PROGRESS |   My name is Sandeep Jain. PlacementHub is currently in its pre-seed fundraising stage, and I am
2026-06-23 00:47:30 [INFO   ] PROGRESS |   soliciting strategic seed investment for the same. PlacementHub is a campus placement and employability
2026-06-23 00:47:30 [INFO   ] PROGRESS |   platform connecting students, colleges, and recruiters. The product is built and in early
2026-06-23 00:47:30 [INFO   ] PROGRESS |   commercialization.
2026-06-23 00:47:30 [INFO   ] PROGRESS |   For reference, the detailed business plan, including the business model and go-to-market strategies, is
2026-06-23 00:47:30 [INFO   ] PROGRESS |   available here:
2026-06-23 00:47:30 [INFO   ] PROGRESS |   PlacementHub Business Plan
2026-06-23 00:47:30 [INFO   ] PROGRESS |   For a Chartered Accountant firm, the relevance is mainly professional and strategic:
2026-06-23 00:47:30 [INFO   ] PROGRESS |   PlacementHub may require support across accounting, taxation, compliance, payroll, investor documentation, audit, and related professional services.
2026-06-23 00:47:30 [INFO   ] PROGRESS |   I would naturally be pleased to consider and prioritize firms that support PlacementHub during its early growth phase, subject to suitability and mutual agreement.
2026-06-23 00:47:30 [INFO   ] PROGRESS |   The relationship can begin with a simple review of the investment note and, where appropriate, introductions to suitable investor clients.
2026-06-23 00:47:30 [INFO   ] PROGRESS |   If the opportunity is worth a look, I would be happy to send the note and speak briefly about the round,
2026-06-23 00:47:30 [INFO   ] PROGRESS |   the platform, and the type of strategic investors we are looking for.
2026-06-23 00:47:30 [INFO   ] PROGRESS |   Please reply to this email or call me if you would like to explore it.
2026-06-23 00:47:30 [INFO   ] PROGRESS |   Warm Regards,
2026-06-23 00:47:30 [INFO   ] PROGRESS |   Sandeep Jain
2026-06-23 00:47:30 [INFO   ] PROGRESS |   Founder, PlacementHub
2026-06-23 00:47:30 [INFO   ] PROGRESS |   +91-9860090620
2026-06-23 00:47:30 [INFO   ] PROGRESS |   sandeepjain200019@gmail.com
2026-06-23 00:47:30 [INFO   ] PROGRESS |   Detailed Profile
2026-06-23 00:47:30 [INFO   ] PROGRESS |   Detailed Note on Funding Requirement
2026-06-23 00:47:30 [INFO   ] --------------------------------------------------------------
2026-06-23 00:47:30 [INFO   ] 
2026-06-23 00:47:30 [INFO   ] 
2026-06-23 00:47:30 [INFO   ] PROGRESS | Email preview — To: aisha.k.ca@gmail.com | Subject: PlacementHub pre-seed intro with AISHA KHATOON
2026-06-23 00:47:31 [INFO   ] SENT (Brevo) -> aisha.k.ca@gmail.com (AISHA KHATOON) | PlacementHub pre-seed intro with AISHA KHATOON | messageId=<202606221917.93879785127@smtp-relay.mailin.fr> (API accepted; run audit-brevo to confirm delivery)
2026-06-23 00:47:31 [INFO   ] Sleeping for 10 seconds
2026-06-23 00:47:41 [INFO   ] PROGRESS | Send 29/50 | SENT | aisha.k.ca@gmail.com | AISHA KHATOON [Chartered Accountants & Company Secretaries] | ok=27 fail=2 skip=0
2026-06-23 00:47:41 [INFO   ] PROGRESS | Send 30/50 | SENDING | mavheema@gmail.com | HEEMA RAJESH MAV [Chartered Accountants & Company Secretaries] | ok=27 fail=2 skip=0
2026-06-23 00:48:11 [WARNING] NVIDIA call failed (attempt 1/5): The read operation timed out — rotating key.
2026-06-23 00:48:14 [INFO   ] --------------------------------------------------------------
2026-06-23 00:48:14 [INFO   ] PROGRESS | Email content — To: mavheema@gmail.com
2026-06-23 00:48:14 [INFO   ] PROGRESS | Subject: PlacementHub pre-seed intro with HEEMA RAJESH MAV
2026-06-23 00:48:14 [INFO   ] PROGRESS | Body:
2026-06-23 00:48:14 [INFO   ] PROGRESS |   Dear Sir/Madam,
2026-06-23 00:48:14 [INFO   ] PROGRESS |   I am reaching out to introduce PlacementHub and explore whether any of your investor, entrepreneur, or
2026-06-23 00:48:14 [INFO   ] PROGRESS |   HNI clients may be open to reviewing a strategic seed opportunity.
2026-06-23 00:48:14 [INFO   ] PROGRESS |   My name is Sandeep Jain. PlacementHub is currently in its pre-seed fundraising stage, and I am
2026-06-23 00:48:14 [INFO   ] PROGRESS |   soliciting strategic seed investment for the same. PlacementHub is a campus placement and employability
2026-06-23 00:48:14 [INFO   ] PROGRESS |   platform connecting students, colleges, and recruiters. The product is built and in early
2026-06-23 00:48:14 [INFO   ] PROGRESS |   commercialization.
2026-06-23 00:48:14 [INFO   ] PROGRESS |   For reference, the detailed business plan, including the business model and go-to-market strategies, is
2026-06-23 00:48:14 [INFO   ] PROGRESS |   available here:
2026-06-23 00:48:14 [INFO   ] PROGRESS |   PlacementHub Business Plan
2026-06-23 00:48:14 [INFO   ] PROGRESS |   For a Chartered Accountant firm, the relevance is mainly professional and strategic:
2026-06-23 00:48:14 [INFO   ] PROGRESS |   PlacementHub may require support across accounting, taxation, compliance, payroll, investor documentation, audit, and related professional services.
2026-06-23 00:48:14 [INFO   ] PROGRESS |   I would naturally be pleased to consider and prioritize firms that support PlacementHub during its early growth phase, subject to suitability and mutual agreement.
2026-06-23 00:48:14 [INFO   ] PROGRESS |   The relationship can begin with a simple review of the investment note and, where appropriate, introductions to suitable investor clients.
2026-06-23 00:48:14 [INFO   ] PROGRESS |   If the opportunity is worth a look, I would be happy to send the note and speak briefly about the round,
2026-06-23 00:48:14 [INFO   ] PROGRESS |   the platform, and the type of strategic investors we are looking for.
2026-06-23 00:48:14 [INFO   ] PROGRESS |   Please reply to this email or call me if you would like to explore it.
2026-06-23 00:48:14 [INFO   ] PROGRESS |   Warm Regards,
2026-06-23 00:48:14 [INFO   ] PROGRESS |   Sandeep Jain
2026-06-23 00:48:14 [INFO   ] PROGRESS |   Founder, PlacementHub
2026-06-23 00:48:14 [INFO   ] PROGRESS |   +91-9860090620
2026-06-23 00:48:14 [INFO   ] PROGRESS |   sandeepjain200019@gmail.com
2026-06-23 00:48:14 [INFO   ] PROGRESS |   Detailed Profile
2026-06-23 00:48:14 [INFO   ] PROGRESS |   Detailed Note on Funding Requirement
2026-06-23 00:48:14 [INFO   ] --------------------------------------------------------------
2026-06-23 00:48:14 [INFO   ] 
2026-06-23 00:48:14 [INFO   ] 
2026-06-23 00:48:14 [INFO   ] PROGRESS | Email preview — To: mavheema@gmail.com | Subject: PlacementHub pre-seed intro with HEEMA RAJESH MAV
2026-06-23 00:48:15 [INFO   ] SENT (Brevo) -> mavheema@gmail.com (HEEMA RAJESH MAV) | PlacementHub pre-seed intro with HEEMA RAJESH MAV | messageId=<202606221918.59632649844@smtp-relay.mailin.fr> (API accepted; run audit-brevo to confirm delivery)
2026-06-23 00:48:15 [INFO   ] Sleeping for 10 seconds
2026-06-23 00:48:25 [INFO   ] PROGRESS | Send 30/50 | SENT | mavheema@gmail.com | HEEMA RAJESH MAV [Chartered Accountants & Company Secretaries] | ok=28 fail=2 skip=0
2026-06-23 00:48:25 [INFO   ] PROGRESS | Send 31/50 | SENDING | rajeshag2007@gmail.com | RAJESH RAMESH AGRAWAL [Chartered Accountants & Company Secretaries] | ok=28 fail=2 skip=0
2026-06-23 00:48:55 [WARNING] NVIDIA call failed (attempt 1/5): The read operation timed out — rotating key.
2026-06-23 00:49:12 [INFO   ] --------------------------------------------------------------
2026-06-23 00:49:12 [INFO   ] PROGRESS | Email content — To: rajeshag2007@gmail.com
2026-06-23 00:49:12 [INFO   ] PROGRESS | Subject: PlacementHub pre-seed intro with RAJESH RAMESH AGRAWAL
2026-06-23 00:49:12 [INFO   ] PROGRESS | Body:
2026-06-23 00:49:12 [INFO   ] PROGRESS |   Dear Sir/Madam,
2026-06-23 00:49:12 [INFO   ] PROGRESS |   I am reaching out to introduce PlacementHub and explore whether any of your investor, entrepreneur, or
2026-06-23 00:49:12 [INFO   ] PROGRESS |   HNI clients may be open to reviewing a strategic seed opportunity.
2026-06-23 00:49:12 [INFO   ] PROGRESS |   My name is Sandeep Jain. PlacementHub is currently in its pre-seed fundraising stage, and I am
2026-06-23 00:49:12 [INFO   ] PROGRESS |   soliciting strategic seed investment for the same. PlacementHub is a campus placement and employability
2026-06-23 00:49:12 [INFO   ] PROGRESS |   platform connecting students, colleges, and recruiters. The product is built and in early
2026-06-23 00:49:12 [INFO   ] PROGRESS |   commercialization.
2026-06-23 00:49:12 [INFO   ] PROGRESS |   For reference, the detailed business plan, including the business model and go-to-market strategies, is
2026-06-23 00:49:12 [INFO   ] PROGRESS |   available here:
2026-06-23 00:49:12 [INFO   ] PROGRESS |   PlacementHub Business Plan
2026-06-23 00:49:12 [INFO   ] PROGRESS |   For a Chartered Accountant firm, the relevance is mainly professional and strategic:
2026-06-23 00:49:12 [INFO   ] PROGRESS |   PlacementHub may require support across accounting, taxation, compliance, payroll, investor documentation, audit, and related professional services.
2026-06-23 00:49:12 [INFO   ] PROGRESS |   I would naturally be pleased to consider and prioritize firms that support PlacementHub during its early growth phase, subject to suitability and mutual agreement.
2026-06-23 00:49:12 [INFO   ] PROGRESS |   The relationship can begin with a simple review of the investment note and, where appropriate, introductions to suitable investor clients.
2026-06-23 00:49:12 [INFO   ] PROGRESS |   If the opportunity is worth a look, I would be happy to send the note and speak briefly about the round,
2026-06-23 00:49:12 [INFO   ] PROGRESS |   the platform, and the type of strategic investors we are looking for.
2026-06-23 00:49:12 [INFO   ] PROGRESS |   Please reply to this email or call me if you would like to explore it.
2026-06-23 00:49:12 [INFO   ] PROGRESS |   Warm Regards,
2026-06-23 00:49:12 [INFO   ] PROGRESS |   Sandeep Jain
2026-06-23 00:49:12 [INFO   ] PROGRESS |   Founder, PlacementHub
2026-06-23 00:49:12 [INFO   ] PROGRESS |   +91-9860090620
2026-06-23 00:49:12 [INFO   ] PROGRESS |   sandeepjain200019@gmail.com
2026-06-23 00:49:12 [INFO   ] PROGRESS |   Detailed Profile
2026-06-23 00:49:12 [INFO   ] PROGRESS |   Detailed Note on Funding Requirement
2026-06-23 00:49:12 [INFO   ] --------------------------------------------------------------
2026-06-23 00:49:12 [INFO   ] 
2026-06-23 00:49:12 [INFO   ] 
2026-06-23 00:49:12 [INFO   ] PROGRESS | Email preview — To: rajeshag2007@gmail.com | Subject: PlacementHub pre-seed intro with RAJESH RAMESH AGRAWAL
2026-06-23 00:49:13 [INFO   ] SENT (Brevo) -> rajeshag2007@gmail.com (RAJESH RAMESH AGRAWAL) | PlacementHub pre-seed intro with RAJESH RAMESH AGRAWAL | messageId=<202606221919.72706034313@smtp-relay.mailin.fr> (API accepted; run audit-brevo to confirm delivery)
2026-06-23 00:49:13 [INFO   ] Sleeping for 10 seconds
2026-06-23 00:49:23 [INFO   ] PROGRESS | Send 31/50 | SENT | rajeshag2007@gmail.com | RAJESH RAMESH AGRAWAL [Chartered Accountants & Company Secretaries] | ok=29 fail=2 skip=0
2026-06-23 00:49:23 [INFO   ] PROGRESS | Send 32/50 | SENDING | kamlesh@krraheja.com | RAHEJA KAMLESH RAMCHAND [Chartered Accountants & Company Secretaries] | ok=29 fail=2 skip=0
2026-06-23 00:49:53 [WARNING] NVIDIA call failed (attempt 1/5): The read operation timed out — rotating key.
2026-06-23 00:50:06 [INFO   ] --------------------------------------------------------------
2026-06-23 00:50:06 [INFO   ] PROGRESS | Email content — To: kamlesh@krraheja.com
2026-06-23 00:50:06 [INFO   ] PROGRESS | Subject: PlacementHub pre-seed intro with RAHEJA KAMLESH RAMCHAND
2026-06-23 00:50:06 [INFO   ] PROGRESS | Body:
2026-06-23 00:50:06 [INFO   ] PROGRESS |   Dear Sir/Madam,
2026-06-23 00:50:06 [INFO   ] PROGRESS |   I am reaching out to introduce PlacementHub and explore whether any of your investor, entrepreneur, or
2026-06-23 00:50:06 [INFO   ] PROGRESS |   HNI clients may be open to reviewing a strategic seed opportunity.
2026-06-23 00:50:06 [INFO   ] PROGRESS |   My name is Sandeep Jain. PlacementHub is currently in its pre-seed fundraising stage, and I am
2026-06-23 00:50:06 [INFO   ] PROGRESS |   soliciting strategic seed investment for the same. PlacementHub is a campus placement and employability
2026-06-23 00:50:06 [INFO   ] PROGRESS |   platform connecting students, colleges, and recruiters. The product is built and in early
2026-06-23 00:50:06 [INFO   ] PROGRESS |   commercialization.
2026-06-23 00:50:06 [INFO   ] PROGRESS |   For reference, the detailed business plan, including the business model and go-to-market strategies, is
2026-06-23 00:50:06 [INFO   ] PROGRESS |   available here:
2026-06-23 00:50:06 [INFO   ] PROGRESS |   PlacementHub Business Plan
2026-06-23 00:50:06 [INFO   ] PROGRESS |   For a Chartered Accountant firm, the relevance is mainly professional and strategic:
2026-06-23 00:50:06 [INFO   ] PROGRESS |   PlacementHub may require support across accounting, taxation, compliance, payroll, investor documentation, audit, and related professional services.
2026-06-23 00:50:06 [INFO   ] PROGRESS |   I would naturally be pleased to consider and prioritize firms that support PlacementHub during its early growth phase, subject to suitability and mutual agreement.
2026-06-23 00:50:06 [INFO   ] PROGRESS |   The relationship can begin with a simple review of the investment note and, where appropriate, introductions to suitable investor clients.
2026-06-23 00:50:06 [INFO   ] PROGRESS |   If the opportunity is worth a look, I would be happy to send the note and speak briefly about the round,
2026-06-23 00:50:06 [INFO   ] PROGRESS |   the platform, and the type of strategic investors we are looking for.
2026-06-23 00:50:06 [INFO   ] PROGRESS |   Please reply to this email or call me if you would like to explore it.
2026-06-23 00:50:06 [INFO   ] PROGRESS |   Warm Regards,
2026-06-23 00:50:06 [INFO   ] PROGRESS |   Sandeep Jain
2026-06-23 00:50:06 [INFO   ] PROGRESS |   Founder, PlacementHub
2026-06-23 00:50:06 [INFO   ] PROGRESS |   +91-9860090620
2026-06-23 00:50:06 [INFO   ] PROGRESS |   sandeepjain200019@gmail.com
2026-06-23 00:50:06 [INFO   ] PROGRESS |   Detailed Profile
2026-06-23 00:50:06 [INFO   ] PROGRESS |   Detailed Note on Funding Requirement
2026-06-23 00:50:06 [INFO   ] --------------------------------------------------------------
2026-06-23 00:50:06 [INFO   ] 
2026-06-23 00:50:06 [INFO   ] 
2026-06-23 00:50:06 [INFO   ] PROGRESS | Email preview — To: kamlesh@krraheja.com | Subject: PlacementHub pre-seed intro with RAHEJA KAMLESH RAMCHAND
2026-06-23 00:50:07 [INFO   ] SENT (Brevo) -> kamlesh@krraheja.com (RAHEJA KAMLESH RAMCHAND) | PlacementHub pre-seed intro with RAHEJA KAMLESH RAMCHAND | messageId=<202606221920.20914463974@smtp-relay.mailin.fr> (API accepted; run audit-brevo to confirm delivery)
2026-06-23 00:50:07 [INFO   ] Sleeping for 10 seconds
2026-06-23 00:50:17 [INFO   ] PROGRESS | Send 32/50 | SENT | kamlesh@krraheja.com | RAHEJA KAMLESH RAMCHAND [Chartered Accountants & Company Secretaries] | ok=30 fail=2 skip=0
2026-06-23 00:50:17 [INFO   ] PROGRESS | Send 33/50 | SENDING | aditya_ghanekar17@yahoo.com | ADITYA VIVEK GHANEKAR [Chartered Accountants & Company Secretaries] | ok=30 fail=2 skip=0
2026-06-23 00:50:23 [INFO   ] --------------------------------------------------------------
2026-06-23 00:50:23 [INFO   ] PROGRESS | Email content — To: aditya_ghanekar17@yahoo.com
2026-06-23 00:50:23 [INFO   ] PROGRESS | Subject: PlacementHub pre-seed intro with ADITYA VIVEK GHANEKAR
2026-06-23 00:50:23 [INFO   ] PROGRESS | Body:
2026-06-23 00:50:23 [INFO   ] PROGRESS |   Dear Sir/Madam,
2026-06-23 00:50:23 [INFO   ] PROGRESS |   I am reaching out to introduce PlacementHub and explore whether any of your investor, entrepreneur, or
2026-06-23 00:50:23 [INFO   ] PROGRESS |   HNI clients may be open to reviewing a strategic seed opportunity.
2026-06-23 00:50:23 [INFO   ] PROGRESS |   My name is Sandeep Jain. PlacementHub is currently in its pre-seed fundraising stage, and I am
2026-06-23 00:50:23 [INFO   ] PROGRESS |   soliciting strategic seed investment for the same. PlacementHub is a campus placement and employability
2026-06-23 00:50:23 [INFO   ] PROGRESS |   platform connecting students, colleges, and recruiters. The product is built and in early
2026-06-23 00:50:23 [INFO   ] PROGRESS |   commercialization.
2026-06-23 00:50:23 [INFO   ] PROGRESS |   For reference, the detailed business plan, including the business model and go-to-market strategies, is
2026-06-23 00:50:23 [INFO   ] PROGRESS |   available here:
2026-06-23 00:50:23 [INFO   ] PROGRESS |   PlacementHub Business Plan
2026-06-23 00:50:23 [INFO   ] PROGRESS |   For a Chartered Accountant firm, the relevance is mainly professional and strategic:
2026-06-23 00:50:23 [INFO   ] PROGRESS |   PlacementHub may require support across accounting, taxation, compliance, payroll, investor documentation, audit, and related professional services.
2026-06-23 00:50:23 [INFO   ] PROGRESS |   I would naturally be pleased to consider and prioritize firms that support PlacementHub during its early growth phase, subject to suitability and mutual agreement.
2026-06-23 00:50:23 [INFO   ] PROGRESS |   The relationship can begin with a simple review of the investment note and, where appropriate, introductions to suitable investor clients.
2026-06-23 00:50:23 [INFO   ] PROGRESS |   If the opportunity is worth a look, I would be happy to send the note and speak briefly about the round,
2026-06-23 00:50:23 [INFO   ] PROGRESS |   the platform, and the type of strategic investors we are looking for.
2026-06-23 00:50:23 [INFO   ] PROGRESS |   Please reply to this email or call me if you would like to explore it.
2026-06-23 00:50:23 [INFO   ] PROGRESS |   Warm Regards,
2026-06-23 00:50:23 [INFO   ] PROGRESS |   Sandeep Jain
2026-06-23 00:50:23 [INFO   ] PROGRESS |   Founder, PlacementHub
2026-06-23 00:50:23 [INFO   ] PROGRESS |   +91-9860090620
2026-06-23 00:50:23 [INFO   ] PROGRESS |   sandeepjain200019@gmail.com
2026-06-23 00:50:23 [INFO   ] PROGRESS |   Detailed Profile
2026-06-23 00:50:23 [INFO   ] PROGRESS |   Detailed Note on Funding Requirement
2026-06-23 00:50:23 [INFO   ] --------------------------------------------------------------
2026-06-23 00:50:23 [INFO   ] 
2026-06-23 00:50:23 [INFO   ] 
2026-06-23 00:50:23 [INFO   ] PROGRESS | Email preview — To: aditya_ghanekar17@yahoo.com | Subject: PlacementHub pre-seed intro with ADITYA VIVEK GHANEKAR
2026-06-23 00:50:24 [INFO   ] SENT (Brevo) -> aditya_ghanekar17@yahoo.com (ADITYA VIVEK GHANEKAR) | PlacementHub pre-seed intro with ADITYA VIVEK GHANEKAR | messageId=<202606221920.74582343215@smtp-relay.mailin.fr> (API accepted; run audit-brevo to confirm delivery)
2026-06-23 00:50:24 [INFO   ] Sleeping for 10 seconds
2026-06-23 00:50:34 [INFO   ] PROGRESS | Send 33/50 | SENT | aditya_ghanekar17@yahoo.com | ADITYA VIVEK GHANEKAR [Chartered Accountants & Company Secretaries] | ok=31 fail=2 skip=0
2026-06-23 00:50:34 [INFO   ] PROGRESS | Send 34/50 | SENDING | manthan1206@gmail.com | MANTHAN GANDHI & CO [Chartered Accountants & Company Secretaries] | ok=31 fail=2 skip=0
2026-06-23 00:50:36 [INFO   ] --------------------------------------------------------------
2026-06-23 00:50:36 [INFO   ] PROGRESS | Email content — To: manthan1206@gmail.com
2026-06-23 00:50:36 [INFO   ] PROGRESS | Subject: PlacementHub pre-seed intro with MANTHAN GANDHI & CO
2026-06-23 00:50:36 [INFO   ] PROGRESS | Body:
2026-06-23 00:50:36 [INFO   ] PROGRESS |   Dear Sir/Madam,
2026-06-23 00:50:36 [INFO   ] PROGRESS |   I am reaching out to introduce PlacementHub and explore whether any of your investor, entrepreneur, or
2026-06-23 00:50:36 [INFO   ] PROGRESS |   HNI clients may be open to reviewing a strategic seed opportunity.
2026-06-23 00:50:36 [INFO   ] PROGRESS |   My name is Sandeep Jain. PlacementHub is currently in its pre-seed fundraising stage, and I am
2026-06-23 00:50:36 [INFO   ] PROGRESS |   soliciting strategic seed investment for the same. PlacementHub is a campus placement and employability
2026-06-23 00:50:36 [INFO   ] PROGRESS |   platform connecting students, colleges, and recruiters. The product is built and in early
2026-06-23 00:50:36 [INFO   ] PROGRESS |   commercialization.
2026-06-23 00:50:36 [INFO   ] PROGRESS |   For reference, the detailed business plan, including the business model and go-to-market strategies, is
2026-06-23 00:50:36 [INFO   ] PROGRESS |   available here:
2026-06-23 00:50:36 [INFO   ] PROGRESS |   PlacementHub Business Plan
2026-06-23 00:50:36 [INFO   ] PROGRESS |   For a Chartered Accountant firm, the relevance is mainly professional and strategic:
2026-06-23 00:50:36 [INFO   ] PROGRESS |   PlacementHub may require support across accounting, taxation, compliance, payroll, investor documentation, audit, and related professional services.
2026-06-23 00:50:36 [INFO   ] PROGRESS |   I would naturally be pleased to consider and prioritize firms that support PlacementHub during its early growth phase, subject to suitability and mutual agreement.
2026-06-23 00:50:36 [INFO   ] PROGRESS |   The relationship can begin with a simple review of the investment note and, where appropriate, introductions to suitable investor clients.
2026-06-23 00:50:36 [INFO   ] PROGRESS |   If the opportunity is worth a look, I would be happy to send the note and speak briefly about the round,
2026-06-23 00:50:36 [INFO   ] PROGRESS |   the platform, and the type of strategic investors we are looking for.
2026-06-23 00:50:36 [INFO   ] PROGRESS |   Please reply to this email or call me if you would like to explore it.
2026-06-23 00:50:36 [INFO   ] PROGRESS |   Warm Regards,
2026-06-23 00:50:36 [INFO   ] PROGRESS |   Sandeep Jain
2026-06-23 00:50:36 [INFO   ] PROGRESS |   Founder, PlacementHub
2026-06-23 00:50:36 [INFO   ] PROGRESS |   +91-9860090620
2026-06-23 00:50:36 [INFO   ] PROGRESS |   sandeepjain200019@gmail.com
2026-06-23 00:50:36 [INFO   ] PROGRESS |   Detailed Profile
2026-06-23 00:50:36 [INFO   ] PROGRESS |   Detailed Note on Funding Requirement
2026-06-23 00:50:36 [INFO   ] --------------------------------------------------------------
2026-06-23 00:50:36 [INFO   ] 
2026-06-23 00:50:36 [INFO   ] 
2026-06-23 00:50:36 [INFO   ] PROGRESS | Email preview — To: manthan1206@gmail.com | Subject: PlacementHub pre-seed intro with MANTHAN GANDHI & CO
2026-06-23 00:50:37 [INFO   ] SENT (Brevo) -> manthan1206@gmail.com (MANTHAN GANDHI & CO) | PlacementHub pre-seed intro with MANTHAN GANDHI & CO | messageId=<202606221920.16660575121@smtp-relay.mailin.fr> (API accepted; run audit-brevo to confirm delivery)
2026-06-23 00:50:37 [INFO   ] Sleeping for 10 seconds
2026-06-23 00:50:47 [INFO   ] PROGRESS | Send 34/50 | SENT | manthan1206@gmail.com | MANTHAN GANDHI & CO [Chartered Accountants & Company Secretaries] | ok=32 fail=2 skip=0
2026-06-23 00:50:47 [INFO   ] PROGRESS | Send 35/50 | SENDING | casaurabhbhave@gmail.com | S G BHAVE & CO [Chartered Accountants & Company Secretaries] | ok=32 fail=2 skip=0
2026-06-23 00:50:53 [INFO   ] --------------------------------------------------------------
2026-06-23 00:50:53 [INFO   ] PROGRESS | Email content — To: casaurabhbhave@gmail.com
2026-06-23 00:50:53 [INFO   ] PROGRESS | Subject: PlacementHub pre-seed intro with S G BHAVE & CO
2026-06-23 00:50:53 [INFO   ] PROGRESS | Body:
2026-06-23 00:50:53 [INFO   ] PROGRESS |   Dear Sir/Madam,
2026-06-23 00:50:53 [INFO   ] PROGRESS |   I am reaching out to introduce PlacementHub and explore whether any of your investor, entrepreneur, or
2026-06-23 00:50:53 [INFO   ] PROGRESS |   HNI clients may be open to reviewing a strategic seed opportunity.
2026-06-23 00:50:53 [INFO   ] PROGRESS |   My name is Sandeep Jain. PlacementHub is currently in its pre-seed fundraising stage, and I am
2026-06-23 00:50:53 [INFO   ] PROGRESS |   soliciting strategic seed investment for the same. PlacementHub is a campus placement and employability
2026-06-23 00:50:53 [INFO   ] PROGRESS |   platform connecting students, colleges, and recruiters. The product is built and in early
2026-06-23 00:50:53 [INFO   ] PROGRESS |   commercialization.
2026-06-23 00:50:53 [INFO   ] PROGRESS |   For reference, the detailed business plan, including the business model and go-to-market strategies, is
2026-06-23 00:50:53 [INFO   ] PROGRESS |   available here:
2026-06-23 00:50:53 [INFO   ] PROGRESS |   PlacementHub Business Plan
2026-06-23 00:50:53 [INFO   ] PROGRESS |   For a Chartered Accountant firm, the relevance is mainly professional and strategic:
2026-06-23 00:50:53 [INFO   ] PROGRESS |   PlacementHub may require support across accounting, taxation, compliance, payroll, investor documentation, audit, and related professional services.
2026-06-23 00:50:53 [INFO   ] PROGRESS |   I would naturally be pleased to consider and prioritize firms that support PlacementHub during its early growth phase, subject to suitability and mutual agreement.
2026-06-23 00:50:53 [INFO   ] PROGRESS |   The relationship can begin with a simple review of the investment note and, where appropriate, introductions to suitable investor clients.
2026-06-23 00:50:53 [INFO   ] PROGRESS |   If the opportunity is worth a look, I would be happy to send the note and speak briefly about the round,
2026-06-23 00:50:53 [INFO   ] PROGRESS |   the platform, and the type of strategic investors we are looking for.
2026-06-23 00:50:53 [INFO   ] PROGRESS |   Please reply to this email or call me if you would like to explore it.
2026-06-23 00:50:53 [INFO   ] PROGRESS |   Warm Regards,
2026-06-23 00:50:53 [INFO   ] PROGRESS |   Sandeep Jain
2026-06-23 00:50:53 [INFO   ] PROGRESS |   Founder, PlacementHub
2026-06-23 00:50:53 [INFO   ] PROGRESS |   +91-9860090620
2026-06-23 00:50:53 [INFO   ] PROGRESS |   sandeepjain200019@gmail.com
2026-06-23 00:50:53 [INFO   ] PROGRESS |   Detailed Profile
2026-06-23 00:50:53 [INFO   ] PROGRESS |   Detailed Note on Funding Requirement
2026-06-23 00:50:53 [INFO   ] --------------------------------------------------------------
2026-06-23 00:50:53 [INFO   ] 
2026-06-23 00:50:53 [INFO   ] 
2026-06-23 00:50:53 [INFO   ] PROGRESS | Email preview — To: casaurabhbhave@gmail.com | Subject: PlacementHub pre-seed intro with S G BHAVE & CO
2026-06-23 00:50:54 [INFO   ] SENT (Brevo) -> casaurabhbhave@gmail.com (S G BHAVE & CO) | PlacementHub pre-seed intro with S G BHAVE & CO | messageId=<202606221920.24784772756@smtp-relay.mailin.fr> (API accepted; run audit-brevo to confirm delivery)
2026-06-23 00:50:54 [INFO   ] Sleeping for 10 seconds
2026-06-23 00:51:04 [INFO   ] PROGRESS | Send 35/50 | SENT | casaurabhbhave@gmail.com | S G BHAVE & CO [Chartered Accountants & Company Secretaries] | ok=33 fail=2 skip=0
2026-06-23 00:51:04 [INFO   ] PROGRESS | Send 36/50 | SENDING | cahimanshuanilsharma@gmail.com | H S A S & CO [Chartered Accountants & Company Secretaries] | ok=33 fail=2 skip=0
2026-06-23 00:51:04 [WARNING] NVIDIA call failed (attempt 1/5): HTTP Error 403: Forbidden — rotating key.
2026-06-23 00:51:24 [INFO   ] --------------------------------------------------------------
2026-06-23 00:51:24 [INFO   ] PROGRESS | Email content — To: cahimanshuanilsharma@gmail.com
2026-06-23 00:51:24 [INFO   ] PROGRESS | Subject: PlacementHub pre-seed intro with H S A S & CO
2026-06-23 00:51:24 [INFO   ] PROGRESS | Body:
2026-06-23 00:51:24 [INFO   ] PROGRESS |   Dear Sir/Madam,
2026-06-23 00:51:24 [INFO   ] PROGRESS |   I am reaching out to introduce PlacementHub and explore whether any of your investor, entrepreneur, or
2026-06-23 00:51:24 [INFO   ] PROGRESS |   HNI clients may be open to reviewing a strategic seed opportunity.
2026-06-23 00:51:24 [INFO   ] PROGRESS |   My name is Sandeep Jain. PlacementHub is currently in its pre-seed fundraising stage, and I am
2026-06-23 00:51:24 [INFO   ] PROGRESS |   soliciting strategic seed investment for the same. PlacementHub is a campus placement and employability
2026-06-23 00:51:24 [INFO   ] PROGRESS |   platform connecting students, colleges, and recruiters. The product is built and in early
2026-06-23 00:51:24 [INFO   ] PROGRESS |   commercialization.
2026-06-23 00:51:24 [INFO   ] PROGRESS |   For reference, the detailed business plan, including the business model and go-to-market strategies, is
2026-06-23 00:51:24 [INFO   ] PROGRESS |   available here:
2026-06-23 00:51:24 [INFO   ] PROGRESS |   PlacementHub Business Plan
2026-06-23 00:51:24 [INFO   ] PROGRESS |   For a Chartered Accountant firm, the relevance is mainly professional and strategic:
2026-06-23 00:51:24 [INFO   ] PROGRESS |   PlacementHub may require support across accounting, taxation, compliance, payroll, investor documentation, audit, and related professional services.
2026-06-23 00:51:24 [INFO   ] PROGRESS |   I would naturally be pleased to consider and prioritize firms that support PlacementHub during its early growth phase, subject to suitability and mutual agreement.
2026-06-23 00:51:24 [INFO   ] PROGRESS |   The relationship can begin with a simple review of the investment note and, where appropriate, introductions to suitable investor clients.
2026-06-23 00:51:24 [INFO   ] PROGRESS |   If the opportunity is worth a look, I would be happy to send the note and speak briefly about the round,
2026-06-23 00:51:24 [INFO   ] PROGRESS |   the platform, and the type of strategic investors we are looking for.
2026-06-23 00:51:24 [INFO   ] PROGRESS |   Please reply to this email or call me if you would like to explore it.
2026-06-23 00:51:24 [INFO   ] PROGRESS |   Warm Regards,
2026-06-23 00:51:24 [INFO   ] PROGRESS |   Sandeep Jain
2026-06-23 00:51:24 [INFO   ] PROGRESS |   Founder, PlacementHub
2026-06-23 00:51:24 [INFO   ] PROGRESS |   +91-9860090620
2026-06-23 00:51:24 [INFO   ] PROGRESS |   sandeepjain200019@gmail.com
2026-06-23 00:51:24 [INFO   ] PROGRESS |   Detailed Profile
2026-06-23 00:51:24 [INFO   ] PROGRESS |   Detailed Note on Funding Requirement
2026-06-23 00:51:24 [INFO   ] --------------------------------------------------------------
2026-06-23 00:51:24 [INFO   ] 
2026-06-23 00:51:24 [INFO   ] 
2026-06-23 00:51:24 [INFO   ] PROGRESS | Email preview — To: cahimanshuanilsharma@gmail.com | Subject: PlacementHub pre-seed intro with H S A S & CO
2026-06-23 00:51:25 [INFO   ] SENT (Brevo) -> cahimanshuanilsharma@gmail.com (H S A S & CO) | PlacementHub pre-seed intro with H S A S & CO | messageId=<202606221921.20473876294@smtp-relay.mailin.fr> (API accepted; run audit-brevo to confirm delivery)
2026-06-23 00:51:25 [INFO   ] Sleeping for 10 seconds
2026-06-23 00:51:35 [INFO   ] PROGRESS | Send 36/50 | SENT | cahimanshuanilsharma@gmail.com | H S A S & CO [Chartered Accountants & Company Secretaries] | ok=34 fail=2 skip=0
2026-06-23 00:51:35 [INFO   ] PROGRESS | Send 37/50 | SENDING | rituljain357@gmail.com | RITUL JAIN & CO [Chartered Accountants & Company Secretaries] | ok=34 fail=2 skip=0
2026-06-23 00:51:39 [INFO   ] --------------------------------------------------------------
2026-06-23 00:51:39 [INFO   ] PROGRESS | Email content — To: rituljain357@gmail.com
2026-06-23 00:51:39 [INFO   ] PROGRESS | Subject: PlacementHub pre-seed intro with RITUL JAIN & CO
2026-06-23 00:51:39 [INFO   ] PROGRESS | Body:
2026-06-23 00:51:39 [INFO   ] PROGRESS |   Dear Sir/Madam,
2026-06-23 00:51:39 [INFO   ] PROGRESS |   I am reaching out to introduce PlacementHub and explore whether any of your investor, entrepreneur, or
2026-06-23 00:51:39 [INFO   ] PROGRESS |   HNI clients may be open to reviewing a strategic seed opportunity.
2026-06-23 00:51:39 [INFO   ] PROGRESS |   My name is Sandeep Jain. PlacementHub is currently in its pre-seed fundraising stage, and I am
2026-06-23 00:51:39 [INFO   ] PROGRESS |   soliciting strategic seed investment for the same. PlacementHub is a campus placement and employability
2026-06-23 00:51:39 [INFO   ] PROGRESS |   platform connecting students, colleges, and recruiters. The product is built and in early
2026-06-23 00:51:39 [INFO   ] PROGRESS |   commercialization.
2026-06-23 00:51:39 [INFO   ] PROGRESS |   For reference, the detailed business plan, including the business model and go-to-market strategies, is
2026-06-23 00:51:39 [INFO   ] PROGRESS |   available here:
2026-06-23 00:51:39 [INFO   ] PROGRESS |   PlacementHub Business Plan
2026-06-23 00:51:39 [INFO   ] PROGRESS |   For a Chartered Accountant firm, the relevance is mainly professional and strategic:
2026-06-23 00:51:39 [INFO   ] PROGRESS |   PlacementHub may require support across accounting, taxation, compliance, payroll, investor documentation, audit, and related professional services.
2026-06-23 00:51:39 [INFO   ] PROGRESS |   I would naturally be pleased to consider and prioritize firms that support PlacementHub during its early growth phase, subject to suitability and mutual agreement.
2026-06-23 00:51:39 [INFO   ] PROGRESS |   The relationship can begin with a simple review of the investment note and, where appropriate, introductions to suitable investor clients.
2026-06-23 00:51:39 [INFO   ] PROGRESS |   If the opportunity is worth a look, I would be happy to send the note and speak briefly about the round,
2026-06-23 00:51:39 [INFO   ] PROGRESS |   the platform, and the type of strategic investors we are looking for.
2026-06-23 00:51:39 [INFO   ] PROGRESS |   Please reply to this email or call me if you would like to explore it.
2026-06-23 00:51:39 [INFO   ] PROGRESS |   Warm Regards,
2026-06-23 00:51:39 [INFO   ] PROGRESS |   Sandeep Jain
2026-06-23 00:51:39 [INFO   ] PROGRESS |   Founder, PlacementHub
2026-06-23 00:51:39 [INFO   ] PROGRESS |   +91-9860090620
2026-06-23 00:51:39 [INFO   ] PROGRESS |   sandeepjain200019@gmail.com
2026-06-23 00:51:39 [INFO   ] PROGRESS |   Detailed Profile
2026-06-23 00:51:39 [INFO   ] PROGRESS |   Detailed Note on Funding Requirement
2026-06-23 00:51:39 [INFO   ] --------------------------------------------------------------
2026-06-23 00:51:39 [INFO   ] 
2026-06-23 00:51:39 [INFO   ] 
2026-06-23 00:51:39 [INFO   ] PROGRESS | Email preview — To: rituljain357@gmail.com | Subject: PlacementHub pre-seed intro with RITUL JAIN & CO
2026-06-23 00:51:40 [INFO   ] SENT (Brevo) -> rituljain357@gmail.com (RITUL JAIN & CO) | PlacementHub pre-seed intro with RITUL JAIN & CO | messageId=<202606221921.39718866940@smtp-relay.mailin.fr> (API accepted; run audit-brevo to confirm delivery)
2026-06-23 00:51:40 [INFO   ] Sleeping for 10 seconds
2026-06-23 00:51:50 [INFO   ] PROGRESS | Send 37/50 | SENT | rituljain357@gmail.com | RITUL JAIN & CO [Chartered Accountants & Company Secretaries] | ok=35 fail=2 skip=0
2026-06-23 00:51:50 [INFO   ] PROGRESS | Send 38/50 | SENDING | sanjay.amco@gmail.com | AKKAD MEHTA & CO LLP [Chartered Accountants & Company Secretaries] | ok=35 fail=2 skip=0
2026-06-23 00:51:57 [INFO   ] --------------------------------------------------------------
2026-06-23 00:51:57 [INFO   ] PROGRESS | Email content — To: sanjay.amco@gmail.com
2026-06-23 00:51:57 [INFO   ] PROGRESS | Subject: PlacementHub pre-seed intro with AKKAD MEHTA & CO LLP
2026-06-23 00:51:57 [INFO   ] PROGRESS | Body:
2026-06-23 00:51:57 [INFO   ] PROGRESS |   Dear Sir/Madam,
2026-06-23 00:51:57 [INFO   ] PROGRESS |   I am reaching out to introduce PlacementHub and explore whether any of your investor, entrepreneur, or
2026-06-23 00:51:57 [INFO   ] PROGRESS |   HNI clients may be open to reviewing a strategic seed opportunity.
2026-06-23 00:51:57 [INFO   ] PROGRESS |   My name is Sandeep Jain. PlacementHub is currently in its pre-seed fundraising stage, and I am
2026-06-23 00:51:57 [INFO   ] PROGRESS |   soliciting strategic seed investment for the same. PlacementHub is a campus placement and employability
2026-06-23 00:51:57 [INFO   ] PROGRESS |   platform connecting students, colleges, and recruiters. The product is built and in early
2026-06-23 00:51:57 [INFO   ] PROGRESS |   commercialization.
2026-06-23 00:51:57 [INFO   ] PROGRESS |   For reference, the detailed business plan, including the business model and go-to-market strategies, is
2026-06-23 00:51:57 [INFO   ] PROGRESS |   available here:
2026-06-23 00:51:57 [INFO   ] PROGRESS |   PlacementHub Business Plan
2026-06-23 00:51:57 [INFO   ] PROGRESS |   For a Chartered Accountant firm, the relevance is mainly professional and strategic:
2026-06-23 00:51:57 [INFO   ] PROGRESS |   PlacementHub may require support across accounting, taxation, compliance, payroll, investor documentation, audit, and related professional services.
2026-06-23 00:51:57 [INFO   ] PROGRESS |   I would naturally be pleased to consider and prioritize firms that support PlacementHub during its early growth phase, subject to suitability and mutual agreement.
2026-06-23 00:51:57 [INFO   ] PROGRESS |   The relationship can begin with a simple review of the investment note and, where appropriate, introductions to suitable investor clients.
2026-06-23 00:51:57 [INFO   ] PROGRESS |   If the opportunity is worth a look, I would be happy to send the note and speak briefly about the round,
2026-06-23 00:51:57 [INFO   ] PROGRESS |   the platform, and the type of strategic investors we are looking for.
2026-06-23 00:51:57 [INFO   ] PROGRESS |   Please reply to this email or call me if you would like to explore it.
2026-06-23 00:51:57 [INFO   ] PROGRESS |   Warm Regards,
2026-06-23 00:51:57 [INFO   ] PROGRESS |   Sandeep Jain
2026-06-23 00:51:57 [INFO   ] PROGRESS |   Founder, PlacementHub
2026-06-23 00:51:57 [INFO   ] PROGRESS |   +91-9860090620
2026-06-23 00:51:57 [INFO   ] PROGRESS |   sandeepjain200019@gmail.com
2026-06-23 00:51:57 [INFO   ] PROGRESS |   Detailed Profile
2026-06-23 00:51:57 [INFO   ] PROGRESS |   Detailed Note on Funding Requirement
2026-06-23 00:51:57 [INFO   ] --------------------------------------------------------------
2026-06-23 00:51:57 [INFO   ] 
2026-06-23 00:51:57 [INFO   ] 
2026-06-23 00:51:57 [INFO   ] PROGRESS | Email preview — To: sanjay.amco@gmail.com | Subject: PlacementHub pre-seed intro with AKKAD MEHTA & CO LLP
2026-06-23 00:51:58 [INFO   ] SENT (Brevo) -> sanjay.amco@gmail.com (AKKAD MEHTA & CO LLP) | PlacementHub pre-seed intro with AKKAD MEHTA & CO LLP | messageId=<202606221921.50697093542@smtp-relay.mailin.fr> (API accepted; run audit-brevo to confirm delivery)
2026-06-23 00:51:58 [INFO   ] Sleeping for 10 seconds
2026-06-23 00:52:08 [INFO   ] PROGRESS | Send 38/50 | SENT | sanjay.amco@gmail.com | AKKAD MEHTA & CO LLP [Chartered Accountants & Company Secretaries] | ok=36 fail=2 skip=0
2026-06-23 00:52:08 [INFO   ] PROGRESS | Send 39/50 | SENDING | basermanoj@yahoo.com | BASER & ASSOCIATES [Chartered Accountants & Company Secretaries] | ok=36 fail=2 skip=0
2026-06-23 00:52:16 [INFO   ] --------------------------------------------------------------
2026-06-23 00:52:16 [INFO   ] PROGRESS | Email content — To: basermanoj@yahoo.com
2026-06-23 00:52:16 [INFO   ] PROGRESS | Subject: PlacementHub pre-seed intro with BASER & ASSOCIATES
2026-06-23 00:52:16 [INFO   ] PROGRESS | Body:
2026-06-23 00:52:16 [INFO   ] PROGRESS |   Dear Sir/Madam,
2026-06-23 00:52:16 [INFO   ] PROGRESS |   I am reaching out to introduce PlacementHub and explore whether any of your investor, entrepreneur, or
2026-06-23 00:52:16 [INFO   ] PROGRESS |   HNI clients may be open to reviewing a strategic seed opportunity.
2026-06-23 00:52:16 [INFO   ] PROGRESS |   My name is Sandeep Jain. PlacementHub is currently in its pre-seed fundraising stage, and I am
2026-06-23 00:52:16 [INFO   ] PROGRESS |   soliciting strategic seed investment for the same. PlacementHub is a campus placement and employability
2026-06-23 00:52:16 [INFO   ] PROGRESS |   platform connecting students, colleges, and recruiters. The product is built and in early
2026-06-23 00:52:16 [INFO   ] PROGRESS |   commercialization.
2026-06-23 00:52:16 [INFO   ] PROGRESS |   For reference, the detailed business plan, including the business model and go-to-market strategies, is
2026-06-23 00:52:16 [INFO   ] PROGRESS |   available here:
2026-06-23 00:52:16 [INFO   ] PROGRESS |   PlacementHub Business Plan
2026-06-23 00:52:16 [INFO   ] PROGRESS |   For a Chartered Accountant firm, the relevance is mainly professional and strategic:
2026-06-23 00:52:16 [INFO   ] PROGRESS |   PlacementHub may require support across accounting, taxation, compliance, payroll, investor documentation, audit, and related professional services.
2026-06-23 00:52:16 [INFO   ] PROGRESS |   I would naturally be pleased to consider and prioritize firms that support PlacementHub during its early growth phase, subject to suitability and mutual agreement.
2026-06-23 00:52:16 [INFO   ] PROGRESS |   The relationship can begin with a simple review of the investment note and, where appropriate, introductions to suitable investor clients.
2026-06-23 00:52:16 [INFO   ] PROGRESS |   If the opportunity is worth a look, I would be happy to send the note and speak briefly about the round,
2026-06-23 00:52:16 [INFO   ] PROGRESS |   the platform, and the type of strategic investors we are looking for.
2026-06-23 00:52:16 [INFO   ] PROGRESS |   Please reply to this email or call me if you would like to explore it.
2026-06-23 00:52:16 [INFO   ] PROGRESS |   Warm Regards,
2026-06-23 00:52:16 [INFO   ] PROGRESS |   Sandeep Jain
2026-06-23 00:52:16 [INFO   ] PROGRESS |   Founder, PlacementHub
2026-06-23 00:52:16 [INFO   ] PROGRESS |   +91-9860090620
2026-06-23 00:52:16 [INFO   ] PROGRESS |   sandeepjain200019@gmail.com
2026-06-23 00:52:16 [INFO   ] PROGRESS |   Detailed Profile
2026-06-23 00:52:16 [INFO   ] PROGRESS |   Detailed Note on Funding Requirement
2026-06-23 00:52:16 [INFO   ] --------------------------------------------------------------
2026-06-23 00:52:16 [INFO   ] 
2026-06-23 00:52:16 [INFO   ] 
2026-06-23 00:52:16 [INFO   ] PROGRESS | Email preview — To: basermanoj@yahoo.com | Subject: PlacementHub pre-seed intro with BASER & ASSOCIATES
2026-06-23 00:52:17 [INFO   ] SENT (Brevo) -> basermanoj@yahoo.com (BASER & ASSOCIATES) | PlacementHub pre-seed intro with BASER & ASSOCIATES | messageId=<202606221922.76387567812@smtp-relay.mailin.fr> (API accepted; run audit-brevo to confirm delivery)
2026-06-23 00:52:17 [INFO   ] Sleeping for 10 seconds
2026-06-23 00:52:27 [INFO   ] PROGRESS | Send 39/50 | SENT | basermanoj@yahoo.com | BASER & ASSOCIATES [Chartered Accountants & Company Secretaries] | ok=37 fail=2 skip=0
2026-06-23 00:52:27 [INFO   ] PROGRESS | Send 40/50 | SENDING | rachana123g@gmail.com | R D H A & ASSOCIATES [Chartered Accountants & Company Secretaries] | ok=37 fail=2 skip=0
2026-06-23 00:52:36 [INFO   ] --------------------------------------------------------------
2026-06-23 00:52:36 [INFO   ] PROGRESS | Email content — To: rachana123g@gmail.com
2026-06-23 00:52:36 [INFO   ] PROGRESS | Subject: PlacementHub pre-seed intro with R D H A & ASSOCIATES
2026-06-23 00:52:36 [INFO   ] PROGRESS | Body:
2026-06-23 00:52:36 [INFO   ] PROGRESS |   Dear Sir/Madam,
2026-06-23 00:52:36 [INFO   ] PROGRESS |   I am reaching out to introduce PlacementHub and explore whether any of your investor, entrepreneur, or
2026-06-23 00:52:36 [INFO   ] PROGRESS |   HNI clients may be open to reviewing a strategic seed opportunity.
2026-06-23 00:52:36 [INFO   ] PROGRESS |   My name is Sandeep Jain. PlacementHub is currently in its pre-seed fundraising stage, and I am
2026-06-23 00:52:36 [INFO   ] PROGRESS |   soliciting strategic seed investment for the same. PlacementHub is a campus placement and employability
2026-06-23 00:52:36 [INFO   ] PROGRESS |   platform connecting students, colleges, and recruiters. The product is built and in early
2026-06-23 00:52:36 [INFO   ] PROGRESS |   commercialization.
2026-06-23 00:52:36 [INFO   ] PROGRESS |   For reference, the detailed business plan, including the business model and go-to-market strategies, is
2026-06-23 00:52:36 [INFO   ] PROGRESS |   available here:
2026-06-23 00:52:36 [INFO   ] PROGRESS |   PlacementHub Business Plan
2026-06-23 00:52:36 [INFO   ] PROGRESS |   For a Chartered Accountant firm, the relevance is mainly professional and strategic:
2026-06-23 00:52:36 [INFO   ] PROGRESS |   PlacementHub may require support across accounting, taxation, compliance, payroll, investor documentation, audit, and related professional services.
2026-06-23 00:52:36 [INFO   ] PROGRESS |   I would naturally be pleased to consider and prioritize firms that support PlacementHub during its early growth phase, subject to suitability and mutual agreement.
2026-06-23 00:52:36 [INFO   ] PROGRESS |   The relationship can begin with a simple review of the investment note and, where appropriate, introductions to suitable investor clients.
2026-06-23 00:52:36 [INFO   ] PROGRESS |   If the opportunity is worth a look, I would be happy to send the note and speak briefly about the round,
2026-06-23 00:52:36 [INFO   ] PROGRESS |   the platform, and the type of strategic investors we are looking for.
2026-06-23 00:52:36 [INFO   ] PROGRESS |   Please reply to this email or call me if you would like to explore it.
2026-06-23 00:52:36 [INFO   ] PROGRESS |   Warm Regards,
2026-06-23 00:52:36 [INFO   ] PROGRESS |   Sandeep Jain
2026-06-23 00:52:36 [INFO   ] PROGRESS |   Founder, PlacementHub
2026-06-23 00:52:36 [INFO   ] PROGRESS |   +91-9860090620
2026-06-23 00:52:36 [INFO   ] PROGRESS |   sandeepjain200019@gmail.com
2026-06-23 00:52:36 [INFO   ] PROGRESS |   Detailed Profile
2026-06-23 00:52:36 [INFO   ] PROGRESS |   Detailed Note on Funding Requirement
2026-06-23 00:52:36 [INFO   ] --------------------------------------------------------------
2026-06-23 00:52:36 [INFO   ] 
2026-06-23 00:52:36 [INFO   ] 
2026-06-23 00:52:36 [INFO   ] PROGRESS | Email preview — To: rachana123g@gmail.com | Subject: PlacementHub pre-seed intro with R D H A & ASSOCIATES
2026-06-23 00:52:37 [INFO   ] SENT (Brevo) -> rachana123g@gmail.com (R D H A & ASSOCIATES) | PlacementHub pre-seed intro with R D H A & ASSOCIATES | messageId=<202606221922.70429297040@smtp-relay.mailin.fr> (API accepted; run audit-brevo to confirm delivery)
2026-06-23 00:52:37 [INFO   ] Sleeping for 10 seconds
2026-06-23 00:52:47 [INFO   ] PROGRESS | Send 40/50 | SENT | rachana123g@gmail.com | R D H A & ASSOCIATES [Chartered Accountants & Company Secretaries] | ok=38 fail=2 skip=0
2026-06-23 00:52:47 [INFO   ] PROGRESS | Send 41/50 | SENDING | aarti.bhandari86@gmail.com | AARTI BHANDARI & ASSOCIATES [Chartered Accountants & Company Secretaries] | ok=38 fail=2 skip=0
2026-06-23 00:52:53 [INFO   ] --------------------------------------------------------------
2026-06-23 00:52:53 [INFO   ] PROGRESS | Email content — To: aarti.bhandari86@gmail.com
2026-06-23 00:52:53 [INFO   ] PROGRESS | Subject: PlacementHub pre-seed intro with AARTI BHANDARI & ASSOCIATES
2026-06-23 00:52:53 [INFO   ] PROGRESS | Body:
2026-06-23 00:52:53 [INFO   ] PROGRESS |   Dear Sir/Madam,
2026-06-23 00:52:53 [INFO   ] PROGRESS |   I am reaching out to introduce PlacementHub and explore whether any of your investor, entrepreneur, or
2026-06-23 00:52:53 [INFO   ] PROGRESS |   HNI clients may be open to reviewing a strategic seed opportunity.
2026-06-23 00:52:53 [INFO   ] PROGRESS |   My name is Sandeep Jain. PlacementHub is currently in its pre-seed fundraising stage, and I am
2026-06-23 00:52:53 [INFO   ] PROGRESS |   soliciting strategic seed investment for the same. PlacementHub is a campus placement and employability
2026-06-23 00:52:53 [INFO   ] PROGRESS |   platform connecting students, colleges, and recruiters. The product is built and in early
2026-06-23 00:52:53 [INFO   ] PROGRESS |   commercialization.
2026-06-23 00:52:53 [INFO   ] PROGRESS |   For reference, the detailed business plan, including the business model and go-to-market strategies, is
2026-06-23 00:52:53 [INFO   ] PROGRESS |   available here:
2026-06-23 00:52:53 [INFO   ] PROGRESS |   PlacementHub Business Plan
2026-06-23 00:52:53 [INFO   ] PROGRESS |   For a Chartered Accountant firm, the relevance is mainly professional and strategic:
2026-06-23 00:52:53 [INFO   ] PROGRESS |   PlacementHub may require support across accounting, taxation, compliance, payroll, investor documentation, audit, and related professional services.
2026-06-23 00:52:53 [INFO   ] PROGRESS |   I would naturally be pleased to consider and prioritize firms that support PlacementHub during its early growth phase, subject to suitability and mutual agreement.
2026-06-23 00:52:53 [INFO   ] PROGRESS |   The relationship can begin with a simple review of the investment note and, where appropriate, introductions to suitable investor clients.
2026-06-23 00:52:53 [INFO   ] PROGRESS |   If the opportunity is worth a look, I would be happy to send the note and speak briefly about the round,
2026-06-23 00:52:53 [INFO   ] PROGRESS |   the platform, and the type of strategic investors we are looking for.
2026-06-23 00:52:53 [INFO   ] PROGRESS |   Please reply to this email or call me if you would like to explore it.
2026-06-23 00:52:53 [INFO   ] PROGRESS |   Warm Regards,
2026-06-23 00:52:53 [INFO   ] PROGRESS |   Sandeep Jain
2026-06-23 00:52:53 [INFO   ] PROGRESS |   Founder, PlacementHub
2026-06-23 00:52:53 [INFO   ] PROGRESS |   +91-9860090620
2026-06-23 00:52:53 [INFO   ] PROGRESS |   sandeepjain200019@gmail.com
2026-06-23 00:52:53 [INFO   ] PROGRESS |   Detailed Profile
2026-06-23 00:52:53 [INFO   ] PROGRESS |   Detailed Note on Funding Requirement
2026-06-23 00:52:53 [INFO   ] --------------------------------------------------------------
2026-06-23 00:52:53 [INFO   ] 
2026-06-23 00:52:53 [INFO   ] 
2026-06-23 00:52:53 [INFO   ] PROGRESS | Email preview — To: aarti.bhandari86@gmail.com | Subject: PlacementHub pre-seed intro with AARTI BHANDARI & ASSOCIATES
2026-06-23 00:52:54 [INFO   ] SENT (Brevo) -> aarti.bhandari86@gmail.com (AARTI BHANDARI & ASSOCIATES) | PlacementHub pre-seed intro with AARTI BHANDARI & ASSOCIATES | messageId=<202606221922.62184611685@smtp-relay.mailin.fr> (API accepted; run audit-brevo to confirm delivery)
2026-06-23 00:52:54 [INFO   ] Sleeping for 10 seconds
2026-06-23 00:53:04 [INFO   ] PROGRESS | Send 41/50 | SENT | aarti.bhandari86@gmail.com | AARTI BHANDARI & ASSOCIATES [Chartered Accountants & Company Secretaries] | ok=39 fail=2 skip=0
2026-06-23 00:53:04 [INFO   ] PROGRESS | Send 42/50 | SENDING | pbkhare@bkkhareco.com | B K KHARE & CO [Chartered Accountants & Company Secretaries] | ok=39 fail=2 skip=0
2026-06-23 00:53:14 [INFO   ] --------------------------------------------------------------
2026-06-23 00:53:14 [INFO   ] PROGRESS | Email content — To: pbkhare@bkkhareco.com
2026-06-23 00:53:14 [INFO   ] PROGRESS | Subject: PlacementHub pre-seed intro with B K KHARE & CO
2026-06-23 00:53:14 [INFO   ] PROGRESS | Body:
2026-06-23 00:53:14 [INFO   ] PROGRESS |   Dear Sir/Madam,
2026-06-23 00:53:14 [INFO   ] PROGRESS |   I am reaching out to introduce PlacementHub and explore whether any of your investor, entrepreneur, or
2026-06-23 00:53:14 [INFO   ] PROGRESS |   HNI clients may be open to reviewing a strategic seed opportunity.
2026-06-23 00:53:14 [INFO   ] PROGRESS |   My name is Sandeep Jain. PlacementHub is currently in its pre-seed fundraising stage, and I am
2026-06-23 00:53:14 [INFO   ] PROGRESS |   soliciting strategic seed investment for the same. PlacementHub is a campus placement and employability
2026-06-23 00:53:14 [INFO   ] PROGRESS |   platform connecting students, colleges, and recruiters. The product is built and in early
2026-06-23 00:53:14 [INFO   ] PROGRESS |   commercialization.
2026-06-23 00:53:14 [INFO   ] PROGRESS |   For reference, the detailed business plan, including the business model and go-to-market strategies, is
2026-06-23 00:53:14 [INFO   ] PROGRESS |   available here:
2026-06-23 00:53:14 [INFO   ] PROGRESS |   PlacementHub Business Plan
2026-06-23 00:53:14 [INFO   ] PROGRESS |   For a Chartered Accountant firm, the relevance is mainly professional and strategic:
2026-06-23 00:53:14 [INFO   ] PROGRESS |   PlacementHub may require support across accounting, taxation, compliance, payroll, investor documentation, audit, and related professional services.
2026-06-23 00:53:14 [INFO   ] PROGRESS |   I would naturally be pleased to consider and prioritize firms that support PlacementHub during its early growth phase, subject to suitability and mutual agreement.
2026-06-23 00:53:14 [INFO   ] PROGRESS |   The relationship can begin with a simple review of the investment note and, where appropriate, introductions to suitable investor clients.
2026-06-23 00:53:14 [INFO   ] PROGRESS |   If the opportunity is worth a look, I would be happy to send the note and speak briefly about the round,
2026-06-23 00:53:14 [INFO   ] PROGRESS |   the platform, and the type of strategic investors we are looking for.
2026-06-23 00:53:14 [INFO   ] PROGRESS |   Please reply to this email or call me if you would like to explore it.
2026-06-23 00:53:14 [INFO   ] PROGRESS |   Warm Regards,
2026-06-23 00:53:14 [INFO   ] PROGRESS |   Sandeep Jain
2026-06-23 00:53:14 [INFO   ] PROGRESS |   Founder, PlacementHub
2026-06-23 00:53:14 [INFO   ] PROGRESS |   +91-9860090620
2026-06-23 00:53:14 [INFO   ] PROGRESS |   sandeepjain200019@gmail.com
2026-06-23 00:53:14 [INFO   ] PROGRESS |   Detailed Profile
2026-06-23 00:53:14 [INFO   ] PROGRESS |   Detailed Note on Funding Requirement
2026-06-23 00:53:14 [INFO   ] --------------------------------------------------------------
2026-06-23 00:53:14 [INFO   ] 
2026-06-23 00:53:14 [INFO   ] 
2026-06-23 00:53:14 [INFO   ] PROGRESS | Email preview — To: pbkhare@bkkhareco.com | Subject: PlacementHub pre-seed intro with B K KHARE & CO
2026-06-23 00:53:15 [INFO   ] SENT (Brevo) -> pbkhare@bkkhareco.com (B K KHARE & CO) | PlacementHub pre-seed intro with B K KHARE & CO | messageId=<202606221923.33851632937@smtp-relay.mailin.fr> (API accepted; run audit-brevo to confirm delivery)
2026-06-23 00:53:15 [INFO   ] Sleeping for 10 seconds
2026-06-23 00:53:25 [INFO   ] PROGRESS | Send 42/50 | SENT | pbkhare@bkkhareco.com | B K KHARE & CO [Chartered Accountants & Company Secretaries] | ok=40 fail=2 skip=0
2026-06-23 00:53:25 [INFO   ] PROGRESS | Send 43/50 | SENDING | shravansamdani@gmail.com | SAMDANI & CO [Chartered Accountants & Company Secretaries] | ok=40 fail=2 skip=0
2026-06-23 00:53:32 [INFO   ] --------------------------------------------------------------
2026-06-23 00:53:32 [INFO   ] PROGRESS | Email content — To: shravansamdani@gmail.com
2026-06-23 00:53:32 [INFO   ] PROGRESS | Subject: PlacementHub pre-seed intro with SAMDANI & CO
2026-06-23 00:53:32 [INFO   ] PROGRESS | Body:
2026-06-23 00:53:32 [INFO   ] PROGRESS |   Dear Sir/Madam,
2026-06-23 00:53:32 [INFO   ] PROGRESS |   I am reaching out to introduce PlacementHub and explore whether any of your investor, entrepreneur, or
2026-06-23 00:53:32 [INFO   ] PROGRESS |   HNI clients may be open to reviewing a strategic seed opportunity.
2026-06-23 00:53:32 [INFO   ] PROGRESS |   My name is Sandeep Jain. PlacementHub is currently in its pre-seed fundraising stage, and I am
2026-06-23 00:53:32 [INFO   ] PROGRESS |   soliciting strategic seed investment for the same. PlacementHub is a campus placement and employability
2026-06-23 00:53:32 [INFO   ] PROGRESS |   platform connecting students, colleges, and recruiters. The product is built and in early
2026-06-23 00:53:32 [INFO   ] PROGRESS |   commercialization.
2026-06-23 00:53:32 [INFO   ] PROGRESS |   For reference, the detailed business plan, including the business model and go-to-market strategies, is
2026-06-23 00:53:32 [INFO   ] PROGRESS |   available here:
2026-06-23 00:53:32 [INFO   ] PROGRESS |   PlacementHub Business Plan
2026-06-23 00:53:32 [INFO   ] PROGRESS |   For a Chartered Accountant firm, the relevance is mainly professional and strategic:
2026-06-23 00:53:32 [INFO   ] PROGRESS |   PlacementHub may require support across accounting, taxation, compliance, payroll, investor documentation, audit, and related professional services.
2026-06-23 00:53:32 [INFO   ] PROGRESS |   I would naturally be pleased to consider and prioritize firms that support PlacementHub during its early growth phase, subject to suitability and mutual agreement.
2026-06-23 00:53:32 [INFO   ] PROGRESS |   The relationship can begin with a simple review of the investment note and, where appropriate, introductions to suitable investor clients.
2026-06-23 00:53:32 [INFO   ] PROGRESS |   If the opportunity is worth a look, I would be happy to send the note and speak briefly about the round,
2026-06-23 00:53:32 [INFO   ] PROGRESS |   the platform, and the type of strategic investors we are looking for.
2026-06-23 00:53:32 [INFO   ] PROGRESS |   Please reply to this email or call me if you would like to explore it.
2026-06-23 00:53:32 [INFO   ] PROGRESS |   Warm Regards,
2026-06-23 00:53:32 [INFO   ] PROGRESS |   Sandeep Jain
2026-06-23 00:53:32 [INFO   ] PROGRESS |   Founder, PlacementHub
2026-06-23 00:53:32 [INFO   ] PROGRESS |   +91-9860090620
2026-06-23 00:53:32 [INFO   ] PROGRESS |   sandeepjain200019@gmail.com
2026-06-23 00:53:32 [INFO   ] PROGRESS |   Detailed Profile
2026-06-23 00:53:32 [INFO   ] PROGRESS |   Detailed Note on Funding Requirement
2026-06-23 00:53:32 [INFO   ] --------------------------------------------------------------
2026-06-23 00:53:32 [INFO   ] 
2026-06-23 00:53:32 [INFO   ] 
2026-06-23 00:53:32 [INFO   ] PROGRESS | Email preview — To: shravansamdani@gmail.com | Subject: PlacementHub pre-seed intro with SAMDANI & CO
2026-06-23 00:53:33 [INFO   ] SENT (Brevo) -> shravansamdani@gmail.com (SAMDANI & CO) | PlacementHub pre-seed intro with SAMDANI & CO | messageId=<202606221923.14601403373@smtp-relay.mailin.fr> (API accepted; run audit-brevo to confirm delivery)
2026-06-23 00:53:33 [INFO   ] Sleeping for 10 seconds
2026-06-23 00:53:43 [INFO   ] PROGRESS | Send 43/50 | SENT | shravansamdani@gmail.com | SAMDANI & CO [Chartered Accountants & Company Secretaries] | ok=41 fail=2 skip=0
2026-06-23 00:53:43 [INFO   ] PROGRESS | Send 44/50 | SENDING | prasad45067@gmail.com | PRASAD KSHIRSAGAR & CO [Chartered Accountants & Company Secretaries] | ok=41 fail=2 skip=0
2026-06-23 00:54:12 [INFO   ] --------------------------------------------------------------
2026-06-23 00:54:12 [INFO   ] PROGRESS | Email content — To: prasad45067@gmail.com
2026-06-23 00:54:12 [INFO   ] PROGRESS | Subject: PlacementHub pre-seed intro with PRASAD KSHIRSAGAR & CO
2026-06-23 00:54:12 [INFO   ] PROGRESS | Body:
2026-06-23 00:54:12 [INFO   ] PROGRESS |   Dear Sir/Madam,
2026-06-23 00:54:12 [INFO   ] PROGRESS |   I am reaching out to introduce PlacementHub and explore whether any of your investor, entrepreneur, or
2026-06-23 00:54:12 [INFO   ] PROGRESS |   HNI clients may be open to reviewing a strategic seed opportunity.
2026-06-23 00:54:12 [INFO   ] PROGRESS |   My name is Sandeep Jain. PlacementHub is currently in its pre-seed fundraising stage, and I am
2026-06-23 00:54:12 [INFO   ] PROGRESS |   soliciting strategic seed investment for the same. PlacementHub is a campus placement and employability
2026-06-23 00:54:12 [INFO   ] PROGRESS |   platform connecting students, colleges, and recruiters. The product is built and in early
2026-06-23 00:54:12 [INFO   ] PROGRESS |   commercialization.
2026-06-23 00:54:12 [INFO   ] PROGRESS |   For reference, the detailed business plan, including the business model and go-to-market strategies, is
2026-06-23 00:54:12 [INFO   ] PROGRESS |   available here:
2026-06-23 00:54:12 [INFO   ] PROGRESS |   PlacementHub Business Plan
2026-06-23 00:54:12 [INFO   ] PROGRESS |   For a Chartered Accountant firm, the relevance is mainly professional and strategic:
2026-06-23 00:54:12 [INFO   ] PROGRESS |   PlacementHub may require support across accounting, taxation, compliance, payroll, investor documentation, audit, and related professional services.
2026-06-23 00:54:12 [INFO   ] PROGRESS |   I would naturally be pleased to consider and prioritize firms that support PlacementHub during its early growth phase, subject to suitability and mutual agreement.
2026-06-23 00:54:12 [INFO   ] PROGRESS |   The relationship can begin with a simple review of the investment note and, where appropriate, introductions to suitable investor clients.
2026-06-23 00:54:12 [INFO   ] PROGRESS |   If the opportunity is worth a look, I would be happy to send the note and speak briefly about the round,
2026-06-23 00:54:12 [INFO   ] PROGRESS |   the platform, and the type of strategic investors we are looking for.
2026-06-23 00:54:12 [INFO   ] PROGRESS |   Please reply to this email or call me if you would like to explore it.
2026-06-23 00:54:12 [INFO   ] PROGRESS |   Warm Regards,
2026-06-23 00:54:12 [INFO   ] PROGRESS |   Sandeep Jain
2026-06-23 00:54:12 [INFO   ] PROGRESS |   Founder, PlacementHub
2026-06-23 00:54:12 [INFO   ] PROGRESS |   +91-9860090620
2026-06-23 00:54:12 [INFO   ] PROGRESS |   sandeepjain200019@gmail.com
2026-06-23 00:54:12 [INFO   ] PROGRESS |   Detailed Profile
2026-06-23 00:54:12 [INFO   ] PROGRESS |   Detailed Note on Funding Requirement
2026-06-23 00:54:12 [INFO   ] --------------------------------------------------------------
2026-06-23 00:54:12 [INFO   ] 
2026-06-23 00:54:12 [INFO   ] 
2026-06-23 00:54:12 [INFO   ] PROGRESS | Email preview — To: prasad45067@gmail.com | Subject: PlacementHub pre-seed intro with PRASAD KSHIRSAGAR & CO
2026-06-23 00:54:13 [INFO   ] SENT (Brevo) -> prasad45067@gmail.com (PRASAD KSHIRSAGAR & CO) | PlacementHub pre-seed intro with PRASAD KSHIRSAGAR & CO | messageId=<202606221924.70915603410@smtp-relay.mailin.fr> (API accepted; run audit-brevo to confirm delivery)
2026-06-23 00:54:13 [INFO   ] Sleeping for 10 seconds
2026-06-23 00:54:23 [INFO   ] PROGRESS | Send 44/50 | SENT | prasad45067@gmail.com | PRASAD KSHIRSAGAR & CO [Chartered Accountants & Company Secretaries] | ok=42 fail=2 skip=0
2026-06-23 00:54:23 [INFO   ] PROGRESS | Send 45/50 | SENDING | shashank@syla.in | S Y LODHA AND ASSOCIATES [Chartered Accountants & Company Secretaries] | ok=42 fail=2 skip=0
2026-06-23 00:54:33 [INFO   ] --------------------------------------------------------------
2026-06-23 00:54:33 [INFO   ] PROGRESS | Email content — To: shashank@syla.in
2026-06-23 00:54:33 [INFO   ] PROGRESS | Subject: PlacementHub pre-seed intro with S Y LODHA AND ASSOCIATES
2026-06-23 00:54:33 [INFO   ] PROGRESS | Body:
2026-06-23 00:54:33 [INFO   ] PROGRESS |   Dear Sir/Madam,
2026-06-23 00:54:33 [INFO   ] PROGRESS |   I am reaching out to introduce PlacementHub and explore whether any of your investor, entrepreneur, or
2026-06-23 00:54:33 [INFO   ] PROGRESS |   HNI clients may be open to reviewing a strategic seed opportunity.
2026-06-23 00:54:33 [INFO   ] PROGRESS |   My name is Sandeep Jain. PlacementHub is currently in its pre-seed fundraising stage, and I am
2026-06-23 00:54:33 [INFO   ] PROGRESS |   soliciting strategic seed investment for the same. PlacementHub is a campus placement and employability
2026-06-23 00:54:33 [INFO   ] PROGRESS |   platform connecting students, colleges, and recruiters. The product is built and in early
2026-06-23 00:54:33 [INFO   ] PROGRESS |   commercialization.
2026-06-23 00:54:33 [INFO   ] PROGRESS |   For reference, the detailed business plan, including the business model and go-to-market strategies, is
2026-06-23 00:54:33 [INFO   ] PROGRESS |   available here:
2026-06-23 00:54:33 [INFO   ] PROGRESS |   PlacementHub Business Plan
2026-06-23 00:54:33 [INFO   ] PROGRESS |   For a Chartered Accountant firm, the relevance is mainly professional and strategic:
2026-06-23 00:54:33 [INFO   ] PROGRESS |   PlacementHub may require support across accounting, taxation, compliance, payroll, investor documentation, audit, and related professional services.
2026-06-23 00:54:33 [INFO   ] PROGRESS |   I would naturally be pleased to consider and prioritize firms that support PlacementHub during its early growth phase, subject to suitability and mutual agreement.
2026-06-23 00:54:33 [INFO   ] PROGRESS |   The relationship can begin with a simple review of the investment note and, where appropriate, introductions to suitable investor clients.
2026-06-23 00:54:33 [INFO   ] PROGRESS |   If the opportunity is worth a look, I would be happy to send the note and speak briefly about the round,
2026-06-23 00:54:33 [INFO   ] PROGRESS |   the platform, and the type of strategic investors we are looking for.
2026-06-23 00:54:33 [INFO   ] PROGRESS |   Please reply to this email or call me if you would like to explore it.
2026-06-23 00:54:33 [INFO   ] PROGRESS |   Warm Regards,
2026-06-23 00:54:33 [INFO   ] PROGRESS |   Sandeep Jain
2026-06-23 00:54:33 [INFO   ] PROGRESS |   Founder, PlacementHub
2026-06-23 00:54:33 [INFO   ] PROGRESS |   +91-9860090620
2026-06-23 00:54:33 [INFO   ] PROGRESS |   sandeepjain200019@gmail.com
2026-06-23 00:54:33 [INFO   ] PROGRESS |   Detailed Profile
2026-06-23 00:54:33 [INFO   ] PROGRESS |   Detailed Note on Funding Requirement
2026-06-23 00:54:33 [INFO   ] --------------------------------------------------------------
2026-06-23 00:54:33 [INFO   ] 
2026-06-23 00:54:33 [INFO   ] 
2026-06-23 00:54:33 [INFO   ] PROGRESS | Email preview — To: shashank@syla.in | Subject: PlacementHub pre-seed intro with S Y LODHA AND ASSOCIATES
2026-06-23 00:54:35 [INFO   ] SENT (Brevo) -> shashank@syla.in (S Y LODHA AND ASSOCIATES) | PlacementHub pre-seed intro with S Y LODHA AND ASSOCIATES | messageId=<202606221924.28721590002@smtp-relay.mailin.fr> (API accepted; run audit-brevo to confirm delivery)
2026-06-23 00:54:35 [INFO   ] Sleeping for 10 seconds
2026-06-23 00:54:45 [INFO   ] PROGRESS | Send 45/50 | SENT | shashank@syla.in | S Y LODHA AND ASSOCIATES [Chartered Accountants & Company Secretaries] | ok=43 fail=2 skip=0
2026-06-23 00:54:45 [INFO   ] PROGRESS | Send 46/50 | SENDING | dilipshahca@hotmail.com | M A SHAH & CO [Chartered Accountants & Company Secretaries] | ok=43 fail=2 skip=0
2026-06-23 00:54:52 [INFO   ] --------------------------------------------------------------
2026-06-23 00:54:52 [INFO   ] PROGRESS | Email content — To: dilipshahca@hotmail.com
2026-06-23 00:54:52 [INFO   ] PROGRESS | Subject: PlacementHub pre-seed intro with M A SHAH & CO
2026-06-23 00:54:52 [INFO   ] PROGRESS | Body:
2026-06-23 00:54:52 [INFO   ] PROGRESS |   Dear Sir/Madam,
2026-06-23 00:54:52 [INFO   ] PROGRESS |   I am reaching out to introduce PlacementHub and explore whether any of your investor, entrepreneur, or
2026-06-23 00:54:52 [INFO   ] PROGRESS |   HNI clients may be open to reviewing a strategic seed opportunity.
2026-06-23 00:54:52 [INFO   ] PROGRESS |   My name is Sandeep Jain. PlacementHub is currently in its pre-seed fundraising stage, and I am
2026-06-23 00:54:52 [INFO   ] PROGRESS |   soliciting strategic seed investment for the same. PlacementHub is a campus placement and employability
2026-06-23 00:54:52 [INFO   ] PROGRESS |   platform connecting students, colleges, and recruiters. The product is built and in early
2026-06-23 00:54:52 [INFO   ] PROGRESS |   commercialization.
2026-06-23 00:54:52 [INFO   ] PROGRESS |   For reference, the detailed business plan, including the business model and go-to-market strategies, is
2026-06-23 00:54:52 [INFO   ] PROGRESS |   available here:
2026-06-23 00:54:52 [INFO   ] PROGRESS |   PlacementHub Business Plan
2026-06-23 00:54:52 [INFO   ] PROGRESS |   For a Chartered Accountant firm, the relevance is mainly professional and strategic:
2026-06-23 00:54:52 [INFO   ] PROGRESS |   PlacementHub may require support across accounting, taxation, compliance, payroll, investor documentation, audit, and related professional services.
2026-06-23 00:54:52 [INFO   ] PROGRESS |   I would naturally be pleased to consider and prioritize firms that support PlacementHub during its early growth phase, subject to suitability and mutual agreement.
2026-06-23 00:54:52 [INFO   ] PROGRESS |   The relationship can begin with a simple review of the investment note and, where appropriate, introductions to suitable investor clients.
2026-06-23 00:54:52 [INFO   ] PROGRESS |   If the opportunity is worth a look, I would be happy to send the note and speak briefly about the round,
2026-06-23 00:54:52 [INFO   ] PROGRESS |   the platform, and the type of strategic investors we are looking for.
2026-06-23 00:54:52 [INFO   ] PROGRESS |   Please reply to this email or call me if you would like to explore it.
2026-06-23 00:54:52 [INFO   ] PROGRESS |   Warm Regards,
2026-06-23 00:54:52 [INFO   ] PROGRESS |   Sandeep Jain
2026-06-23 00:54:52 [INFO   ] PROGRESS |   Founder, PlacementHub
2026-06-23 00:54:52 [INFO   ] PROGRESS |   +91-9860090620
2026-06-23 00:54:52 [INFO   ] PROGRESS |   sandeepjain200019@gmail.com
2026-06-23 00:54:52 [INFO   ] PROGRESS |   Detailed Profile
2026-06-23 00:54:52 [INFO   ] PROGRESS |   Detailed Note on Funding Requirement
2026-06-23 00:54:52 [INFO   ] --------------------------------------------------------------
2026-06-23 00:54:52 [INFO   ] 
2026-06-23 00:54:52 [INFO   ] 
2026-06-23 00:54:52 [INFO   ] PROGRESS | Email preview — To: dilipshahca@hotmail.com | Subject: PlacementHub pre-seed intro with M A SHAH & CO
2026-06-23 00:54:54 [INFO   ] SENT (Brevo) -> dilipshahca@hotmail.com (M A SHAH & CO) | PlacementHub pre-seed intro with M A SHAH & CO | messageId=<202606221924.60754690437@smtp-relay.mailin.fr> (API accepted; run audit-brevo to confirm delivery)
2026-06-23 00:54:54 [INFO   ] Sleeping for 10 seconds
2026-06-23 00:55:04 [INFO   ] PROGRESS | Send 46/50 | SENT | dilipshahca@hotmail.com | M A SHAH & CO [Chartered Accountants & Company Secretaries] | ok=44 fail=2 skip=0
2026-06-23 00:55:04 [INFO   ] PROGRESS | Send 47/50 | SENDING | jinkesh.rathid@gmail.com | YASH JINKESH & CO [Chartered Accountants & Company Secretaries] | ok=44 fail=2 skip=0
2026-06-23 00:55:34 [WARNING] NVIDIA call failed (attempt 1/5): The read operation timed out — rotating key.
2026-06-23 00:55:39 [INFO   ] --------------------------------------------------------------
2026-06-23 00:55:39 [INFO   ] PROGRESS | Email content — To: jinkesh.rathid@gmail.com
2026-06-23 00:55:39 [INFO   ] PROGRESS | Subject: PlacementHub pre-seed intro with YASH JINKESH & CO
2026-06-23 00:55:39 [INFO   ] PROGRESS | Body:
2026-06-23 00:55:39 [INFO   ] PROGRESS |   Dear Sir/Madam,
2026-06-23 00:55:39 [INFO   ] PROGRESS |   I am reaching out to introduce PlacementHub and explore whether any of your investor, entrepreneur, or
2026-06-23 00:55:39 [INFO   ] PROGRESS |   HNI clients may be open to reviewing a strategic seed opportunity.
2026-06-23 00:55:39 [INFO   ] PROGRESS |   My name is Sandeep Jain. PlacementHub is currently in its pre-seed fundraising stage, and I am
2026-06-23 00:55:39 [INFO   ] PROGRESS |   soliciting strategic seed investment for the same. PlacementHub is a campus placement and employability
2026-06-23 00:55:39 [INFO   ] PROGRESS |   platform connecting students, colleges, and recruiters. The product is built and in early
2026-06-23 00:55:39 [INFO   ] PROGRESS |   commercialization.
2026-06-23 00:55:39 [INFO   ] PROGRESS |   For reference, the detailed business plan, including the business model and go-to-market strategies, is
2026-06-23 00:55:39 [INFO   ] PROGRESS |   available here:
2026-06-23 00:55:39 [INFO   ] PROGRESS |   PlacementHub Business Plan
2026-06-23 00:55:39 [INFO   ] PROGRESS |   For a Chartered Accountant firm, the relevance is mainly professional and strategic:
2026-06-23 00:55:39 [INFO   ] PROGRESS |   PlacementHub may require support across accounting, taxation, compliance, payroll, investor documentation, audit, and related professional services.
2026-06-23 00:55:39 [INFO   ] PROGRESS |   I would naturally be pleased to consider and prioritize firms that support PlacementHub during its early growth phase, subject to suitability and mutual agreement.
2026-06-23 00:55:39 [INFO   ] PROGRESS |   The relationship can begin with a simple review of the investment note and, where appropriate, introductions to suitable investor clients.
2026-06-23 00:55:39 [INFO   ] PROGRESS |   If the opportunity is worth a look, I would be happy to send the note and speak briefly about the round,
2026-06-23 00:55:39 [INFO   ] PROGRESS |   the platform, and the type of strategic investors we are looking for.
2026-06-23 00:55:39 [INFO   ] PROGRESS |   Please reply to this email or call me if you would like to explore it.
2026-06-23 00:55:39 [INFO   ] PROGRESS |   Warm Regards,
2026-06-23 00:55:39 [INFO   ] PROGRESS |   Sandeep Jain
2026-06-23 00:55:39 [INFO   ] PROGRESS |   Founder, PlacementHub
2026-06-23 00:55:39 [INFO   ] PROGRESS |   +91-9860090620
2026-06-23 00:55:39 [INFO   ] PROGRESS |   sandeepjain200019@gmail.com
2026-06-23 00:55:39 [INFO   ] PROGRESS |   Detailed Profile
2026-06-23 00:55:39 [INFO   ] PROGRESS |   Detailed Note on Funding Requirement
2026-06-23 00:55:39 [INFO   ] --------------------------------------------------------------
2026-06-23 00:55:39 [INFO   ] 
2026-06-23 00:55:39 [INFO   ] 
2026-06-23 00:55:39 [INFO   ] PROGRESS | Email preview — To: jinkesh.rathid@gmail.com | Subject: PlacementHub pre-seed intro with YASH JINKESH & CO
2026-06-23 00:55:40 [INFO   ] SENT (Brevo) -> jinkesh.rathid@gmail.com (YASH JINKESH & CO) | PlacementHub pre-seed intro with YASH JINKESH & CO | messageId=<202606221925.55305743133@smtp-relay.mailin.fr> (API accepted; run audit-brevo to confirm delivery)
2026-06-23 00:55:40 [INFO   ] Sleeping for 10 seconds
2026-06-23 00:55:50 [INFO   ] PROGRESS | Send 47/50 | SENT | jinkesh.rathid@gmail.com | YASH JINKESH & CO [Chartered Accountants & Company Secretaries] | ok=45 fail=2 skip=0
2026-06-23 00:55:50 [INFO   ] PROGRESS | Send 48/50 | SENDING | dhadukminaxi@gmail.com | M DHADUK & ASSOCIATES [Chartered Accountants & Company Secretaries] | ok=45 fail=2 skip=0
2026-06-23 00:55:53 [INFO   ] --------------------------------------------------------------
2026-06-23 00:55:53 [INFO   ] PROGRESS | Email content — To: dhadukminaxi@gmail.com
2026-06-23 00:55:53 [INFO   ] PROGRESS | Subject: PlacementHub pre-seed intro with M DHADUK & ASSOCIATES
2026-06-23 00:55:53 [INFO   ] PROGRESS | Body:
2026-06-23 00:55:53 [INFO   ] PROGRESS |   Dear Sir/Madam,
2026-06-23 00:55:53 [INFO   ] PROGRESS |   I am reaching out to introduce PlacementHub and explore whether any of your investor, entrepreneur, or
2026-06-23 00:55:53 [INFO   ] PROGRESS |   HNI clients may be open to reviewing a strategic seed opportunity.
2026-06-23 00:55:53 [INFO   ] PROGRESS |   My name is Sandeep Jain. PlacementHub is currently in its pre-seed fundraising stage, and I am
2026-06-23 00:55:53 [INFO   ] PROGRESS |   soliciting strategic seed investment for the same. PlacementHub is a campus placement and employability
2026-06-23 00:55:53 [INFO   ] PROGRESS |   platform connecting students, colleges, and recruiters. The product is built and in early
2026-06-23 00:55:53 [INFO   ] PROGRESS |   commercialization.
2026-06-23 00:55:53 [INFO   ] PROGRESS |   For reference, the detailed business plan, including the business model and go-to-market strategies, is
2026-06-23 00:55:53 [INFO   ] PROGRESS |   available here:
2026-06-23 00:55:53 [INFO   ] PROGRESS |   PlacementHub Business Plan
2026-06-23 00:55:53 [INFO   ] PROGRESS |   For a Chartered Accountant firm, the relevance is mainly professional and strategic:
2026-06-23 00:55:53 [INFO   ] PROGRESS |   PlacementHub may require support across accounting, taxation, compliance, payroll, investor documentation, audit, and related professional services.
2026-06-23 00:55:53 [INFO   ] PROGRESS |   I would naturally be pleased to consider and prioritize firms that support PlacementHub during its early growth phase, subject to suitability and mutual agreement.
2026-06-23 00:55:53 [INFO   ] PROGRESS |   The relationship can begin with a simple review of the investment note and, where appropriate, introductions to suitable investor clients.
2026-06-23 00:55:53 [INFO   ] PROGRESS |   If the opportunity is worth a look, I would be happy to send the note and speak briefly about the round,
2026-06-23 00:55:53 [INFO   ] PROGRESS |   the platform, and the type of strategic investors we are looking for.
2026-06-23 00:55:53 [INFO   ] PROGRESS |   Please reply to this email or call me if you would like to explore it.
2026-06-23 00:55:53 [INFO   ] PROGRESS |   Warm Regards,
2026-06-23 00:55:53 [INFO   ] PROGRESS |   Sandeep Jain
2026-06-23 00:55:53 [INFO   ] PROGRESS |   Founder, PlacementHub
2026-06-23 00:55:53 [INFO   ] PROGRESS |   +91-9860090620
2026-06-23 00:55:53 [INFO   ] PROGRESS |   sandeepjain200019@gmail.com
2026-06-23 00:55:53 [INFO   ] PROGRESS |   Detailed Profile
2026-06-23 00:55:53 [INFO   ] PROGRESS |   Detailed Note on Funding Requirement
2026-06-23 00:55:53 [INFO   ] --------------------------------------------------------------
2026-06-23 00:55:53 [INFO   ] 
2026-06-23 00:55:53 [INFO   ] 
2026-06-23 00:55:53 [INFO   ] PROGRESS | Email preview — To: dhadukminaxi@gmail.com | Subject: PlacementHub pre-seed intro with M DHADUK & ASSOCIATES
2026-06-23 00:55:54 [INFO   ] SENT (Brevo) -> dhadukminaxi@gmail.com (M DHADUK & ASSOCIATES) | PlacementHub pre-seed intro with M DHADUK & ASSOCIATES | messageId=<202606221925.29735580509@smtp-relay.mailin.fr> (API accepted; run audit-brevo to confirm delivery)
2026-06-23 00:55:54 [INFO   ] Sleeping for 10 seconds
2026-06-23 00:56:04 [INFO   ] PROGRESS | Send 48/50 | SENT | dhadukminaxi@gmail.com | M DHADUK & ASSOCIATES [Chartered Accountants & Company Secretaries] | ok=46 fail=2 skip=0
2026-06-23 00:56:04 [INFO   ] PROGRESS | Send 49/50 | SENDING | cakaushikmakwana@gmail.com | KAUSHIK MAKWANA & CO [Chartered Accountants & Company Secretaries] | ok=46 fail=2 skip=0
2026-06-23 00:56:05 [INFO   ] --------------------------------------------------------------
2026-06-23 00:56:05 [INFO   ] PROGRESS | Email content — To: cakaushikmakwana@gmail.com
2026-06-23 00:56:05 [INFO   ] PROGRESS | Subject: PlacementHub pre-seed intro with KAUSHIK MAKWANA & CO
2026-06-23 00:56:05 [INFO   ] PROGRESS | Body:
2026-06-23 00:56:05 [INFO   ] PROGRESS |   Dear Sir/Madam,
2026-06-23 00:56:05 [INFO   ] PROGRESS |   I am reaching out to introduce PlacementHub and explore whether any of your investor, entrepreneur, or
2026-06-23 00:56:05 [INFO   ] PROGRESS |   HNI clients may be open to reviewing a strategic seed opportunity.
2026-06-23 00:56:05 [INFO   ] PROGRESS |   My name is Sandeep Jain. PlacementHub is currently in its pre-seed fundraising stage, and I am
2026-06-23 00:56:05 [INFO   ] PROGRESS |   soliciting strategic seed investment for the same. PlacementHub is a campus placement and employability
2026-06-23 00:56:05 [INFO   ] PROGRESS |   platform connecting students, colleges, and recruiters. The product is built and in early
2026-06-23 00:56:05 [INFO   ] PROGRESS |   commercialization.
2026-06-23 00:56:05 [INFO   ] PROGRESS |   For reference, the detailed business plan, including the business model and go-to-market strategies, is
2026-06-23 00:56:05 [INFO   ] PROGRESS |   available here:
2026-06-23 00:56:05 [INFO   ] PROGRESS |   PlacementHub Business Plan
2026-06-23 00:56:05 [INFO   ] PROGRESS |   For a Chartered Accountant firm, the relevance is mainly professional and strategic:
2026-06-23 00:56:05 [INFO   ] PROGRESS |   PlacementHub may require support across accounting, taxation, compliance, payroll, investor documentation, audit, and related professional services.
2026-06-23 00:56:05 [INFO   ] PROGRESS |   I would naturally be pleased to consider and prioritize firms that support PlacementHub during its early growth phase, subject to suitability and mutual agreement.
2026-06-23 00:56:05 [INFO   ] PROGRESS |   The relationship can begin with a simple review of the investment note and, where appropriate, introductions to suitable investor clients.
2026-06-23 00:56:05 [INFO   ] PROGRESS |   If the opportunity is worth a look, I would be happy to send the note and speak briefly about the round,
2026-06-23 00:56:05 [INFO   ] PROGRESS |   the platform, and the type of strategic investors we are looking for.
2026-06-23 00:56:05 [INFO   ] PROGRESS |   Please reply to this email or call me if you would like to explore it.
2026-06-23 00:56:05 [INFO   ] PROGRESS |   Warm Regards,
2026-06-23 00:56:05 [INFO   ] PROGRESS |   Sandeep Jain
2026-06-23 00:56:05 [INFO   ] PROGRESS |   Founder, PlacementHub
2026-06-23 00:56:05 [INFO   ] PROGRESS |   +91-9860090620
2026-06-23 00:56:05 [INFO   ] PROGRESS |   sandeepjain200019@gmail.com
2026-06-23 00:56:05 [INFO   ] PROGRESS |   Detailed Profile
2026-06-23 00:56:05 [INFO   ] PROGRESS |   Detailed Note on Funding Requirement
2026-06-23 00:56:05 [INFO   ] --------------------------------------------------------------
2026-06-23 00:56:05 [INFO   ] 
2026-06-23 00:56:05 [INFO   ] 
2026-06-23 00:56:05 [INFO   ] PROGRESS | Email preview — To: cakaushikmakwana@gmail.com | Subject: PlacementHub pre-seed intro with KAUSHIK MAKWANA & CO
2026-06-23 00:56:06 [INFO   ] SENT (Brevo) -> cakaushikmakwana@gmail.com (KAUSHIK MAKWANA & CO) | PlacementHub pre-seed intro with KAUSHIK MAKWANA & CO | messageId=<202606221926.86384231723@smtp-relay.mailin.fr> (API accepted; run audit-brevo to confirm delivery)
2026-06-23 00:56:06 [INFO   ] Sleeping for 10 seconds
2026-06-23 00:56:16 [INFO   ] PROGRESS | Send 49/50 | SENT | cakaushikmakwana@gmail.com | KAUSHIK MAKWANA & CO [Chartered Accountants & Company Secretaries] | ok=47 fail=2 skip=0
2026-06-23 00:56:16 [INFO   ] PROGRESS | Send 50/50 | SENDING | camnc@mncandco.com | M N CHOKSI & CO LLP [Chartered Accountants & Company Secretaries] | ok=47 fail=2 skip=0
2026-06-23 00:56:26 [INFO   ] --------------------------------------------------------------
2026-06-23 00:56:26 [INFO   ] PROGRESS | Email content — To: camnc@mncandco.com
2026-06-23 00:56:26 [INFO   ] PROGRESS | Subject: PlacementHub pre-seed intro with M N CHOKSI & CO LLP
2026-06-23 00:56:26 [INFO   ] PROGRESS | Body:
2026-06-23 00:56:26 [INFO   ] PROGRESS |   Dear Sir/Madam,
2026-06-23 00:56:26 [INFO   ] PROGRESS |   I am reaching out to introduce PlacementHub and explore whether any of your investor, entrepreneur, or
2026-06-23 00:56:26 [INFO   ] PROGRESS |   HNI clients may be open to reviewing a strategic seed opportunity.
2026-06-23 00:56:26 [INFO   ] PROGRESS |   My name is Sandeep Jain. PlacementHub is currently in its pre-seed fundraising stage, and I am
2026-06-23 00:56:26 [INFO   ] PROGRESS |   soliciting strategic seed investment for the same. PlacementHub is a campus placement and employability
2026-06-23 00:56:26 [INFO   ] PROGRESS |   platform connecting students, colleges, and recruiters. The product is built and in early
2026-06-23 00:56:26 [INFO   ] PROGRESS |   commercialization.
2026-06-23 00:56:26 [INFO   ] PROGRESS |   For reference, the detailed business plan, including the business model and go-to-market strategies, is
2026-06-23 00:56:26 [INFO   ] PROGRESS |   available here:
2026-06-23 00:56:26 [INFO   ] PROGRESS |   PlacementHub Business Plan
2026-06-23 00:56:26 [INFO   ] PROGRESS |   For a Chartered Accountant firm, the relevance is mainly professional and strategic:
2026-06-23 00:56:26 [INFO   ] PROGRESS |   PlacementHub may require support across accounting, taxation, compliance, payroll, investor documentation, audit, and related professional services.
2026-06-23 00:56:26 [INFO   ] PROGRESS |   I would naturally be pleased to consider and prioritize firms that support PlacementHub during its early growth phase, subject to suitability and mutual agreement.
2026-06-23 00:56:26 [INFO   ] PROGRESS |   The relationship can begin with a simple review of the investment note and, where appropriate, introductions to suitable investor clients.
2026-06-23 00:56:26 [INFO   ] PROGRESS |   If the opportunity is worth a look, I would be happy to send the note and speak briefly about the round,
2026-06-23 00:56:26 [INFO   ] PROGRESS |   the platform, and the type of strategic investors we are looking for.
2026-06-23 00:56:26 [INFO   ] PROGRESS |   Please reply to this email or call me if you would like to explore it.
2026-06-23 00:56:26 [INFO   ] PROGRESS |   Warm Regards,
2026-06-23 00:56:26 [INFO   ] PROGRESS |   Sandeep Jain
2026-06-23 00:56:26 [INFO   ] PROGRESS |   Founder, PlacementHub
2026-06-23 00:56:26 [INFO   ] PROGRESS |   +91-9860090620
2026-06-23 00:56:26 [INFO   ] PROGRESS |   sandeepjain200019@gmail.com
2026-06-23 00:56:26 [INFO   ] PROGRESS |   Detailed Profile
2026-06-23 00:56:26 [INFO   ] PROGRESS |   Detailed Note on Funding Requirement
2026-06-23 00:56:26 [INFO   ] --------------------------------------------------------------
2026-06-23 00:56:26 [INFO   ] 
2026-06-23 00:56:26 [INFO   ] 
2026-06-23 00:56:26 [INFO   ] PROGRESS | Email preview — To: camnc@mncandco.com | Subject: PlacementHub pre-seed intro with M N CHOKSI & CO LLP
2026-06-23 00:56:28 [INFO   ] SENT (Brevo) -> camnc@mncandco.com (M N CHOKSI & CO LLP) | PlacementHub pre-seed intro with M N CHOKSI & CO LLP | messageId=<202606221926.13363180319@smtp-relay.mailin.fr> (API accepted; run audit-brevo to confirm delivery)
2026-06-23 00:56:28 [INFO   ] Sleeping for 10 seconds
2026-06-23 00:56:38 [INFO   ] PROGRESS | Send 50/50 | SENT | camnc@mncandco.com | M N CHOKSI & CO LLP [Chartered Accountants & Company Secretaries] | ok=48 fail=2 skip=0
2026-06-23 00:56:44 [INFO   ] CA send complete: {'sent': 48, 'failed': 2, 'skipped': 0, 'queue_size': 50, 'ca_only': True, 'ca_bulk_unsent': 1413, 'sent_ca_connect': 48, 'sent_by_industry': {'ca_cs_firms': 48}, 'send_limit': 50}
2026-06-23 00:56:44 [INFO   ] PROGRESS | Done — CA send — 48 sent, 2 failed, 1365 unsent in ca_bulk.db
