2026-06-27 19:52:46 [INFO   ] Log file: C:\Users\sandeep\Downloads\Claudes\investment\logs\immigration_2026-06-27_19-52-46.log
2026-06-27 19:52:46 [INFO   ] 
2026-06-27 19:52:46 [INFO   ] ==============================================================
2026-06-27 19:52:46 [INFO   ] PROGRESS | Send — CA emails only (up to 50 from ca_bulk.db)
2026-06-27 19:52:46 [INFO   ] ==============================================================
2026-06-27 19:52:47 [INFO   ] Send transport: Brevo API (config: C:\Users\sandeep\Downloads\Claudes\investment\config\mail_config.json, template: C:\Users\sandeep\Downloads\Claudes\investment\templates\bodies\partnership.html, sender: sandeepjain200019@gmail.com)
2026-06-27 19:52:47 [INFO   ] CA-only send from ca_bulk.db — 1129 unsent, up to 50 this run (caconnect.icai.org).
2026-06-27 19:52:53 [INFO   ] PROGRESS | Send plan — 50 recipient(s) in queue
2026-06-27 19:52:53 [INFO   ] PROGRESS | Send 1/50 | SENDING | constitution date | BATTULL AND ASSOCIATES LLP [Chartered Accountants & Company Secretaries] | ok=0 fail=0 skip=0
2026-06-27 19:52:53 [INFO   ] Loaded 41 NVIDIA API key(s) for rotation.
2026-06-27 19:52:55 [INFO   ] --------------------------------------------------------------
2026-06-27 19:52:55 [INFO   ] PROGRESS | Email content — To: constitution date
2026-06-27 19:52:55 [INFO   ] PROGRESS | Subject: PlacementHub pre-seed intro with BATTULL AND ASSOCIATES LLP
2026-06-27 19:52:55 [INFO   ] PROGRESS | Body:
2026-06-27 19:52:55 [INFO   ] PROGRESS |   Dear Sir/Madam,
2026-06-27 19:52:55 [INFO   ] PROGRESS |   I am reaching out to introduce PlacementHub and explore whether any of your investor, entrepreneur, or
2026-06-27 19:52:55 [INFO   ] PROGRESS |   HNI clients may be open to reviewing a strategic seed opportunity.
2026-06-27 19:52:55 [INFO   ] PROGRESS |   My name is Sandeep Jain. PlacementHub is currently in its pre-seed fundraising stage, and I am
2026-06-27 19:52:55 [INFO   ] PROGRESS |   soliciting strategic seed investment for the same. PlacementHub is a campus placement and employability
2026-06-27 19:52:55 [INFO   ] PROGRESS |   platform connecting students, colleges, and recruiters. The product is built and in early
2026-06-27 19:52:55 [INFO   ] PROGRESS |   commercialization.
2026-06-27 19:52:55 [INFO   ] PROGRESS |   For reference, the detailed business plan, including the business model and go-to-market strategies, is
2026-06-27 19:52:55 [INFO   ] PROGRESS |   available here:
2026-06-27 19:52:55 [INFO   ] PROGRESS |   PlacementHub Business Plan
2026-06-27 19:52:55 [INFO   ] PROGRESS |   For a Chartered Accountant firm, the relevance is mainly professional and strategic:
2026-06-27 19:52:55 [INFO   ] PROGRESS |   PlacementHub may require support across accounting, taxation, compliance, payroll, investor documentation, audit, and related professional services.
2026-06-27 19:52:55 [INFO   ] PROGRESS |   I would naturally be pleased to consider and prioritize firms that support PlacementHub during its early growth phase, subject to suitability and mutual agreement.
2026-06-27 19:52:55 [INFO   ] PROGRESS |   The relationship can begin with a simple review of the investment note and, where appropriate, introductions to suitable investor clients.
2026-06-27 19:52:55 [INFO   ] PROGRESS |   If the opportunity is worth a look, I would be happy to send the note and speak briefly about the round,
2026-06-27 19:52:55 [INFO   ] PROGRESS |   the platform, and the type of strategic investors we are looking for.
2026-06-27 19:52:55 [INFO   ] PROGRESS |   Please reply to this email or call me if you would like to explore it.
2026-06-27 19:52:55 [INFO   ] PROGRESS |   Warm Regards,
2026-06-27 19:52:55 [INFO   ] PROGRESS |   Sandeep Jain
2026-06-27 19:52:55 [INFO   ] PROGRESS |   Founder, PlacementHub
2026-06-27 19:52:55 [INFO   ] PROGRESS |   +91-9860090620
2026-06-27 19:52:55 [INFO   ] PROGRESS |   sandeepjain200019@gmail.com
2026-06-27 19:52:55 [INFO   ] PROGRESS |   Detailed Profile
2026-06-27 19:52:55 [INFO   ] PROGRESS |   Detailed Note on Funding Requirement
2026-06-27 19:52:55 [INFO   ] --------------------------------------------------------------
2026-06-27 19:52:55 [INFO   ] 
2026-06-27 19:52:55 [INFO   ] 
2026-06-27 19:52:55 [INFO   ] PROGRESS | Email preview — To: constitution date | Subject: PlacementHub pre-seed intro with BATTULL AND ASSOCIATES LLP
2026-06-27 19:52:56 [ERROR  ] Brevo send failed for constitution date: Brevo API send failed for constitution date: (400)
Reason: Bad Request
HTTP response headers: HTTPHeaderDict({'Date': 'Sat, 27 Jun 2026 14:22:57 GMT', 'Content-Type': 'application/json', 'Content-Length': '66', 'Connection': 'keep-alive', 'CF-RAY': 'a1251b55cae58dc9-HEL', 'x-envoy-upstream-service-time': '25', 'access-control-allow-credentials': 'true', 'sib-request-id': '7dee7622-9de0-9521-91c8-334dfcd70850', 'access-control-allow-origin': '*', 'access-control-allow-headers': '*', 'access-control-allow-methods': 'PUT, POST, GET, DELETE, PATCH, OPTIONS', 'x-sib-ratelimit-limit': '1000', 'x-sib-ratelimit-remaining': '999', 'x-sib-ratelimit-reset': '1', 'cf-cache-status': 'DYNAMIC', 'Set-Cookie': '_cfuvid=vvLBYzUCyEyHs3PYPqW8b08EUAo8CqF_eBKoxWDiMJY-1782570177023-0.0.1.1-604800000; path=/; domain=.sendinblue.com; HttpOnly; Secure; SameSite=None', 'Server': 'cloudflare'})
HTTP response body: {"code":"invalid_parameter","message":"email is not valid in to"}


2026-06-27 19:52:56 [INFO   ] PROGRESS | Send 1/50 | FAILED | constitution date | BATTULL AND ASSOCIATES LLP [Chartered Accountants & Company Secretaries] | ok=0 fail=1 skip=0
2026-06-27 19:52:56 [INFO   ] PROGRESS | Send 2/50 | SENDING | constitution date | BATTULL AND ASSOCIATES LLP [Chartered Accountants & Company Secretaries] | ok=0 fail=1 skip=0
2026-06-27 19:52:57 [INFO   ] --------------------------------------------------------------
2026-06-27 19:52:57 [INFO   ] PROGRESS | Email content — To: constitution date
2026-06-27 19:52:57 [INFO   ] PROGRESS | Subject: PlacementHub pre-seed intro with BATTULL AND ASSOCIATES LLP
2026-06-27 19:52:57 [INFO   ] PROGRESS | Body:
2026-06-27 19:52:57 [INFO   ] PROGRESS |   Dear Sir/Madam,
2026-06-27 19:52:57 [INFO   ] PROGRESS |   I am reaching out to introduce PlacementHub and explore whether any of your investor, entrepreneur, or
2026-06-27 19:52:57 [INFO   ] PROGRESS |   HNI clients may be open to reviewing a strategic seed opportunity.
2026-06-27 19:52:57 [INFO   ] PROGRESS |   My name is Sandeep Jain. PlacementHub is currently in its pre-seed fundraising stage, and I am
2026-06-27 19:52:57 [INFO   ] PROGRESS |   soliciting strategic seed investment for the same. PlacementHub is a campus placement and employability
2026-06-27 19:52:57 [INFO   ] PROGRESS |   platform connecting students, colleges, and recruiters. The product is built and in early
2026-06-27 19:52:57 [INFO   ] PROGRESS |   commercialization.
2026-06-27 19:52:57 [INFO   ] PROGRESS |   For reference, the detailed business plan, including the business model and go-to-market strategies, is
2026-06-27 19:52:57 [INFO   ] PROGRESS |   available here:
2026-06-27 19:52:57 [INFO   ] PROGRESS |   PlacementHub Business Plan
2026-06-27 19:52:57 [INFO   ] PROGRESS |   For a Chartered Accountant firm, the relevance is mainly professional and strategic:
2026-06-27 19:52:57 [INFO   ] PROGRESS |   PlacementHub may require support across accounting, taxation, compliance, payroll, investor documentation, audit, and related professional services.
2026-06-27 19:52:57 [INFO   ] PROGRESS |   I would naturally be pleased to consider and prioritize firms that support PlacementHub during its early growth phase, subject to suitability and mutual agreement.
2026-06-27 19:52:57 [INFO   ] PROGRESS |   The relationship can begin with a simple review of the investment note and, where appropriate, introductions to suitable investor clients.
2026-06-27 19:52:57 [INFO   ] PROGRESS |   If the opportunity is worth a look, I would be happy to send the note and speak briefly about the round,
2026-06-27 19:52:57 [INFO   ] PROGRESS |   the platform, and the type of strategic investors we are looking for.
2026-06-27 19:52:57 [INFO   ] PROGRESS |   Please reply to this email or call me if you would like to explore it.
2026-06-27 19:52:57 [INFO   ] PROGRESS |   Warm Regards,
2026-06-27 19:52:57 [INFO   ] PROGRESS |   Sandeep Jain
2026-06-27 19:52:57 [INFO   ] PROGRESS |   Founder, PlacementHub
2026-06-27 19:52:57 [INFO   ] PROGRESS |   +91-9860090620
2026-06-27 19:52:57 [INFO   ] PROGRESS |   sandeepjain200019@gmail.com
2026-06-27 19:52:57 [INFO   ] PROGRESS |   Detailed Profile
2026-06-27 19:52:57 [INFO   ] PROGRESS |   Detailed Note on Funding Requirement
2026-06-27 19:52:57 [INFO   ] --------------------------------------------------------------
2026-06-27 19:52:57 [INFO   ] 
2026-06-27 19:52:57 [INFO   ] 
2026-06-27 19:52:57 [INFO   ] PROGRESS | Email preview — To: constitution date | Subject: PlacementHub pre-seed intro with BATTULL AND ASSOCIATES LLP
2026-06-27 19:52:58 [ERROR  ] Brevo send failed for constitution date: Brevo API send failed for constitution date: (400)
Reason: Bad Request
HTTP response headers: HTTPHeaderDict({'Date': 'Sat, 27 Jun 2026 14:22:59 GMT', 'Content-Type': 'application/json', 'Content-Length': '66', 'Connection': 'keep-alive', 'CF-RAY': 'a1251b640e9cbfb9-WAW', 'x-envoy-upstream-service-time': '11', 'access-control-allow-credentials': 'true', 'sib-request-id': 'a61f7e22-291b-9076-95be-1516b0547ec7', 'access-control-allow-origin': '*', 'access-control-allow-headers': '*', 'access-control-allow-methods': 'PUT, POST, GET, DELETE, PATCH, OPTIONS', 'x-sib-ratelimit-limit': '1000', 'x-sib-ratelimit-remaining': '999', 'x-sib-ratelimit-reset': '1', 'cf-cache-status': 'DYNAMIC', 'Set-Cookie': '_cfuvid=1BXwfGqkrl_wrEPgwh3a13svY6T3KGemvk6jNUw1BQ8-1782570179268-0.0.1.1-604800000; path=/; domain=.sendinblue.com; HttpOnly; Secure; SameSite=None', 'Server': 'cloudflare'})
HTTP response body: {"code":"invalid_parameter","message":"email is not valid in to"}


2026-06-27 19:52:58 [INFO   ] PROGRESS | Send 2/50 | FAILED | constitution date | BATTULL AND ASSOCIATES LLP [Chartered Accountants & Company Secretaries] | ok=0 fail=2 skip=0
2026-06-27 19:52:58 [INFO   ] PROGRESS | Send 3/50 | SENDING | hsco_ca@rediffmail.com/singhvihm@hotmail.com | H SINGHVI & CO [Chartered Accountants & Company Secretaries] | ok=0 fail=2 skip=0
2026-06-27 19:53:00 [INFO   ] --------------------------------------------------------------
2026-06-27 19:53:00 [INFO   ] PROGRESS | Email content — To: hsco_ca@rediffmail.com/singhvihm@hotmail.com
2026-06-27 19:53:00 [INFO   ] PROGRESS | Subject: PlacementHub pre-seed intro with H SINGHVI & CO
2026-06-27 19:53:00 [INFO   ] PROGRESS | Body:
2026-06-27 19:53:00 [INFO   ] PROGRESS |   Dear Sir/Madam,
2026-06-27 19:53:00 [INFO   ] PROGRESS |   I am reaching out to introduce PlacementHub and explore whether any of your investor, entrepreneur, or
2026-06-27 19:53:00 [INFO   ] PROGRESS |   HNI clients may be open to reviewing a strategic seed opportunity.
2026-06-27 19:53:00 [INFO   ] PROGRESS |   My name is Sandeep Jain. PlacementHub is currently in its pre-seed fundraising stage, and I am
2026-06-27 19:53:00 [INFO   ] PROGRESS |   soliciting strategic seed investment for the same. PlacementHub is a campus placement and employability
2026-06-27 19:53:00 [INFO   ] PROGRESS |   platform connecting students, colleges, and recruiters. The product is built and in early
2026-06-27 19:53:00 [INFO   ] PROGRESS |   commercialization.
2026-06-27 19:53:00 [INFO   ] PROGRESS |   For reference, the detailed business plan, including the business model and go-to-market strategies, is
2026-06-27 19:53:00 [INFO   ] PROGRESS |   available here:
2026-06-27 19:53:00 [INFO   ] PROGRESS |   PlacementHub Business Plan
2026-06-27 19:53:00 [INFO   ] PROGRESS |   For a Chartered Accountant firm, the relevance is mainly professional and strategic:
2026-06-27 19:53:00 [INFO   ] PROGRESS |   PlacementHub may require support across accounting, taxation, compliance, payroll, investor documentation, audit, and related professional services.
2026-06-27 19:53:00 [INFO   ] PROGRESS |   I would naturally be pleased to consider and prioritize firms that support PlacementHub during its early growth phase, subject to suitability and mutual agreement.
2026-06-27 19:53:00 [INFO   ] PROGRESS |   The relationship can begin with a simple review of the investment note and, where appropriate, introductions to suitable investor clients.
2026-06-27 19:53:00 [INFO   ] PROGRESS |   If the opportunity is worth a look, I would be happy to send the note and speak briefly about the round,
2026-06-27 19:53:00 [INFO   ] PROGRESS |   the platform, and the type of strategic investors we are looking for.
2026-06-27 19:53:00 [INFO   ] PROGRESS |   Please reply to this email or call me if you would like to explore it.
2026-06-27 19:53:00 [INFO   ] PROGRESS |   Warm Regards,
2026-06-27 19:53:00 [INFO   ] PROGRESS |   Sandeep Jain
2026-06-27 19:53:00 [INFO   ] PROGRESS |   Founder, PlacementHub
2026-06-27 19:53:00 [INFO   ] PROGRESS |   +91-9860090620
2026-06-27 19:53:00 [INFO   ] PROGRESS |   sandeepjain200019@gmail.com
2026-06-27 19:53:00 [INFO   ] PROGRESS |   Detailed Profile
2026-06-27 19:53:00 [INFO   ] PROGRESS |   Detailed Note on Funding Requirement
2026-06-27 19:53:00 [INFO   ] --------------------------------------------------------------
2026-06-27 19:53:00 [INFO   ] 
2026-06-27 19:53:00 [INFO   ] 
2026-06-27 19:53:00 [INFO   ] PROGRESS | Email preview — To: hsco_ca@rediffmail.com/singhvihm@hotmail.com | Subject: PlacementHub pre-seed intro with H SINGHVI & CO
2026-06-27 19:53:01 [ERROR  ] Brevo send failed for hsco_ca@rediffmail.com/singhvihm@hotmail.com: Brevo API send failed for hsco_ca@rediffmail.com/singhvihm@hotmail.com: (400)
Reason: Bad Request
HTTP response headers: HTTPHeaderDict({'Date': 'Sat, 27 Jun 2026 14:23:01 GMT', 'Content-Type': 'application/json', 'Content-Length': '66', 'Connection': 'keep-alive', 'CF-RAY': 'a1251b72ba8734ee-WAW', 'x-envoy-upstream-service-time': '8', 'access-control-allow-credentials': 'true', 'sib-request-id': '86388b1f-a409-9f65-b044-198b9c77b9cd', 'access-control-allow-origin': '*', 'access-control-allow-headers': '*', 'access-control-allow-methods': 'PUT, POST, GET, DELETE, PATCH, OPTIONS', 'x-sib-ratelimit-limit': '1000', 'x-sib-ratelimit-remaining': '999', 'x-sib-ratelimit-reset': '1', 'cf-cache-status': 'DYNAMIC', 'Set-Cookie': '_cfuvid=kNU4CiZbhhj118xcQFegr2QGer.5FYDtu_Du902_udo-1782570181616-0.0.1.1-604800000; path=/; domain=.sendinblue.com; HttpOnly; Secure; SameSite=None', 'Server': 'cloudflare'})
HTTP response body: {"code":"invalid_parameter","message":"email is not valid in to"}


2026-06-27 19:53:01 [INFO   ] PROGRESS | Send 3/50 | FAILED | hsco_ca@rediffmail.com/singhvihm@hotmail.com | H SINGHVI & CO [Chartered Accountants & Company Secretaries] | ok=0 fail=3 skip=0
2026-06-27 19:53:01 [INFO   ] PROGRESS | Send 4/50 | SENDING | sunil_anwani@yahoo.co.in | K P SAHASRABUDHE & CO [Chartered Accountants & Company Secretaries] | ok=0 fail=3 skip=0
2026-06-27 19:53:02 [INFO   ] --------------------------------------------------------------
2026-06-27 19:53:02 [INFO   ] PROGRESS | Email content — To: sunil_anwani@yahoo.co.in
2026-06-27 19:53:02 [INFO   ] PROGRESS | Subject: PlacementHub pre-seed intro with K P SAHASRABUDHE & CO
2026-06-27 19:53:02 [INFO   ] PROGRESS | Body:
2026-06-27 19:53:02 [INFO   ] PROGRESS |   Dear Sir/Madam,
2026-06-27 19:53:02 [INFO   ] PROGRESS |   I am reaching out to introduce PlacementHub and explore whether any of your investor, entrepreneur, or
2026-06-27 19:53:02 [INFO   ] PROGRESS |   HNI clients may be open to reviewing a strategic seed opportunity.
2026-06-27 19:53:02 [INFO   ] PROGRESS |   My name is Sandeep Jain. PlacementHub is currently in its pre-seed fundraising stage, and I am
2026-06-27 19:53:02 [INFO   ] PROGRESS |   soliciting strategic seed investment for the same. PlacementHub is a campus placement and employability
2026-06-27 19:53:02 [INFO   ] PROGRESS |   platform connecting students, colleges, and recruiters. The product is built and in early
2026-06-27 19:53:02 [INFO   ] PROGRESS |   commercialization.
2026-06-27 19:53:02 [INFO   ] PROGRESS |   For reference, the detailed business plan, including the business model and go-to-market strategies, is
2026-06-27 19:53:02 [INFO   ] PROGRESS |   available here:
2026-06-27 19:53:02 [INFO   ] PROGRESS |   PlacementHub Business Plan
2026-06-27 19:53:02 [INFO   ] PROGRESS |   For a Chartered Accountant firm, the relevance is mainly professional and strategic:
2026-06-27 19:53:02 [INFO   ] PROGRESS |   PlacementHub may require support across accounting, taxation, compliance, payroll, investor documentation, audit, and related professional services.
2026-06-27 19:53:02 [INFO   ] PROGRESS |   I would naturally be pleased to consider and prioritize firms that support PlacementHub during its early growth phase, subject to suitability and mutual agreement.
2026-06-27 19:53:02 [INFO   ] PROGRESS |   The relationship can begin with a simple review of the investment note and, where appropriate, introductions to suitable investor clients.
2026-06-27 19:53:02 [INFO   ] PROGRESS |   If the opportunity is worth a look, I would be happy to send the note and speak briefly about the round,
2026-06-27 19:53:02 [INFO   ] PROGRESS |   the platform, and the type of strategic investors we are looking for.
2026-06-27 19:53:02 [INFO   ] PROGRESS |   Please reply to this email or call me if you would like to explore it.
2026-06-27 19:53:02 [INFO   ] PROGRESS |   Warm Regards,
2026-06-27 19:53:02 [INFO   ] PROGRESS |   Sandeep Jain
2026-06-27 19:53:02 [INFO   ] PROGRESS |   Founder, PlacementHub
2026-06-27 19:53:02 [INFO   ] PROGRESS |   +91-9860090620
2026-06-27 19:53:02 [INFO   ] PROGRESS |   sandeepjain200019@gmail.com
2026-06-27 19:53:02 [INFO   ] PROGRESS |   Detailed Profile
2026-06-27 19:53:02 [INFO   ] PROGRESS |   Detailed Note on Funding Requirement
2026-06-27 19:53:02 [INFO   ] --------------------------------------------------------------
2026-06-27 19:53:02 [INFO   ] 
2026-06-27 19:53:02 [INFO   ] 
2026-06-27 19:53:02 [INFO   ] PROGRESS | Email preview — To: sunil_anwani@yahoo.co.in | Subject: PlacementHub pre-seed intro with K P SAHASRABUDHE & CO
2026-06-27 19:53:03 [INFO   ] SENT (Brevo) -> sunil_anwani@yahoo.co.in (K P SAHASRABUDHE & CO) | PlacementHub pre-seed intro with K P SAHASRABUDHE & CO | messageId=<202606271423.48692547592@smtp-relay.mailin.fr> (API accepted; run audit-brevo to confirm delivery)
2026-06-27 19:53:03 [INFO   ] Sleeping for 10 seconds
2026-06-27 19:53:13 [INFO   ] PROGRESS | Send 4/50 | SENT | sunil_anwani@yahoo.co.in | K P SAHASRABUDHE & CO [Chartered Accountants & Company Secretaries] | ok=1 fail=3 skip=0
2026-06-27 19:53:13 [INFO   ] PROGRESS | Send 5/50 | SENDING | uditchoithani@gmail.com | U Y & ASSOCIATES [Chartered Accountants & Company Secretaries] | ok=1 fail=3 skip=0
2026-06-27 19:53:30 [INFO   ] --------------------------------------------------------------
2026-06-27 19:53:30 [INFO   ] PROGRESS | Email content — To: uditchoithani@gmail.com
2026-06-27 19:53:30 [INFO   ] PROGRESS | Subject: PlacementHub pre-seed intro with U Y & ASSOCIATES
2026-06-27 19:53:30 [INFO   ] PROGRESS | Body:
2026-06-27 19:53:30 [INFO   ] PROGRESS |   Dear Sir/Madam,
2026-06-27 19:53:30 [INFO   ] PROGRESS |   I am reaching out to introduce PlacementHub and explore whether any of your investor, entrepreneur, or
2026-06-27 19:53:30 [INFO   ] PROGRESS |   HNI clients may be open to reviewing a strategic seed opportunity.
2026-06-27 19:53:30 [INFO   ] PROGRESS |   My name is Sandeep Jain. PlacementHub is currently in its pre-seed fundraising stage, and I am
2026-06-27 19:53:30 [INFO   ] PROGRESS |   soliciting strategic seed investment for the same. PlacementHub is a campus placement and employability
2026-06-27 19:53:30 [INFO   ] PROGRESS |   platform connecting students, colleges, and recruiters. The product is built and in early
2026-06-27 19:53:30 [INFO   ] PROGRESS |   commercialization.
2026-06-27 19:53:30 [INFO   ] PROGRESS |   For reference, the detailed business plan, including the business model and go-to-market strategies, is
2026-06-27 19:53:30 [INFO   ] PROGRESS |   available here:
2026-06-27 19:53:30 [INFO   ] PROGRESS |   PlacementHub Business Plan
2026-06-27 19:53:30 [INFO   ] PROGRESS |   For a Chartered Accountant firm, the relevance is mainly professional and strategic:
2026-06-27 19:53:30 [INFO   ] PROGRESS |   PlacementHub may require support across accounting, taxation, compliance, payroll, investor documentation, audit, and related professional services.
2026-06-27 19:53:30 [INFO   ] PROGRESS |   I would naturally be pleased to consider and prioritize firms that support PlacementHub during its early growth phase, subject to suitability and mutual agreement.
2026-06-27 19:53:30 [INFO   ] PROGRESS |   The relationship can begin with a simple review of the investment note and, where appropriate, introductions to suitable investor clients.
2026-06-27 19:53:30 [INFO   ] PROGRESS |   If the opportunity is worth a look, I would be happy to send the note and speak briefly about the round,
2026-06-27 19:53:30 [INFO   ] PROGRESS |   the platform, and the type of strategic investors we are looking for.
2026-06-27 19:53:30 [INFO   ] PROGRESS |   Please reply to this email or call me if you would like to explore it.
2026-06-27 19:53:30 [INFO   ] PROGRESS |   Warm Regards,
2026-06-27 19:53:30 [INFO   ] PROGRESS |   Sandeep Jain
2026-06-27 19:53:30 [INFO   ] PROGRESS |   Founder, PlacementHub
2026-06-27 19:53:30 [INFO   ] PROGRESS |   +91-9860090620
2026-06-27 19:53:30 [INFO   ] PROGRESS |   sandeepjain200019@gmail.com
2026-06-27 19:53:30 [INFO   ] PROGRESS |   Detailed Profile
2026-06-27 19:53:30 [INFO   ] PROGRESS |   Detailed Note on Funding Requirement
2026-06-27 19:53:30 [INFO   ] --------------------------------------------------------------
2026-06-27 19:53:30 [INFO   ] 
2026-06-27 19:53:30 [INFO   ] 
2026-06-27 19:53:30 [INFO   ] PROGRESS | Email preview — To: uditchoithani@gmail.com | Subject: PlacementHub pre-seed intro with U Y & ASSOCIATES
2026-06-27 19:53:31 [INFO   ] SENT (Brevo) -> uditchoithani@gmail.com (U Y & ASSOCIATES) | PlacementHub pre-seed intro with U Y & ASSOCIATES | messageId=<202606271423.50273336631@smtp-relay.mailin.fr> (API accepted; run audit-brevo to confirm delivery)
2026-06-27 19:53:31 [INFO   ] Sleeping for 10 seconds
2026-06-27 19:53:41 [INFO   ] PROGRESS | Send 5/50 | SENT | uditchoithani@gmail.com | U Y & ASSOCIATES [Chartered Accountants & Company Secretaries] | ok=2 fail=3 skip=0
2026-06-27 19:53:41 [INFO   ] PROGRESS | Send 6/50 | SENDING | chandak.shreyp@gmail.com | S P CHANDAK & ASSOCIATES [Chartered Accountants & Company Secretaries] | ok=2 fail=3 skip=0
2026-06-27 19:54:03 [INFO   ] --------------------------------------------------------------
2026-06-27 19:54:03 [INFO   ] PROGRESS | Email content — To: chandak.shreyp@gmail.com
2026-06-27 19:54:03 [INFO   ] PROGRESS | Subject: PlacementHub pre-seed intro with S P CHANDAK & ASSOCIATES
2026-06-27 19:54:03 [INFO   ] PROGRESS | Body:
2026-06-27 19:54:03 [INFO   ] PROGRESS |   Dear Sir/Madam,
2026-06-27 19:54:03 [INFO   ] PROGRESS |   I am reaching out to introduce PlacementHub and explore whether any of your investor, entrepreneur, or
2026-06-27 19:54:03 [INFO   ] PROGRESS |   HNI clients may be open to reviewing a strategic seed opportunity.
2026-06-27 19:54:03 [INFO   ] PROGRESS |   My name is Sandeep Jain. PlacementHub is currently in its pre-seed fundraising stage, and I am
2026-06-27 19:54:03 [INFO   ] PROGRESS |   soliciting strategic seed investment for the same. PlacementHub is a campus placement and employability
2026-06-27 19:54:03 [INFO   ] PROGRESS |   platform connecting students, colleges, and recruiters. The product is built and in early
2026-06-27 19:54:03 [INFO   ] PROGRESS |   commercialization.
2026-06-27 19:54:03 [INFO   ] PROGRESS |   For reference, the detailed business plan, including the business model and go-to-market strategies, is
2026-06-27 19:54:03 [INFO   ] PROGRESS |   available here:
2026-06-27 19:54:03 [INFO   ] PROGRESS |   PlacementHub Business Plan
2026-06-27 19:54:03 [INFO   ] PROGRESS |   For a Chartered Accountant firm, the relevance is mainly professional and strategic:
2026-06-27 19:54:03 [INFO   ] PROGRESS |   PlacementHub may require support across accounting, taxation, compliance, payroll, investor documentation, audit, and related professional services.
2026-06-27 19:54:03 [INFO   ] PROGRESS |   I would naturally be pleased to consider and prioritize firms that support PlacementHub during its early growth phase, subject to suitability and mutual agreement.
2026-06-27 19:54:03 [INFO   ] PROGRESS |   The relationship can begin with a simple review of the investment note and, where appropriate, introductions to suitable investor clients.
2026-06-27 19:54:03 [INFO   ] PROGRESS |   If the opportunity is worth a look, I would be happy to send the note and speak briefly about the round,
2026-06-27 19:54:03 [INFO   ] PROGRESS |   the platform, and the type of strategic investors we are looking for.
2026-06-27 19:54:03 [INFO   ] PROGRESS |   Please reply to this email or call me if you would like to explore it.
2026-06-27 19:54:03 [INFO   ] PROGRESS |   Warm Regards,
2026-06-27 19:54:03 [INFO   ] PROGRESS |   Sandeep Jain
2026-06-27 19:54:03 [INFO   ] PROGRESS |   Founder, PlacementHub
2026-06-27 19:54:03 [INFO   ] PROGRESS |   +91-9860090620
2026-06-27 19:54:03 [INFO   ] PROGRESS |   sandeepjain200019@gmail.com
2026-06-27 19:54:03 [INFO   ] PROGRESS |   Detailed Profile
2026-06-27 19:54:03 [INFO   ] PROGRESS |   Detailed Note on Funding Requirement
2026-06-27 19:54:03 [INFO   ] --------------------------------------------------------------
2026-06-27 19:54:03 [INFO   ] 
2026-06-27 19:54:03 [INFO   ] 
2026-06-27 19:54:03 [INFO   ] PROGRESS | Email preview — To: chandak.shreyp@gmail.com | Subject: PlacementHub pre-seed intro with S P CHANDAK & ASSOCIATES
2026-06-27 19:54:04 [INFO   ] SENT (Brevo) -> chandak.shreyp@gmail.com (S P CHANDAK & ASSOCIATES) | PlacementHub pre-seed intro with S P CHANDAK & ASSOCIATES | messageId=<202606271424.93760691793@smtp-relay.mailin.fr> (API accepted; run audit-brevo to confirm delivery)
2026-06-27 19:54:04 [INFO   ] Sleeping for 10 seconds
2026-06-27 19:54:14 [INFO   ] PROGRESS | Send 6/50 | SENT | chandak.shreyp@gmail.com | S P CHANDAK & ASSOCIATES [Chartered Accountants & Company Secretaries] | ok=3 fail=3 skip=0
2026-06-27 19:54:14 [INFO   ] PROGRESS | Send 7/50 | SENDING | kps_parag@yahoo.co.in | PARAG KELA & CO [Chartered Accountants & Company Secretaries] | ok=3 fail=3 skip=0
2026-06-27 19:54:16 [INFO   ] --------------------------------------------------------------
2026-06-27 19:54:16 [INFO   ] PROGRESS | Email content — To: kps_parag@yahoo.co.in
2026-06-27 19:54:16 [INFO   ] PROGRESS | Subject: PlacementHub pre-seed intro with PARAG KELA & CO
2026-06-27 19:54:16 [INFO   ] PROGRESS | Body:
2026-06-27 19:54:16 [INFO   ] PROGRESS |   Dear Sir/Madam,
2026-06-27 19:54:16 [INFO   ] PROGRESS |   I am reaching out to introduce PlacementHub and explore whether any of your investor, entrepreneur, or
2026-06-27 19:54:16 [INFO   ] PROGRESS |   HNI clients may be open to reviewing a strategic seed opportunity.
2026-06-27 19:54:16 [INFO   ] PROGRESS |   My name is Sandeep Jain. PlacementHub is currently in its pre-seed fundraising stage, and I am
2026-06-27 19:54:16 [INFO   ] PROGRESS |   soliciting strategic seed investment for the same. PlacementHub is a campus placement and employability
2026-06-27 19:54:16 [INFO   ] PROGRESS |   platform connecting students, colleges, and recruiters. The product is built and in early
2026-06-27 19:54:16 [INFO   ] PROGRESS |   commercialization.
2026-06-27 19:54:16 [INFO   ] PROGRESS |   For reference, the detailed business plan, including the business model and go-to-market strategies, is
2026-06-27 19:54:16 [INFO   ] PROGRESS |   available here:
2026-06-27 19:54:16 [INFO   ] PROGRESS |   PlacementHub Business Plan
2026-06-27 19:54:16 [INFO   ] PROGRESS |   For a Chartered Accountant firm, the relevance is mainly professional and strategic:
2026-06-27 19:54:16 [INFO   ] PROGRESS |   PlacementHub may require support across accounting, taxation, compliance, payroll, investor documentation, audit, and related professional services.
2026-06-27 19:54:16 [INFO   ] PROGRESS |   I would naturally be pleased to consider and prioritize firms that support PlacementHub during its early growth phase, subject to suitability and mutual agreement.
2026-06-27 19:54:16 [INFO   ] PROGRESS |   The relationship can begin with a simple review of the investment note and, where appropriate, introductions to suitable investor clients.
2026-06-27 19:54:16 [INFO   ] PROGRESS |   If the opportunity is worth a look, I would be happy to send the note and speak briefly about the round,
2026-06-27 19:54:16 [INFO   ] PROGRESS |   the platform, and the type of strategic investors we are looking for.
2026-06-27 19:54:16 [INFO   ] PROGRESS |   Please reply to this email or call me if you would like to explore it.
2026-06-27 19:54:16 [INFO   ] PROGRESS |   Warm Regards,
2026-06-27 19:54:16 [INFO   ] PROGRESS |   Sandeep Jain
2026-06-27 19:54:16 [INFO   ] PROGRESS |   Founder, PlacementHub
2026-06-27 19:54:16 [INFO   ] PROGRESS |   +91-9860090620
2026-06-27 19:54:16 [INFO   ] PROGRESS |   sandeepjain200019@gmail.com
2026-06-27 19:54:16 [INFO   ] PROGRESS |   Detailed Profile
2026-06-27 19:54:16 [INFO   ] PROGRESS |   Detailed Note on Funding Requirement
2026-06-27 19:54:16 [INFO   ] --------------------------------------------------------------
2026-06-27 19:54:16 [INFO   ] 
2026-06-27 19:54:16 [INFO   ] 
2026-06-27 19:54:16 [INFO   ] PROGRESS | Email preview — To: kps_parag@yahoo.co.in | Subject: PlacementHub pre-seed intro with PARAG KELA & CO
2026-06-27 19:54:17 [INFO   ] SENT (Brevo) -> kps_parag@yahoo.co.in (PARAG KELA & CO) | PlacementHub pre-seed intro with PARAG KELA & CO | messageId=<202606271424.94872744097@smtp-relay.mailin.fr> (API accepted; run audit-brevo to confirm delivery)
2026-06-27 19:54:17 [INFO   ] Sleeping for 10 seconds
2026-06-27 19:54:27 [INFO   ] PROGRESS | Send 7/50 | SENT | kps_parag@yahoo.co.in | PARAG KELA & CO [Chartered Accountants & Company Secretaries] | ok=4 fail=3 skip=0
2026-06-27 19:54:27 [INFO   ] PROGRESS | Send 8/50 | SENDING | hiteshchelani77@gmail.com | HITESH L CHELANI & ASSOCIATES [Chartered Accountants & Company Secretaries] | ok=4 fail=3 skip=0
2026-06-27 19:54:29 [INFO   ] --------------------------------------------------------------
2026-06-27 19:54:29 [INFO   ] PROGRESS | Email content — To: hiteshchelani77@gmail.com
2026-06-27 19:54:29 [INFO   ] PROGRESS | Subject: PlacementHub pre-seed intro with HITESH L CHELANI & ASSOCIATES
2026-06-27 19:54:29 [INFO   ] PROGRESS | Body:
2026-06-27 19:54:29 [INFO   ] PROGRESS |   Dear Sir/Madam,
2026-06-27 19:54:29 [INFO   ] PROGRESS |   I am reaching out to introduce PlacementHub and explore whether any of your investor, entrepreneur, or
2026-06-27 19:54:29 [INFO   ] PROGRESS |   HNI clients may be open to reviewing a strategic seed opportunity.
2026-06-27 19:54:29 [INFO   ] PROGRESS |   My name is Sandeep Jain. PlacementHub is currently in its pre-seed fundraising stage, and I am
2026-06-27 19:54:29 [INFO   ] PROGRESS |   soliciting strategic seed investment for the same. PlacementHub is a campus placement and employability
2026-06-27 19:54:29 [INFO   ] PROGRESS |   platform connecting students, colleges, and recruiters. The product is built and in early
2026-06-27 19:54:29 [INFO   ] PROGRESS |   commercialization.
2026-06-27 19:54:29 [INFO   ] PROGRESS |   For reference, the detailed business plan, including the business model and go-to-market strategies, is
2026-06-27 19:54:29 [INFO   ] PROGRESS |   available here:
2026-06-27 19:54:29 [INFO   ] PROGRESS |   PlacementHub Business Plan
2026-06-27 19:54:29 [INFO   ] PROGRESS |   For a Chartered Accountant firm, the relevance is mainly professional and strategic:
2026-06-27 19:54:29 [INFO   ] PROGRESS |   PlacementHub may require support across accounting, taxation, compliance, payroll, investor documentation, audit, and related professional services.
2026-06-27 19:54:29 [INFO   ] PROGRESS |   I would naturally be pleased to consider and prioritize firms that support PlacementHub during its early growth phase, subject to suitability and mutual agreement.
2026-06-27 19:54:29 [INFO   ] PROGRESS |   The relationship can begin with a simple review of the investment note and, where appropriate, introductions to suitable investor clients.
2026-06-27 19:54:29 [INFO   ] PROGRESS |   If the opportunity is worth a look, I would be happy to send the note and speak briefly about the round,
2026-06-27 19:54:29 [INFO   ] PROGRESS |   the platform, and the type of strategic investors we are looking for.
2026-06-27 19:54:29 [INFO   ] PROGRESS |   Please reply to this email or call me if you would like to explore it.
2026-06-27 19:54:29 [INFO   ] PROGRESS |   Warm Regards,
2026-06-27 19:54:29 [INFO   ] PROGRESS |   Sandeep Jain
2026-06-27 19:54:29 [INFO   ] PROGRESS |   Founder, PlacementHub
2026-06-27 19:54:29 [INFO   ] PROGRESS |   +91-9860090620
2026-06-27 19:54:29 [INFO   ] PROGRESS |   sandeepjain200019@gmail.com
2026-06-27 19:54:29 [INFO   ] PROGRESS |   Detailed Profile
2026-06-27 19:54:29 [INFO   ] PROGRESS |   Detailed Note on Funding Requirement
2026-06-27 19:54:29 [INFO   ] --------------------------------------------------------------
2026-06-27 19:54:29 [INFO   ] 
2026-06-27 19:54:29 [INFO   ] 
2026-06-27 19:54:29 [INFO   ] PROGRESS | Email preview — To: hiteshchelani77@gmail.com | Subject: PlacementHub pre-seed intro with HITESH L CHELANI & ASSOCIATES
2026-06-27 19:54:30 [INFO   ] SENT (Brevo) -> hiteshchelani77@gmail.com (HITESH L CHELANI & ASSOCIATES) | PlacementHub pre-seed intro with HITESH L CHELANI & ASSOCIATES | messageId=<202606271424.79781896453@smtp-relay.mailin.fr> (API accepted; run audit-brevo to confirm delivery)
2026-06-27 19:54:30 [INFO   ] Sleeping for 10 seconds
2026-06-27 19:54:40 [INFO   ] PROGRESS | Send 8/50 | SENT | hiteshchelani77@gmail.com | HITESH L CHELANI & ASSOCIATES [Chartered Accountants & Company Secretaries] | ok=5 fail=3 skip=0
2026-06-27 19:54:40 [INFO   ] PROGRESS | Send 9/50 | SENDING | lohiyakushal@gmail.com | LOHIYA & ASSOCIATES [Chartered Accountants & Company Secretaries] | ok=5 fail=3 skip=0
2026-06-27 19:55:10 [WARNING] NVIDIA call failed (attempt 1/5): The read operation timed out — rotating key.
2026-06-27 19:55:12 [INFO   ] --------------------------------------------------------------
2026-06-27 19:55:12 [INFO   ] PROGRESS | Email content — To: lohiyakushal@gmail.com
2026-06-27 19:55:12 [INFO   ] PROGRESS | Subject: PlacementHub pre-seed intro with LOHIYA & ASSOCIATES
2026-06-27 19:55:12 [INFO   ] PROGRESS | Body:
2026-06-27 19:55:12 [INFO   ] PROGRESS |   Dear Sir/Madam,
2026-06-27 19:55:12 [INFO   ] PROGRESS |   I am reaching out to introduce PlacementHub and explore whether any of your investor, entrepreneur, or
2026-06-27 19:55:12 [INFO   ] PROGRESS |   HNI clients may be open to reviewing a strategic seed opportunity.
2026-06-27 19:55:12 [INFO   ] PROGRESS |   My name is Sandeep Jain. PlacementHub is currently in its pre-seed fundraising stage, and I am
2026-06-27 19:55:12 [INFO   ] PROGRESS |   soliciting strategic seed investment for the same. PlacementHub is a campus placement and employability
2026-06-27 19:55:12 [INFO   ] PROGRESS |   platform connecting students, colleges, and recruiters. The product is built and in early
2026-06-27 19:55:12 [INFO   ] PROGRESS |   commercialization.
2026-06-27 19:55:12 [INFO   ] PROGRESS |   For reference, the detailed business plan, including the business model and go-to-market strategies, is
2026-06-27 19:55:12 [INFO   ] PROGRESS |   available here:
2026-06-27 19:55:12 [INFO   ] PROGRESS |   PlacementHub Business Plan
2026-06-27 19:55:12 [INFO   ] PROGRESS |   For a Chartered Accountant firm, the relevance is mainly professional and strategic:
2026-06-27 19:55:12 [INFO   ] PROGRESS |   PlacementHub may require support across accounting, taxation, compliance, payroll, investor documentation, audit, and related professional services.
2026-06-27 19:55:12 [INFO   ] PROGRESS |   I would naturally be pleased to consider and prioritize firms that support PlacementHub during its early growth phase, subject to suitability and mutual agreement.
2026-06-27 19:55:12 [INFO   ] PROGRESS |   The relationship can begin with a simple review of the investment note and, where appropriate, introductions to suitable investor clients.
2026-06-27 19:55:12 [INFO   ] PROGRESS |   If the opportunity is worth a look, I would be happy to send the note and speak briefly about the round,
2026-06-27 19:55:12 [INFO   ] PROGRESS |   the platform, and the type of strategic investors we are looking for.
2026-06-27 19:55:12 [INFO   ] PROGRESS |   Please reply to this email or call me if you would like to explore it.
2026-06-27 19:55:12 [INFO   ] PROGRESS |   Warm Regards,
2026-06-27 19:55:12 [INFO   ] PROGRESS |   Sandeep Jain
2026-06-27 19:55:12 [INFO   ] PROGRESS |   Founder, PlacementHub
2026-06-27 19:55:12 [INFO   ] PROGRESS |   +91-9860090620
2026-06-27 19:55:12 [INFO   ] PROGRESS |   sandeepjain200019@gmail.com
2026-06-27 19:55:12 [INFO   ] PROGRESS |   Detailed Profile
2026-06-27 19:55:12 [INFO   ] PROGRESS |   Detailed Note on Funding Requirement
2026-06-27 19:55:12 [INFO   ] --------------------------------------------------------------
2026-06-27 19:55:12 [INFO   ] 
2026-06-27 19:55:12 [INFO   ] 
2026-06-27 19:55:12 [INFO   ] PROGRESS | Email preview — To: lohiyakushal@gmail.com | Subject: PlacementHub pre-seed intro with LOHIYA & ASSOCIATES
2026-06-27 19:55:13 [INFO   ] SENT (Brevo) -> lohiyakushal@gmail.com (LOHIYA & ASSOCIATES) | PlacementHub pre-seed intro with LOHIYA & ASSOCIATES | messageId=<202606271425.14624301194@smtp-relay.mailin.fr> (API accepted; run audit-brevo to confirm delivery)
2026-06-27 19:55:13 [INFO   ] Sleeping for 10 seconds
2026-06-27 19:55:23 [INFO   ] PROGRESS | Send 9/50 | SENT | lohiyakushal@gmail.com | LOHIYA & ASSOCIATES [Chartered Accountants & Company Secretaries] | ok=6 fail=3 skip=0
2026-06-27 19:55:23 [INFO   ] PROGRESS | Send 10/50 | SENDING | ask_arti@rediffmail.com | A S KULKARNI AND ASSOCIATES [Chartered Accountants & Company Secretaries] | ok=6 fail=3 skip=0
2026-06-27 19:55:36 [INFO   ] --------------------------------------------------------------
2026-06-27 19:55:36 [INFO   ] PROGRESS | Email content — To: ask_arti@rediffmail.com
2026-06-27 19:55:36 [INFO   ] PROGRESS | Subject: PlacementHub pre-seed intro with A S KULKARNI AND ASSOCIATES
2026-06-27 19:55:36 [INFO   ] PROGRESS | Body:
2026-06-27 19:55:36 [INFO   ] PROGRESS |   Dear Sir/Madam,
2026-06-27 19:55:36 [INFO   ] PROGRESS |   I am reaching out to introduce PlacementHub and explore whether any of your investor, entrepreneur, or
2026-06-27 19:55:36 [INFO   ] PROGRESS |   HNI clients may be open to reviewing a strategic seed opportunity.
2026-06-27 19:55:36 [INFO   ] PROGRESS |   My name is Sandeep Jain. PlacementHub is currently in its pre-seed fundraising stage, and I am
2026-06-27 19:55:36 [INFO   ] PROGRESS |   soliciting strategic seed investment for the same. PlacementHub is a campus placement and employability
2026-06-27 19:55:36 [INFO   ] PROGRESS |   platform connecting students, colleges, and recruiters. The product is built and in early
2026-06-27 19:55:36 [INFO   ] PROGRESS |   commercialization.
2026-06-27 19:55:36 [INFO   ] PROGRESS |   For reference, the detailed business plan, including the business model and go-to-market strategies, is
2026-06-27 19:55:36 [INFO   ] PROGRESS |   available here:
2026-06-27 19:55:36 [INFO   ] PROGRESS |   PlacementHub Business Plan
2026-06-27 19:55:36 [INFO   ] PROGRESS |   For a Chartered Accountant firm, the relevance is mainly professional and strategic:
2026-06-27 19:55:36 [INFO   ] PROGRESS |   PlacementHub may require support across accounting, taxation, compliance, payroll, investor documentation, audit, and related professional services.
2026-06-27 19:55:36 [INFO   ] PROGRESS |   I would naturally be pleased to consider and prioritize firms that support PlacementHub during its early growth phase, subject to suitability and mutual agreement.
2026-06-27 19:55:36 [INFO   ] PROGRESS |   The relationship can begin with a simple review of the investment note and, where appropriate, introductions to suitable investor clients.
2026-06-27 19:55:36 [INFO   ] PROGRESS |   If the opportunity is worth a look, I would be happy to send the note and speak briefly about the round,
2026-06-27 19:55:36 [INFO   ] PROGRESS |   the platform, and the type of strategic investors we are looking for.
2026-06-27 19:55:36 [INFO   ] PROGRESS |   Please reply to this email or call me if you would like to explore it.
2026-06-27 19:55:36 [INFO   ] PROGRESS |   Warm Regards,
2026-06-27 19:55:36 [INFO   ] PROGRESS |   Sandeep Jain
2026-06-27 19:55:36 [INFO   ] PROGRESS |   Founder, PlacementHub
2026-06-27 19:55:36 [INFO   ] PROGRESS |   +91-9860090620
2026-06-27 19:55:36 [INFO   ] PROGRESS |   sandeepjain200019@gmail.com
2026-06-27 19:55:36 [INFO   ] PROGRESS |   Detailed Profile
2026-06-27 19:55:36 [INFO   ] PROGRESS |   Detailed Note on Funding Requirement
2026-06-27 19:55:36 [INFO   ] --------------------------------------------------------------
2026-06-27 19:55:36 [INFO   ] 
2026-06-27 19:55:36 [INFO   ] 
2026-06-27 19:55:36 [INFO   ] PROGRESS | Email preview — To: ask_arti@rediffmail.com | Subject: PlacementHub pre-seed intro with A S KULKARNI AND ASSOCIATES
2026-06-27 19:55:37 [INFO   ] SENT (Brevo) -> ask_arti@rediffmail.com (A S KULKARNI AND ASSOCIATES) | PlacementHub pre-seed intro with A S KULKARNI AND ASSOCIATES | messageId=<202606271425.40275646575@smtp-relay.mailin.fr> (API accepted; run audit-brevo to confirm delivery)
2026-06-27 19:55:37 [INFO   ] Sleeping for 10 seconds
2026-06-27 19:55:47 [INFO   ] PROGRESS | Send 10/50 | SENT | ask_arti@rediffmail.com | A S KULKARNI AND ASSOCIATES [Chartered Accountants & Company Secretaries] | ok=7 fail=3 skip=0
2026-06-27 19:55:47 [INFO   ] PROGRESS | Send 11/50 | SENDING | psnanwani@gmail.com | NANWANI & ASSOCIATES [Chartered Accountants & Company Secretaries] | ok=7 fail=3 skip=0
2026-06-27 19:55:48 [INFO   ] --------------------------------------------------------------
2026-06-27 19:55:48 [INFO   ] PROGRESS | Email content — To: psnanwani@gmail.com
2026-06-27 19:55:48 [INFO   ] PROGRESS | Subject: PlacementHub pre-seed intro with NANWANI & ASSOCIATES
2026-06-27 19:55:48 [INFO   ] PROGRESS | Body:
2026-06-27 19:55:48 [INFO   ] PROGRESS |   Dear Sir/Madam,
2026-06-27 19:55:48 [INFO   ] PROGRESS |   I am reaching out to introduce PlacementHub and explore whether any of your investor, entrepreneur, or
2026-06-27 19:55:48 [INFO   ] PROGRESS |   HNI clients may be open to reviewing a strategic seed opportunity.
2026-06-27 19:55:48 [INFO   ] PROGRESS |   My name is Sandeep Jain. PlacementHub is currently in its pre-seed fundraising stage, and I am
2026-06-27 19:55:48 [INFO   ] PROGRESS |   soliciting strategic seed investment for the same. PlacementHub is a campus placement and employability
2026-06-27 19:55:48 [INFO   ] PROGRESS |   platform connecting students, colleges, and recruiters. The product is built and in early
2026-06-27 19:55:48 [INFO   ] PROGRESS |   commercialization.
2026-06-27 19:55:48 [INFO   ] PROGRESS |   For reference, the detailed business plan, including the business model and go-to-market strategies, is
2026-06-27 19:55:48 [INFO   ] PROGRESS |   available here:
2026-06-27 19:55:48 [INFO   ] PROGRESS |   PlacementHub Business Plan
2026-06-27 19:55:48 [INFO   ] PROGRESS |   For a Chartered Accountant firm, the relevance is mainly professional and strategic:
2026-06-27 19:55:48 [INFO   ] PROGRESS |   PlacementHub may require support across accounting, taxation, compliance, payroll, investor documentation, audit, and related professional services.
2026-06-27 19:55:48 [INFO   ] PROGRESS |   I would naturally be pleased to consider and prioritize firms that support PlacementHub during its early growth phase, subject to suitability and mutual agreement.
2026-06-27 19:55:48 [INFO   ] PROGRESS |   The relationship can begin with a simple review of the investment note and, where appropriate, introductions to suitable investor clients.
2026-06-27 19:55:48 [INFO   ] PROGRESS |   If the opportunity is worth a look, I would be happy to send the note and speak briefly about the round,
2026-06-27 19:55:48 [INFO   ] PROGRESS |   the platform, and the type of strategic investors we are looking for.
2026-06-27 19:55:48 [INFO   ] PROGRESS |   Please reply to this email or call me if you would like to explore it.
2026-06-27 19:55:48 [INFO   ] PROGRESS |   Warm Regards,
2026-06-27 19:55:48 [INFO   ] PROGRESS |   Sandeep Jain
2026-06-27 19:55:48 [INFO   ] PROGRESS |   Founder, PlacementHub
2026-06-27 19:55:48 [INFO   ] PROGRESS |   +91-9860090620
2026-06-27 19:55:48 [INFO   ] PROGRESS |   sandeepjain200019@gmail.com
2026-06-27 19:55:48 [INFO   ] PROGRESS |   Detailed Profile
2026-06-27 19:55:48 [INFO   ] PROGRESS |   Detailed Note on Funding Requirement
2026-06-27 19:55:48 [INFO   ] --------------------------------------------------------------
2026-06-27 19:55:48 [INFO   ] 
2026-06-27 19:55:48 [INFO   ] 
2026-06-27 19:55:48 [INFO   ] PROGRESS | Email preview — To: psnanwani@gmail.com | Subject: PlacementHub pre-seed intro with NANWANI & ASSOCIATES
2026-06-27 19:55:49 [INFO   ] SENT (Brevo) -> psnanwani@gmail.com (NANWANI & ASSOCIATES) | PlacementHub pre-seed intro with NANWANI & ASSOCIATES | messageId=<202606271425.48649168044@smtp-relay.mailin.fr> (API accepted; run audit-brevo to confirm delivery)
2026-06-27 19:55:49 [INFO   ] Sleeping for 10 seconds
2026-06-27 19:55:59 [INFO   ] PROGRESS | Send 11/50 | SENT | psnanwani@gmail.com | NANWANI & ASSOCIATES [Chartered Accountants & Company Secretaries] | ok=8 fail=3 skip=0
2026-06-27 19:55:59 [INFO   ] PROGRESS | Send 12/50 | SENDING | ganeshkumarpareekca@gmail.com | G K PAREEK & ASSOCIATES [Chartered Accountants & Company Secretaries] | ok=8 fail=3 skip=0
2026-06-27 19:56:01 [INFO   ] --------------------------------------------------------------
2026-06-27 19:56:01 [INFO   ] PROGRESS | Email content — To: ganeshkumarpareekca@gmail.com
2026-06-27 19:56:01 [INFO   ] PROGRESS | Subject: PlacementHub pre-seed intro with G K PAREEK & ASSOCIATES
2026-06-27 19:56:01 [INFO   ] PROGRESS | Body:
2026-06-27 19:56:01 [INFO   ] PROGRESS |   Dear Sir/Madam,
2026-06-27 19:56:01 [INFO   ] PROGRESS |   I am reaching out to introduce PlacementHub and explore whether any of your investor, entrepreneur, or
2026-06-27 19:56:01 [INFO   ] PROGRESS |   HNI clients may be open to reviewing a strategic seed opportunity.
2026-06-27 19:56:01 [INFO   ] PROGRESS |   My name is Sandeep Jain. PlacementHub is currently in its pre-seed fundraising stage, and I am
2026-06-27 19:56:01 [INFO   ] PROGRESS |   soliciting strategic seed investment for the same. PlacementHub is a campus placement and employability
2026-06-27 19:56:01 [INFO   ] PROGRESS |   platform connecting students, colleges, and recruiters. The product is built and in early
2026-06-27 19:56:01 [INFO   ] PROGRESS |   commercialization.
2026-06-27 19:56:01 [INFO   ] PROGRESS |   For reference, the detailed business plan, including the business model and go-to-market strategies, is
2026-06-27 19:56:01 [INFO   ] PROGRESS |   available here:
2026-06-27 19:56:01 [INFO   ] PROGRESS |   PlacementHub Business Plan
2026-06-27 19:56:01 [INFO   ] PROGRESS |   For a Chartered Accountant firm, the relevance is mainly professional and strategic:
2026-06-27 19:56:01 [INFO   ] PROGRESS |   PlacementHub may require support across accounting, taxation, compliance, payroll, investor documentation, audit, and related professional services.
2026-06-27 19:56:01 [INFO   ] PROGRESS |   I would naturally be pleased to consider and prioritize firms that support PlacementHub during its early growth phase, subject to suitability and mutual agreement.
2026-06-27 19:56:01 [INFO   ] PROGRESS |   The relationship can begin with a simple review of the investment note and, where appropriate, introductions to suitable investor clients.
2026-06-27 19:56:01 [INFO   ] PROGRESS |   If the opportunity is worth a look, I would be happy to send the note and speak briefly about the round,
2026-06-27 19:56:01 [INFO   ] PROGRESS |   the platform, and the type of strategic investors we are looking for.
2026-06-27 19:56:01 [INFO   ] PROGRESS |   Please reply to this email or call me if you would like to explore it.
2026-06-27 19:56:01 [INFO   ] PROGRESS |   Warm Regards,
2026-06-27 19:56:01 [INFO   ] PROGRESS |   Sandeep Jain
2026-06-27 19:56:01 [INFO   ] PROGRESS |   Founder, PlacementHub
2026-06-27 19:56:01 [INFO   ] PROGRESS |   +91-9860090620
2026-06-27 19:56:01 [INFO   ] PROGRESS |   sandeepjain200019@gmail.com
2026-06-27 19:56:01 [INFO   ] PROGRESS |   Detailed Profile
2026-06-27 19:56:01 [INFO   ] PROGRESS |   Detailed Note on Funding Requirement
2026-06-27 19:56:01 [INFO   ] --------------------------------------------------------------
2026-06-27 19:56:01 [INFO   ] 
2026-06-27 19:56:01 [INFO   ] 
2026-06-27 19:56:01 [INFO   ] PROGRESS | Email preview — To: ganeshkumarpareekca@gmail.com | Subject: PlacementHub pre-seed intro with G K PAREEK & ASSOCIATES
2026-06-27 19:56:02 [INFO   ] SENT (Brevo) -> ganeshkumarpareekca@gmail.com (G K PAREEK & ASSOCIATES) | PlacementHub pre-seed intro with G K PAREEK & ASSOCIATES | messageId=<202606271426.53756575952@smtp-relay.mailin.fr> (API accepted; run audit-brevo to confirm delivery)
2026-06-27 19:56:02 [INFO   ] Sleeping for 10 seconds
2026-06-27 19:56:12 [INFO   ] PROGRESS | Send 12/50 | SENT | ganeshkumarpareekca@gmail.com | G K PAREEK & ASSOCIATES [Chartered Accountants & Company Secretaries] | ok=9 fail=3 skip=0
2026-06-27 19:56:12 [INFO   ] PROGRESS | Send 13/50 | SENDING | cavivekparakh@gmail.com | D P A V & ASSOCIATES [Chartered Accountants & Company Secretaries] | ok=9 fail=3 skip=0
2026-06-27 19:56:14 [INFO   ] --------------------------------------------------------------
2026-06-27 19:56:14 [INFO   ] PROGRESS | Email content — To: cavivekparakh@gmail.com
2026-06-27 19:56:14 [INFO   ] PROGRESS | Subject: PlacementHub pre-seed intro with D P A V & ASSOCIATES
2026-06-27 19:56:14 [INFO   ] PROGRESS | Body:
2026-06-27 19:56:14 [INFO   ] PROGRESS |   Dear Sir/Madam,
2026-06-27 19:56:14 [INFO   ] PROGRESS |   I am reaching out to introduce PlacementHub and explore whether any of your investor, entrepreneur, or
2026-06-27 19:56:14 [INFO   ] PROGRESS |   HNI clients may be open to reviewing a strategic seed opportunity.
2026-06-27 19:56:14 [INFO   ] PROGRESS |   My name is Sandeep Jain. PlacementHub is currently in its pre-seed fundraising stage, and I am
2026-06-27 19:56:14 [INFO   ] PROGRESS |   soliciting strategic seed investment for the same. PlacementHub is a campus placement and employability
2026-06-27 19:56:14 [INFO   ] PROGRESS |   platform connecting students, colleges, and recruiters. The product is built and in early
2026-06-27 19:56:14 [INFO   ] PROGRESS |   commercialization.
2026-06-27 19:56:14 [INFO   ] PROGRESS |   For reference, the detailed business plan, including the business model and go-to-market strategies, is
2026-06-27 19:56:14 [INFO   ] PROGRESS |   available here:
2026-06-27 19:56:14 [INFO   ] PROGRESS |   PlacementHub Business Plan
2026-06-27 19:56:14 [INFO   ] PROGRESS |   For a Chartered Accountant firm, the relevance is mainly professional and strategic:
2026-06-27 19:56:14 [INFO   ] PROGRESS |   PlacementHub may require support across accounting, taxation, compliance, payroll, investor documentation, audit, and related professional services.
2026-06-27 19:56:14 [INFO   ] PROGRESS |   I would naturally be pleased to consider and prioritize firms that support PlacementHub during its early growth phase, subject to suitability and mutual agreement.
2026-06-27 19:56:14 [INFO   ] PROGRESS |   The relationship can begin with a simple review of the investment note and, where appropriate, introductions to suitable investor clients.
2026-06-27 19:56:14 [INFO   ] PROGRESS |   If the opportunity is worth a look, I would be happy to send the note and speak briefly about the round,
2026-06-27 19:56:14 [INFO   ] PROGRESS |   the platform, and the type of strategic investors we are looking for.
2026-06-27 19:56:14 [INFO   ] PROGRESS |   Please reply to this email or call me if you would like to explore it.
2026-06-27 19:56:14 [INFO   ] PROGRESS |   Warm Regards,
2026-06-27 19:56:14 [INFO   ] PROGRESS |   Sandeep Jain
2026-06-27 19:56:14 [INFO   ] PROGRESS |   Founder, PlacementHub
2026-06-27 19:56:14 [INFO   ] PROGRESS |   +91-9860090620
2026-06-27 19:56:14 [INFO   ] PROGRESS |   sandeepjain200019@gmail.com
2026-06-27 19:56:14 [INFO   ] PROGRESS |   Detailed Profile
2026-06-27 19:56:14 [INFO   ] PROGRESS |   Detailed Note on Funding Requirement
2026-06-27 19:56:14 [INFO   ] --------------------------------------------------------------
2026-06-27 19:56:14 [INFO   ] 
2026-06-27 19:56:14 [INFO   ] 
2026-06-27 19:56:14 [INFO   ] PROGRESS | Email preview — To: cavivekparakh@gmail.com | Subject: PlacementHub pre-seed intro with D P A V & ASSOCIATES
2026-06-27 19:56:15 [INFO   ] SENT (Brevo) -> cavivekparakh@gmail.com (D P A V & ASSOCIATES) | PlacementHub pre-seed intro with D P A V & ASSOCIATES | messageId=<202606271426.30419931624@smtp-relay.mailin.fr> (API accepted; run audit-brevo to confirm delivery)
2026-06-27 19:56:15 [INFO   ] Sleeping for 10 seconds
2026-06-27 19:56:25 [INFO   ] PROGRESS | Send 13/50 | SENT | cavivekparakh@gmail.com | D P A V & ASSOCIATES [Chartered Accountants & Company Secretaries] | ok=10 fail=3 skip=0
2026-06-27 19:56:25 [INFO   ] PROGRESS | Send 14/50 | SENDING | jajodiapranay@gmail.com | P S JAJODIA & ASSOCIATES [Chartered Accountants & Company Secretaries] | ok=10 fail=3 skip=0
2026-06-27 19:56:27 [INFO   ] --------------------------------------------------------------
2026-06-27 19:56:27 [INFO   ] PROGRESS | Email content — To: jajodiapranay@gmail.com
2026-06-27 19:56:27 [INFO   ] PROGRESS | Subject: PlacementHub pre-seed intro with P S JAJODIA & ASSOCIATES
2026-06-27 19:56:27 [INFO   ] PROGRESS | Body:
2026-06-27 19:56:27 [INFO   ] PROGRESS |   Dear Sir/Madam,
2026-06-27 19:56:27 [INFO   ] PROGRESS |   I am reaching out to introduce PlacementHub and explore whether any of your investor, entrepreneur, or
2026-06-27 19:56:27 [INFO   ] PROGRESS |   HNI clients may be open to reviewing a strategic seed opportunity.
2026-06-27 19:56:27 [INFO   ] PROGRESS |   My name is Sandeep Jain. PlacementHub is currently in its pre-seed fundraising stage, and I am
2026-06-27 19:56:27 [INFO   ] PROGRESS |   soliciting strategic seed investment for the same. PlacementHub is a campus placement and employability
2026-06-27 19:56:27 [INFO   ] PROGRESS |   platform connecting students, colleges, and recruiters. The product is built and in early
2026-06-27 19:56:27 [INFO   ] PROGRESS |   commercialization.
2026-06-27 19:56:27 [INFO   ] PROGRESS |   For reference, the detailed business plan, including the business model and go-to-market strategies, is
2026-06-27 19:56:27 [INFO   ] PROGRESS |   available here:
2026-06-27 19:56:27 [INFO   ] PROGRESS |   PlacementHub Business Plan
2026-06-27 19:56:27 [INFO   ] PROGRESS |   For a Chartered Accountant firm, the relevance is mainly professional and strategic:
2026-06-27 19:56:27 [INFO   ] PROGRESS |   PlacementHub may require support across accounting, taxation, compliance, payroll, investor documentation, audit, and related professional services.
2026-06-27 19:56:27 [INFO   ] PROGRESS |   I would naturally be pleased to consider and prioritize firms that support PlacementHub during its early growth phase, subject to suitability and mutual agreement.
2026-06-27 19:56:27 [INFO   ] PROGRESS |   The relationship can begin with a simple review of the investment note and, where appropriate, introductions to suitable investor clients.
2026-06-27 19:56:27 [INFO   ] PROGRESS |   If the opportunity is worth a look, I would be happy to send the note and speak briefly about the round,
2026-06-27 19:56:27 [INFO   ] PROGRESS |   the platform, and the type of strategic investors we are looking for.
2026-06-27 19:56:27 [INFO   ] PROGRESS |   Please reply to this email or call me if you would like to explore it.
2026-06-27 19:56:27 [INFO   ] PROGRESS |   Warm Regards,
2026-06-27 19:56:27 [INFO   ] PROGRESS |   Sandeep Jain
2026-06-27 19:56:27 [INFO   ] PROGRESS |   Founder, PlacementHub
2026-06-27 19:56:27 [INFO   ] PROGRESS |   +91-9860090620
2026-06-27 19:56:27 [INFO   ] PROGRESS |   sandeepjain200019@gmail.com
2026-06-27 19:56:27 [INFO   ] PROGRESS |   Detailed Profile
2026-06-27 19:56:27 [INFO   ] PROGRESS |   Detailed Note on Funding Requirement
2026-06-27 19:56:27 [INFO   ] --------------------------------------------------------------
2026-06-27 19:56:27 [INFO   ] 
2026-06-27 19:56:27 [INFO   ] 
2026-06-27 19:56:27 [INFO   ] PROGRESS | Email preview — To: jajodiapranay@gmail.com | Subject: PlacementHub pre-seed intro with P S JAJODIA & ASSOCIATES
2026-06-27 19:56:28 [INFO   ] SENT (Brevo) -> jajodiapranay@gmail.com (P S JAJODIA & ASSOCIATES) | PlacementHub pre-seed intro with P S JAJODIA & ASSOCIATES | messageId=<202606271426.57207512910@smtp-relay.mailin.fr> (API accepted; run audit-brevo to confirm delivery)
2026-06-27 19:56:28 [INFO   ] Sleeping for 10 seconds
2026-06-27 19:56:38 [INFO   ] PROGRESS | Send 14/50 | SENT | jajodiapranay@gmail.com | P S JAJODIA & ASSOCIATES [Chartered Accountants & Company Secretaries] | ok=11 fail=3 skip=0
2026-06-27 19:56:38 [INFO   ] PROGRESS | Send 15/50 | SENDING | sanchitarathi@gmail.com | A A A S & ASSOCIATES [Chartered Accountants & Company Secretaries] | ok=11 fail=3 skip=0
2026-06-27 19:56:40 [INFO   ] --------------------------------------------------------------
2026-06-27 19:56:40 [INFO   ] PROGRESS | Email content — To: sanchitarathi@gmail.com
2026-06-27 19:56:40 [INFO   ] PROGRESS | Subject: PlacementHub pre-seed intro with A A A S & ASSOCIATES
2026-06-27 19:56:40 [INFO   ] PROGRESS | Body:
2026-06-27 19:56:40 [INFO   ] PROGRESS |   Dear Sir/Madam,
2026-06-27 19:56:40 [INFO   ] PROGRESS |   I am reaching out to introduce PlacementHub and explore whether any of your investor, entrepreneur, or
2026-06-27 19:56:40 [INFO   ] PROGRESS |   HNI clients may be open to reviewing a strategic seed opportunity.
2026-06-27 19:56:40 [INFO   ] PROGRESS |   My name is Sandeep Jain. PlacementHub is currently in its pre-seed fundraising stage, and I am
2026-06-27 19:56:40 [INFO   ] PROGRESS |   soliciting strategic seed investment for the same. PlacementHub is a campus placement and employability
2026-06-27 19:56:40 [INFO   ] PROGRESS |   platform connecting students, colleges, and recruiters. The product is built and in early
2026-06-27 19:56:40 [INFO   ] PROGRESS |   commercialization.
2026-06-27 19:56:40 [INFO   ] PROGRESS |   For reference, the detailed business plan, including the business model and go-to-market strategies, is
2026-06-27 19:56:40 [INFO   ] PROGRESS |   available here:
2026-06-27 19:56:40 [INFO   ] PROGRESS |   PlacementHub Business Plan
2026-06-27 19:56:40 [INFO   ] PROGRESS |   For a Chartered Accountant firm, the relevance is mainly professional and strategic:
2026-06-27 19:56:40 [INFO   ] PROGRESS |   PlacementHub may require support across accounting, taxation, compliance, payroll, investor documentation, audit, and related professional services.
2026-06-27 19:56:40 [INFO   ] PROGRESS |   I would naturally be pleased to consider and prioritize firms that support PlacementHub during its early growth phase, subject to suitability and mutual agreement.
2026-06-27 19:56:40 [INFO   ] PROGRESS |   The relationship can begin with a simple review of the investment note and, where appropriate, introductions to suitable investor clients.
2026-06-27 19:56:40 [INFO   ] PROGRESS |   If the opportunity is worth a look, I would be happy to send the note and speak briefly about the round,
2026-06-27 19:56:40 [INFO   ] PROGRESS |   the platform, and the type of strategic investors we are looking for.
2026-06-27 19:56:40 [INFO   ] PROGRESS |   Please reply to this email or call me if you would like to explore it.
2026-06-27 19:56:40 [INFO   ] PROGRESS |   Warm Regards,
2026-06-27 19:56:40 [INFO   ] PROGRESS |   Sandeep Jain
2026-06-27 19:56:40 [INFO   ] PROGRESS |   Founder, PlacementHub
2026-06-27 19:56:40 [INFO   ] PROGRESS |   +91-9860090620
2026-06-27 19:56:40 [INFO   ] PROGRESS |   sandeepjain200019@gmail.com
2026-06-27 19:56:40 [INFO   ] PROGRESS |   Detailed Profile
2026-06-27 19:56:40 [INFO   ] PROGRESS |   Detailed Note on Funding Requirement
2026-06-27 19:56:40 [INFO   ] --------------------------------------------------------------
2026-06-27 19:56:40 [INFO   ] 
2026-06-27 19:56:40 [INFO   ] 
2026-06-27 19:56:40 [INFO   ] PROGRESS | Email preview — To: sanchitarathi@gmail.com | Subject: PlacementHub pre-seed intro with A A A S & ASSOCIATES
2026-06-27 19:56:41 [INFO   ] SENT (Brevo) -> sanchitarathi@gmail.com (A A A S & ASSOCIATES) | PlacementHub pre-seed intro with A A A S & ASSOCIATES | messageId=<202606271426.12304929081@smtp-relay.mailin.fr> (API accepted; run audit-brevo to confirm delivery)
2026-06-27 19:56:41 [INFO   ] Sleeping for 10 seconds
2026-06-27 19:56:51 [INFO   ] PROGRESS | Send 15/50 | SENT | sanchitarathi@gmail.com | A A A S & ASSOCIATES [Chartered Accountants & Company Secretaries] | ok=12 fail=3 skip=0
2026-06-27 19:56:51 [INFO   ] PROGRESS | Send 16/50 | SENDING | agrawalshivam6899@gmail.com | S B AGRAWAL AND ASSOCIATES [Chartered Accountants & Company Secretaries] | ok=12 fail=3 skip=0
2026-06-27 19:56:52 [INFO   ] --------------------------------------------------------------
2026-06-27 19:56:52 [INFO   ] PROGRESS | Email content — To: agrawalshivam6899@gmail.com
2026-06-27 19:56:52 [INFO   ] PROGRESS | Subject: PlacementHub pre-seed intro with S B AGRAWAL AND ASSOCIATES
2026-06-27 19:56:52 [INFO   ] PROGRESS | Body:
2026-06-27 19:56:52 [INFO   ] PROGRESS |   Dear Sir/Madam,
2026-06-27 19:56:52 [INFO   ] PROGRESS |   I am reaching out to introduce PlacementHub and explore whether any of your investor, entrepreneur, or
2026-06-27 19:56:52 [INFO   ] PROGRESS |   HNI clients may be open to reviewing a strategic seed opportunity.
2026-06-27 19:56:52 [INFO   ] PROGRESS |   My name is Sandeep Jain. PlacementHub is currently in its pre-seed fundraising stage, and I am
2026-06-27 19:56:52 [INFO   ] PROGRESS |   soliciting strategic seed investment for the same. PlacementHub is a campus placement and employability
2026-06-27 19:56:52 [INFO   ] PROGRESS |   platform connecting students, colleges, and recruiters. The product is built and in early
2026-06-27 19:56:52 [INFO   ] PROGRESS |   commercialization.
2026-06-27 19:56:52 [INFO   ] PROGRESS |   For reference, the detailed business plan, including the business model and go-to-market strategies, is
2026-06-27 19:56:52 [INFO   ] PROGRESS |   available here:
2026-06-27 19:56:52 [INFO   ] PROGRESS |   PlacementHub Business Plan
2026-06-27 19:56:52 [INFO   ] PROGRESS |   For a Chartered Accountant firm, the relevance is mainly professional and strategic:
2026-06-27 19:56:52 [INFO   ] PROGRESS |   PlacementHub may require support across accounting, taxation, compliance, payroll, investor documentation, audit, and related professional services.
2026-06-27 19:56:52 [INFO   ] PROGRESS |   I would naturally be pleased to consider and prioritize firms that support PlacementHub during its early growth phase, subject to suitability and mutual agreement.
2026-06-27 19:56:52 [INFO   ] PROGRESS |   The relationship can begin with a simple review of the investment note and, where appropriate, introductions to suitable investor clients.
2026-06-27 19:56:52 [INFO   ] PROGRESS |   If the opportunity is worth a look, I would be happy to send the note and speak briefly about the round,
2026-06-27 19:56:52 [INFO   ] PROGRESS |   the platform, and the type of strategic investors we are looking for.
2026-06-27 19:56:52 [INFO   ] PROGRESS |   Please reply to this email or call me if you would like to explore it.
2026-06-27 19:56:52 [INFO   ] PROGRESS |   Warm Regards,
2026-06-27 19:56:52 [INFO   ] PROGRESS |   Sandeep Jain
2026-06-27 19:56:52 [INFO   ] PROGRESS |   Founder, PlacementHub
2026-06-27 19:56:52 [INFO   ] PROGRESS |   +91-9860090620
2026-06-27 19:56:52 [INFO   ] PROGRESS |   sandeepjain200019@gmail.com
2026-06-27 19:56:52 [INFO   ] PROGRESS |   Detailed Profile
2026-06-27 19:56:52 [INFO   ] PROGRESS |   Detailed Note on Funding Requirement
2026-06-27 19:56:52 [INFO   ] --------------------------------------------------------------
2026-06-27 19:56:52 [INFO   ] 
2026-06-27 19:56:52 [INFO   ] 
2026-06-27 19:56:52 [INFO   ] PROGRESS | Email preview — To: agrawalshivam6899@gmail.com | Subject: PlacementHub pre-seed intro with S B AGRAWAL AND ASSOCIATES
2026-06-27 19:56:53 [INFO   ] SENT (Brevo) -> agrawalshivam6899@gmail.com (S B AGRAWAL AND ASSOCIATES) | PlacementHub pre-seed intro with S B AGRAWAL AND ASSOCIATES | messageId=<202606271426.34374687948@smtp-relay.mailin.fr> (API accepted; run audit-brevo to confirm delivery)
2026-06-27 19:56:53 [INFO   ] Sleeping for 10 seconds
2026-06-27 19:57:03 [INFO   ] PROGRESS | Send 16/50 | SENT | agrawalshivam6899@gmail.com | S B AGRAWAL AND ASSOCIATES [Chartered Accountants & Company Secretaries] | ok=13 fail=3 skip=0
2026-06-27 19:57:03 [INFO   ] PROGRESS | Send 17/50 | SENDING | pravin.dhiran@gmail.com | PRAVIN DHIRAN & CO [Chartered Accountants & Company Secretaries] | ok=13 fail=3 skip=0
2026-06-27 19:57:07 [INFO   ] --------------------------------------------------------------
2026-06-27 19:57:07 [INFO   ] PROGRESS | Email content — To: pravin.dhiran@gmail.com
2026-06-27 19:57:07 [INFO   ] PROGRESS | Subject: PlacementHub pre-seed intro with PRAVIN DHIRAN & CO
2026-06-27 19:57:07 [INFO   ] PROGRESS | Body:
2026-06-27 19:57:07 [INFO   ] PROGRESS |   Dear Sir/Madam,
2026-06-27 19:57:07 [INFO   ] PROGRESS |   I am reaching out to introduce PlacementHub and explore whether any of your investor, entrepreneur, or
2026-06-27 19:57:07 [INFO   ] PROGRESS |   HNI clients may be open to reviewing a strategic seed opportunity.
2026-06-27 19:57:07 [INFO   ] PROGRESS |   My name is Sandeep Jain. PlacementHub is currently in its pre-seed fundraising stage, and I am
2026-06-27 19:57:07 [INFO   ] PROGRESS |   soliciting strategic seed investment for the same. PlacementHub is a campus placement and employability
2026-06-27 19:57:07 [INFO   ] PROGRESS |   platform connecting students, colleges, and recruiters. The product is built and in early
2026-06-27 19:57:07 [INFO   ] PROGRESS |   commercialization.
2026-06-27 19:57:07 [INFO   ] PROGRESS |   For reference, the detailed business plan, including the business model and go-to-market strategies, is
2026-06-27 19:57:07 [INFO   ] PROGRESS |   available here:
2026-06-27 19:57:07 [INFO   ] PROGRESS |   PlacementHub Business Plan
2026-06-27 19:57:07 [INFO   ] PROGRESS |   For a Chartered Accountant firm, the relevance is mainly professional and strategic:
2026-06-27 19:57:07 [INFO   ] PROGRESS |   PlacementHub may require support across accounting, taxation, compliance, payroll, investor documentation, audit, and related professional services.
2026-06-27 19:57:07 [INFO   ] PROGRESS |   I would naturally be pleased to consider and prioritize firms that support PlacementHub during its early growth phase, subject to suitability and mutual agreement.
2026-06-27 19:57:07 [INFO   ] PROGRESS |   The relationship can begin with a simple review of the investment note and, where appropriate, introductions to suitable investor clients.
2026-06-27 19:57:07 [INFO   ] PROGRESS |   If the opportunity is worth a look, I would be happy to send the note and speak briefly about the round,
2026-06-27 19:57:07 [INFO   ] PROGRESS |   the platform, and the type of strategic investors we are looking for.
2026-06-27 19:57:07 [INFO   ] PROGRESS |   Please reply to this email or call me if you would like to explore it.
2026-06-27 19:57:07 [INFO   ] PROGRESS |   Warm Regards,
2026-06-27 19:57:07 [INFO   ] PROGRESS |   Sandeep Jain
2026-06-27 19:57:07 [INFO   ] PROGRESS |   Founder, PlacementHub
2026-06-27 19:57:07 [INFO   ] PROGRESS |   +91-9860090620
2026-06-27 19:57:07 [INFO   ] PROGRESS |   sandeepjain200019@gmail.com
2026-06-27 19:57:07 [INFO   ] PROGRESS |   Detailed Profile
2026-06-27 19:57:07 [INFO   ] PROGRESS |   Detailed Note on Funding Requirement
2026-06-27 19:57:07 [INFO   ] --------------------------------------------------------------
2026-06-27 19:57:07 [INFO   ] 
2026-06-27 19:57:07 [INFO   ] 
2026-06-27 19:57:07 [INFO   ] PROGRESS | Email preview — To: pravin.dhiran@gmail.com | Subject: PlacementHub pre-seed intro with PRAVIN DHIRAN & CO
2026-06-27 19:57:07 [INFO   ] SENT (Brevo) -> pravin.dhiran@gmail.com (PRAVIN DHIRAN & CO) | PlacementHub pre-seed intro with PRAVIN DHIRAN & CO | messageId=<202606271427.13650932374@smtp-relay.mailin.fr> (API accepted; run audit-brevo to confirm delivery)
2026-06-27 19:57:07 [INFO   ] Sleeping for 10 seconds
2026-06-27 19:57:17 [INFO   ] PROGRESS | Send 17/50 | SENT | pravin.dhiran@gmail.com | PRAVIN DHIRAN & CO [Chartered Accountants & Company Secretaries] | ok=14 fail=3 skip=0
2026-06-27 19:57:17 [INFO   ] PROGRESS | Send 18/50 | SENDING | kanchi.a.jain@gmail.com | JAIN & BAVARIA [Chartered Accountants & Company Secretaries] | ok=14 fail=3 skip=0
2026-06-27 19:57:19 [INFO   ] --------------------------------------------------------------
2026-06-27 19:57:19 [INFO   ] PROGRESS | Email content — To: kanchi.a.jain@gmail.com
2026-06-27 19:57:19 [INFO   ] PROGRESS | Subject: PlacementHub pre-seed intro with JAIN & BAVARIA
2026-06-27 19:57:19 [INFO   ] PROGRESS | Body:
2026-06-27 19:57:19 [INFO   ] PROGRESS |   Dear Sir/Madam,
2026-06-27 19:57:19 [INFO   ] PROGRESS |   I am reaching out to introduce PlacementHub and explore whether any of your investor, entrepreneur, or
2026-06-27 19:57:19 [INFO   ] PROGRESS |   HNI clients may be open to reviewing a strategic seed opportunity.
2026-06-27 19:57:19 [INFO   ] PROGRESS |   My name is Sandeep Jain. PlacementHub is currently in its pre-seed fundraising stage, and I am
2026-06-27 19:57:19 [INFO   ] PROGRESS |   soliciting strategic seed investment for the same. PlacementHub is a campus placement and employability
2026-06-27 19:57:19 [INFO   ] PROGRESS |   platform connecting students, colleges, and recruiters. The product is built and in early
2026-06-27 19:57:19 [INFO   ] PROGRESS |   commercialization.
2026-06-27 19:57:19 [INFO   ] PROGRESS |   For reference, the detailed business plan, including the business model and go-to-market strategies, is
2026-06-27 19:57:19 [INFO   ] PROGRESS |   available here:
2026-06-27 19:57:19 [INFO   ] PROGRESS |   PlacementHub Business Plan
2026-06-27 19:57:19 [INFO   ] PROGRESS |   For a Chartered Accountant firm, the relevance is mainly professional and strategic:
2026-06-27 19:57:19 [INFO   ] PROGRESS |   PlacementHub may require support across accounting, taxation, compliance, payroll, investor documentation, audit, and related professional services.
2026-06-27 19:57:19 [INFO   ] PROGRESS |   I would naturally be pleased to consider and prioritize firms that support PlacementHub during its early growth phase, subject to suitability and mutual agreement.
2026-06-27 19:57:19 [INFO   ] PROGRESS |   The relationship can begin with a simple review of the investment note and, where appropriate, introductions to suitable investor clients.
2026-06-27 19:57:19 [INFO   ] PROGRESS |   If the opportunity is worth a look, I would be happy to send the note and speak briefly about the round,
2026-06-27 19:57:19 [INFO   ] PROGRESS |   the platform, and the type of strategic investors we are looking for.
2026-06-27 19:57:19 [INFO   ] PROGRESS |   Please reply to this email or call me if you would like to explore it.
2026-06-27 19:57:19 [INFO   ] PROGRESS |   Warm Regards,
2026-06-27 19:57:19 [INFO   ] PROGRESS |   Sandeep Jain
2026-06-27 19:57:19 [INFO   ] PROGRESS |   Founder, PlacementHub
2026-06-27 19:57:19 [INFO   ] PROGRESS |   +91-9860090620
2026-06-27 19:57:19 [INFO   ] PROGRESS |   sandeepjain200019@gmail.com
2026-06-27 19:57:19 [INFO   ] PROGRESS |   Detailed Profile
2026-06-27 19:57:19 [INFO   ] PROGRESS |   Detailed Note on Funding Requirement
2026-06-27 19:57:19 [INFO   ] --------------------------------------------------------------
2026-06-27 19:57:19 [INFO   ] 
2026-06-27 19:57:19 [INFO   ] 
2026-06-27 19:57:19 [INFO   ] PROGRESS | Email preview — To: kanchi.a.jain@gmail.com | Subject: PlacementHub pre-seed intro with JAIN & BAVARIA
2026-06-27 19:57:20 [INFO   ] SENT (Brevo) -> kanchi.a.jain@gmail.com (JAIN & BAVARIA) | PlacementHub pre-seed intro with JAIN & BAVARIA | messageId=<202606271427.16052484827@smtp-relay.mailin.fr> (API accepted; run audit-brevo to confirm delivery)
2026-06-27 19:57:20 [INFO   ] Sleeping for 10 seconds
2026-06-27 19:57:30 [INFO   ] PROGRESS | Send 18/50 | SENT | kanchi.a.jain@gmail.com | JAIN & BAVARIA [Chartered Accountants & Company Secretaries] | ok=15 fail=3 skip=0
2026-06-27 19:57:30 [INFO   ] PROGRESS | Send 19/50 | SENDING | nrkuralkar@yahoo.com | KURALKAR SHASTRI & COMPANY [Chartered Accountants & Company Secretaries] | ok=15 fail=3 skip=0
2026-06-27 19:57:38 [INFO   ] --------------------------------------------------------------
2026-06-27 19:57:38 [INFO   ] PROGRESS | Email content — To: nrkuralkar@yahoo.com
2026-06-27 19:57:38 [INFO   ] PROGRESS | Subject: PlacementHub pre-seed intro with KURALKAR SHASTRI & COMPANY
2026-06-27 19:57:38 [INFO   ] PROGRESS | Body:
2026-06-27 19:57:38 [INFO   ] PROGRESS |   Dear Sir/Madam,
2026-06-27 19:57:38 [INFO   ] PROGRESS |   I am reaching out to introduce PlacementHub and explore whether any of your investor, entrepreneur, or
2026-06-27 19:57:38 [INFO   ] PROGRESS |   HNI clients may be open to reviewing a strategic seed opportunity.
2026-06-27 19:57:38 [INFO   ] PROGRESS |   My name is Sandeep Jain. PlacementHub is currently in its pre-seed fundraising stage, and I am
2026-06-27 19:57:38 [INFO   ] PROGRESS |   soliciting strategic seed investment for the same. PlacementHub is a campus placement and employability
2026-06-27 19:57:38 [INFO   ] PROGRESS |   platform connecting students, colleges, and recruiters. The product is built and in early
2026-06-27 19:57:38 [INFO   ] PROGRESS |   commercialization.
2026-06-27 19:57:38 [INFO   ] PROGRESS |   For reference, the detailed business plan, including the business model and go-to-market strategies, is
2026-06-27 19:57:38 [INFO   ] PROGRESS |   available here:
2026-06-27 19:57:38 [INFO   ] PROGRESS |   PlacementHub Business Plan
2026-06-27 19:57:38 [INFO   ] PROGRESS |   For a Chartered Accountant firm, the relevance is mainly professional and strategic:
2026-06-27 19:57:38 [INFO   ] PROGRESS |   PlacementHub may require support across accounting, taxation, compliance, payroll, investor documentation, audit, and related professional services.
2026-06-27 19:57:38 [INFO   ] PROGRESS |   I would naturally be pleased to consider and prioritize firms that support PlacementHub during its early growth phase, subject to suitability and mutual agreement.
2026-06-27 19:57:38 [INFO   ] PROGRESS |   The relationship can begin with a simple review of the investment note and, where appropriate, introductions to suitable investor clients.
2026-06-27 19:57:38 [INFO   ] PROGRESS |   If the opportunity is worth a look, I would be happy to send the note and speak briefly about the round,
2026-06-27 19:57:38 [INFO   ] PROGRESS |   the platform, and the type of strategic investors we are looking for.
2026-06-27 19:57:38 [INFO   ] PROGRESS |   Please reply to this email or call me if you would like to explore it.
2026-06-27 19:57:38 [INFO   ] PROGRESS |   Warm Regards,
2026-06-27 19:57:38 [INFO   ] PROGRESS |   Sandeep Jain
2026-06-27 19:57:38 [INFO   ] PROGRESS |   Founder, PlacementHub
2026-06-27 19:57:38 [INFO   ] PROGRESS |   +91-9860090620
2026-06-27 19:57:38 [INFO   ] PROGRESS |   sandeepjain200019@gmail.com
2026-06-27 19:57:38 [INFO   ] PROGRESS |   Detailed Profile
2026-06-27 19:57:38 [INFO   ] PROGRESS |   Detailed Note on Funding Requirement
2026-06-27 19:57:38 [INFO   ] --------------------------------------------------------------
2026-06-27 19:57:38 [INFO   ] 
2026-06-27 19:57:38 [INFO   ] 
2026-06-27 19:57:38 [INFO   ] PROGRESS | Email preview — To: nrkuralkar@yahoo.com | Subject: PlacementHub pre-seed intro with KURALKAR SHASTRI & COMPANY
2026-06-27 19:57:40 [INFO   ] SENT (Brevo) -> nrkuralkar@yahoo.com (KURALKAR SHASTRI & COMPANY) | PlacementHub pre-seed intro with KURALKAR SHASTRI & COMPANY | messageId=<202606271427.49553952897@smtp-relay.mailin.fr> (API accepted; run audit-brevo to confirm delivery)
2026-06-27 19:57:40 [INFO   ] Sleeping for 10 seconds
2026-06-27 19:57:50 [INFO   ] PROGRESS | Send 19/50 | SENT | nrkuralkar@yahoo.com | KURALKAR SHASTRI & COMPANY [Chartered Accountants & Company Secretaries] | ok=16 fail=3 skip=0
2026-06-27 19:57:50 [INFO   ] PROGRESS | Send 20/50 | SENDING | soniprajal111@gmail.com | SONI PATEL & ASSOCIATES [Chartered Accountants & Company Secretaries] | ok=16 fail=3 skip=0
2026-06-27 19:58:00 [INFO   ] --------------------------------------------------------------
2026-06-27 19:58:00 [INFO   ] PROGRESS | Email content — To: soniprajal111@gmail.com
2026-06-27 19:58:00 [INFO   ] PROGRESS | Subject: PlacementHub pre-seed intro with SONI PATEL & ASSOCIATES
2026-06-27 19:58:00 [INFO   ] PROGRESS | Body:
2026-06-27 19:58:00 [INFO   ] PROGRESS |   Dear Sir/Madam,
2026-06-27 19:58:00 [INFO   ] PROGRESS |   I am reaching out to introduce PlacementHub and explore whether any of your investor, entrepreneur, or
2026-06-27 19:58:00 [INFO   ] PROGRESS |   HNI clients may be open to reviewing a strategic seed opportunity.
2026-06-27 19:58:00 [INFO   ] PROGRESS |   My name is Sandeep Jain. PlacementHub is currently in its pre-seed fundraising stage, and I am
2026-06-27 19:58:00 [INFO   ] PROGRESS |   soliciting strategic seed investment for the same. PlacementHub is a campus placement and employability
2026-06-27 19:58:00 [INFO   ] PROGRESS |   platform connecting students, colleges, and recruiters. The product is built and in early
2026-06-27 19:58:00 [INFO   ] PROGRESS |   commercialization.
2026-06-27 19:58:00 [INFO   ] PROGRESS |   For reference, the detailed business plan, including the business model and go-to-market strategies, is
2026-06-27 19:58:00 [INFO   ] PROGRESS |   available here:
2026-06-27 19:58:00 [INFO   ] PROGRESS |   PlacementHub Business Plan
2026-06-27 19:58:00 [INFO   ] PROGRESS |   For a Chartered Accountant firm, the relevance is mainly professional and strategic:
2026-06-27 19:58:00 [INFO   ] PROGRESS |   PlacementHub may require support across accounting, taxation, compliance, payroll, investor documentation, audit, and related professional services.
2026-06-27 19:58:00 [INFO   ] PROGRESS |   I would naturally be pleased to consider and prioritize firms that support PlacementHub during its early growth phase, subject to suitability and mutual agreement.
2026-06-27 19:58:00 [INFO   ] PROGRESS |   The relationship can begin with a simple review of the investment note and, where appropriate, introductions to suitable investor clients.
2026-06-27 19:58:00 [INFO   ] PROGRESS |   If the opportunity is worth a look, I would be happy to send the note and speak briefly about the round,
2026-06-27 19:58:00 [INFO   ] PROGRESS |   the platform, and the type of strategic investors we are looking for.
2026-06-27 19:58:00 [INFO   ] PROGRESS |   Please reply to this email or call me if you would like to explore it.
2026-06-27 19:58:00 [INFO   ] PROGRESS |   Warm Regards,
2026-06-27 19:58:00 [INFO   ] PROGRESS |   Sandeep Jain
2026-06-27 19:58:00 [INFO   ] PROGRESS |   Founder, PlacementHub
2026-06-27 19:58:00 [INFO   ] PROGRESS |   +91-9860090620
2026-06-27 19:58:00 [INFO   ] PROGRESS |   sandeepjain200019@gmail.com
2026-06-27 19:58:00 [INFO   ] PROGRESS |   Detailed Profile
2026-06-27 19:58:00 [INFO   ] PROGRESS |   Detailed Note on Funding Requirement
2026-06-27 19:58:00 [INFO   ] --------------------------------------------------------------
2026-06-27 19:58:00 [INFO   ] 
2026-06-27 19:58:00 [INFO   ] 
2026-06-27 19:58:00 [INFO   ] PROGRESS | Email preview — To: soniprajal111@gmail.com | Subject: PlacementHub pre-seed intro with SONI PATEL & ASSOCIATES
2026-06-27 19:58:01 [INFO   ] SENT (Brevo) -> soniprajal111@gmail.com (SONI PATEL & ASSOCIATES) | PlacementHub pre-seed intro with SONI PATEL & ASSOCIATES | messageId=<202606271428.46610821355@smtp-relay.mailin.fr> (API accepted; run audit-brevo to confirm delivery)
2026-06-27 19:58:01 [INFO   ] Sleeping for 10 seconds
2026-06-27 19:58:11 [INFO   ] PROGRESS | Send 20/50 | SENT | soniprajal111@gmail.com | SONI PATEL & ASSOCIATES [Chartered Accountants & Company Secretaries] | ok=17 fail=3 skip=0
2026-06-27 19:58:11 [INFO   ] PROGRESS | Send 21/50 | SENDING | casaket@rediffmail.com | BAGDIA & COMPANY [Chartered Accountants & Company Secretaries] | ok=17 fail=3 skip=0
2026-06-27 19:58:18 [INFO   ] --------------------------------------------------------------
2026-06-27 19:58:18 [INFO   ] PROGRESS | Email content — To: casaket@rediffmail.com
2026-06-27 19:58:18 [INFO   ] PROGRESS | Subject: PlacementHub pre-seed intro with BAGDIA & COMPANY
2026-06-27 19:58:18 [INFO   ] PROGRESS | Body:
2026-06-27 19:58:18 [INFO   ] PROGRESS |   Dear Sir/Madam,
2026-06-27 19:58:18 [INFO   ] PROGRESS |   I am reaching out to introduce PlacementHub and explore whether any of your investor, entrepreneur, or
2026-06-27 19:58:18 [INFO   ] PROGRESS |   HNI clients may be open to reviewing a strategic seed opportunity.
2026-06-27 19:58:18 [INFO   ] PROGRESS |   My name is Sandeep Jain. PlacementHub is currently in its pre-seed fundraising stage, and I am
2026-06-27 19:58:18 [INFO   ] PROGRESS |   soliciting strategic seed investment for the same. PlacementHub is a campus placement and employability
2026-06-27 19:58:18 [INFO   ] PROGRESS |   platform connecting students, colleges, and recruiters. The product is built and in early
2026-06-27 19:58:18 [INFO   ] PROGRESS |   commercialization.
2026-06-27 19:58:18 [INFO   ] PROGRESS |   For reference, the detailed business plan, including the business model and go-to-market strategies, is
2026-06-27 19:58:18 [INFO   ] PROGRESS |   available here:
2026-06-27 19:58:18 [INFO   ] PROGRESS |   PlacementHub Business Plan
2026-06-27 19:58:18 [INFO   ] PROGRESS |   For a Chartered Accountant firm, the relevance is mainly professional and strategic:
2026-06-27 19:58:18 [INFO   ] PROGRESS |   PlacementHub may require support across accounting, taxation, compliance, payroll, investor documentation, audit, and related professional services.
2026-06-27 19:58:18 [INFO   ] PROGRESS |   I would naturally be pleased to consider and prioritize firms that support PlacementHub during its early growth phase, subject to suitability and mutual agreement.
2026-06-27 19:58:18 [INFO   ] PROGRESS |   The relationship can begin with a simple review of the investment note and, where appropriate, introductions to suitable investor clients.
2026-06-27 19:58:18 [INFO   ] PROGRESS |   If the opportunity is worth a look, I would be happy to send the note and speak briefly about the round,
2026-06-27 19:58:18 [INFO   ] PROGRESS |   the platform, and the type of strategic investors we are looking for.
2026-06-27 19:58:18 [INFO   ] PROGRESS |   Please reply to this email or call me if you would like to explore it.
2026-06-27 19:58:18 [INFO   ] PROGRESS |   Warm Regards,
2026-06-27 19:58:18 [INFO   ] PROGRESS |   Sandeep Jain
2026-06-27 19:58:18 [INFO   ] PROGRESS |   Founder, PlacementHub
2026-06-27 19:58:18 [INFO   ] PROGRESS |   +91-9860090620
2026-06-27 19:58:18 [INFO   ] PROGRESS |   sandeepjain200019@gmail.com
2026-06-27 19:58:18 [INFO   ] PROGRESS |   Detailed Profile
2026-06-27 19:58:18 [INFO   ] PROGRESS |   Detailed Note on Funding Requirement
2026-06-27 19:58:18 [INFO   ] --------------------------------------------------------------
2026-06-27 19:58:18 [INFO   ] 
2026-06-27 19:58:18 [INFO   ] 
2026-06-27 19:58:18 [INFO   ] PROGRESS | Email preview — To: casaket@rediffmail.com | Subject: PlacementHub pre-seed intro with BAGDIA & COMPANY
2026-06-27 19:58:18 [INFO   ] SENT (Brevo) -> casaket@rediffmail.com (BAGDIA & COMPANY) | PlacementHub pre-seed intro with BAGDIA & COMPANY | messageId=<202606271428.46097014381@smtp-relay.mailin.fr> (API accepted; run audit-brevo to confirm delivery)
2026-06-27 19:58:18 [INFO   ] Sleeping for 10 seconds
2026-06-27 19:58:28 [INFO   ] PROGRESS | Send 21/50 | SENT | casaket@rediffmail.com | BAGDIA & COMPANY [Chartered Accountants & Company Secretaries] | ok=18 fail=3 skip=0
2026-06-27 19:58:28 [INFO   ] PROGRESS | Send 22/50 | SENDING | email.bksco@gmail.com | B K SINDHWANI & CO [Chartered Accountants & Company Secretaries] | ok=18 fail=3 skip=0
2026-06-27 19:58:30 [INFO   ] --------------------------------------------------------------
2026-06-27 19:58:30 [INFO   ] PROGRESS | Email content — To: email.bksco@gmail.com
2026-06-27 19:58:30 [INFO   ] PROGRESS | Subject: PlacementHub pre-seed intro with B K SINDHWANI & CO
2026-06-27 19:58:30 [INFO   ] PROGRESS | Body:
2026-06-27 19:58:30 [INFO   ] PROGRESS |   Dear Sir/Madam,
2026-06-27 19:58:30 [INFO   ] PROGRESS |   I am reaching out to introduce PlacementHub and explore whether any of your investor, entrepreneur, or
2026-06-27 19:58:30 [INFO   ] PROGRESS |   HNI clients may be open to reviewing a strategic seed opportunity.
2026-06-27 19:58:30 [INFO   ] PROGRESS |   My name is Sandeep Jain. PlacementHub is currently in its pre-seed fundraising stage, and I am
2026-06-27 19:58:30 [INFO   ] PROGRESS |   soliciting strategic seed investment for the same. PlacementHub is a campus placement and employability
2026-06-27 19:58:30 [INFO   ] PROGRESS |   platform connecting students, colleges, and recruiters. The product is built and in early
2026-06-27 19:58:30 [INFO   ] PROGRESS |   commercialization.
2026-06-27 19:58:30 [INFO   ] PROGRESS |   For reference, the detailed business plan, including the business model and go-to-market strategies, is
2026-06-27 19:58:30 [INFO   ] PROGRESS |   available here:
2026-06-27 19:58:30 [INFO   ] PROGRESS |   PlacementHub Business Plan
2026-06-27 19:58:30 [INFO   ] PROGRESS |   For a Chartered Accountant firm, the relevance is mainly professional and strategic:
2026-06-27 19:58:30 [INFO   ] PROGRESS |   PlacementHub may require support across accounting, taxation, compliance, payroll, investor documentation, audit, and related professional services.
2026-06-27 19:58:30 [INFO   ] PROGRESS |   I would naturally be pleased to consider and prioritize firms that support PlacementHub during its early growth phase, subject to suitability and mutual agreement.
2026-06-27 19:58:30 [INFO   ] PROGRESS |   The relationship can begin with a simple review of the investment note and, where appropriate, introductions to suitable investor clients.
2026-06-27 19:58:30 [INFO   ] PROGRESS |   If the opportunity is worth a look, I would be happy to send the note and speak briefly about the round,
2026-06-27 19:58:30 [INFO   ] PROGRESS |   the platform, and the type of strategic investors we are looking for.
2026-06-27 19:58:30 [INFO   ] PROGRESS |   Please reply to this email or call me if you would like to explore it.
2026-06-27 19:58:30 [INFO   ] PROGRESS |   Warm Regards,
2026-06-27 19:58:30 [INFO   ] PROGRESS |   Sandeep Jain
2026-06-27 19:58:30 [INFO   ] PROGRESS |   Founder, PlacementHub
2026-06-27 19:58:30 [INFO   ] PROGRESS |   +91-9860090620
2026-06-27 19:58:30 [INFO   ] PROGRESS |   sandeepjain200019@gmail.com
2026-06-27 19:58:30 [INFO   ] PROGRESS |   Detailed Profile
2026-06-27 19:58:30 [INFO   ] PROGRESS |   Detailed Note on Funding Requirement
2026-06-27 19:58:30 [INFO   ] --------------------------------------------------------------
2026-06-27 19:58:30 [INFO   ] 
2026-06-27 19:58:30 [INFO   ] 
2026-06-27 19:58:30 [INFO   ] PROGRESS | Email preview — To: email.bksco@gmail.com | Subject: PlacementHub pre-seed intro with B K SINDHWANI & CO
2026-06-27 19:58:31 [INFO   ] SENT (Brevo) -> email.bksco@gmail.com (B K SINDHWANI & CO) | PlacementHub pre-seed intro with B K SINDHWANI & CO | messageId=<202606271428.62271962084@smtp-relay.mailin.fr> (API accepted; run audit-brevo to confirm delivery)
2026-06-27 19:58:31 [INFO   ] Sleeping for 10 seconds
2026-06-27 19:58:41 [INFO   ] PROGRESS | Send 22/50 | SENT | email.bksco@gmail.com | B K SINDHWANI & CO [Chartered Accountants & Company Secretaries] | ok=19 fail=3 skip=0
2026-06-27 19:58:41 [INFO   ] PROGRESS | Send 23/50 | SENDING | nachiketdshahane@gmail.com | NACHIKET SHAHANE & CO [Chartered Accountants & Company Secretaries] | ok=19 fail=3 skip=0
2026-06-27 19:58:56 [INFO   ] --------------------------------------------------------------
2026-06-27 19:58:56 [INFO   ] PROGRESS | Email content — To: nachiketdshahane@gmail.com
2026-06-27 19:58:56 [INFO   ] PROGRESS | Subject: PlacementHub pre-seed intro with NACHIKET SHAHANE & CO
2026-06-27 19:58:56 [INFO   ] PROGRESS | Body:
2026-06-27 19:58:56 [INFO   ] PROGRESS |   Dear Sir/Madam,
2026-06-27 19:58:56 [INFO   ] PROGRESS |   I am reaching out to introduce PlacementHub and explore whether any of your investor, entrepreneur, or
2026-06-27 19:58:56 [INFO   ] PROGRESS |   HNI clients may be open to reviewing a strategic seed opportunity.
2026-06-27 19:58:56 [INFO   ] PROGRESS |   My name is Sandeep Jain. PlacementHub is currently in its pre-seed fundraising stage, and I am
2026-06-27 19:58:56 [INFO   ] PROGRESS |   soliciting strategic seed investment for the same. PlacementHub is a campus placement and employability
2026-06-27 19:58:56 [INFO   ] PROGRESS |   platform connecting students, colleges, and recruiters. The product is built and in early
2026-06-27 19:58:56 [INFO   ] PROGRESS |   commercialization.
2026-06-27 19:58:56 [INFO   ] PROGRESS |   For reference, the detailed business plan, including the business model and go-to-market strategies, is
2026-06-27 19:58:56 [INFO   ] PROGRESS |   available here:
2026-06-27 19:58:56 [INFO   ] PROGRESS |   PlacementHub Business Plan
2026-06-27 19:58:56 [INFO   ] PROGRESS |   For a Chartered Accountant firm, the relevance is mainly professional and strategic:
2026-06-27 19:58:56 [INFO   ] PROGRESS |   PlacementHub may require support across accounting, taxation, compliance, payroll, investor documentation, audit, and related professional services.
2026-06-27 19:58:56 [INFO   ] PROGRESS |   I would naturally be pleased to consider and prioritize firms that support PlacementHub during its early growth phase, subject to suitability and mutual agreement.
2026-06-27 19:58:56 [INFO   ] PROGRESS |   The relationship can begin with a simple review of the investment note and, where appropriate, introductions to suitable investor clients.
2026-06-27 19:58:56 [INFO   ] PROGRESS |   If the opportunity is worth a look, I would be happy to send the note and speak briefly about the round,
2026-06-27 19:58:56 [INFO   ] PROGRESS |   the platform, and the type of strategic investors we are looking for.
2026-06-27 19:58:56 [INFO   ] PROGRESS |   Please reply to this email or call me if you would like to explore it.
2026-06-27 19:58:56 [INFO   ] PROGRESS |   Warm Regards,
2026-06-27 19:58:56 [INFO   ] PROGRESS |   Sandeep Jain
2026-06-27 19:58:56 [INFO   ] PROGRESS |   Founder, PlacementHub
2026-06-27 19:58:56 [INFO   ] PROGRESS |   +91-9860090620
2026-06-27 19:58:56 [INFO   ] PROGRESS |   sandeepjain200019@gmail.com
2026-06-27 19:58:56 [INFO   ] PROGRESS |   Detailed Profile
2026-06-27 19:58:56 [INFO   ] PROGRESS |   Detailed Note on Funding Requirement
2026-06-27 19:58:56 [INFO   ] --------------------------------------------------------------
2026-06-27 19:58:56 [INFO   ] 
2026-06-27 19:58:56 [INFO   ] 
2026-06-27 19:58:56 [INFO   ] PROGRESS | Email preview — To: nachiketdshahane@gmail.com | Subject: PlacementHub pre-seed intro with NACHIKET SHAHANE & CO
2026-06-27 19:58:57 [INFO   ] SENT (Brevo) -> nachiketdshahane@gmail.com (NACHIKET SHAHANE & CO) | PlacementHub pre-seed intro with NACHIKET SHAHANE & CO | messageId=<202606271428.57353393364@smtp-relay.mailin.fr> (API accepted; run audit-brevo to confirm delivery)
2026-06-27 19:58:57 [INFO   ] Sleeping for 10 seconds
2026-06-27 19:59:07 [INFO   ] PROGRESS | Send 23/50 | SENT | nachiketdshahane@gmail.com | NACHIKET SHAHANE & CO [Chartered Accountants & Company Secretaries] | ok=20 fail=3 skip=0
2026-06-27 19:59:07 [INFO   ] PROGRESS | Send 24/50 | SENDING | eoffice.mhussain@gmail.com | M HUSSAIN & CO [Chartered Accountants & Company Secretaries] | ok=20 fail=3 skip=0
2026-06-27 19:59:18 [INFO   ] --------------------------------------------------------------
2026-06-27 19:59:18 [INFO   ] PROGRESS | Email content — To: eoffice.mhussain@gmail.com
2026-06-27 19:59:18 [INFO   ] PROGRESS | Subject: PlacementHub pre-seed intro with M HUSSAIN & CO
2026-06-27 19:59:18 [INFO   ] PROGRESS | Body:
2026-06-27 19:59:18 [INFO   ] PROGRESS |   Dear Sir/Madam,
2026-06-27 19:59:18 [INFO   ] PROGRESS |   I am reaching out to introduce PlacementHub and explore whether any of your investor, entrepreneur, or
2026-06-27 19:59:18 [INFO   ] PROGRESS |   HNI clients may be open to reviewing a strategic seed opportunity.
2026-06-27 19:59:18 [INFO   ] PROGRESS |   My name is Sandeep Jain. PlacementHub is currently in its pre-seed fundraising stage, and I am
2026-06-27 19:59:18 [INFO   ] PROGRESS |   soliciting strategic seed investment for the same. PlacementHub is a campus placement and employability
2026-06-27 19:59:18 [INFO   ] PROGRESS |   platform connecting students, colleges, and recruiters. The product is built and in early
2026-06-27 19:59:18 [INFO   ] PROGRESS |   commercialization.
2026-06-27 19:59:18 [INFO   ] PROGRESS |   For reference, the detailed business plan, including the business model and go-to-market strategies, is
2026-06-27 19:59:18 [INFO   ] PROGRESS |   available here:
2026-06-27 19:59:18 [INFO   ] PROGRESS |   PlacementHub Business Plan
2026-06-27 19:59:18 [INFO   ] PROGRESS |   For a Chartered Accountant firm, the relevance is mainly professional and strategic:
2026-06-27 19:59:18 [INFO   ] PROGRESS |   PlacementHub may require support across accounting, taxation, compliance, payroll, investor documentation, audit, and related professional services.
2026-06-27 19:59:18 [INFO   ] PROGRESS |   I would naturally be pleased to consider and prioritize firms that support PlacementHub during its early growth phase, subject to suitability and mutual agreement.
2026-06-27 19:59:18 [INFO   ] PROGRESS |   The relationship can begin with a simple review of the investment note and, where appropriate, introductions to suitable investor clients.
2026-06-27 19:59:18 [INFO   ] PROGRESS |   If the opportunity is worth a look, I would be happy to send the note and speak briefly about the round,
2026-06-27 19:59:18 [INFO   ] PROGRESS |   the platform, and the type of strategic investors we are looking for.
2026-06-27 19:59:18 [INFO   ] PROGRESS |   Please reply to this email or call me if you would like to explore it.
2026-06-27 19:59:18 [INFO   ] PROGRESS |   Warm Regards,
2026-06-27 19:59:18 [INFO   ] PROGRESS |   Sandeep Jain
2026-06-27 19:59:18 [INFO   ] PROGRESS |   Founder, PlacementHub
2026-06-27 19:59:18 [INFO   ] PROGRESS |   +91-9860090620
2026-06-27 19:59:18 [INFO   ] PROGRESS |   sandeepjain200019@gmail.com
2026-06-27 19:59:18 [INFO   ] PROGRESS |   Detailed Profile
2026-06-27 19:59:18 [INFO   ] PROGRESS |   Detailed Note on Funding Requirement
2026-06-27 19:59:18 [INFO   ] --------------------------------------------------------------
2026-06-27 19:59:18 [INFO   ] 
2026-06-27 19:59:18 [INFO   ] 
2026-06-27 19:59:18 [INFO   ] PROGRESS | Email preview — To: eoffice.mhussain@gmail.com | Subject: PlacementHub pre-seed intro with M HUSSAIN & CO
2026-06-27 19:59:19 [INFO   ] SENT (Brevo) -> eoffice.mhussain@gmail.com (M HUSSAIN & CO) | PlacementHub pre-seed intro with M HUSSAIN & CO | messageId=<202606271429.12184333022@smtp-relay.mailin.fr> (API accepted; run audit-brevo to confirm delivery)
2026-06-27 19:59:19 [INFO   ] Sleeping for 10 seconds
2026-06-27 19:59:29 [INFO   ] PROGRESS | Send 24/50 | SENT | eoffice.mhussain@gmail.com | M HUSSAIN & CO [Chartered Accountants & Company Secretaries] | ok=21 fail=3 skip=0
2026-06-27 19:59:29 [INFO   ] PROGRESS | Send 25/50 | SENDING | anandrdhoka@gmail.com | DHOKA BOTHRA & CO [Chartered Accountants & Company Secretaries] | ok=21 fail=3 skip=0
2026-06-27 19:59:43 [INFO   ] --------------------------------------------------------------
2026-06-27 19:59:43 [INFO   ] PROGRESS | Email content — To: anandrdhoka@gmail.com
2026-06-27 19:59:43 [INFO   ] PROGRESS | Subject: PlacementHub pre-seed intro with DHOKA BOTHRA & CO
2026-06-27 19:59:43 [INFO   ] PROGRESS | Body:
2026-06-27 19:59:43 [INFO   ] PROGRESS |   Dear Sir/Madam,
2026-06-27 19:59:43 [INFO   ] PROGRESS |   I am reaching out to introduce PlacementHub and explore whether any of your investor, entrepreneur, or
2026-06-27 19:59:43 [INFO   ] PROGRESS |   HNI clients may be open to reviewing a strategic seed opportunity.
2026-06-27 19:59:43 [INFO   ] PROGRESS |   My name is Sandeep Jain. PlacementHub is currently in its pre-seed fundraising stage, and I am
2026-06-27 19:59:43 [INFO   ] PROGRESS |   soliciting strategic seed investment for the same. PlacementHub is a campus placement and employability
2026-06-27 19:59:43 [INFO   ] PROGRESS |   platform connecting students, colleges, and recruiters. The product is built and in early
2026-06-27 19:59:43 [INFO   ] PROGRESS |   commercialization.
2026-06-27 19:59:43 [INFO   ] PROGRESS |   For reference, the detailed business plan, including the business model and go-to-market strategies, is
2026-06-27 19:59:43 [INFO   ] PROGRESS |   available here:
2026-06-27 19:59:43 [INFO   ] PROGRESS |   PlacementHub Business Plan
2026-06-27 19:59:43 [INFO   ] PROGRESS |   For a Chartered Accountant firm, the relevance is mainly professional and strategic:
2026-06-27 19:59:43 [INFO   ] PROGRESS |   PlacementHub may require support across accounting, taxation, compliance, payroll, investor documentation, audit, and related professional services.
2026-06-27 19:59:43 [INFO   ] PROGRESS |   I would naturally be pleased to consider and prioritize firms that support PlacementHub during its early growth phase, subject to suitability and mutual agreement.
2026-06-27 19:59:43 [INFO   ] PROGRESS |   The relationship can begin with a simple review of the investment note and, where appropriate, introductions to suitable investor clients.
2026-06-27 19:59:43 [INFO   ] PROGRESS |   If the opportunity is worth a look, I would be happy to send the note and speak briefly about the round,
2026-06-27 19:59:43 [INFO   ] PROGRESS |   the platform, and the type of strategic investors we are looking for.
2026-06-27 19:59:43 [INFO   ] PROGRESS |   Please reply to this email or call me if you would like to explore it.
2026-06-27 19:59:43 [INFO   ] PROGRESS |   Warm Regards,
2026-06-27 19:59:43 [INFO   ] PROGRESS |   Sandeep Jain
2026-06-27 19:59:43 [INFO   ] PROGRESS |   Founder, PlacementHub
2026-06-27 19:59:43 [INFO   ] PROGRESS |   +91-9860090620
2026-06-27 19:59:43 [INFO   ] PROGRESS |   sandeepjain200019@gmail.com
2026-06-27 19:59:43 [INFO   ] PROGRESS |   Detailed Profile
2026-06-27 19:59:43 [INFO   ] PROGRESS |   Detailed Note on Funding Requirement
2026-06-27 19:59:43 [INFO   ] --------------------------------------------------------------
2026-06-27 19:59:43 [INFO   ] 
2026-06-27 19:59:43 [INFO   ] 
2026-06-27 19:59:43 [INFO   ] PROGRESS | Email preview — To: anandrdhoka@gmail.com | Subject: PlacementHub pre-seed intro with DHOKA BOTHRA & CO
2026-06-27 19:59:44 [INFO   ] SENT (Brevo) -> anandrdhoka@gmail.com (DHOKA BOTHRA & CO) | PlacementHub pre-seed intro with DHOKA BOTHRA & CO | messageId=<202606271429.26740296712@smtp-relay.mailin.fr> (API accepted; run audit-brevo to confirm delivery)
2026-06-27 19:59:44 [INFO   ] Sleeping for 10 seconds
2026-06-27 19:59:54 [INFO   ] PROGRESS | Send 25/50 | SENT | anandrdhoka@gmail.com | DHOKA BOTHRA & CO [Chartered Accountants & Company Secretaries] | ok=22 fail=3 skip=0
2026-06-27 19:59:54 [INFO   ] PROGRESS | Send 26/50 | SENDING | caminhajkhan@gmail.com | MINHAJ KHAN & CO [Chartered Accountants & Company Secretaries] | ok=22 fail=3 skip=0
2026-06-27 20:00:03 [INFO   ] --------------------------------------------------------------
2026-06-27 20:00:03 [INFO   ] PROGRESS | Email content — To: caminhajkhan@gmail.com
2026-06-27 20:00:03 [INFO   ] PROGRESS | Subject: PlacementHub pre-seed intro with MINHAJ KHAN & CO
2026-06-27 20:00:03 [INFO   ] PROGRESS | Body:
2026-06-27 20:00:03 [INFO   ] PROGRESS |   Dear Sir/Madam,
2026-06-27 20:00:03 [INFO   ] PROGRESS |   I am reaching out to introduce PlacementHub and explore whether any of your investor, entrepreneur, or
2026-06-27 20:00:03 [INFO   ] PROGRESS |   HNI clients may be open to reviewing a strategic seed opportunity.
2026-06-27 20:00:03 [INFO   ] PROGRESS |   My name is Sandeep Jain. PlacementHub is currently in its pre-seed fundraising stage, and I am
2026-06-27 20:00:03 [INFO   ] PROGRESS |   soliciting strategic seed investment for the same. PlacementHub is a campus placement and employability
2026-06-27 20:00:03 [INFO   ] PROGRESS |   platform connecting students, colleges, and recruiters. The product is built and in early
2026-06-27 20:00:03 [INFO   ] PROGRESS |   commercialization.
2026-06-27 20:00:03 [INFO   ] PROGRESS |   For reference, the detailed business plan, including the business model and go-to-market strategies, is
2026-06-27 20:00:03 [INFO   ] PROGRESS |   available here:
2026-06-27 20:00:03 [INFO   ] PROGRESS |   PlacementHub Business Plan
2026-06-27 20:00:03 [INFO   ] PROGRESS |   For a Chartered Accountant firm, the relevance is mainly professional and strategic:
2026-06-27 20:00:03 [INFO   ] PROGRESS |   PlacementHub may require support across accounting, taxation, compliance, payroll, investor documentation, audit, and related professional services.
2026-06-27 20:00:03 [INFO   ] PROGRESS |   I would naturally be pleased to consider and prioritize firms that support PlacementHub during its early growth phase, subject to suitability and mutual agreement.
2026-06-27 20:00:03 [INFO   ] PROGRESS |   The relationship can begin with a simple review of the investment note and, where appropriate, introductions to suitable investor clients.
2026-06-27 20:00:03 [INFO   ] PROGRESS |   If the opportunity is worth a look, I would be happy to send the note and speak briefly about the round,
2026-06-27 20:00:03 [INFO   ] PROGRESS |   the platform, and the type of strategic investors we are looking for.
2026-06-27 20:00:03 [INFO   ] PROGRESS |   Please reply to this email or call me if you would like to explore it.
2026-06-27 20:00:03 [INFO   ] PROGRESS |   Warm Regards,
2026-06-27 20:00:03 [INFO   ] PROGRESS |   Sandeep Jain
2026-06-27 20:00:03 [INFO   ] PROGRESS |   Founder, PlacementHub
2026-06-27 20:00:03 [INFO   ] PROGRESS |   +91-9860090620
2026-06-27 20:00:03 [INFO   ] PROGRESS |   sandeepjain200019@gmail.com
2026-06-27 20:00:03 [INFO   ] PROGRESS |   Detailed Profile
2026-06-27 20:00:03 [INFO   ] PROGRESS |   Detailed Note on Funding Requirement
2026-06-27 20:00:03 [INFO   ] --------------------------------------------------------------
2026-06-27 20:00:03 [INFO   ] 
2026-06-27 20:00:03 [INFO   ] 
2026-06-27 20:00:03 [INFO   ] PROGRESS | Email preview — To: caminhajkhan@gmail.com | Subject: PlacementHub pre-seed intro with MINHAJ KHAN & CO
2026-06-27 20:00:04 [INFO   ] SENT (Brevo) -> caminhajkhan@gmail.com (MINHAJ KHAN & CO) | PlacementHub pre-seed intro with MINHAJ KHAN & CO | messageId=<202606271430.43007599006@smtp-relay.mailin.fr> (API accepted; run audit-brevo to confirm delivery)
2026-06-27 20:00:04 [INFO   ] Sleeping for 10 seconds
2026-06-27 20:00:14 [INFO   ] PROGRESS | Send 26/50 | SENT | caminhajkhan@gmail.com | MINHAJ KHAN & CO [Chartered Accountants & Company Secretaries] | ok=23 fail=3 skip=0
2026-06-27 20:00:14 [INFO   ] PROGRESS | Send 27/50 | SENDING | pashete98@gmail.com | PRATHMESH SHETE & ASSOCIATES [Chartered Accountants & Company Secretaries] | ok=23 fail=3 skip=0
2026-06-27 20:00:29 [INFO   ] --------------------------------------------------------------
2026-06-27 20:00:29 [INFO   ] PROGRESS | Email content — To: pashete98@gmail.com
2026-06-27 20:00:29 [INFO   ] PROGRESS | Subject: PlacementHub pre-seed intro with PRATHMESH SHETE & ASSOCIATES
2026-06-27 20:00:29 [INFO   ] PROGRESS | Body:
2026-06-27 20:00:29 [INFO   ] PROGRESS |   Dear Sir/Madam,
2026-06-27 20:00:29 [INFO   ] PROGRESS |   I am reaching out to introduce PlacementHub and explore whether any of your investor, entrepreneur, or
2026-06-27 20:00:29 [INFO   ] PROGRESS |   HNI clients may be open to reviewing a strategic seed opportunity.
2026-06-27 20:00:29 [INFO   ] PROGRESS |   My name is Sandeep Jain. PlacementHub is currently in its pre-seed fundraising stage, and I am
2026-06-27 20:00:29 [INFO   ] PROGRESS |   soliciting strategic seed investment for the same. PlacementHub is a campus placement and employability
2026-06-27 20:00:29 [INFO   ] PROGRESS |   platform connecting students, colleges, and recruiters. The product is built and in early
2026-06-27 20:00:29 [INFO   ] PROGRESS |   commercialization.
2026-06-27 20:00:29 [INFO   ] PROGRESS |   For reference, the detailed business plan, including the business model and go-to-market strategies, is
2026-06-27 20:00:29 [INFO   ] PROGRESS |   available here:
2026-06-27 20:00:29 [INFO   ] PROGRESS |   PlacementHub Business Plan
2026-06-27 20:00:29 [INFO   ] PROGRESS |   For a Chartered Accountant firm, the relevance is mainly professional and strategic:
2026-06-27 20:00:29 [INFO   ] PROGRESS |   PlacementHub may require support across accounting, taxation, compliance, payroll, investor documentation, audit, and related professional services.
2026-06-27 20:00:29 [INFO   ] PROGRESS |   I would naturally be pleased to consider and prioritize firms that support PlacementHub during its early growth phase, subject to suitability and mutual agreement.
2026-06-27 20:00:29 [INFO   ] PROGRESS |   The relationship can begin with a simple review of the investment note and, where appropriate, introductions to suitable investor clients.
2026-06-27 20:00:29 [INFO   ] PROGRESS |   If the opportunity is worth a look, I would be happy to send the note and speak briefly about the round,
2026-06-27 20:00:29 [INFO   ] PROGRESS |   the platform, and the type of strategic investors we are looking for.
2026-06-27 20:00:29 [INFO   ] PROGRESS |   Please reply to this email or call me if you would like to explore it.
2026-06-27 20:00:29 [INFO   ] PROGRESS |   Warm Regards,
2026-06-27 20:00:29 [INFO   ] PROGRESS |   Sandeep Jain
2026-06-27 20:00:29 [INFO   ] PROGRESS |   Founder, PlacementHub
2026-06-27 20:00:29 [INFO   ] PROGRESS |   +91-9860090620
2026-06-27 20:00:29 [INFO   ] PROGRESS |   sandeepjain200019@gmail.com
2026-06-27 20:00:29 [INFO   ] PROGRESS |   Detailed Profile
2026-06-27 20:00:29 [INFO   ] PROGRESS |   Detailed Note on Funding Requirement
2026-06-27 20:00:29 [INFO   ] --------------------------------------------------------------
2026-06-27 20:00:29 [INFO   ] 
2026-06-27 20:00:29 [INFO   ] 
2026-06-27 20:00:29 [INFO   ] PROGRESS | Email preview — To: pashete98@gmail.com | Subject: PlacementHub pre-seed intro with PRATHMESH SHETE & ASSOCIATES
2026-06-27 20:00:30 [INFO   ] SENT (Brevo) -> pashete98@gmail.com (PRATHMESH SHETE & ASSOCIATES) | PlacementHub pre-seed intro with PRATHMESH SHETE & ASSOCIATES | messageId=<202606271430.18712985949@smtp-relay.mailin.fr> (API accepted; run audit-brevo to confirm delivery)
2026-06-27 20:00:30 [INFO   ] Sleeping for 10 seconds
2026-06-27 20:00:40 [INFO   ] PROGRESS | Send 27/50 | SENT | pashete98@gmail.com | PRATHMESH SHETE & ASSOCIATES [Chartered Accountants & Company Secretaries] | ok=24 fail=3 skip=0
2026-06-27 20:00:40 [INFO   ] PROGRESS | Send 28/50 | SENDING | bhutadacp193@gmail.com | AJAY & AMAR ASSOCIATES [Chartered Accountants & Company Secretaries] | ok=24 fail=3 skip=0
2026-06-27 20:00:47 [INFO   ] --------------------------------------------------------------
2026-06-27 20:00:47 [INFO   ] PROGRESS | Email content — To: bhutadacp193@gmail.com
2026-06-27 20:00:47 [INFO   ] PROGRESS | Subject: PlacementHub pre-seed intro with AJAY & AMAR ASSOCIATES
2026-06-27 20:00:47 [INFO   ] PROGRESS | Body:
2026-06-27 20:00:47 [INFO   ] PROGRESS |   Dear Sir/Madam,
2026-06-27 20:00:47 [INFO   ] PROGRESS |   I am reaching out to introduce PlacementHub and explore whether any of your investor, entrepreneur, or
2026-06-27 20:00:47 [INFO   ] PROGRESS |   HNI clients may be open to reviewing a strategic seed opportunity.
2026-06-27 20:00:47 [INFO   ] PROGRESS |   My name is Sandeep Jain. PlacementHub is currently in its pre-seed fundraising stage, and I am
2026-06-27 20:00:47 [INFO   ] PROGRESS |   soliciting strategic seed investment for the same. PlacementHub is a campus placement and employability
2026-06-27 20:00:47 [INFO   ] PROGRESS |   platform connecting students, colleges, and recruiters. The product is built and in early
2026-06-27 20:00:47 [INFO   ] PROGRESS |   commercialization.
2026-06-27 20:00:47 [INFO   ] PROGRESS |   For reference, the detailed business plan, including the business model and go-to-market strategies, is
2026-06-27 20:00:47 [INFO   ] PROGRESS |   available here:
2026-06-27 20:00:47 [INFO   ] PROGRESS |   PlacementHub Business Plan
2026-06-27 20:00:47 [INFO   ] PROGRESS |   For a Chartered Accountant firm, the relevance is mainly professional and strategic:
2026-06-27 20:00:47 [INFO   ] PROGRESS |   PlacementHub may require support across accounting, taxation, compliance, payroll, investor documentation, audit, and related professional services.
2026-06-27 20:00:47 [INFO   ] PROGRESS |   I would naturally be pleased to consider and prioritize firms that support PlacementHub during its early growth phase, subject to suitability and mutual agreement.
2026-06-27 20:00:47 [INFO   ] PROGRESS |   The relationship can begin with a simple review of the investment note and, where appropriate, introductions to suitable investor clients.
2026-06-27 20:00:47 [INFO   ] PROGRESS |   If the opportunity is worth a look, I would be happy to send the note and speak briefly about the round,
2026-06-27 20:00:47 [INFO   ] PROGRESS |   the platform, and the type of strategic investors we are looking for.
2026-06-27 20:00:47 [INFO   ] PROGRESS |   Please reply to this email or call me if you would like to explore it.
2026-06-27 20:00:47 [INFO   ] PROGRESS |   Warm Regards,
2026-06-27 20:00:47 [INFO   ] PROGRESS |   Sandeep Jain
2026-06-27 20:00:47 [INFO   ] PROGRESS |   Founder, PlacementHub
2026-06-27 20:00:47 [INFO   ] PROGRESS |   +91-9860090620
2026-06-27 20:00:47 [INFO   ] PROGRESS |   sandeepjain200019@gmail.com
2026-06-27 20:00:47 [INFO   ] PROGRESS |   Detailed Profile
2026-06-27 20:00:47 [INFO   ] PROGRESS |   Detailed Note on Funding Requirement
2026-06-27 20:00:47 [INFO   ] --------------------------------------------------------------
2026-06-27 20:00:47 [INFO   ] 
2026-06-27 20:00:47 [INFO   ] 
2026-06-27 20:00:47 [INFO   ] PROGRESS | Email preview — To: bhutadacp193@gmail.com | Subject: PlacementHub pre-seed intro with AJAY & AMAR ASSOCIATES
2026-06-27 20:00:48 [INFO   ] SENT (Brevo) -> bhutadacp193@gmail.com (AJAY & AMAR ASSOCIATES) | PlacementHub pre-seed intro with AJAY & AMAR ASSOCIATES | messageId=<202606271430.12066477252@smtp-relay.mailin.fr> (API accepted; run audit-brevo to confirm delivery)
2026-06-27 20:00:48 [INFO   ] Sleeping for 10 seconds
2026-06-27 20:00:58 [INFO   ] PROGRESS | Send 28/50 | SENT | bhutadacp193@gmail.com | AJAY & AMAR ASSOCIATES [Chartered Accountants & Company Secretaries] | ok=25 fail=3 skip=0
2026-06-27 20:00:58 [INFO   ] PROGRESS | Send 29/50 | SENDING | pcsarda@hotmail.com | GUPTA SARDA & BAGDIA [Chartered Accountants & Company Secretaries] | ok=25 fail=3 skip=0
2026-06-27 20:01:13 [INFO   ] --------------------------------------------------------------
2026-06-27 20:01:13 [INFO   ] PROGRESS | Email content — To: pcsarda@hotmail.com
2026-06-27 20:01:13 [INFO   ] PROGRESS | Subject: PlacementHub pre-seed intro with GUPTA SARDA & BAGDIA
2026-06-27 20:01:13 [INFO   ] PROGRESS | Body:
2026-06-27 20:01:13 [INFO   ] PROGRESS |   Dear Sir/Madam,
2026-06-27 20:01:13 [INFO   ] PROGRESS |   I am reaching out to introduce PlacementHub and explore whether any of your investor, entrepreneur, or
2026-06-27 20:01:13 [INFO   ] PROGRESS |   HNI clients may be open to reviewing a strategic seed opportunity.
2026-06-27 20:01:13 [INFO   ] PROGRESS |   My name is Sandeep Jain. PlacementHub is currently in its pre-seed fundraising stage, and I am
2026-06-27 20:01:13 [INFO   ] PROGRESS |   soliciting strategic seed investment for the same. PlacementHub is a campus placement and employability
2026-06-27 20:01:13 [INFO   ] PROGRESS |   platform connecting students, colleges, and recruiters. The product is built and in early
2026-06-27 20:01:13 [INFO   ] PROGRESS |   commercialization.
2026-06-27 20:01:13 [INFO   ] PROGRESS |   For reference, the detailed business plan, including the business model and go-to-market strategies, is
2026-06-27 20:01:13 [INFO   ] PROGRESS |   available here:
2026-06-27 20:01:13 [INFO   ] PROGRESS |   PlacementHub Business Plan
2026-06-27 20:01:13 [INFO   ] PROGRESS |   For a Chartered Accountant firm, the relevance is mainly professional and strategic:
2026-06-27 20:01:13 [INFO   ] PROGRESS |   PlacementHub may require support across accounting, taxation, compliance, payroll, investor documentation, audit, and related professional services.
2026-06-27 20:01:13 [INFO   ] PROGRESS |   I would naturally be pleased to consider and prioritize firms that support PlacementHub during its early growth phase, subject to suitability and mutual agreement.
2026-06-27 20:01:13 [INFO   ] PROGRESS |   The relationship can begin with a simple review of the investment note and, where appropriate, introductions to suitable investor clients.
2026-06-27 20:01:13 [INFO   ] PROGRESS |   If the opportunity is worth a look, I would be happy to send the note and speak briefly about the round,
2026-06-27 20:01:13 [INFO   ] PROGRESS |   the platform, and the type of strategic investors we are looking for.
2026-06-27 20:01:13 [INFO   ] PROGRESS |   Please reply to this email or call me if you would like to explore it.
2026-06-27 20:01:13 [INFO   ] PROGRESS |   Warm Regards,
2026-06-27 20:01:13 [INFO   ] PROGRESS |   Sandeep Jain
2026-06-27 20:01:13 [INFO   ] PROGRESS |   Founder, PlacementHub
2026-06-27 20:01:13 [INFO   ] PROGRESS |   +91-9860090620
2026-06-27 20:01:13 [INFO   ] PROGRESS |   sandeepjain200019@gmail.com
2026-06-27 20:01:13 [INFO   ] PROGRESS |   Detailed Profile
2026-06-27 20:01:13 [INFO   ] PROGRESS |   Detailed Note on Funding Requirement
2026-06-27 20:01:13 [INFO   ] --------------------------------------------------------------
2026-06-27 20:01:13 [INFO   ] 
2026-06-27 20:01:13 [INFO   ] 
2026-06-27 20:01:13 [INFO   ] PROGRESS | Email preview — To: pcsarda@hotmail.com | Subject: PlacementHub pre-seed intro with GUPTA SARDA & BAGDIA
2026-06-27 20:01:14 [INFO   ] SENT (Brevo) -> pcsarda@hotmail.com (GUPTA SARDA & BAGDIA) | PlacementHub pre-seed intro with GUPTA SARDA & BAGDIA | messageId=<202606271431.72617491077@smtp-relay.mailin.fr> (API accepted; run audit-brevo to confirm delivery)
2026-06-27 20:01:14 [INFO   ] Sleeping for 10 seconds
2026-06-27 20:01:24 [INFO   ] PROGRESS | Send 29/50 | SENT | pcsarda@hotmail.com | GUPTA SARDA & BAGDIA [Chartered Accountants & Company Secretaries] | ok=26 fail=3 skip=0
2026-06-27 20:01:24 [INFO   ] PROGRESS | Send 30/50 | SENDING | camspuranik@gmail.com | MAYURI SANJAY PURANIK [Chartered Accountants & Company Secretaries] | ok=26 fail=3 skip=0
2026-06-27 20:01:26 [INFO   ] --------------------------------------------------------------
2026-06-27 20:01:26 [INFO   ] PROGRESS | Email content — To: camspuranik@gmail.com
2026-06-27 20:01:26 [INFO   ] PROGRESS | Subject: PlacementHub pre-seed intro with MAYURI SANJAY PURANIK
2026-06-27 20:01:26 [INFO   ] PROGRESS | Body:
2026-06-27 20:01:26 [INFO   ] PROGRESS |   Dear Sir/Madam,
2026-06-27 20:01:26 [INFO   ] PROGRESS |   I am reaching out to introduce PlacementHub and explore whether any of your investor, entrepreneur, or
2026-06-27 20:01:26 [INFO   ] PROGRESS |   HNI clients may be open to reviewing a strategic seed opportunity.
2026-06-27 20:01:26 [INFO   ] PROGRESS |   My name is Sandeep Jain. PlacementHub is currently in its pre-seed fundraising stage, and I am
2026-06-27 20:01:26 [INFO   ] PROGRESS |   soliciting strategic seed investment for the same. PlacementHub is a campus placement and employability
2026-06-27 20:01:26 [INFO   ] PROGRESS |   platform connecting students, colleges, and recruiters. The product is built and in early
2026-06-27 20:01:26 [INFO   ] PROGRESS |   commercialization.
2026-06-27 20:01:26 [INFO   ] PROGRESS |   For reference, the detailed business plan, including the business model and go-to-market strategies, is
2026-06-27 20:01:26 [INFO   ] PROGRESS |   available here:
2026-06-27 20:01:26 [INFO   ] PROGRESS |   PlacementHub Business Plan
2026-06-27 20:01:26 [INFO   ] PROGRESS |   For a Chartered Accountant firm, the relevance is mainly professional and strategic:
2026-06-27 20:01:26 [INFO   ] PROGRESS |   PlacementHub may require support across accounting, taxation, compliance, payroll, investor documentation, audit, and related professional services.
2026-06-27 20:01:26 [INFO   ] PROGRESS |   I would naturally be pleased to consider and prioritize firms that support PlacementHub during its early growth phase, subject to suitability and mutual agreement.
2026-06-27 20:01:26 [INFO   ] PROGRESS |   The relationship can begin with a simple review of the investment note and, where appropriate, introductions to suitable investor clients.
2026-06-27 20:01:26 [INFO   ] PROGRESS |   If the opportunity is worth a look, I would be happy to send the note and speak briefly about the round,
2026-06-27 20:01:26 [INFO   ] PROGRESS |   the platform, and the type of strategic investors we are looking for.
2026-06-27 20:01:26 [INFO   ] PROGRESS |   Please reply to this email or call me if you would like to explore it.
2026-06-27 20:01:26 [INFO   ] PROGRESS |   Warm Regards,
2026-06-27 20:01:26 [INFO   ] PROGRESS |   Sandeep Jain
2026-06-27 20:01:26 [INFO   ] PROGRESS |   Founder, PlacementHub
2026-06-27 20:01:26 [INFO   ] PROGRESS |   +91-9860090620
2026-06-27 20:01:26 [INFO   ] PROGRESS |   sandeepjain200019@gmail.com
2026-06-27 20:01:26 [INFO   ] PROGRESS |   Detailed Profile
2026-06-27 20:01:26 [INFO   ] PROGRESS |   Detailed Note on Funding Requirement
2026-06-27 20:01:26 [INFO   ] --------------------------------------------------------------
2026-06-27 20:01:26 [INFO   ] 
2026-06-27 20:01:26 [INFO   ] 
2026-06-27 20:01:26 [INFO   ] PROGRESS | Email preview — To: camspuranik@gmail.com | Subject: PlacementHub pre-seed intro with MAYURI SANJAY PURANIK
2026-06-27 20:01:27 [INFO   ] SENT (Brevo) -> camspuranik@gmail.com (MAYURI SANJAY PURANIK) | PlacementHub pre-seed intro with MAYURI SANJAY PURANIK | messageId=<202606271431.35358548678@smtp-relay.mailin.fr> (API accepted; run audit-brevo to confirm delivery)
2026-06-27 20:01:27 [INFO   ] Sleeping for 10 seconds
2026-06-27 20:01:37 [INFO   ] PROGRESS | Send 30/50 | SENT | camspuranik@gmail.com | MAYURI SANJAY PURANIK [Chartered Accountants & Company Secretaries] | ok=27 fail=3 skip=0
2026-06-27 20:01:37 [INFO   ] PROGRESS | Send 31/50 | SENDING | bdkhairnar@gmail.com | BHAUSAHEB DHANA KHAIRNAR [Chartered Accountants & Company Secretaries] | ok=27 fail=3 skip=0
2026-06-27 20:01:40 [INFO   ] --------------------------------------------------------------
2026-06-27 20:01:40 [INFO   ] PROGRESS | Email content — To: bdkhairnar@gmail.com
2026-06-27 20:01:40 [INFO   ] PROGRESS | Subject: PlacementHub pre-seed intro with BHAUSAHEB DHANA KHAIRNAR
2026-06-27 20:01:40 [INFO   ] PROGRESS | Body:
2026-06-27 20:01:40 [INFO   ] PROGRESS |   Dear Sir/Madam,
2026-06-27 20:01:40 [INFO   ] PROGRESS |   I am reaching out to introduce PlacementHub and explore whether any of your investor, entrepreneur, or
2026-06-27 20:01:40 [INFO   ] PROGRESS |   HNI clients may be open to reviewing a strategic seed opportunity.
2026-06-27 20:01:40 [INFO   ] PROGRESS |   My name is Sandeep Jain. PlacementHub is currently in its pre-seed fundraising stage, and I am
2026-06-27 20:01:40 [INFO   ] PROGRESS |   soliciting strategic seed investment for the same. PlacementHub is a campus placement and employability
2026-06-27 20:01:40 [INFO   ] PROGRESS |   platform connecting students, colleges, and recruiters. The product is built and in early
2026-06-27 20:01:40 [INFO   ] PROGRESS |   commercialization.
2026-06-27 20:01:40 [INFO   ] PROGRESS |   For reference, the detailed business plan, including the business model and go-to-market strategies, is
2026-06-27 20:01:40 [INFO   ] PROGRESS |   available here:
2026-06-27 20:01:40 [INFO   ] PROGRESS |   PlacementHub Business Plan
2026-06-27 20:01:40 [INFO   ] PROGRESS |   For a Chartered Accountant firm, the relevance is mainly professional and strategic:
2026-06-27 20:01:40 [INFO   ] PROGRESS |   PlacementHub may require support across accounting, taxation, compliance, payroll, investor documentation, audit, and related professional services.
2026-06-27 20:01:40 [INFO   ] PROGRESS |   I would naturally be pleased to consider and prioritize firms that support PlacementHub during its early growth phase, subject to suitability and mutual agreement.
2026-06-27 20:01:40 [INFO   ] PROGRESS |   The relationship can begin with a simple review of the investment note and, where appropriate, introductions to suitable investor clients.
2026-06-27 20:01:40 [INFO   ] PROGRESS |   If the opportunity is worth a look, I would be happy to send the note and speak briefly about the round,
2026-06-27 20:01:40 [INFO   ] PROGRESS |   the platform, and the type of strategic investors we are looking for.
2026-06-27 20:01:40 [INFO   ] PROGRESS |   Please reply to this email or call me if you would like to explore it.
2026-06-27 20:01:40 [INFO   ] PROGRESS |   Warm Regards,
2026-06-27 20:01:40 [INFO   ] PROGRESS |   Sandeep Jain
2026-06-27 20:01:40 [INFO   ] PROGRESS |   Founder, PlacementHub
2026-06-27 20:01:40 [INFO   ] PROGRESS |   +91-9860090620
2026-06-27 20:01:40 [INFO   ] PROGRESS |   sandeepjain200019@gmail.com
2026-06-27 20:01:40 [INFO   ] PROGRESS |   Detailed Profile
2026-06-27 20:01:40 [INFO   ] PROGRESS |   Detailed Note on Funding Requirement
2026-06-27 20:01:40 [INFO   ] --------------------------------------------------------------
2026-06-27 20:01:40 [INFO   ] 
2026-06-27 20:01:40 [INFO   ] 
2026-06-27 20:01:40 [INFO   ] PROGRESS | Email preview — To: bdkhairnar@gmail.com | Subject: PlacementHub pre-seed intro with BHAUSAHEB DHANA KHAIRNAR
2026-06-27 20:01:41 [INFO   ] SENT (Brevo) -> bdkhairnar@gmail.com (BHAUSAHEB DHANA KHAIRNAR) | PlacementHub pre-seed intro with BHAUSAHEB DHANA KHAIRNAR | messageId=<202606271431.30501809495@smtp-relay.mailin.fr> (API accepted; run audit-brevo to confirm delivery)
2026-06-27 20:01:41 [INFO   ] Sleeping for 10 seconds
2026-06-27 20:01:51 [INFO   ] PROGRESS | Send 31/50 | SENT | bdkhairnar@gmail.com | BHAUSAHEB DHANA KHAIRNAR [Chartered Accountants & Company Secretaries] | ok=28 fail=3 skip=0
2026-06-27 20:01:51 [INFO   ] PROGRESS | Send 32/50 | SENDING | satishkothule@gmail.com | SATISH GANPAT KOTHULE [Chartered Accountants & Company Secretaries] | ok=28 fail=3 skip=0
2026-06-27 20:01:52 [INFO   ] --------------------------------------------------------------
2026-06-27 20:01:52 [INFO   ] PROGRESS | Email content — To: satishkothule@gmail.com
2026-06-27 20:01:52 [INFO   ] PROGRESS | Subject: PlacementHub pre-seed intro with SATISH GANPAT KOTHULE
2026-06-27 20:01:52 [INFO   ] PROGRESS | Body:
2026-06-27 20:01:52 [INFO   ] PROGRESS |   Dear Sir/Madam,
2026-06-27 20:01:52 [INFO   ] PROGRESS |   I am reaching out to introduce PlacementHub and explore whether any of your investor, entrepreneur, or
2026-06-27 20:01:52 [INFO   ] PROGRESS |   HNI clients may be open to reviewing a strategic seed opportunity.
2026-06-27 20:01:52 [INFO   ] PROGRESS |   My name is Sandeep Jain. PlacementHub is currently in its pre-seed fundraising stage, and I am
2026-06-27 20:01:52 [INFO   ] PROGRESS |   soliciting strategic seed investment for the same. PlacementHub is a campus placement and employability
2026-06-27 20:01:52 [INFO   ] PROGRESS |   platform connecting students, colleges, and recruiters. The product is built and in early
2026-06-27 20:01:52 [INFO   ] PROGRESS |   commercialization.
2026-06-27 20:01:52 [INFO   ] PROGRESS |   For reference, the detailed business plan, including the business model and go-to-market strategies, is
2026-06-27 20:01:52 [INFO   ] PROGRESS |   available here:
2026-06-27 20:01:52 [INFO   ] PROGRESS |   PlacementHub Business Plan
2026-06-27 20:01:52 [INFO   ] PROGRESS |   For a Chartered Accountant firm, the relevance is mainly professional and strategic:
2026-06-27 20:01:52 [INFO   ] PROGRESS |   PlacementHub may require support across accounting, taxation, compliance, payroll, investor documentation, audit, and related professional services.
2026-06-27 20:01:52 [INFO   ] PROGRESS |   I would naturally be pleased to consider and prioritize firms that support PlacementHub during its early growth phase, subject to suitability and mutual agreement.
2026-06-27 20:01:52 [INFO   ] PROGRESS |   The relationship can begin with a simple review of the investment note and, where appropriate, introductions to suitable investor clients.
2026-06-27 20:01:52 [INFO   ] PROGRESS |   If the opportunity is worth a look, I would be happy to send the note and speak briefly about the round,
2026-06-27 20:01:52 [INFO   ] PROGRESS |   the platform, and the type of strategic investors we are looking for.
2026-06-27 20:01:52 [INFO   ] PROGRESS |   Please reply to this email or call me if you would like to explore it.
2026-06-27 20:01:52 [INFO   ] PROGRESS |   Warm Regards,
2026-06-27 20:01:52 [INFO   ] PROGRESS |   Sandeep Jain
2026-06-27 20:01:52 [INFO   ] PROGRESS |   Founder, PlacementHub
2026-06-27 20:01:52 [INFO   ] PROGRESS |   +91-9860090620
2026-06-27 20:01:52 [INFO   ] PROGRESS |   sandeepjain200019@gmail.com
2026-06-27 20:01:52 [INFO   ] PROGRESS |   Detailed Profile
2026-06-27 20:01:52 [INFO   ] PROGRESS |   Detailed Note on Funding Requirement
2026-06-27 20:01:52 [INFO   ] --------------------------------------------------------------
2026-06-27 20:01:52 [INFO   ] 
2026-06-27 20:01:52 [INFO   ] 
2026-06-27 20:01:52 [INFO   ] PROGRESS | Email preview — To: satishkothule@gmail.com | Subject: PlacementHub pre-seed intro with SATISH GANPAT KOTHULE
2026-06-27 20:01:53 [INFO   ] SENT (Brevo) -> satishkothule@gmail.com (SATISH GANPAT KOTHULE) | PlacementHub pre-seed intro with SATISH GANPAT KOTHULE | messageId=<202606271431.71917603834@smtp-relay.mailin.fr> (API accepted; run audit-brevo to confirm delivery)
2026-06-27 20:01:53 [INFO   ] Sleeping for 10 seconds
2026-06-27 20:02:03 [INFO   ] PROGRESS | Send 32/50 | SENT | satishkothule@gmail.com | SATISH GANPAT KOTHULE [Chartered Accountants & Company Secretaries] | ok=29 fail=3 skip=0
2026-06-27 20:02:03 [INFO   ] PROGRESS | Send 33/50 | SENDING | mihirjoshiandcompany@gmail.com | MIHIR GANESH JOSHI [Chartered Accountants & Company Secretaries] | ok=29 fail=3 skip=0
2026-06-27 20:02:08 [INFO   ] --------------------------------------------------------------
2026-06-27 20:02:08 [INFO   ] PROGRESS | Email content — To: mihirjoshiandcompany@gmail.com
2026-06-27 20:02:08 [INFO   ] PROGRESS | Subject: PlacementHub pre-seed intro with MIHIR GANESH JOSHI
2026-06-27 20:02:08 [INFO   ] PROGRESS | Body:
2026-06-27 20:02:08 [INFO   ] PROGRESS |   Dear Sir/Madam,
2026-06-27 20:02:08 [INFO   ] PROGRESS |   I am reaching out to introduce PlacementHub and explore whether any of your investor, entrepreneur, or
2026-06-27 20:02:08 [INFO   ] PROGRESS |   HNI clients may be open to reviewing a strategic seed opportunity.
2026-06-27 20:02:08 [INFO   ] PROGRESS |   My name is Sandeep Jain. PlacementHub is currently in its pre-seed fundraising stage, and I am
2026-06-27 20:02:08 [INFO   ] PROGRESS |   soliciting strategic seed investment for the same. PlacementHub is a campus placement and employability
2026-06-27 20:02:08 [INFO   ] PROGRESS |   platform connecting students, colleges, and recruiters. The product is built and in early
2026-06-27 20:02:08 [INFO   ] PROGRESS |   commercialization.
2026-06-27 20:02:08 [INFO   ] PROGRESS |   For reference, the detailed business plan, including the business model and go-to-market strategies, is
2026-06-27 20:02:08 [INFO   ] PROGRESS |   available here:
2026-06-27 20:02:08 [INFO   ] PROGRESS |   PlacementHub Business Plan
2026-06-27 20:02:08 [INFO   ] PROGRESS |   For a Chartered Accountant firm, the relevance is mainly professional and strategic:
2026-06-27 20:02:08 [INFO   ] PROGRESS |   PlacementHub may require support across accounting, taxation, compliance, payroll, investor documentation, audit, and related professional services.
2026-06-27 20:02:08 [INFO   ] PROGRESS |   I would naturally be pleased to consider and prioritize firms that support PlacementHub during its early growth phase, subject to suitability and mutual agreement.
2026-06-27 20:02:08 [INFO   ] PROGRESS |   The relationship can begin with a simple review of the investment note and, where appropriate, introductions to suitable investor clients.
2026-06-27 20:02:08 [INFO   ] PROGRESS |   If the opportunity is worth a look, I would be happy to send the note and speak briefly about the round,
2026-06-27 20:02:08 [INFO   ] PROGRESS |   the platform, and the type of strategic investors we are looking for.
2026-06-27 20:02:08 [INFO   ] PROGRESS |   Please reply to this email or call me if you would like to explore it.
2026-06-27 20:02:08 [INFO   ] PROGRESS |   Warm Regards,
2026-06-27 20:02:08 [INFO   ] PROGRESS |   Sandeep Jain
2026-06-27 20:02:08 [INFO   ] PROGRESS |   Founder, PlacementHub
2026-06-27 20:02:08 [INFO   ] PROGRESS |   +91-9860090620
2026-06-27 20:02:08 [INFO   ] PROGRESS |   sandeepjain200019@gmail.com
2026-06-27 20:02:08 [INFO   ] PROGRESS |   Detailed Profile
2026-06-27 20:02:08 [INFO   ] PROGRESS |   Detailed Note on Funding Requirement
2026-06-27 20:02:08 [INFO   ] --------------------------------------------------------------
2026-06-27 20:02:08 [INFO   ] 
2026-06-27 20:02:08 [INFO   ] 
2026-06-27 20:02:08 [INFO   ] PROGRESS | Email preview — To: mihirjoshiandcompany@gmail.com | Subject: PlacementHub pre-seed intro with MIHIR GANESH JOSHI
2026-06-27 20:02:09 [INFO   ] SENT (Brevo) -> mihirjoshiandcompany@gmail.com (MIHIR GANESH JOSHI) | PlacementHub pre-seed intro with MIHIR GANESH JOSHI | messageId=<202606271432.57530983832@smtp-relay.mailin.fr> (API accepted; run audit-brevo to confirm delivery)
2026-06-27 20:02:09 [INFO   ] Sleeping for 10 seconds
2026-06-27 20:02:19 [INFO   ] PROGRESS | Send 33/50 | SENT | mihirjoshiandcompany@gmail.com | MIHIR GANESH JOSHI [Chartered Accountants & Company Secretaries] | ok=30 fail=3 skip=0
2026-06-27 20:02:19 [INFO   ] PROGRESS | Send 34/50 | SENDING | cakalpeshbaviskar@gmail.com | KALPESH EKNATH BAVISKAR [Chartered Accountants & Company Secretaries] | ok=30 fail=3 skip=0
2026-06-27 20:02:28 [INFO   ] --------------------------------------------------------------
2026-06-27 20:02:28 [INFO   ] PROGRESS | Email content — To: cakalpeshbaviskar@gmail.com
2026-06-27 20:02:28 [INFO   ] PROGRESS | Subject: PlacementHub pre-seed intro with KALPESH EKNATH BAVISKAR
2026-06-27 20:02:28 [INFO   ] PROGRESS | Body:
2026-06-27 20:02:28 [INFO   ] PROGRESS |   Dear Sir/Madam,
2026-06-27 20:02:28 [INFO   ] PROGRESS |   I am reaching out to introduce PlacementHub and explore whether any of your investor, entrepreneur, or
2026-06-27 20:02:28 [INFO   ] PROGRESS |   HNI clients may be open to reviewing a strategic seed opportunity.
2026-06-27 20:02:28 [INFO   ] PROGRESS |   My name is Sandeep Jain. PlacementHub is currently in its pre-seed fundraising stage, and I am
2026-06-27 20:02:28 [INFO   ] PROGRESS |   soliciting strategic seed investment for the same. PlacementHub is a campus placement and employability
2026-06-27 20:02:28 [INFO   ] PROGRESS |   platform connecting students, colleges, and recruiters. The product is built and in early
2026-06-27 20:02:28 [INFO   ] PROGRESS |   commercialization.
2026-06-27 20:02:28 [INFO   ] PROGRESS |   For reference, the detailed business plan, including the business model and go-to-market strategies, is
2026-06-27 20:02:28 [INFO   ] PROGRESS |   available here:
2026-06-27 20:02:28 [INFO   ] PROGRESS |   PlacementHub Business Plan
2026-06-27 20:02:28 [INFO   ] PROGRESS |   For a Chartered Accountant firm, the relevance is mainly professional and strategic:
2026-06-27 20:02:28 [INFO   ] PROGRESS |   PlacementHub may require support across accounting, taxation, compliance, payroll, investor documentation, audit, and related professional services.
2026-06-27 20:02:28 [INFO   ] PROGRESS |   I would naturally be pleased to consider and prioritize firms that support PlacementHub during its early growth phase, subject to suitability and mutual agreement.
2026-06-27 20:02:28 [INFO   ] PROGRESS |   The relationship can begin with a simple review of the investment note and, where appropriate, introductions to suitable investor clients.
2026-06-27 20:02:28 [INFO   ] PROGRESS |   If the opportunity is worth a look, I would be happy to send the note and speak briefly about the round,
2026-06-27 20:02:28 [INFO   ] PROGRESS |   the platform, and the type of strategic investors we are looking for.
2026-06-27 20:02:28 [INFO   ] PROGRESS |   Please reply to this email or call me if you would like to explore it.
2026-06-27 20:02:28 [INFO   ] PROGRESS |   Warm Regards,
2026-06-27 20:02:28 [INFO   ] PROGRESS |   Sandeep Jain
2026-06-27 20:02:28 [INFO   ] PROGRESS |   Founder, PlacementHub
2026-06-27 20:02:28 [INFO   ] PROGRESS |   +91-9860090620
2026-06-27 20:02:28 [INFO   ] PROGRESS |   sandeepjain200019@gmail.com
2026-06-27 20:02:28 [INFO   ] PROGRESS |   Detailed Profile
2026-06-27 20:02:28 [INFO   ] PROGRESS |   Detailed Note on Funding Requirement
2026-06-27 20:02:28 [INFO   ] --------------------------------------------------------------
2026-06-27 20:02:28 [INFO   ] 
2026-06-27 20:02:28 [INFO   ] 
2026-06-27 20:02:28 [INFO   ] PROGRESS | Email preview — To: cakalpeshbaviskar@gmail.com | Subject: PlacementHub pre-seed intro with KALPESH EKNATH BAVISKAR
2026-06-27 20:02:29 [INFO   ] SENT (Brevo) -> cakalpeshbaviskar@gmail.com (KALPESH EKNATH BAVISKAR) | PlacementHub pre-seed intro with KALPESH EKNATH BAVISKAR | messageId=<202606271432.97533051294@smtp-relay.mailin.fr> (API accepted; run audit-brevo to confirm delivery)
2026-06-27 20:02:29 [INFO   ] Sleeping for 10 seconds
2026-06-27 20:02:39 [INFO   ] PROGRESS | Send 34/50 | SENT | cakalpeshbaviskar@gmail.com | KALPESH EKNATH BAVISKAR [Chartered Accountants & Company Secretaries] | ok=31 fail=3 skip=0
2026-06-27 20:02:39 [INFO   ] PROGRESS | Send 35/50 | SENDING | sachinshirsat@yahoo.com | SACHIN DILIP SHIRSAT [Chartered Accountants & Company Secretaries] | ok=31 fail=3 skip=0
2026-06-27 20:02:44 [INFO   ] --------------------------------------------------------------
2026-06-27 20:02:44 [INFO   ] PROGRESS | Email content — To: sachinshirsat@yahoo.com
2026-06-27 20:02:44 [INFO   ] PROGRESS | Subject: PlacementHub pre-seed intro with SACHIN DILIP SHIRSAT
2026-06-27 20:02:44 [INFO   ] PROGRESS | Body:
2026-06-27 20:02:44 [INFO   ] PROGRESS |   Dear Sir/Madam,
2026-06-27 20:02:44 [INFO   ] PROGRESS |   I am reaching out to introduce PlacementHub and explore whether any of your investor, entrepreneur, or
2026-06-27 20:02:44 [INFO   ] PROGRESS |   HNI clients may be open to reviewing a strategic seed opportunity.
2026-06-27 20:02:44 [INFO   ] PROGRESS |   My name is Sandeep Jain. PlacementHub is currently in its pre-seed fundraising stage, and I am
2026-06-27 20:02:44 [INFO   ] PROGRESS |   soliciting strategic seed investment for the same. PlacementHub is a campus placement and employability
2026-06-27 20:02:44 [INFO   ] PROGRESS |   platform connecting students, colleges, and recruiters. The product is built and in early
2026-06-27 20:02:44 [INFO   ] PROGRESS |   commercialization.
2026-06-27 20:02:44 [INFO   ] PROGRESS |   For reference, the detailed business plan, including the business model and go-to-market strategies, is
2026-06-27 20:02:44 [INFO   ] PROGRESS |   available here:
2026-06-27 20:02:44 [INFO   ] PROGRESS |   PlacementHub Business Plan
2026-06-27 20:02:44 [INFO   ] PROGRESS |   For a Chartered Accountant firm, the relevance is mainly professional and strategic:
2026-06-27 20:02:44 [INFO   ] PROGRESS |   PlacementHub may require support across accounting, taxation, compliance, payroll, investor documentation, audit, and related professional services.
2026-06-27 20:02:44 [INFO   ] PROGRESS |   I would naturally be pleased to consider and prioritize firms that support PlacementHub during its early growth phase, subject to suitability and mutual agreement.
2026-06-27 20:02:44 [INFO   ] PROGRESS |   The relationship can begin with a simple review of the investment note and, where appropriate, introductions to suitable investor clients.
2026-06-27 20:02:44 [INFO   ] PROGRESS |   If the opportunity is worth a look, I would be happy to send the note and speak briefly about the round,
2026-06-27 20:02:44 [INFO   ] PROGRESS |   the platform, and the type of strategic investors we are looking for.
2026-06-27 20:02:44 [INFO   ] PROGRESS |   Please reply to this email or call me if you would like to explore it.
2026-06-27 20:02:44 [INFO   ] PROGRESS |   Warm Regards,
2026-06-27 20:02:44 [INFO   ] PROGRESS |   Sandeep Jain
2026-06-27 20:02:44 [INFO   ] PROGRESS |   Founder, PlacementHub
2026-06-27 20:02:44 [INFO   ] PROGRESS |   +91-9860090620
2026-06-27 20:02:44 [INFO   ] PROGRESS |   sandeepjain200019@gmail.com
2026-06-27 20:02:44 [INFO   ] PROGRESS |   Detailed Profile
2026-06-27 20:02:44 [INFO   ] PROGRESS |   Detailed Note on Funding Requirement
2026-06-27 20:02:44 [INFO   ] --------------------------------------------------------------
2026-06-27 20:02:44 [INFO   ] 
2026-06-27 20:02:44 [INFO   ] 
2026-06-27 20:02:44 [INFO   ] PROGRESS | Email preview — To: sachinshirsat@yahoo.com | Subject: PlacementHub pre-seed intro with SACHIN DILIP SHIRSAT
2026-06-27 20:02:45 [INFO   ] SENT (Brevo) -> sachinshirsat@yahoo.com (SACHIN DILIP SHIRSAT) | PlacementHub pre-seed intro with SACHIN DILIP SHIRSAT | messageId=<202606271432.30868747071@smtp-relay.mailin.fr> (API accepted; run audit-brevo to confirm delivery)
2026-06-27 20:02:45 [INFO   ] Sleeping for 10 seconds
2026-06-27 20:02:55 [INFO   ] PROGRESS | Send 35/50 | SENT | sachinshirsat@yahoo.com | SACHIN DILIP SHIRSAT [Chartered Accountants & Company Secretaries] | ok=32 fail=3 skip=0
2026-06-27 20:02:55 [INFO   ] PROGRESS | Send 36/50 | SENDING | jayeshdesale@yahoo.co.in | JAYESH SUBHASH DESALE [Chartered Accountants & Company Secretaries] | ok=32 fail=3 skip=0
2026-06-27 20:03:22 [INFO   ] --------------------------------------------------------------
2026-06-27 20:03:22 [INFO   ] PROGRESS | Email content — To: jayeshdesale@yahoo.co.in
2026-06-27 20:03:22 [INFO   ] PROGRESS | Subject: PlacementHub pre-seed intro with JAYESH SUBHASH DESALE
2026-06-27 20:03:22 [INFO   ] PROGRESS | Body:
2026-06-27 20:03:22 [INFO   ] PROGRESS |   Dear Sir/Madam,
2026-06-27 20:03:22 [INFO   ] PROGRESS |   I am reaching out to introduce PlacementHub and explore whether any of your investor, entrepreneur, or
2026-06-27 20:03:22 [INFO   ] PROGRESS |   HNI clients may be open to reviewing a strategic seed opportunity.
2026-06-27 20:03:22 [INFO   ] PROGRESS |   My name is Sandeep Jain. PlacementHub is currently in its pre-seed fundraising stage, and I am
2026-06-27 20:03:22 [INFO   ] PROGRESS |   soliciting strategic seed investment for the same. PlacementHub is a campus placement and employability
2026-06-27 20:03:22 [INFO   ] PROGRESS |   platform connecting students, colleges, and recruiters. The product is built and in early
2026-06-27 20:03:22 [INFO   ] PROGRESS |   commercialization.
2026-06-27 20:03:22 [INFO   ] PROGRESS |   For reference, the detailed business plan, including the business model and go-to-market strategies, is
2026-06-27 20:03:22 [INFO   ] PROGRESS |   available here:
2026-06-27 20:03:22 [INFO   ] PROGRESS |   PlacementHub Business Plan
2026-06-27 20:03:22 [INFO   ] PROGRESS |   For a Chartered Accountant firm, the relevance is mainly professional and strategic:
2026-06-27 20:03:22 [INFO   ] PROGRESS |   PlacementHub may require support across accounting, taxation, compliance, payroll, investor documentation, audit, and related professional services.
2026-06-27 20:03:22 [INFO   ] PROGRESS |   I would naturally be pleased to consider and prioritize firms that support PlacementHub during its early growth phase, subject to suitability and mutual agreement.
2026-06-27 20:03:22 [INFO   ] PROGRESS |   The relationship can begin with a simple review of the investment note and, where appropriate, introductions to suitable investor clients.
2026-06-27 20:03:22 [INFO   ] PROGRESS |   If the opportunity is worth a look, I would be happy to send the note and speak briefly about the round,
2026-06-27 20:03:22 [INFO   ] PROGRESS |   the platform, and the type of strategic investors we are looking for.
2026-06-27 20:03:22 [INFO   ] PROGRESS |   Please reply to this email or call me if you would like to explore it.
2026-06-27 20:03:22 [INFO   ] PROGRESS |   Warm Regards,
2026-06-27 20:03:22 [INFO   ] PROGRESS |   Sandeep Jain
2026-06-27 20:03:22 [INFO   ] PROGRESS |   Founder, PlacementHub
2026-06-27 20:03:22 [INFO   ] PROGRESS |   +91-9860090620
2026-06-27 20:03:22 [INFO   ] PROGRESS |   sandeepjain200019@gmail.com
2026-06-27 20:03:22 [INFO   ] PROGRESS |   Detailed Profile
2026-06-27 20:03:22 [INFO   ] PROGRESS |   Detailed Note on Funding Requirement
2026-06-27 20:03:22 [INFO   ] --------------------------------------------------------------
2026-06-27 20:03:22 [INFO   ] 
2026-06-27 20:03:22 [INFO   ] 
2026-06-27 20:03:22 [INFO   ] PROGRESS | Email preview — To: jayeshdesale@yahoo.co.in | Subject: PlacementHub pre-seed intro with JAYESH SUBHASH DESALE
2026-06-27 20:03:23 [INFO   ] SENT (Brevo) -> jayeshdesale@yahoo.co.in (JAYESH SUBHASH DESALE) | PlacementHub pre-seed intro with JAYESH SUBHASH DESALE | messageId=<202606271433.34265419366@smtp-relay.mailin.fr> (API accepted; run audit-brevo to confirm delivery)
2026-06-27 20:03:23 [INFO   ] Sleeping for 10 seconds
2026-06-27 20:03:33 [INFO   ] PROGRESS | Send 36/50 | SENT | jayeshdesale@yahoo.co.in | JAYESH SUBHASH DESALE [Chartered Accountants & Company Secretaries] | ok=33 fail=3 skip=0
2026-06-27 20:03:33 [INFO   ] PROGRESS | Send 37/50 | SENDING | prashantbchhoriya@gmail.com | PRASHANT BHAVARILAL CHHORIYA [Chartered Accountants & Company Secretaries] | ok=33 fail=3 skip=0
2026-06-27 20:03:39 [INFO   ] --------------------------------------------------------------
2026-06-27 20:03:39 [INFO   ] PROGRESS | Email content — To: prashantbchhoriya@gmail.com
2026-06-27 20:03:39 [INFO   ] PROGRESS | Subject: PlacementHub pre-seed intro with PRASHANT BHAVARILAL CHHORIYA
2026-06-27 20:03:39 [INFO   ] PROGRESS | Body:
2026-06-27 20:03:39 [INFO   ] PROGRESS |   Dear Sir/Madam,
2026-06-27 20:03:39 [INFO   ] PROGRESS |   I am reaching out to introduce PlacementHub and explore whether any of your investor, entrepreneur, or
2026-06-27 20:03:39 [INFO   ] PROGRESS |   HNI clients may be open to reviewing a strategic seed opportunity.
2026-06-27 20:03:39 [INFO   ] PROGRESS |   My name is Sandeep Jain. PlacementHub is currently in its pre-seed fundraising stage, and I am
2026-06-27 20:03:39 [INFO   ] PROGRESS |   soliciting strategic seed investment for the same. PlacementHub is a campus placement and employability
2026-06-27 20:03:39 [INFO   ] PROGRESS |   platform connecting students, colleges, and recruiters. The product is built and in early
2026-06-27 20:03:39 [INFO   ] PROGRESS |   commercialization.
2026-06-27 20:03:39 [INFO   ] PROGRESS |   For reference, the detailed business plan, including the business model and go-to-market strategies, is
2026-06-27 20:03:39 [INFO   ] PROGRESS |   available here:
2026-06-27 20:03:39 [INFO   ] PROGRESS |   PlacementHub Business Plan
2026-06-27 20:03:39 [INFO   ] PROGRESS |   For a Chartered Accountant firm, the relevance is mainly professional and strategic:
2026-06-27 20:03:39 [INFO   ] PROGRESS |   PlacementHub may require support across accounting, taxation, compliance, payroll, investor documentation, audit, and related professional services.
2026-06-27 20:03:39 [INFO   ] PROGRESS |   I would naturally be pleased to consider and prioritize firms that support PlacementHub during its early growth phase, subject to suitability and mutual agreement.
2026-06-27 20:03:39 [INFO   ] PROGRESS |   The relationship can begin with a simple review of the investment note and, where appropriate, introductions to suitable investor clients.
2026-06-27 20:03:39 [INFO   ] PROGRESS |   If the opportunity is worth a look, I would be happy to send the note and speak briefly about the round,
2026-06-27 20:03:39 [INFO   ] PROGRESS |   the platform, and the type of strategic investors we are looking for.
2026-06-27 20:03:39 [INFO   ] PROGRESS |   Please reply to this email or call me if you would like to explore it.
2026-06-27 20:03:39 [INFO   ] PROGRESS |   Warm Regards,
2026-06-27 20:03:39 [INFO   ] PROGRESS |   Sandeep Jain
2026-06-27 20:03:39 [INFO   ] PROGRESS |   Founder, PlacementHub
2026-06-27 20:03:39 [INFO   ] PROGRESS |   +91-9860090620
2026-06-27 20:03:39 [INFO   ] PROGRESS |   sandeepjain200019@gmail.com
2026-06-27 20:03:39 [INFO   ] PROGRESS |   Detailed Profile
2026-06-27 20:03:39 [INFO   ] PROGRESS |   Detailed Note on Funding Requirement
2026-06-27 20:03:39 [INFO   ] --------------------------------------------------------------
2026-06-27 20:03:39 [INFO   ] 
2026-06-27 20:03:39 [INFO   ] 
2026-06-27 20:03:39 [INFO   ] PROGRESS | Email preview — To: prashantbchhoriya@gmail.com | Subject: PlacementHub pre-seed intro with PRASHANT BHAVARILAL CHHORIYA
2026-06-27 20:03:40 [INFO   ] SENT (Brevo) -> prashantbchhoriya@gmail.com (PRASHANT BHAVARILAL CHHORIYA) | PlacementHub pre-seed intro with PRASHANT BHAVARILAL CHHORIYA | messageId=<202606271433.89059824640@smtp-relay.mailin.fr> (API accepted; run audit-brevo to confirm delivery)
2026-06-27 20:03:40 [INFO   ] Sleeping for 10 seconds
2026-06-27 20:03:50 [INFO   ] PROGRESS | Send 37/50 | SENT | prashantbchhoriya@gmail.com | PRASHANT BHAVARILAL CHHORIYA [Chartered Accountants & Company Secretaries] | ok=34 fail=3 skip=0
2026-06-27 20:03:50 [INFO   ] PROGRESS | Send 38/50 | SENDING | sanjay_1430@yahoo.co.in | SANJAY SHANTILAL LODHA [Chartered Accountants & Company Secretaries] | ok=34 fail=3 skip=0
2026-06-27 20:03:57 [INFO   ] --------------------------------------------------------------
2026-06-27 20:03:57 [INFO   ] PROGRESS | Email content — To: sanjay_1430@yahoo.co.in
2026-06-27 20:03:57 [INFO   ] PROGRESS | Subject: PlacementHub pre-seed intro with SANJAY SHANTILAL LODHA
2026-06-27 20:03:57 [INFO   ] PROGRESS | Body:
2026-06-27 20:03:57 [INFO   ] PROGRESS |   Dear Sir/Madam,
2026-06-27 20:03:57 [INFO   ] PROGRESS |   I am reaching out to introduce PlacementHub and explore whether any of your investor, entrepreneur, or
2026-06-27 20:03:57 [INFO   ] PROGRESS |   HNI clients may be open to reviewing a strategic seed opportunity.
2026-06-27 20:03:57 [INFO   ] PROGRESS |   My name is Sandeep Jain. PlacementHub is currently in its pre-seed fundraising stage, and I am
2026-06-27 20:03:57 [INFO   ] PROGRESS |   soliciting strategic seed investment for the same. PlacementHub is a campus placement and employability
2026-06-27 20:03:57 [INFO   ] PROGRESS |   platform connecting students, colleges, and recruiters. The product is built and in early
2026-06-27 20:03:57 [INFO   ] PROGRESS |   commercialization.
2026-06-27 20:03:57 [INFO   ] PROGRESS |   For reference, the detailed business plan, including the business model and go-to-market strategies, is
2026-06-27 20:03:57 [INFO   ] PROGRESS |   available here:
2026-06-27 20:03:57 [INFO   ] PROGRESS |   PlacementHub Business Plan
2026-06-27 20:03:57 [INFO   ] PROGRESS |   For a Chartered Accountant firm, the relevance is mainly professional and strategic:
2026-06-27 20:03:57 [INFO   ] PROGRESS |   PlacementHub may require support across accounting, taxation, compliance, payroll, investor documentation, audit, and related professional services.
2026-06-27 20:03:57 [INFO   ] PROGRESS |   I would naturally be pleased to consider and prioritize firms that support PlacementHub during its early growth phase, subject to suitability and mutual agreement.
2026-06-27 20:03:57 [INFO   ] PROGRESS |   The relationship can begin with a simple review of the investment note and, where appropriate, introductions to suitable investor clients.
2026-06-27 20:03:57 [INFO   ] PROGRESS |   If the opportunity is worth a look, I would be happy to send the note and speak briefly about the round,
2026-06-27 20:03:57 [INFO   ] PROGRESS |   the platform, and the type of strategic investors we are looking for.
2026-06-27 20:03:57 [INFO   ] PROGRESS |   Please reply to this email or call me if you would like to explore it.
2026-06-27 20:03:57 [INFO   ] PROGRESS |   Warm Regards,
2026-06-27 20:03:57 [INFO   ] PROGRESS |   Sandeep Jain
2026-06-27 20:03:57 [INFO   ] PROGRESS |   Founder, PlacementHub
2026-06-27 20:03:57 [INFO   ] PROGRESS |   +91-9860090620
2026-06-27 20:03:57 [INFO   ] PROGRESS |   sandeepjain200019@gmail.com
2026-06-27 20:03:57 [INFO   ] PROGRESS |   Detailed Profile
2026-06-27 20:03:57 [INFO   ] PROGRESS |   Detailed Note on Funding Requirement
2026-06-27 20:03:57 [INFO   ] --------------------------------------------------------------
2026-06-27 20:03:57 [INFO   ] 
2026-06-27 20:03:57 [INFO   ] 
2026-06-27 20:03:57 [INFO   ] PROGRESS | Email preview — To: sanjay_1430@yahoo.co.in | Subject: PlacementHub pre-seed intro with SANJAY SHANTILAL LODHA
2026-06-27 20:03:58 [INFO   ] SENT (Brevo) -> sanjay_1430@yahoo.co.in (SANJAY SHANTILAL LODHA) | PlacementHub pre-seed intro with SANJAY SHANTILAL LODHA | messageId=<202606271433.58615572788@smtp-relay.mailin.fr> (API accepted; run audit-brevo to confirm delivery)
2026-06-27 20:03:58 [INFO   ] Sleeping for 10 seconds
2026-06-27 20:04:08 [INFO   ] PROGRESS | Send 38/50 | SENT | sanjay_1430@yahoo.co.in | SANJAY SHANTILAL LODHA [Chartered Accountants & Company Secretaries] | ok=35 fail=3 skip=0
2026-06-27 20:04:08 [INFO   ] PROGRESS | Send 39/50 | SENDING | ca.shahmansi20@gmail.com | MANSI PARESH SHAH [Chartered Accountants & Company Secretaries] | ok=35 fail=3 skip=0
2026-06-27 20:04:10 [INFO   ] --------------------------------------------------------------
2026-06-27 20:04:10 [INFO   ] PROGRESS | Email content — To: ca.shahmansi20@gmail.com
2026-06-27 20:04:10 [INFO   ] PROGRESS | Subject: PlacementHub pre-seed intro with MANSI PARESH SHAH
2026-06-27 20:04:10 [INFO   ] PROGRESS | Body:
2026-06-27 20:04:10 [INFO   ] PROGRESS |   Dear Sir/Madam,
2026-06-27 20:04:10 [INFO   ] PROGRESS |   I am reaching out to introduce PlacementHub and explore whether any of your investor, entrepreneur, or
2026-06-27 20:04:10 [INFO   ] PROGRESS |   HNI clients may be open to reviewing a strategic seed opportunity.
2026-06-27 20:04:10 [INFO   ] PROGRESS |   My name is Sandeep Jain. PlacementHub is currently in its pre-seed fundraising stage, and I am
2026-06-27 20:04:10 [INFO   ] PROGRESS |   soliciting strategic seed investment for the same. PlacementHub is a campus placement and employability
2026-06-27 20:04:10 [INFO   ] PROGRESS |   platform connecting students, colleges, and recruiters. The product is built and in early
2026-06-27 20:04:10 [INFO   ] PROGRESS |   commercialization.
2026-06-27 20:04:10 [INFO   ] PROGRESS |   For reference, the detailed business plan, including the business model and go-to-market strategies, is
2026-06-27 20:04:10 [INFO   ] PROGRESS |   available here:
2026-06-27 20:04:10 [INFO   ] PROGRESS |   PlacementHub Business Plan
2026-06-27 20:04:10 [INFO   ] PROGRESS |   For a Chartered Accountant firm, the relevance is mainly professional and strategic:
2026-06-27 20:04:10 [INFO   ] PROGRESS |   PlacementHub may require support across accounting, taxation, compliance, payroll, investor documentation, audit, and related professional services.
2026-06-27 20:04:10 [INFO   ] PROGRESS |   I would naturally be pleased to consider and prioritize firms that support PlacementHub during its early growth phase, subject to suitability and mutual agreement.
2026-06-27 20:04:10 [INFO   ] PROGRESS |   The relationship can begin with a simple review of the investment note and, where appropriate, introductions to suitable investor clients.
2026-06-27 20:04:10 [INFO   ] PROGRESS |   If the opportunity is worth a look, I would be happy to send the note and speak briefly about the round,
2026-06-27 20:04:10 [INFO   ] PROGRESS |   the platform, and the type of strategic investors we are looking for.
2026-06-27 20:04:10 [INFO   ] PROGRESS |   Please reply to this email or call me if you would like to explore it.
2026-06-27 20:04:10 [INFO   ] PROGRESS |   Warm Regards,
2026-06-27 20:04:10 [INFO   ] PROGRESS |   Sandeep Jain
2026-06-27 20:04:10 [INFO   ] PROGRESS |   Founder, PlacementHub
2026-06-27 20:04:10 [INFO   ] PROGRESS |   +91-9860090620
2026-06-27 20:04:10 [INFO   ] PROGRESS |   sandeepjain200019@gmail.com
2026-06-27 20:04:10 [INFO   ] PROGRESS |   Detailed Profile
2026-06-27 20:04:10 [INFO   ] PROGRESS |   Detailed Note on Funding Requirement
2026-06-27 20:04:10 [INFO   ] --------------------------------------------------------------
2026-06-27 20:04:10 [INFO   ] 
2026-06-27 20:04:10 [INFO   ] 
2026-06-27 20:04:10 [INFO   ] PROGRESS | Email preview — To: ca.shahmansi20@gmail.com | Subject: PlacementHub pre-seed intro with MANSI PARESH SHAH
2026-06-27 20:04:11 [INFO   ] SENT (Brevo) -> ca.shahmansi20@gmail.com (MANSI PARESH SHAH) | PlacementHub pre-seed intro with MANSI PARESH SHAH | messageId=<202606271434.44155633098@smtp-relay.mailin.fr> (API accepted; run audit-brevo to confirm delivery)
2026-06-27 20:04:11 [INFO   ] Sleeping for 10 seconds
2026-06-27 20:04:21 [INFO   ] PROGRESS | Send 39/50 | SENT | ca.shahmansi20@gmail.com | MANSI PARESH SHAH [Chartered Accountants & Company Secretaries] | ok=36 fail=3 skip=0
2026-06-27 20:04:21 [INFO   ] PROGRESS | Send 40/50 | SENDING | prtham856@gmail.com | PRATHAMESH MOHAN PHATAK [Chartered Accountants & Company Secretaries] | ok=36 fail=3 skip=0
2026-06-27 20:04:21 [WARNING] NVIDIA call failed (attempt 1/5): HTTP Error 403: Forbidden — rotating key.
2026-06-27 20:04:27 [INFO   ] --------------------------------------------------------------
2026-06-27 20:04:27 [INFO   ] PROGRESS | Email content — To: prtham856@gmail.com
2026-06-27 20:04:27 [INFO   ] PROGRESS | Subject: PlacementHub pre-seed intro with PRATHAMESH MOHAN PHATAK
2026-06-27 20:04:27 [INFO   ] PROGRESS | Body:
2026-06-27 20:04:27 [INFO   ] PROGRESS |   Dear Sir/Madam,
2026-06-27 20:04:27 [INFO   ] PROGRESS |   I am reaching out to introduce PlacementHub and explore whether any of your investor, entrepreneur, or
2026-06-27 20:04:27 [INFO   ] PROGRESS |   HNI clients may be open to reviewing a strategic seed opportunity.
2026-06-27 20:04:27 [INFO   ] PROGRESS |   My name is Sandeep Jain. PlacementHub is currently in its pre-seed fundraising stage, and I am
2026-06-27 20:04:27 [INFO   ] PROGRESS |   soliciting strategic seed investment for the same. PlacementHub is a campus placement and employability
2026-06-27 20:04:27 [INFO   ] PROGRESS |   platform connecting students, colleges, and recruiters. The product is built and in early
2026-06-27 20:04:27 [INFO   ] PROGRESS |   commercialization.
2026-06-27 20:04:27 [INFO   ] PROGRESS |   For reference, the detailed business plan, including the business model and go-to-market strategies, is
2026-06-27 20:04:27 [INFO   ] PROGRESS |   available here:
2026-06-27 20:04:27 [INFO   ] PROGRESS |   PlacementHub Business Plan
2026-06-27 20:04:27 [INFO   ] PROGRESS |   For a Chartered Accountant firm, the relevance is mainly professional and strategic:
2026-06-27 20:04:27 [INFO   ] PROGRESS |   PlacementHub may require support across accounting, taxation, compliance, payroll, investor documentation, audit, and related professional services.
2026-06-27 20:04:27 [INFO   ] PROGRESS |   I would naturally be pleased to consider and prioritize firms that support PlacementHub during its early growth phase, subject to suitability and mutual agreement.
2026-06-27 20:04:27 [INFO   ] PROGRESS |   The relationship can begin with a simple review of the investment note and, where appropriate, introductions to suitable investor clients.
2026-06-27 20:04:27 [INFO   ] PROGRESS |   If the opportunity is worth a look, I would be happy to send the note and speak briefly about the round,
2026-06-27 20:04:27 [INFO   ] PROGRESS |   the platform, and the type of strategic investors we are looking for.
2026-06-27 20:04:27 [INFO   ] PROGRESS |   Please reply to this email or call me if you would like to explore it.
2026-06-27 20:04:27 [INFO   ] PROGRESS |   Warm Regards,
2026-06-27 20:04:27 [INFO   ] PROGRESS |   Sandeep Jain
2026-06-27 20:04:27 [INFO   ] PROGRESS |   Founder, PlacementHub
2026-06-27 20:04:27 [INFO   ] PROGRESS |   +91-9860090620
2026-06-27 20:04:27 [INFO   ] PROGRESS |   sandeepjain200019@gmail.com
2026-06-27 20:04:27 [INFO   ] PROGRESS |   Detailed Profile
2026-06-27 20:04:27 [INFO   ] PROGRESS |   Detailed Note on Funding Requirement
2026-06-27 20:04:27 [INFO   ] --------------------------------------------------------------
2026-06-27 20:04:27 [INFO   ] 
2026-06-27 20:04:27 [INFO   ] 
2026-06-27 20:04:27 [INFO   ] PROGRESS | Email preview — To: prtham856@gmail.com | Subject: PlacementHub pre-seed intro with PRATHAMESH MOHAN PHATAK
2026-06-27 20:04:28 [INFO   ] SENT (Brevo) -> prtham856@gmail.com (PRATHAMESH MOHAN PHATAK) | PlacementHub pre-seed intro with PRATHAMESH MOHAN PHATAK | messageId=<202606271434.53200990608@smtp-relay.mailin.fr> (API accepted; run audit-brevo to confirm delivery)
2026-06-27 20:04:28 [INFO   ] Sleeping for 10 seconds
2026-06-27 20:04:38 [INFO   ] PROGRESS | Send 40/50 | SENT | prtham856@gmail.com | PRATHAMESH MOHAN PHATAK [Chartered Accountants & Company Secretaries] | ok=37 fail=3 skip=0
2026-06-27 20:04:38 [INFO   ] PROGRESS | Send 41/50 | SENDING | iamavinash244@gmail.com | AVINASH KISHOR KSHIRSAGAR [Chartered Accountants & Company Secretaries] | ok=37 fail=3 skip=0
2026-06-27 20:04:46 [INFO   ] --------------------------------------------------------------
2026-06-27 20:04:46 [INFO   ] PROGRESS | Email content — To: iamavinash244@gmail.com
2026-06-27 20:04:46 [INFO   ] PROGRESS | Subject: PlacementHub pre-seed intro with AVINASH KISHOR KSHIRSAGAR
2026-06-27 20:04:46 [INFO   ] PROGRESS | Body:
2026-06-27 20:04:46 [INFO   ] PROGRESS |   Dear Sir/Madam,
2026-06-27 20:04:46 [INFO   ] PROGRESS |   I am reaching out to introduce PlacementHub and explore whether any of your investor, entrepreneur, or
2026-06-27 20:04:46 [INFO   ] PROGRESS |   HNI clients may be open to reviewing a strategic seed opportunity.
2026-06-27 20:04:46 [INFO   ] PROGRESS |   My name is Sandeep Jain. PlacementHub is currently in its pre-seed fundraising stage, and I am
2026-06-27 20:04:46 [INFO   ] PROGRESS |   soliciting strategic seed investment for the same. PlacementHub is a campus placement and employability
2026-06-27 20:04:46 [INFO   ] PROGRESS |   platform connecting students, colleges, and recruiters. The product is built and in early
2026-06-27 20:04:46 [INFO   ] PROGRESS |   commercialization.
2026-06-27 20:04:46 [INFO   ] PROGRESS |   For reference, the detailed business plan, including the business model and go-to-market strategies, is
2026-06-27 20:04:46 [INFO   ] PROGRESS |   available here:
2026-06-27 20:04:46 [INFO   ] PROGRESS |   PlacementHub Business Plan
2026-06-27 20:04:46 [INFO   ] PROGRESS |   For a Chartered Accountant firm, the relevance is mainly professional and strategic:
2026-06-27 20:04:46 [INFO   ] PROGRESS |   PlacementHub may require support across accounting, taxation, compliance, payroll, investor documentation, audit, and related professional services.
2026-06-27 20:04:46 [INFO   ] PROGRESS |   I would naturally be pleased to consider and prioritize firms that support PlacementHub during its early growth phase, subject to suitability and mutual agreement.
2026-06-27 20:04:46 [INFO   ] PROGRESS |   The relationship can begin with a simple review of the investment note and, where appropriate, introductions to suitable investor clients.
2026-06-27 20:04:46 [INFO   ] PROGRESS |   If the opportunity is worth a look, I would be happy to send the note and speak briefly about the round,
2026-06-27 20:04:46 [INFO   ] PROGRESS |   the platform, and the type of strategic investors we are looking for.
2026-06-27 20:04:46 [INFO   ] PROGRESS |   Please reply to this email or call me if you would like to explore it.
2026-06-27 20:04:46 [INFO   ] PROGRESS |   Warm Regards,
2026-06-27 20:04:46 [INFO   ] PROGRESS |   Sandeep Jain
2026-06-27 20:04:46 [INFO   ] PROGRESS |   Founder, PlacementHub
2026-06-27 20:04:46 [INFO   ] PROGRESS |   +91-9860090620
2026-06-27 20:04:46 [INFO   ] PROGRESS |   sandeepjain200019@gmail.com
2026-06-27 20:04:46 [INFO   ] PROGRESS |   Detailed Profile
2026-06-27 20:04:46 [INFO   ] PROGRESS |   Detailed Note on Funding Requirement
2026-06-27 20:04:46 [INFO   ] --------------------------------------------------------------
2026-06-27 20:04:46 [INFO   ] 
2026-06-27 20:04:46 [INFO   ] 
2026-06-27 20:04:46 [INFO   ] PROGRESS | Email preview — To: iamavinash244@gmail.com | Subject: PlacementHub pre-seed intro with AVINASH KISHOR KSHIRSAGAR
2026-06-27 20:04:47 [INFO   ] SENT (Brevo) -> iamavinash244@gmail.com (AVINASH KISHOR KSHIRSAGAR) | PlacementHub pre-seed intro with AVINASH KISHOR KSHIRSAGAR | messageId=<202606271434.34410765292@smtp-relay.mailin.fr> (API accepted; run audit-brevo to confirm delivery)
2026-06-27 20:04:47 [INFO   ] Sleeping for 10 seconds
2026-06-27 20:04:57 [INFO   ] PROGRESS | Send 41/50 | SENT | iamavinash244@gmail.com | AVINASH KISHOR KSHIRSAGAR [Chartered Accountants & Company Secretaries] | ok=38 fail=3 skip=0
2026-06-27 20:04:57 [INFO   ] PROGRESS | Send 42/50 | SENDING | ankitrainsk@gmail.com | ANKIT RAJKUMAR RAI [Chartered Accountants & Company Secretaries] | ok=38 fail=3 skip=0
2026-06-27 20:05:03 [INFO   ] --------------------------------------------------------------
2026-06-27 20:05:03 [INFO   ] PROGRESS | Email content — To: ankitrainsk@gmail.com
2026-06-27 20:05:03 [INFO   ] PROGRESS | Subject: PlacementHub pre-seed intro with ANKIT RAJKUMAR RAI
2026-06-27 20:05:03 [INFO   ] PROGRESS | Body:
2026-06-27 20:05:03 [INFO   ] PROGRESS |   Dear Sir/Madam,
2026-06-27 20:05:03 [INFO   ] PROGRESS |   I am reaching out to introduce PlacementHub and explore whether any of your investor, entrepreneur, or
2026-06-27 20:05:03 [INFO   ] PROGRESS |   HNI clients may be open to reviewing a strategic seed opportunity.
2026-06-27 20:05:03 [INFO   ] PROGRESS |   My name is Sandeep Jain. PlacementHub is currently in its pre-seed fundraising stage, and I am
2026-06-27 20:05:03 [INFO   ] PROGRESS |   soliciting strategic seed investment for the same. PlacementHub is a campus placement and employability
2026-06-27 20:05:03 [INFO   ] PROGRESS |   platform connecting students, colleges, and recruiters. The product is built and in early
2026-06-27 20:05:03 [INFO   ] PROGRESS |   commercialization.
2026-06-27 20:05:03 [INFO   ] PROGRESS |   For reference, the detailed business plan, including the business model and go-to-market strategies, is
2026-06-27 20:05:03 [INFO   ] PROGRESS |   available here:
2026-06-27 20:05:03 [INFO   ] PROGRESS |   PlacementHub Business Plan
2026-06-27 20:05:03 [INFO   ] PROGRESS |   For a Chartered Accountant firm, the relevance is mainly professional and strategic:
2026-06-27 20:05:03 [INFO   ] PROGRESS |   PlacementHub may require support across accounting, taxation, compliance, payroll, investor documentation, audit, and related professional services.
2026-06-27 20:05:03 [INFO   ] PROGRESS |   I would naturally be pleased to consider and prioritize firms that support PlacementHub during its early growth phase, subject to suitability and mutual agreement.
2026-06-27 20:05:03 [INFO   ] PROGRESS |   The relationship can begin with a simple review of the investment note and, where appropriate, introductions to suitable investor clients.
2026-06-27 20:05:03 [INFO   ] PROGRESS |   If the opportunity is worth a look, I would be happy to send the note and speak briefly about the round,
2026-06-27 20:05:03 [INFO   ] PROGRESS |   the platform, and the type of strategic investors we are looking for.
2026-06-27 20:05:03 [INFO   ] PROGRESS |   Please reply to this email or call me if you would like to explore it.
2026-06-27 20:05:03 [INFO   ] PROGRESS |   Warm Regards,
2026-06-27 20:05:03 [INFO   ] PROGRESS |   Sandeep Jain
2026-06-27 20:05:03 [INFO   ] PROGRESS |   Founder, PlacementHub
2026-06-27 20:05:03 [INFO   ] PROGRESS |   +91-9860090620
2026-06-27 20:05:03 [INFO   ] PROGRESS |   sandeepjain200019@gmail.com
2026-06-27 20:05:03 [INFO   ] PROGRESS |   Detailed Profile
2026-06-27 20:05:03 [INFO   ] PROGRESS |   Detailed Note on Funding Requirement
2026-06-27 20:05:03 [INFO   ] --------------------------------------------------------------
2026-06-27 20:05:03 [INFO   ] 
2026-06-27 20:05:03 [INFO   ] 
2026-06-27 20:05:03 [INFO   ] PROGRESS | Email preview — To: ankitrainsk@gmail.com | Subject: PlacementHub pre-seed intro with ANKIT RAJKUMAR RAI
2026-06-27 20:05:04 [INFO   ] SENT (Brevo) -> ankitrainsk@gmail.com (ANKIT RAJKUMAR RAI) | PlacementHub pre-seed intro with ANKIT RAJKUMAR RAI | messageId=<202606271435.95606296858@smtp-relay.mailin.fr> (API accepted; run audit-brevo to confirm delivery)
2026-06-27 20:05:04 [INFO   ] Sleeping for 10 seconds
2026-06-27 20:05:14 [INFO   ] PROGRESS | Send 42/50 | SENT | ankitrainsk@gmail.com | ANKIT RAJKUMAR RAI [Chartered Accountants & Company Secretaries] | ok=39 fail=3 skip=0
2026-06-27 20:05:14 [INFO   ] PROGRESS | Send 43/50 | SENDING | carahulbafna@gmail.com | RAHUL PRAKASH BAFNA [Chartered Accountants & Company Secretaries] | ok=39 fail=3 skip=0
2026-06-27 20:05:16 [INFO   ] --------------------------------------------------------------
2026-06-27 20:05:16 [INFO   ] PROGRESS | Email content — To: carahulbafna@gmail.com
2026-06-27 20:05:16 [INFO   ] PROGRESS | Subject: PlacementHub pre-seed intro with RAHUL PRAKASH BAFNA
2026-06-27 20:05:16 [INFO   ] PROGRESS | Body:
2026-06-27 20:05:16 [INFO   ] PROGRESS |   Dear Sir/Madam,
2026-06-27 20:05:16 [INFO   ] PROGRESS |   I am reaching out to introduce PlacementHub and explore whether any of your investor, entrepreneur, or
2026-06-27 20:05:16 [INFO   ] PROGRESS |   HNI clients may be open to reviewing a strategic seed opportunity.
2026-06-27 20:05:16 [INFO   ] PROGRESS |   My name is Sandeep Jain. PlacementHub is currently in its pre-seed fundraising stage, and I am
2026-06-27 20:05:16 [INFO   ] PROGRESS |   soliciting strategic seed investment for the same. PlacementHub is a campus placement and employability
2026-06-27 20:05:16 [INFO   ] PROGRESS |   platform connecting students, colleges, and recruiters. The product is built and in early
2026-06-27 20:05:16 [INFO   ] PROGRESS |   commercialization.
2026-06-27 20:05:16 [INFO   ] PROGRESS |   For reference, the detailed business plan, including the business model and go-to-market strategies, is
2026-06-27 20:05:16 [INFO   ] PROGRESS |   available here:
2026-06-27 20:05:16 [INFO   ] PROGRESS |   PlacementHub Business Plan
2026-06-27 20:05:16 [INFO   ] PROGRESS |   For a Chartered Accountant firm, the relevance is mainly professional and strategic:
2026-06-27 20:05:16 [INFO   ] PROGRESS |   PlacementHub may require support across accounting, taxation, compliance, payroll, investor documentation, audit, and related professional services.
2026-06-27 20:05:16 [INFO   ] PROGRESS |   I would naturally be pleased to consider and prioritize firms that support PlacementHub during its early growth phase, subject to suitability and mutual agreement.
2026-06-27 20:05:16 [INFO   ] PROGRESS |   The relationship can begin with a simple review of the investment note and, where appropriate, introductions to suitable investor clients.
2026-06-27 20:05:16 [INFO   ] PROGRESS |   If the opportunity is worth a look, I would be happy to send the note and speak briefly about the round,
2026-06-27 20:05:16 [INFO   ] PROGRESS |   the platform, and the type of strategic investors we are looking for.
2026-06-27 20:05:16 [INFO   ] PROGRESS |   Please reply to this email or call me if you would like to explore it.
2026-06-27 20:05:16 [INFO   ] PROGRESS |   Warm Regards,
2026-06-27 20:05:16 [INFO   ] PROGRESS |   Sandeep Jain
2026-06-27 20:05:16 [INFO   ] PROGRESS |   Founder, PlacementHub
2026-06-27 20:05:16 [INFO   ] PROGRESS |   +91-9860090620
2026-06-27 20:05:16 [INFO   ] PROGRESS |   sandeepjain200019@gmail.com
2026-06-27 20:05:16 [INFO   ] PROGRESS |   Detailed Profile
2026-06-27 20:05:16 [INFO   ] PROGRESS |   Detailed Note on Funding Requirement
2026-06-27 20:05:16 [INFO   ] --------------------------------------------------------------
2026-06-27 20:05:16 [INFO   ] 
2026-06-27 20:05:16 [INFO   ] 
2026-06-27 20:05:16 [INFO   ] PROGRESS | Email preview — To: carahulbafna@gmail.com | Subject: PlacementHub pre-seed intro with RAHUL PRAKASH BAFNA
2026-06-27 20:05:16 [INFO   ] SENT (Brevo) -> carahulbafna@gmail.com (RAHUL PRAKASH BAFNA) | PlacementHub pre-seed intro with RAHUL PRAKASH BAFNA | messageId=<202606271435.79421992402@smtp-relay.mailin.fr> (API accepted; run audit-brevo to confirm delivery)
2026-06-27 20:05:16 [INFO   ] Sleeping for 10 seconds
2026-06-27 20:05:26 [INFO   ] PROGRESS | Send 43/50 | SENT | carahulbafna@gmail.com | RAHUL PRAKASH BAFNA [Chartered Accountants & Company Secretaries] | ok=40 fail=3 skip=0
2026-06-27 20:05:26 [INFO   ] PROGRESS | Send 44/50 | SENDING | bhushantatarnsk@gmail.com | BHUSHAN JAYANT TATAR [Chartered Accountants & Company Secretaries] | ok=40 fail=3 skip=0
2026-06-27 20:05:30 [INFO   ] --------------------------------------------------------------
2026-06-27 20:05:30 [INFO   ] PROGRESS | Email content — To: bhushantatarnsk@gmail.com
2026-06-27 20:05:30 [INFO   ] PROGRESS | Subject: PlacementHub pre-seed intro with BHUSHAN JAYANT TATAR
2026-06-27 20:05:30 [INFO   ] PROGRESS | Body:
2026-06-27 20:05:30 [INFO   ] PROGRESS |   Dear Sir/Madam,
2026-06-27 20:05:30 [INFO   ] PROGRESS |   I am reaching out to introduce PlacementHub and explore whether any of your investor, entrepreneur, or
2026-06-27 20:05:30 [INFO   ] PROGRESS |   HNI clients may be open to reviewing a strategic seed opportunity.
2026-06-27 20:05:30 [INFO   ] PROGRESS |   My name is Sandeep Jain. PlacementHub is currently in its pre-seed fundraising stage, and I am
2026-06-27 20:05:30 [INFO   ] PROGRESS |   soliciting strategic seed investment for the same. PlacementHub is a campus placement and employability
2026-06-27 20:05:30 [INFO   ] PROGRESS |   platform connecting students, colleges, and recruiters. The product is built and in early
2026-06-27 20:05:30 [INFO   ] PROGRESS |   commercialization.
2026-06-27 20:05:30 [INFO   ] PROGRESS |   For reference, the detailed business plan, including the business model and go-to-market strategies, is
2026-06-27 20:05:30 [INFO   ] PROGRESS |   available here:
2026-06-27 20:05:30 [INFO   ] PROGRESS |   PlacementHub Business Plan
2026-06-27 20:05:30 [INFO   ] PROGRESS |   For a Chartered Accountant firm, the relevance is mainly professional and strategic:
2026-06-27 20:05:30 [INFO   ] PROGRESS |   PlacementHub may require support across accounting, taxation, compliance, payroll, investor documentation, audit, and related professional services.
2026-06-27 20:05:30 [INFO   ] PROGRESS |   I would naturally be pleased to consider and prioritize firms that support PlacementHub during its early growth phase, subject to suitability and mutual agreement.
2026-06-27 20:05:30 [INFO   ] PROGRESS |   The relationship can begin with a simple review of the investment note and, where appropriate, introductions to suitable investor clients.
2026-06-27 20:05:30 [INFO   ] PROGRESS |   If the opportunity is worth a look, I would be happy to send the note and speak briefly about the round,
2026-06-27 20:05:30 [INFO   ] PROGRESS |   the platform, and the type of strategic investors we are looking for.
2026-06-27 20:05:30 [INFO   ] PROGRESS |   Please reply to this email or call me if you would like to explore it.
2026-06-27 20:05:30 [INFO   ] PROGRESS |   Warm Regards,
2026-06-27 20:05:30 [INFO   ] PROGRESS |   Sandeep Jain
2026-06-27 20:05:30 [INFO   ] PROGRESS |   Founder, PlacementHub
2026-06-27 20:05:30 [INFO   ] PROGRESS |   +91-9860090620
2026-06-27 20:05:30 [INFO   ] PROGRESS |   sandeepjain200019@gmail.com
2026-06-27 20:05:30 [INFO   ] PROGRESS |   Detailed Profile
2026-06-27 20:05:30 [INFO   ] PROGRESS |   Detailed Note on Funding Requirement
2026-06-27 20:05:30 [INFO   ] --------------------------------------------------------------
2026-06-27 20:05:30 [INFO   ] 
2026-06-27 20:05:30 [INFO   ] 
2026-06-27 20:05:30 [INFO   ] PROGRESS | Email preview — To: bhushantatarnsk@gmail.com | Subject: PlacementHub pre-seed intro with BHUSHAN JAYANT TATAR
2026-06-27 20:05:31 [INFO   ] SENT (Brevo) -> bhushantatarnsk@gmail.com (BHUSHAN JAYANT TATAR) | PlacementHub pre-seed intro with BHUSHAN JAYANT TATAR | messageId=<202606271435.78642892794@smtp-relay.mailin.fr> (API accepted; run audit-brevo to confirm delivery)
2026-06-27 20:05:31 [INFO   ] Sleeping for 10 seconds
2026-06-27 20:05:41 [INFO   ] PROGRESS | Send 44/50 | SENT | bhushantatarnsk@gmail.com | BHUSHAN JAYANT TATAR [Chartered Accountants & Company Secretaries] | ok=41 fail=3 skip=0
2026-06-27 20:05:41 [INFO   ] PROGRESS | Send 45/50 | SENDING | krishnajain1234@gmail.com | KRISHNA BABULAL JAIN [Chartered Accountants & Company Secretaries] | ok=41 fail=3 skip=0
2026-06-27 20:05:46 [INFO   ] --------------------------------------------------------------
2026-06-27 20:05:46 [INFO   ] PROGRESS | Email content — To: krishnajain1234@gmail.com
2026-06-27 20:05:46 [INFO   ] PROGRESS | Subject: PlacementHub pre-seed intro with KRISHNA BABULAL JAIN
2026-06-27 20:05:46 [INFO   ] PROGRESS | Body:
2026-06-27 20:05:46 [INFO   ] PROGRESS |   Dear Sir/Madam,
2026-06-27 20:05:46 [INFO   ] PROGRESS |   I am reaching out to introduce PlacementHub and explore whether any of your investor, entrepreneur, or
2026-06-27 20:05:46 [INFO   ] PROGRESS |   HNI clients may be open to reviewing a strategic seed opportunity.
2026-06-27 20:05:46 [INFO   ] PROGRESS |   My name is Sandeep Jain. PlacementHub is currently in its pre-seed fundraising stage, and I am
2026-06-27 20:05:46 [INFO   ] PROGRESS |   soliciting strategic seed investment for the same. PlacementHub is a campus placement and employability
2026-06-27 20:05:46 [INFO   ] PROGRESS |   platform connecting students, colleges, and recruiters. The product is built and in early
2026-06-27 20:05:46 [INFO   ] PROGRESS |   commercialization.
2026-06-27 20:05:46 [INFO   ] PROGRESS |   For reference, the detailed business plan, including the business model and go-to-market strategies, is
2026-06-27 20:05:46 [INFO   ] PROGRESS |   available here:
2026-06-27 20:05:46 [INFO   ] PROGRESS |   PlacementHub Business Plan
2026-06-27 20:05:46 [INFO   ] PROGRESS |   For a Chartered Accountant firm, the relevance is mainly professional and strategic:
2026-06-27 20:05:46 [INFO   ] PROGRESS |   PlacementHub may require support across accounting, taxation, compliance, payroll, investor documentation, audit, and related professional services.
2026-06-27 20:05:46 [INFO   ] PROGRESS |   I would naturally be pleased to consider and prioritize firms that support PlacementHub during its early growth phase, subject to suitability and mutual agreement.
2026-06-27 20:05:46 [INFO   ] PROGRESS |   The relationship can begin with a simple review of the investment note and, where appropriate, introductions to suitable investor clients.
2026-06-27 20:05:46 [INFO   ] PROGRESS |   If the opportunity is worth a look, I would be happy to send the note and speak briefly about the round,
2026-06-27 20:05:46 [INFO   ] PROGRESS |   the platform, and the type of strategic investors we are looking for.
2026-06-27 20:05:46 [INFO   ] PROGRESS |   Please reply to this email or call me if you would like to explore it.
2026-06-27 20:05:46 [INFO   ] PROGRESS |   Warm Regards,
2026-06-27 20:05:46 [INFO   ] PROGRESS |   Sandeep Jain
2026-06-27 20:05:46 [INFO   ] PROGRESS |   Founder, PlacementHub
2026-06-27 20:05:46 [INFO   ] PROGRESS |   +91-9860090620
2026-06-27 20:05:46 [INFO   ] PROGRESS |   sandeepjain200019@gmail.com
2026-06-27 20:05:46 [INFO   ] PROGRESS |   Detailed Profile
2026-06-27 20:05:46 [INFO   ] PROGRESS |   Detailed Note on Funding Requirement
2026-06-27 20:05:46 [INFO   ] --------------------------------------------------------------
2026-06-27 20:05:46 [INFO   ] 
2026-06-27 20:05:46 [INFO   ] 
2026-06-27 20:05:46 [INFO   ] PROGRESS | Email preview — To: krishnajain1234@gmail.com | Subject: PlacementHub pre-seed intro with KRISHNA BABULAL JAIN
2026-06-27 20:05:47 [INFO   ] SENT (Brevo) -> krishnajain1234@gmail.com (KRISHNA BABULAL JAIN) | PlacementHub pre-seed intro with KRISHNA BABULAL JAIN | messageId=<202606271435.93339020541@smtp-relay.mailin.fr> (API accepted; run audit-brevo to confirm delivery)
2026-06-27 20:05:47 [INFO   ] Sleeping for 10 seconds
2026-06-27 20:05:57 [INFO   ] PROGRESS | Send 45/50 | SENT | krishnajain1234@gmail.com | KRISHNA BABULAL JAIN [Chartered Accountants & Company Secretaries] | ok=42 fail=3 skip=0
2026-06-27 20:05:57 [INFO   ] PROGRESS | Send 46/50 | SENDING | caravindradeshmukh@gmail.com | RAVINDRA BAPUSAHEB DESHMUKH [Chartered Accountants & Company Secretaries] | ok=42 fail=3 skip=0
2026-06-27 20:06:01 [INFO   ] --------------------------------------------------------------
2026-06-27 20:06:01 [INFO   ] PROGRESS | Email content — To: caravindradeshmukh@gmail.com
2026-06-27 20:06:01 [INFO   ] PROGRESS | Subject: PlacementHub pre-seed intro with RAVINDRA BAPUSAHEB DESHMUKH
2026-06-27 20:06:01 [INFO   ] PROGRESS | Body:
2026-06-27 20:06:01 [INFO   ] PROGRESS |   Dear Sir/Madam,
2026-06-27 20:06:01 [INFO   ] PROGRESS |   I am reaching out to introduce PlacementHub and explore whether any of your investor, entrepreneur, or
2026-06-27 20:06:01 [INFO   ] PROGRESS |   HNI clients may be open to reviewing a strategic seed opportunity.
2026-06-27 20:06:01 [INFO   ] PROGRESS |   My name is Sandeep Jain. PlacementHub is currently in its pre-seed fundraising stage, and I am
2026-06-27 20:06:01 [INFO   ] PROGRESS |   soliciting strategic seed investment for the same. PlacementHub is a campus placement and employability
2026-06-27 20:06:01 [INFO   ] PROGRESS |   platform connecting students, colleges, and recruiters. The product is built and in early
2026-06-27 20:06:01 [INFO   ] PROGRESS |   commercialization.
2026-06-27 20:06:01 [INFO   ] PROGRESS |   For reference, the detailed business plan, including the business model and go-to-market strategies, is
2026-06-27 20:06:01 [INFO   ] PROGRESS |   available here:
2026-06-27 20:06:01 [INFO   ] PROGRESS |   PlacementHub Business Plan
2026-06-27 20:06:01 [INFO   ] PROGRESS |   For a Chartered Accountant firm, the relevance is mainly professional and strategic:
2026-06-27 20:06:01 [INFO   ] PROGRESS |   PlacementHub may require support across accounting, taxation, compliance, payroll, investor documentation, audit, and related professional services.
2026-06-27 20:06:01 [INFO   ] PROGRESS |   I would naturally be pleased to consider and prioritize firms that support PlacementHub during its early growth phase, subject to suitability and mutual agreement.
2026-06-27 20:06:01 [INFO   ] PROGRESS |   The relationship can begin with a simple review of the investment note and, where appropriate, introductions to suitable investor clients.
2026-06-27 20:06:01 [INFO   ] PROGRESS |   If the opportunity is worth a look, I would be happy to send the note and speak briefly about the round,
2026-06-27 20:06:01 [INFO   ] PROGRESS |   the platform, and the type of strategic investors we are looking for.
2026-06-27 20:06:01 [INFO   ] PROGRESS |   Please reply to this email or call me if you would like to explore it.
2026-06-27 20:06:01 [INFO   ] PROGRESS |   Warm Regards,
2026-06-27 20:06:01 [INFO   ] PROGRESS |   Sandeep Jain
2026-06-27 20:06:01 [INFO   ] PROGRESS |   Founder, PlacementHub
2026-06-27 20:06:01 [INFO   ] PROGRESS |   +91-9860090620
2026-06-27 20:06:01 [INFO   ] PROGRESS |   sandeepjain200019@gmail.com
2026-06-27 20:06:01 [INFO   ] PROGRESS |   Detailed Profile
2026-06-27 20:06:01 [INFO   ] PROGRESS |   Detailed Note on Funding Requirement
2026-06-27 20:06:01 [INFO   ] --------------------------------------------------------------
2026-06-27 20:06:01 [INFO   ] 
2026-06-27 20:06:01 [INFO   ] 
2026-06-27 20:06:01 [INFO   ] PROGRESS | Email preview — To: caravindradeshmukh@gmail.com | Subject: PlacementHub pre-seed intro with RAVINDRA BAPUSAHEB DESHMUKH
2026-06-27 20:06:02 [INFO   ] SENT (Brevo) -> caravindradeshmukh@gmail.com (RAVINDRA BAPUSAHEB DESHMUKH) | PlacementHub pre-seed intro with RAVINDRA BAPUSAHEB DESHMUKH | messageId=<202606271436.35246412301@smtp-relay.mailin.fr> (API accepted; run audit-brevo to confirm delivery)
2026-06-27 20:06:02 [INFO   ] Sleeping for 10 seconds
2026-06-27 20:06:12 [INFO   ] PROGRESS | Send 46/50 | SENT | caravindradeshmukh@gmail.com | RAVINDRA BAPUSAHEB DESHMUKH [Chartered Accountants & Company Secretaries] | ok=43 fail=3 skip=0
2026-06-27 20:06:12 [INFO   ] PROGRESS | Send 47/50 | SENDING | omkar.sonawane563@gmail.com | OMKAR MADANRAO SONAWANE [Chartered Accountants & Company Secretaries] | ok=43 fail=3 skip=0
2026-06-27 20:06:17 [INFO   ] --------------------------------------------------------------
2026-06-27 20:06:17 [INFO   ] PROGRESS | Email content — To: omkar.sonawane563@gmail.com
2026-06-27 20:06:17 [INFO   ] PROGRESS | Subject: PlacementHub pre-seed intro with OMKAR MADANRAO SONAWANE
2026-06-27 20:06:17 [INFO   ] PROGRESS | Body:
2026-06-27 20:06:17 [INFO   ] PROGRESS |   Dear Sir/Madam,
2026-06-27 20:06:17 [INFO   ] PROGRESS |   I am reaching out to introduce PlacementHub and explore whether any of your investor, entrepreneur, or
2026-06-27 20:06:17 [INFO   ] PROGRESS |   HNI clients may be open to reviewing a strategic seed opportunity.
2026-06-27 20:06:17 [INFO   ] PROGRESS |   My name is Sandeep Jain. PlacementHub is currently in its pre-seed fundraising stage, and I am
2026-06-27 20:06:17 [INFO   ] PROGRESS |   soliciting strategic seed investment for the same. PlacementHub is a campus placement and employability
2026-06-27 20:06:17 [INFO   ] PROGRESS |   platform connecting students, colleges, and recruiters. The product is built and in early
2026-06-27 20:06:17 [INFO   ] PROGRESS |   commercialization.
2026-06-27 20:06:17 [INFO   ] PROGRESS |   For reference, the detailed business plan, including the business model and go-to-market strategies, is
2026-06-27 20:06:17 [INFO   ] PROGRESS |   available here:
2026-06-27 20:06:17 [INFO   ] PROGRESS |   PlacementHub Business Plan
2026-06-27 20:06:17 [INFO   ] PROGRESS |   For a Chartered Accountant firm, the relevance is mainly professional and strategic:
2026-06-27 20:06:17 [INFO   ] PROGRESS |   PlacementHub may require support across accounting, taxation, compliance, payroll, investor documentation, audit, and related professional services.
2026-06-27 20:06:17 [INFO   ] PROGRESS |   I would naturally be pleased to consider and prioritize firms that support PlacementHub during its early growth phase, subject to suitability and mutual agreement.
2026-06-27 20:06:17 [INFO   ] PROGRESS |   The relationship can begin with a simple review of the investment note and, where appropriate, introductions to suitable investor clients.
2026-06-27 20:06:17 [INFO   ] PROGRESS |   If the opportunity is worth a look, I would be happy to send the note and speak briefly about the round,
2026-06-27 20:06:17 [INFO   ] PROGRESS |   the platform, and the type of strategic investors we are looking for.
2026-06-27 20:06:17 [INFO   ] PROGRESS |   Please reply to this email or call me if you would like to explore it.
2026-06-27 20:06:17 [INFO   ] PROGRESS |   Warm Regards,
2026-06-27 20:06:17 [INFO   ] PROGRESS |   Sandeep Jain
2026-06-27 20:06:17 [INFO   ] PROGRESS |   Founder, PlacementHub
2026-06-27 20:06:17 [INFO   ] PROGRESS |   +91-9860090620
2026-06-27 20:06:17 [INFO   ] PROGRESS |   sandeepjain200019@gmail.com
2026-06-27 20:06:17 [INFO   ] PROGRESS |   Detailed Profile
2026-06-27 20:06:17 [INFO   ] PROGRESS |   Detailed Note on Funding Requirement
2026-06-27 20:06:17 [INFO   ] --------------------------------------------------------------
2026-06-27 20:06:17 [INFO   ] 
2026-06-27 20:06:17 [INFO   ] 
2026-06-27 20:06:17 [INFO   ] PROGRESS | Email preview — To: omkar.sonawane563@gmail.com | Subject: PlacementHub pre-seed intro with OMKAR MADANRAO SONAWANE
2026-06-27 20:06:18 [INFO   ] SENT (Brevo) -> omkar.sonawane563@gmail.com (OMKAR MADANRAO SONAWANE) | PlacementHub pre-seed intro with OMKAR MADANRAO SONAWANE | messageId=<202606271436.47762034124@smtp-relay.mailin.fr> (API accepted; run audit-brevo to confirm delivery)
2026-06-27 20:06:18 [INFO   ] Sleeping for 10 seconds
2026-06-27 20:06:28 [INFO   ] PROGRESS | Send 47/50 | SENT | omkar.sonawane563@gmail.com | OMKAR MADANRAO SONAWANE [Chartered Accountants & Company Secretaries] | ok=44 fail=3 skip=0
2026-06-27 20:06:28 [INFO   ] PROGRESS | Send 48/50 | SENDING | jainsuryawanshi@gmail.com | GOVIND SHANKAR SURYAWANSHI [Chartered Accountants & Company Secretaries] | ok=44 fail=3 skip=0
2026-06-27 20:06:29 [INFO   ] --------------------------------------------------------------
2026-06-27 20:06:29 [INFO   ] PROGRESS | Email content — To: jainsuryawanshi@gmail.com
2026-06-27 20:06:29 [INFO   ] PROGRESS | Subject: PlacementHub pre-seed intro with GOVIND SHANKAR SURYAWANSHI
2026-06-27 20:06:29 [INFO   ] PROGRESS | Body:
2026-06-27 20:06:29 [INFO   ] PROGRESS |   Dear Sir/Madam,
2026-06-27 20:06:29 [INFO   ] PROGRESS |   I am reaching out to introduce PlacementHub and explore whether any of your investor, entrepreneur, or
2026-06-27 20:06:29 [INFO   ] PROGRESS |   HNI clients may be open to reviewing a strategic seed opportunity.
2026-06-27 20:06:29 [INFO   ] PROGRESS |   My name is Sandeep Jain. PlacementHub is currently in its pre-seed fundraising stage, and I am
2026-06-27 20:06:29 [INFO   ] PROGRESS |   soliciting strategic seed investment for the same. PlacementHub is a campus placement and employability
2026-06-27 20:06:29 [INFO   ] PROGRESS |   platform connecting students, colleges, and recruiters. The product is built and in early
2026-06-27 20:06:29 [INFO   ] PROGRESS |   commercialization.
2026-06-27 20:06:29 [INFO   ] PROGRESS |   For reference, the detailed business plan, including the business model and go-to-market strategies, is
2026-06-27 20:06:29 [INFO   ] PROGRESS |   available here:
2026-06-27 20:06:29 [INFO   ] PROGRESS |   PlacementHub Business Plan
2026-06-27 20:06:29 [INFO   ] PROGRESS |   For a Chartered Accountant firm, the relevance is mainly professional and strategic:
2026-06-27 20:06:29 [INFO   ] PROGRESS |   PlacementHub may require support across accounting, taxation, compliance, payroll, investor documentation, audit, and related professional services.
2026-06-27 20:06:29 [INFO   ] PROGRESS |   I would naturally be pleased to consider and prioritize firms that support PlacementHub during its early growth phase, subject to suitability and mutual agreement.
2026-06-27 20:06:29 [INFO   ] PROGRESS |   The relationship can begin with a simple review of the investment note and, where appropriate, introductions to suitable investor clients.
2026-06-27 20:06:29 [INFO   ] PROGRESS |   If the opportunity is worth a look, I would be happy to send the note and speak briefly about the round,
2026-06-27 20:06:29 [INFO   ] PROGRESS |   the platform, and the type of strategic investors we are looking for.
2026-06-27 20:06:29 [INFO   ] PROGRESS |   Please reply to this email or call me if you would like to explore it.
2026-06-27 20:06:29 [INFO   ] PROGRESS |   Warm Regards,
2026-06-27 20:06:29 [INFO   ] PROGRESS |   Sandeep Jain
2026-06-27 20:06:29 [INFO   ] PROGRESS |   Founder, PlacementHub
2026-06-27 20:06:29 [INFO   ] PROGRESS |   +91-9860090620
2026-06-27 20:06:29 [INFO   ] PROGRESS |   sandeepjain200019@gmail.com
2026-06-27 20:06:29 [INFO   ] PROGRESS |   Detailed Profile
2026-06-27 20:06:29 [INFO   ] PROGRESS |   Detailed Note on Funding Requirement
2026-06-27 20:06:29 [INFO   ] --------------------------------------------------------------
2026-06-27 20:06:29 [INFO   ] 
2026-06-27 20:06:29 [INFO   ] 
2026-06-27 20:06:29 [INFO   ] PROGRESS | Email preview — To: jainsuryawanshi@gmail.com | Subject: PlacementHub pre-seed intro with GOVIND SHANKAR SURYAWANSHI
2026-06-27 20:06:31 [INFO   ] SENT (Brevo) -> jainsuryawanshi@gmail.com (GOVIND SHANKAR SURYAWANSHI) | PlacementHub pre-seed intro with GOVIND SHANKAR SURYAWANSHI | messageId=<202606271436.13960539001@smtp-relay.mailin.fr> (API accepted; run audit-brevo to confirm delivery)
2026-06-27 20:06:31 [INFO   ] Sleeping for 10 seconds
2026-06-27 20:06:41 [INFO   ] PROGRESS | Send 48/50 | SENT | jainsuryawanshi@gmail.com | GOVIND SHANKAR SURYAWANSHI [Chartered Accountants & Company Secretaries] | ok=45 fail=3 skip=0
2026-06-27 20:06:41 [INFO   ] PROGRESS | Send 49/50 | SENDING | cadskulkarni@gmail.com | DEVENDRA SOMNATH KULKARNI [Chartered Accountants & Company Secretaries] | ok=45 fail=3 skip=0
2026-06-27 20:06:44 [INFO   ] --------------------------------------------------------------
2026-06-27 20:06:44 [INFO   ] PROGRESS | Email content — To: cadskulkarni@gmail.com
2026-06-27 20:06:44 [INFO   ] PROGRESS | Subject: PlacementHub pre-seed intro with DEVENDRA SOMNATH KULKARNI
2026-06-27 20:06:44 [INFO   ] PROGRESS | Body:
2026-06-27 20:06:44 [INFO   ] PROGRESS |   Dear Sir/Madam,
2026-06-27 20:06:44 [INFO   ] PROGRESS |   I am reaching out to introduce PlacementHub and explore whether any of your investor, entrepreneur, or
2026-06-27 20:06:44 [INFO   ] PROGRESS |   HNI clients may be open to reviewing a strategic seed opportunity.
2026-06-27 20:06:44 [INFO   ] PROGRESS |   My name is Sandeep Jain. PlacementHub is currently in its pre-seed fundraising stage, and I am
2026-06-27 20:06:44 [INFO   ] PROGRESS |   soliciting strategic seed investment for the same. PlacementHub is a campus placement and employability
2026-06-27 20:06:44 [INFO   ] PROGRESS |   platform connecting students, colleges, and recruiters. The product is built and in early
2026-06-27 20:06:44 [INFO   ] PROGRESS |   commercialization.
2026-06-27 20:06:44 [INFO   ] PROGRESS |   For reference, the detailed business plan, including the business model and go-to-market strategies, is
2026-06-27 20:06:44 [INFO   ] PROGRESS |   available here:
2026-06-27 20:06:44 [INFO   ] PROGRESS |   PlacementHub Business Plan
2026-06-27 20:06:44 [INFO   ] PROGRESS |   For a Chartered Accountant firm, the relevance is mainly professional and strategic:
2026-06-27 20:06:44 [INFO   ] PROGRESS |   PlacementHub may require support across accounting, taxation, compliance, payroll, investor documentation, audit, and related professional services.
2026-06-27 20:06:44 [INFO   ] PROGRESS |   I would naturally be pleased to consider and prioritize firms that support PlacementHub during its early growth phase, subject to suitability and mutual agreement.
2026-06-27 20:06:44 [INFO   ] PROGRESS |   The relationship can begin with a simple review of the investment note and, where appropriate, introductions to suitable investor clients.
2026-06-27 20:06:44 [INFO   ] PROGRESS |   If the opportunity is worth a look, I would be happy to send the note and speak briefly about the round,
2026-06-27 20:06:44 [INFO   ] PROGRESS |   the platform, and the type of strategic investors we are looking for.
2026-06-27 20:06:44 [INFO   ] PROGRESS |   Please reply to this email or call me if you would like to explore it.
2026-06-27 20:06:44 [INFO   ] PROGRESS |   Warm Regards,
2026-06-27 20:06:44 [INFO   ] PROGRESS |   Sandeep Jain
2026-06-27 20:06:44 [INFO   ] PROGRESS |   Founder, PlacementHub
2026-06-27 20:06:44 [INFO   ] PROGRESS |   +91-9860090620
2026-06-27 20:06:44 [INFO   ] PROGRESS |   sandeepjain200019@gmail.com
2026-06-27 20:06:44 [INFO   ] PROGRESS |   Detailed Profile
2026-06-27 20:06:44 [INFO   ] PROGRESS |   Detailed Note on Funding Requirement
2026-06-27 20:06:44 [INFO   ] --------------------------------------------------------------
2026-06-27 20:06:44 [INFO   ] 
2026-06-27 20:06:44 [INFO   ] 
2026-06-27 20:06:44 [INFO   ] PROGRESS | Email preview — To: cadskulkarni@gmail.com | Subject: PlacementHub pre-seed intro with DEVENDRA SOMNATH KULKARNI
2026-06-27 20:06:45 [INFO   ] SENT (Brevo) -> cadskulkarni@gmail.com (DEVENDRA SOMNATH KULKARNI) | PlacementHub pre-seed intro with DEVENDRA SOMNATH KULKARNI | messageId=<202606271436.57776601467@smtp-relay.mailin.fr> (API accepted; run audit-brevo to confirm delivery)
2026-06-27 20:06:45 [INFO   ] Sleeping for 10 seconds
2026-06-27 20:06:55 [INFO   ] PROGRESS | Send 49/50 | SENT | cadskulkarni@gmail.com | DEVENDRA SOMNATH KULKARNI [Chartered Accountants & Company Secretaries] | ok=46 fail=3 skip=0
2026-06-27 20:06:55 [INFO   ] PROGRESS | Send 50/50 | SENDING | pratikrathod451@gmail.com | PRATIK MANOHAR RATHOD [Chartered Accountants & Company Secretaries] | ok=46 fail=3 skip=0
2026-06-27 20:06:59 [INFO   ] --------------------------------------------------------------
2026-06-27 20:06:59 [INFO   ] PROGRESS | Email content — To: pratikrathod451@gmail.com
2026-06-27 20:06:59 [INFO   ] PROGRESS | Subject: PlacementHub pre-seed intro with PRATIK MANOHAR RATHOD
2026-06-27 20:06:59 [INFO   ] PROGRESS | Body:
2026-06-27 20:06:59 [INFO   ] PROGRESS |   Dear Sir/Madam,
2026-06-27 20:06:59 [INFO   ] PROGRESS |   I am reaching out to introduce PlacementHub and explore whether any of your investor, entrepreneur, or
2026-06-27 20:06:59 [INFO   ] PROGRESS |   HNI clients may be open to reviewing a strategic seed opportunity.
2026-06-27 20:06:59 [INFO   ] PROGRESS |   My name is Sandeep Jain. PlacementHub is currently in its pre-seed fundraising stage, and I am
2026-06-27 20:06:59 [INFO   ] PROGRESS |   soliciting strategic seed investment for the same. PlacementHub is a campus placement and employability
2026-06-27 20:06:59 [INFO   ] PROGRESS |   platform connecting students, colleges, and recruiters. The product is built and in early
2026-06-27 20:06:59 [INFO   ] PROGRESS |   commercialization.
2026-06-27 20:06:59 [INFO   ] PROGRESS |   For reference, the detailed business plan, including the business model and go-to-market strategies, is
2026-06-27 20:06:59 [INFO   ] PROGRESS |   available here:
2026-06-27 20:06:59 [INFO   ] PROGRESS |   PlacementHub Business Plan
2026-06-27 20:06:59 [INFO   ] PROGRESS |   For a Chartered Accountant firm, the relevance is mainly professional and strategic:
2026-06-27 20:06:59 [INFO   ] PROGRESS |   PlacementHub may require support across accounting, taxation, compliance, payroll, investor documentation, audit, and related professional services.
2026-06-27 20:06:59 [INFO   ] PROGRESS |   I would naturally be pleased to consider and prioritize firms that support PlacementHub during its early growth phase, subject to suitability and mutual agreement.
2026-06-27 20:06:59 [INFO   ] PROGRESS |   The relationship can begin with a simple review of the investment note and, where appropriate, introductions to suitable investor clients.
2026-06-27 20:06:59 [INFO   ] PROGRESS |   If the opportunity is worth a look, I would be happy to send the note and speak briefly about the round,
2026-06-27 20:06:59 [INFO   ] PROGRESS |   the platform, and the type of strategic investors we are looking for.
2026-06-27 20:06:59 [INFO   ] PROGRESS |   Please reply to this email or call me if you would like to explore it.
2026-06-27 20:06:59 [INFO   ] PROGRESS |   Warm Regards,
2026-06-27 20:06:59 [INFO   ] PROGRESS |   Sandeep Jain
2026-06-27 20:06:59 [INFO   ] PROGRESS |   Founder, PlacementHub
2026-06-27 20:06:59 [INFO   ] PROGRESS |   +91-9860090620
2026-06-27 20:06:59 [INFO   ] PROGRESS |   sandeepjain200019@gmail.com
2026-06-27 20:06:59 [INFO   ] PROGRESS |   Detailed Profile
2026-06-27 20:06:59 [INFO   ] PROGRESS |   Detailed Note on Funding Requirement
2026-06-27 20:06:59 [INFO   ] --------------------------------------------------------------
2026-06-27 20:06:59 [INFO   ] 
2026-06-27 20:06:59 [INFO   ] 
2026-06-27 20:06:59 [INFO   ] PROGRESS | Email preview — To: pratikrathod451@gmail.com | Subject: PlacementHub pre-seed intro with PRATIK MANOHAR RATHOD
2026-06-27 20:07:05 [INFO   ] SENT (Brevo) -> pratikrathod451@gmail.com (PRATIK MANOHAR RATHOD) | PlacementHub pre-seed intro with PRATIK MANOHAR RATHOD | messageId=<202606271437.68497073549@smtp-relay.mailin.fr> (API accepted; run audit-brevo to confirm delivery)
2026-06-27 20:07:05 [INFO   ] Sleeping for 10 seconds
2026-06-27 20:07:15 [INFO   ] PROGRESS | Send 50/50 | SENT | pratikrathod451@gmail.com | PRATIK MANOHAR RATHOD [Chartered Accountants & Company Secretaries] | ok=47 fail=3 skip=0
2026-06-27 20:07:21 [INFO   ] CA send complete: {'sent': 47, 'failed': 3, 'skipped': 0, 'queue_size': 50, 'ca_only': True, 'ca_bulk_unsent': 1129, 'sent_ca_connect': 47, 'sent_by_industry': {'ca_cs_firms': 47}, 'send_limit': 50}
2026-06-27 20:07:21 [INFO   ] PROGRESS | Done — CA send — 47 sent, 3 failed, 1082 unsent in ca_bulk.db
