2026-06-22 18:53:48 [INFO   ] Log file: C:\Users\sandeep\Downloads\Claudes\investment\logs\immigration_2026-06-22_18-53-48.log
2026-06-22 18:53:48 [INFO   ] 
2026-06-22 18:53:48 [INFO   ] ==============================================================
2026-06-22 18:53:48 [INFO   ] PROGRESS | Send — CA emails only (up to 50 from ca_bulk.db)
2026-06-22 18:53:48 [INFO   ] ==============================================================
2026-06-22 18:53:59 [INFO   ] Send transport: Brevo API (config: C:\Users\sandeep\Downloads\Claudes\investment\config\mail_config.json, template: C:\Users\sandeep\Downloads\Claudes\investment\templates\bodies\partnership.html, sender: sandeepjain200019@gmail.com)
2026-06-22 18:53:59 [INFO   ] CA-only send from ca_bulk.db — 1460 unsent, up to 50 this run (caconnect.icai.org).
2026-06-22 18:54:05 [INFO   ] PROGRESS | Send plan — 50 recipient(s) in queue
2026-06-22 18:54:05 [INFO   ] PROGRESS | Send 1/50 | SENDING | constitution date | BATTULL AND ASSOCIATES LLP [Chartered Accountants & Company Secretaries] | ok=0 fail=0 skip=0
2026-06-22 18:54:06 [INFO   ] Loaded 41 NVIDIA API key(s) for rotation.
2026-06-22 18:54:07 [INFO   ] --------------------------------------------------------------
2026-06-22 18:54:07 [INFO   ] PROGRESS | Email content — To: constitution date
2026-06-22 18:54:07 [INFO   ] PROGRESS | Subject: PlacementHub pre-seed intro with BATTULL AND ASSOCIATES LLP
2026-06-22 18:54:07 [INFO   ] PROGRESS | Body:
2026-06-22 18:54:07 [INFO   ] PROGRESS |   Dear Sir/Madam,
2026-06-22 18:54:07 [INFO   ] PROGRESS |   I am reaching out to introduce PlacementHub and explore whether any of your investor, entrepreneur, or
2026-06-22 18:54:07 [INFO   ] PROGRESS |   HNI clients may be open to reviewing a strategic seed opportunity.
2026-06-22 18:54:07 [INFO   ] PROGRESS |   My name is Sandeep Jain. PlacementHub is currently in its pre-seed fundraising stage, and I am
2026-06-22 18:54:07 [INFO   ] PROGRESS |   soliciting strategic seed investment for the same. PlacementHub is a campus placement and employability
2026-06-22 18:54:07 [INFO   ] PROGRESS |   platform connecting students, colleges, and recruiters. The product is built and in early
2026-06-22 18:54:07 [INFO   ] PROGRESS |   commercialization.
2026-06-22 18:54:07 [INFO   ] PROGRESS |   For reference, the detailed business plan, including the business model and go-to-market strategies, is
2026-06-22 18:54:07 [INFO   ] PROGRESS |   available here:
2026-06-22 18:54:07 [INFO   ] PROGRESS |   PlacementHub Business Plan
2026-06-22 18:54:07 [INFO   ] PROGRESS |   For a Chartered Accountant firm, the relevance is mainly professional and strategic:
2026-06-22 18:54:07 [INFO   ] PROGRESS |   PlacementHub may require support across accounting, taxation, compliance, payroll, investor documentation, audit, and related professional services.
2026-06-22 18:54:07 [INFO   ] PROGRESS |   I would naturally be pleased to consider and prioritize firms that support PlacementHub during its early growth phase, subject to suitability and mutual agreement.
2026-06-22 18:54:07 [INFO   ] PROGRESS |   The relationship can begin with a simple review of the investment note and, where appropriate, introductions to suitable investor clients.
2026-06-22 18:54:07 [INFO   ] PROGRESS |   If the opportunity is worth a look, I would be happy to send the note and speak briefly about the round,
2026-06-22 18:54:07 [INFO   ] PROGRESS |   the platform, and the type of strategic investors we are looking for.
2026-06-22 18:54:07 [INFO   ] PROGRESS |   Please reply to this email or call me if you would like to explore it.
2026-06-22 18:54:07 [INFO   ] PROGRESS |   Warm Regards,
2026-06-22 18:54:07 [INFO   ] PROGRESS |   Sandeep Jain
2026-06-22 18:54:07 [INFO   ] PROGRESS |   Founder, PlacementHub
2026-06-22 18:54:07 [INFO   ] PROGRESS |   +91-9860090620
2026-06-22 18:54:07 [INFO   ] PROGRESS |   sandeepjain200019@gmail.com
2026-06-22 18:54:07 [INFO   ] PROGRESS |   Detailed Profile
2026-06-22 18:54:07 [INFO   ] PROGRESS |   Detailed Note on Funding Requirement
2026-06-22 18:54:07 [INFO   ] --------------------------------------------------------------
2026-06-22 18:54:07 [INFO   ] 
2026-06-22 18:54:07 [INFO   ] 
2026-06-22 18:54:07 [INFO   ] PROGRESS | Email preview — To: constitution date | Subject: PlacementHub pre-seed intro with BATTULL AND ASSOCIATES LLP
2026-06-22 18:54:11 [ERROR  ] Brevo send failed for constitution date: Brevo API send failed for constitution date: (400)
Reason: Bad Request
HTTP response headers: HTTPHeaderDict({'Date': 'Mon, 22 Jun 2026 13:24:11 GMT', 'Content-Type': 'application/json', 'Content-Length': '66', 'Connection': 'keep-alive', 'CF-RAY': 'a0fb92583b87baf8-BCN', 'x-envoy-upstream-service-time': '37', 'access-control-allow-credentials': 'true', 'sib-request-id': '63539915-2b8f-990e-838d-dc6105b92b51', 'access-control-allow-origin': '*', 'access-control-allow-headers': '*', 'access-control-allow-methods': 'PUT, POST, GET, DELETE, PATCH, OPTIONS', 'x-sib-ratelimit-limit': '1000', 'x-sib-ratelimit-remaining': '999', 'x-sib-ratelimit-reset': '1', 'cf-cache-status': 'DYNAMIC', 'Set-Cookie': '_cfuvid=ohCLPGkbVltW745nGg2o.1HovJMgsSnA0yzJIk8gnR8-1782134651362-0.0.1.1-604800000; path=/; domain=.sendinblue.com; HttpOnly; Secure; SameSite=None', 'Server': 'cloudflare'})
HTTP response body: {"code":"invalid_parameter","message":"email is not valid in to"}


2026-06-22 18:54:11 [INFO   ] PROGRESS | Send 1/50 | FAILED | constitution date | BATTULL AND ASSOCIATES LLP [Chartered Accountants & Company Secretaries] | ok=0 fail=1 skip=0
2026-06-22 18:54:11 [INFO   ] PROGRESS | Send 2/50 | SENDING | constitution date | BATTULL AND ASSOCIATES LLP [Chartered Accountants & Company Secretaries] | ok=0 fail=1 skip=0
2026-06-22 18:54:37 [INFO   ] --------------------------------------------------------------
2026-06-22 18:54:37 [INFO   ] PROGRESS | Email content — To: constitution date
2026-06-22 18:54:37 [INFO   ] PROGRESS | Subject: PlacementHub pre-seed intro with BATTULL AND ASSOCIATES LLP
2026-06-22 18:54:37 [INFO   ] PROGRESS | Body:
2026-06-22 18:54:37 [INFO   ] PROGRESS |   Dear Sir/Madam,
2026-06-22 18:54:37 [INFO   ] PROGRESS |   I am reaching out to introduce PlacementHub and explore whether any of your investor, entrepreneur, or
2026-06-22 18:54:37 [INFO   ] PROGRESS |   HNI clients may be open to reviewing a strategic seed opportunity.
2026-06-22 18:54:37 [INFO   ] PROGRESS |   My name is Sandeep Jain. PlacementHub is currently in its pre-seed fundraising stage, and I am
2026-06-22 18:54:37 [INFO   ] PROGRESS |   soliciting strategic seed investment for the same. PlacementHub is a campus placement and employability
2026-06-22 18:54:37 [INFO   ] PROGRESS |   platform connecting students, colleges, and recruiters. The product is built and in early
2026-06-22 18:54:37 [INFO   ] PROGRESS |   commercialization.
2026-06-22 18:54:37 [INFO   ] PROGRESS |   For reference, the detailed business plan, including the business model and go-to-market strategies, is
2026-06-22 18:54:37 [INFO   ] PROGRESS |   available here:
2026-06-22 18:54:37 [INFO   ] PROGRESS |   PlacementHub Business Plan
2026-06-22 18:54:37 [INFO   ] PROGRESS |   For a Chartered Accountant firm, the relevance is mainly professional and strategic:
2026-06-22 18:54:37 [INFO   ] PROGRESS |   PlacementHub may require support across accounting, taxation, compliance, payroll, investor documentation, audit, and related professional services.
2026-06-22 18:54:37 [INFO   ] PROGRESS |   I would naturally be pleased to consider and prioritize firms that support PlacementHub during its early growth phase, subject to suitability and mutual agreement.
2026-06-22 18:54:37 [INFO   ] PROGRESS |   The relationship can begin with a simple review of the investment note and, where appropriate, introductions to suitable investor clients.
2026-06-22 18:54:37 [INFO   ] PROGRESS |   If the opportunity is worth a look, I would be happy to send the note and speak briefly about the round,
2026-06-22 18:54:37 [INFO   ] PROGRESS |   the platform, and the type of strategic investors we are looking for.
2026-06-22 18:54:37 [INFO   ] PROGRESS |   Please reply to this email or call me if you would like to explore it.
2026-06-22 18:54:37 [INFO   ] PROGRESS |   Warm Regards,
2026-06-22 18:54:37 [INFO   ] PROGRESS |   Sandeep Jain
2026-06-22 18:54:37 [INFO   ] PROGRESS |   Founder, PlacementHub
2026-06-22 18:54:37 [INFO   ] PROGRESS |   +91-9860090620
2026-06-22 18:54:37 [INFO   ] PROGRESS |   sandeepjain200019@gmail.com
2026-06-22 18:54:37 [INFO   ] PROGRESS |   Detailed Profile
2026-06-22 18:54:37 [INFO   ] PROGRESS |   Detailed Note on Funding Requirement
2026-06-22 18:54:37 [INFO   ] --------------------------------------------------------------
2026-06-22 18:54:37 [INFO   ] 
2026-06-22 18:54:37 [INFO   ] 
2026-06-22 18:54:37 [INFO   ] PROGRESS | Email preview — To: constitution date | Subject: PlacementHub pre-seed intro with BATTULL AND ASSOCIATES LLP
2026-06-22 18:54:38 [ERROR  ] Brevo send failed for constitution date: Brevo API send failed for constitution date: (400)
Reason: Bad Request
HTTP response headers: HTTPHeaderDict({'Date': 'Mon, 22 Jun 2026 13:24:38 GMT', 'Content-Type': 'application/json', 'Content-Length': '66', 'Connection': 'keep-alive', 'CF-RAY': 'a0fb930a5fe9f0d7-CDG', 'x-envoy-upstream-service-time': '17', 'access-control-allow-credentials': 'true', 'sib-request-id': '965272e9-c012-9013-87b6-1b44740c0426', 'access-control-allow-origin': '*', 'access-control-allow-headers': '*', 'access-control-allow-methods': 'PUT, POST, GET, DELETE, PATCH, OPTIONS', 'x-sib-ratelimit-limit': '1000', 'x-sib-ratelimit-remaining': '999', 'x-sib-ratelimit-reset': '1', 'cf-cache-status': 'DYNAMIC', 'Set-Cookie': '_cfuvid=jOH3BpqKH9_kWTcHSYA0omJNkn.RZIHaFpPXQEdJncA-1782134678185-0.0.1.1-604800000; path=/; domain=.sendinblue.com; HttpOnly; Secure; SameSite=None', 'Server': 'cloudflare'})
HTTP response body: {"code":"invalid_parameter","message":"email is not valid in to"}


2026-06-22 18:54:38 [INFO   ] PROGRESS | Send 2/50 | FAILED | constitution date | BATTULL AND ASSOCIATES LLP [Chartered Accountants & Company Secretaries] | ok=0 fail=2 skip=0
2026-06-22 18:54:38 [INFO   ] PROGRESS | Send 3/50 | SENDING | guptap929@gmail.com | SWAPNIL ARUNKUMAR GUPTA [Chartered Accountants & Company Secretaries] | ok=0 fail=2 skip=0
2026-06-22 18:55:08 [WARNING] NVIDIA call failed (attempt 1/5): The read operation timed out — rotating key.
2026-06-22 18:55:11 [INFO   ] --------------------------------------------------------------
2026-06-22 18:55:11 [INFO   ] PROGRESS | Email content — To: guptap929@gmail.com
2026-06-22 18:55:11 [INFO   ] PROGRESS | Subject: PlacementHub pre-seed intro with SWAPNIL ARUNKUMAR GUPTA
2026-06-22 18:55:11 [INFO   ] PROGRESS | Body:
2026-06-22 18:55:11 [INFO   ] PROGRESS |   Dear Sir/Madam,
2026-06-22 18:55:11 [INFO   ] PROGRESS |   I am reaching out to introduce PlacementHub and explore whether any of your investor, entrepreneur, or
2026-06-22 18:55:11 [INFO   ] PROGRESS |   HNI clients may be open to reviewing a strategic seed opportunity.
2026-06-22 18:55:11 [INFO   ] PROGRESS |   My name is Sandeep Jain. PlacementHub is currently in its pre-seed fundraising stage, and I am
2026-06-22 18:55:11 [INFO   ] PROGRESS |   soliciting strategic seed investment for the same. PlacementHub is a campus placement and employability
2026-06-22 18:55:11 [INFO   ] PROGRESS |   platform connecting students, colleges, and recruiters. The product is built and in early
2026-06-22 18:55:11 [INFO   ] PROGRESS |   commercialization.
2026-06-22 18:55:11 [INFO   ] PROGRESS |   For reference, the detailed business plan, including the business model and go-to-market strategies, is
2026-06-22 18:55:11 [INFO   ] PROGRESS |   available here:
2026-06-22 18:55:11 [INFO   ] PROGRESS |   PlacementHub Business Plan
2026-06-22 18:55:11 [INFO   ] PROGRESS |   For a Chartered Accountant firm, the relevance is mainly professional and strategic:
2026-06-22 18:55:11 [INFO   ] PROGRESS |   PlacementHub may require support across accounting, taxation, compliance, payroll, investor documentation, audit, and related professional services.
2026-06-22 18:55:11 [INFO   ] PROGRESS |   I would naturally be pleased to consider and prioritize firms that support PlacementHub during its early growth phase, subject to suitability and mutual agreement.
2026-06-22 18:55:11 [INFO   ] PROGRESS |   The relationship can begin with a simple review of the investment note and, where appropriate, introductions to suitable investor clients.
2026-06-22 18:55:11 [INFO   ] PROGRESS |   If the opportunity is worth a look, I would be happy to send the note and speak briefly about the round,
2026-06-22 18:55:11 [INFO   ] PROGRESS |   the platform, and the type of strategic investors we are looking for.
2026-06-22 18:55:11 [INFO   ] PROGRESS |   Please reply to this email or call me if you would like to explore it.
2026-06-22 18:55:11 [INFO   ] PROGRESS |   Warm Regards,
2026-06-22 18:55:11 [INFO   ] PROGRESS |   Sandeep Jain
2026-06-22 18:55:11 [INFO   ] PROGRESS |   Founder, PlacementHub
2026-06-22 18:55:11 [INFO   ] PROGRESS |   +91-9860090620
2026-06-22 18:55:11 [INFO   ] PROGRESS |   sandeepjain200019@gmail.com
2026-06-22 18:55:11 [INFO   ] PROGRESS |   Detailed Profile
2026-06-22 18:55:11 [INFO   ] PROGRESS |   Detailed Note on Funding Requirement
2026-06-22 18:55:11 [INFO   ] --------------------------------------------------------------
2026-06-22 18:55:11 [INFO   ] 
2026-06-22 18:55:11 [INFO   ] 
2026-06-22 18:55:11 [INFO   ] PROGRESS | Email preview — To: guptap929@gmail.com | Subject: PlacementHub pre-seed intro with SWAPNIL ARUNKUMAR GUPTA
2026-06-22 18:55:12 [INFO   ] SENT (Brevo) -> guptap929@gmail.com (SWAPNIL ARUNKUMAR GUPTA) | PlacementHub pre-seed intro with SWAPNIL ARUNKUMAR GUPTA | messageId=<202606221325.52068471508@smtp-relay.mailin.fr> (API accepted; run audit-brevo to confirm delivery)
2026-06-22 18:55:12 [INFO   ] Sleeping for 10 seconds
2026-06-22 18:55:22 [INFO   ] PROGRESS | Send 3/50 | SENT | guptap929@gmail.com | SWAPNIL ARUNKUMAR GUPTA [Chartered Accountants & Company Secretaries] | ok=1 fail=2 skip=0
2026-06-22 18:55:22 [INFO   ] PROGRESS | Send 4/50 | SENDING | jayeshkshah2002@yahoo.com | JAYESH KUMAR KALIDAS SHAH [Chartered Accountants & Company Secretaries] | ok=1 fail=2 skip=0
2026-06-22 18:55:23 [INFO   ] --------------------------------------------------------------
2026-06-22 18:55:23 [INFO   ] PROGRESS | Email content — To: jayeshkshah2002@yahoo.com
2026-06-22 18:55:23 [INFO   ] PROGRESS | Subject: PlacementHub pre-seed intro with JAYESH KUMAR KALIDAS SHAH
2026-06-22 18:55:23 [INFO   ] PROGRESS | Body:
2026-06-22 18:55:23 [INFO   ] PROGRESS |   Dear Sir/Madam,
2026-06-22 18:55:23 [INFO   ] PROGRESS |   I am reaching out to introduce PlacementHub and explore whether any of your investor, entrepreneur, or
2026-06-22 18:55:23 [INFO   ] PROGRESS |   HNI clients may be open to reviewing a strategic seed opportunity.
2026-06-22 18:55:23 [INFO   ] PROGRESS |   My name is Sandeep Jain. PlacementHub is currently in its pre-seed fundraising stage, and I am
2026-06-22 18:55:23 [INFO   ] PROGRESS |   soliciting strategic seed investment for the same. PlacementHub is a campus placement and employability
2026-06-22 18:55:23 [INFO   ] PROGRESS |   platform connecting students, colleges, and recruiters. The product is built and in early
2026-06-22 18:55:23 [INFO   ] PROGRESS |   commercialization.
2026-06-22 18:55:23 [INFO   ] PROGRESS |   For reference, the detailed business plan, including the business model and go-to-market strategies, is
2026-06-22 18:55:23 [INFO   ] PROGRESS |   available here:
2026-06-22 18:55:23 [INFO   ] PROGRESS |   PlacementHub Business Plan
2026-06-22 18:55:23 [INFO   ] PROGRESS |   For a Chartered Accountant firm, the relevance is mainly professional and strategic:
2026-06-22 18:55:23 [INFO   ] PROGRESS |   PlacementHub may require support across accounting, taxation, compliance, payroll, investor documentation, audit, and related professional services.
2026-06-22 18:55:23 [INFO   ] PROGRESS |   I would naturally be pleased to consider and prioritize firms that support PlacementHub during its early growth phase, subject to suitability and mutual agreement.
2026-06-22 18:55:23 [INFO   ] PROGRESS |   The relationship can begin with a simple review of the investment note and, where appropriate, introductions to suitable investor clients.
2026-06-22 18:55:23 [INFO   ] PROGRESS |   If the opportunity is worth a look, I would be happy to send the note and speak briefly about the round,
2026-06-22 18:55:23 [INFO   ] PROGRESS |   the platform, and the type of strategic investors we are looking for.
2026-06-22 18:55:23 [INFO   ] PROGRESS |   Please reply to this email or call me if you would like to explore it.
2026-06-22 18:55:23 [INFO   ] PROGRESS |   Warm Regards,
2026-06-22 18:55:23 [INFO   ] PROGRESS |   Sandeep Jain
2026-06-22 18:55:23 [INFO   ] PROGRESS |   Founder, PlacementHub
2026-06-22 18:55:23 [INFO   ] PROGRESS |   +91-9860090620
2026-06-22 18:55:23 [INFO   ] PROGRESS |   sandeepjain200019@gmail.com
2026-06-22 18:55:23 [INFO   ] PROGRESS |   Detailed Profile
2026-06-22 18:55:23 [INFO   ] PROGRESS |   Detailed Note on Funding Requirement
2026-06-22 18:55:23 [INFO   ] --------------------------------------------------------------
2026-06-22 18:55:23 [INFO   ] 
2026-06-22 18:55:23 [INFO   ] 
2026-06-22 18:55:23 [INFO   ] PROGRESS | Email preview — To: jayeshkshah2002@yahoo.com | Subject: PlacementHub pre-seed intro with JAYESH KUMAR KALIDAS SHAH
2026-06-22 18:55:30 [INFO   ] SENT (Brevo) -> jayeshkshah2002@yahoo.com (JAYESH KUMAR KALIDAS SHAH) | PlacementHub pre-seed intro with JAYESH KUMAR KALIDAS SHAH | messageId=<202606221325.38487275645@smtp-relay.mailin.fr> (API accepted; run audit-brevo to confirm delivery)
2026-06-22 18:55:30 [INFO   ] Sleeping for 10 seconds
2026-06-22 18:55:40 [INFO   ] PROGRESS | Send 4/50 | SENT | jayeshkshah2002@yahoo.com | JAYESH KUMAR KALIDAS SHAH [Chartered Accountants & Company Secretaries] | ok=2 fail=2 skip=0
2026-06-22 18:55:40 [INFO   ] PROGRESS | Send 5/50 | SENDING | chinrshah@gmail.com | CHINMAY RAJIV SHAH [Chartered Accountants & Company Secretaries] | ok=2 fail=2 skip=0
2026-06-22 18:56:07 [INFO   ] --------------------------------------------------------------
2026-06-22 18:56:07 [INFO   ] PROGRESS | Email content — To: chinrshah@gmail.com
2026-06-22 18:56:07 [INFO   ] PROGRESS | Subject: PlacementHub pre-seed intro with CHINMAY RAJIV SHAH
2026-06-22 18:56:07 [INFO   ] PROGRESS | Body:
2026-06-22 18:56:07 [INFO   ] PROGRESS |   Dear Sir/Madam,
2026-06-22 18:56:07 [INFO   ] PROGRESS |   I am reaching out to introduce PlacementHub and explore whether any of your investor, entrepreneur, or
2026-06-22 18:56:07 [INFO   ] PROGRESS |   HNI clients may be open to reviewing a strategic seed opportunity.
2026-06-22 18:56:07 [INFO   ] PROGRESS |   My name is Sandeep Jain. PlacementHub is currently in its pre-seed fundraising stage, and I am
2026-06-22 18:56:07 [INFO   ] PROGRESS |   soliciting strategic seed investment for the same. PlacementHub is a campus placement and employability
2026-06-22 18:56:07 [INFO   ] PROGRESS |   platform connecting students, colleges, and recruiters. The product is built and in early
2026-06-22 18:56:07 [INFO   ] PROGRESS |   commercialization.
2026-06-22 18:56:07 [INFO   ] PROGRESS |   For reference, the detailed business plan, including the business model and go-to-market strategies, is
2026-06-22 18:56:07 [INFO   ] PROGRESS |   available here:
2026-06-22 18:56:07 [INFO   ] PROGRESS |   PlacementHub Business Plan
2026-06-22 18:56:07 [INFO   ] PROGRESS |   For a Chartered Accountant firm, the relevance is mainly professional and strategic:
2026-06-22 18:56:07 [INFO   ] PROGRESS |   PlacementHub may require support across accounting, taxation, compliance, payroll, investor documentation, audit, and related professional services.
2026-06-22 18:56:07 [INFO   ] PROGRESS |   I would naturally be pleased to consider and prioritize firms that support PlacementHub during its early growth phase, subject to suitability and mutual agreement.
2026-06-22 18:56:07 [INFO   ] PROGRESS |   The relationship can begin with a simple review of the investment note and, where appropriate, introductions to suitable investor clients.
2026-06-22 18:56:07 [INFO   ] PROGRESS |   If the opportunity is worth a look, I would be happy to send the note and speak briefly about the round,
2026-06-22 18:56:07 [INFO   ] PROGRESS |   the platform, and the type of strategic investors we are looking for.
2026-06-22 18:56:07 [INFO   ] PROGRESS |   Please reply to this email or call me if you would like to explore it.
2026-06-22 18:56:07 [INFO   ] PROGRESS |   Warm Regards,
2026-06-22 18:56:07 [INFO   ] PROGRESS |   Sandeep Jain
2026-06-22 18:56:07 [INFO   ] PROGRESS |   Founder, PlacementHub
2026-06-22 18:56:07 [INFO   ] PROGRESS |   +91-9860090620
2026-06-22 18:56:07 [INFO   ] PROGRESS |   sandeepjain200019@gmail.com
2026-06-22 18:56:07 [INFO   ] PROGRESS |   Detailed Profile
2026-06-22 18:56:07 [INFO   ] PROGRESS |   Detailed Note on Funding Requirement
2026-06-22 18:56:07 [INFO   ] --------------------------------------------------------------
2026-06-22 18:56:07 [INFO   ] 
2026-06-22 18:56:07 [INFO   ] 
2026-06-22 18:56:07 [INFO   ] PROGRESS | Email preview — To: chinrshah@gmail.com | Subject: PlacementHub pre-seed intro with CHINMAY RAJIV SHAH
2026-06-22 18:56:12 [INFO   ] SENT (Brevo) -> chinrshah@gmail.com (CHINMAY RAJIV SHAH) | PlacementHub pre-seed intro with CHINMAY RAJIV SHAH | messageId=<202606221326.79316293759@smtp-relay.mailin.fr> (API accepted; run audit-brevo to confirm delivery)
2026-06-22 18:56:12 [INFO   ] Sleeping for 10 seconds
2026-06-22 18:56:22 [INFO   ] PROGRESS | Send 5/50 | SENT | chinrshah@gmail.com | CHINMAY RAJIV SHAH [Chartered Accountants & Company Secretaries] | ok=3 fail=2 skip=0
2026-06-22 18:56:22 [INFO   ] PROGRESS | Send 6/50 | SENDING | ca_ankurshah@hotmail.com | ANKUR HITENDRA SHAH [Chartered Accountants & Company Secretaries] | ok=3 fail=2 skip=0
2026-06-22 18:56:38 [INFO   ] --------------------------------------------------------------
2026-06-22 18:56:38 [INFO   ] PROGRESS | Email content — To: ca_ankurshah@hotmail.com
2026-06-22 18:56:38 [INFO   ] PROGRESS | Subject: PlacementHub pre-seed intro with ANKUR HITENDRA SHAH
2026-06-22 18:56:38 [INFO   ] PROGRESS | Body:
2026-06-22 18:56:38 [INFO   ] PROGRESS |   Dear Sir/Madam,
2026-06-22 18:56:38 [INFO   ] PROGRESS |   I am reaching out to introduce PlacementHub and explore whether any of your investor, entrepreneur, or
2026-06-22 18:56:38 [INFO   ] PROGRESS |   HNI clients may be open to reviewing a strategic seed opportunity.
2026-06-22 18:56:38 [INFO   ] PROGRESS |   My name is Sandeep Jain. PlacementHub is currently in its pre-seed fundraising stage, and I am
2026-06-22 18:56:38 [INFO   ] PROGRESS |   soliciting strategic seed investment for the same. PlacementHub is a campus placement and employability
2026-06-22 18:56:38 [INFO   ] PROGRESS |   platform connecting students, colleges, and recruiters. The product is built and in early
2026-06-22 18:56:38 [INFO   ] PROGRESS |   commercialization.
2026-06-22 18:56:38 [INFO   ] PROGRESS |   For reference, the detailed business plan, including the business model and go-to-market strategies, is
2026-06-22 18:56:38 [INFO   ] PROGRESS |   available here:
2026-06-22 18:56:38 [INFO   ] PROGRESS |   PlacementHub Business Plan
2026-06-22 18:56:38 [INFO   ] PROGRESS |   For a Chartered Accountant firm, the relevance is mainly professional and strategic:
2026-06-22 18:56:38 [INFO   ] PROGRESS |   PlacementHub may require support across accounting, taxation, compliance, payroll, investor documentation, audit, and related professional services.
2026-06-22 18:56:38 [INFO   ] PROGRESS |   I would naturally be pleased to consider and prioritize firms that support PlacementHub during its early growth phase, subject to suitability and mutual agreement.
2026-06-22 18:56:38 [INFO   ] PROGRESS |   The relationship can begin with a simple review of the investment note and, where appropriate, introductions to suitable investor clients.
2026-06-22 18:56:38 [INFO   ] PROGRESS |   If the opportunity is worth a look, I would be happy to send the note and speak briefly about the round,
2026-06-22 18:56:38 [INFO   ] PROGRESS |   the platform, and the type of strategic investors we are looking for.
2026-06-22 18:56:38 [INFO   ] PROGRESS |   Please reply to this email or call me if you would like to explore it.
2026-06-22 18:56:38 [INFO   ] PROGRESS |   Warm Regards,
2026-06-22 18:56:38 [INFO   ] PROGRESS |   Sandeep Jain
2026-06-22 18:56:38 [INFO   ] PROGRESS |   Founder, PlacementHub
2026-06-22 18:56:38 [INFO   ] PROGRESS |   +91-9860090620
2026-06-22 18:56:38 [INFO   ] PROGRESS |   sandeepjain200019@gmail.com
2026-06-22 18:56:38 [INFO   ] PROGRESS |   Detailed Profile
2026-06-22 18:56:38 [INFO   ] PROGRESS |   Detailed Note on Funding Requirement
2026-06-22 18:56:38 [INFO   ] --------------------------------------------------------------
2026-06-22 18:56:38 [INFO   ] 
2026-06-22 18:56:38 [INFO   ] 
2026-06-22 18:56:38 [INFO   ] PROGRESS | Email preview — To: ca_ankurshah@hotmail.com | Subject: PlacementHub pre-seed intro with ANKUR HITENDRA SHAH
2026-06-22 18:56:40 [INFO   ] SENT (Brevo) -> ca_ankurshah@hotmail.com (ANKUR HITENDRA SHAH) | PlacementHub pre-seed intro with ANKUR HITENDRA SHAH | messageId=<202606221326.86086793074@smtp-relay.mailin.fr> (API accepted; run audit-brevo to confirm delivery)
2026-06-22 18:56:40 [INFO   ] Sleeping for 10 seconds
2026-06-22 18:56:50 [INFO   ] PROGRESS | Send 6/50 | SENT | ca_ankurshah@hotmail.com | ANKUR HITENDRA SHAH [Chartered Accountants & Company Secretaries] | ok=4 fail=2 skip=0
2026-06-22 18:56:50 [INFO   ] PROGRESS | Send 7/50 | SENDING | caprakashbhanushali@gmail.com | PRAKASH SHANKARLAL BHANUSHALI [Chartered Accountants & Company Secretaries] | ok=4 fail=2 skip=0
2026-06-22 18:56:52 [INFO   ] --------------------------------------------------------------
2026-06-22 18:56:52 [INFO   ] PROGRESS | Email content — To: caprakashbhanushali@gmail.com
2026-06-22 18:56:52 [INFO   ] PROGRESS | Subject: PlacementHub pre-seed intro with PRAKASH SHANKARLAL BHANUSHALI
2026-06-22 18:56:52 [INFO   ] PROGRESS | Body:
2026-06-22 18:56:52 [INFO   ] PROGRESS |   Dear Sir/Madam,
2026-06-22 18:56:52 [INFO   ] PROGRESS |   I am reaching out to introduce PlacementHub and explore whether any of your investor, entrepreneur, or
2026-06-22 18:56:52 [INFO   ] PROGRESS |   HNI clients may be open to reviewing a strategic seed opportunity.
2026-06-22 18:56:52 [INFO   ] PROGRESS |   My name is Sandeep Jain. PlacementHub is currently in its pre-seed fundraising stage, and I am
2026-06-22 18:56:52 [INFO   ] PROGRESS |   soliciting strategic seed investment for the same. PlacementHub is a campus placement and employability
2026-06-22 18:56:52 [INFO   ] PROGRESS |   platform connecting students, colleges, and recruiters. The product is built and in early
2026-06-22 18:56:52 [INFO   ] PROGRESS |   commercialization.
2026-06-22 18:56:52 [INFO   ] PROGRESS |   For reference, the detailed business plan, including the business model and go-to-market strategies, is
2026-06-22 18:56:52 [INFO   ] PROGRESS |   available here:
2026-06-22 18:56:52 [INFO   ] PROGRESS |   PlacementHub Business Plan
2026-06-22 18:56:52 [INFO   ] PROGRESS |   For a Chartered Accountant firm, the relevance is mainly professional and strategic:
2026-06-22 18:56:52 [INFO   ] PROGRESS |   PlacementHub may require support across accounting, taxation, compliance, payroll, investor documentation, audit, and related professional services.
2026-06-22 18:56:52 [INFO   ] PROGRESS |   I would naturally be pleased to consider and prioritize firms that support PlacementHub during its early growth phase, subject to suitability and mutual agreement.
2026-06-22 18:56:52 [INFO   ] PROGRESS |   The relationship can begin with a simple review of the investment note and, where appropriate, introductions to suitable investor clients.
2026-06-22 18:56:52 [INFO   ] PROGRESS |   If the opportunity is worth a look, I would be happy to send the note and speak briefly about the round,
2026-06-22 18:56:52 [INFO   ] PROGRESS |   the platform, and the type of strategic investors we are looking for.
2026-06-22 18:56:52 [INFO   ] PROGRESS |   Please reply to this email or call me if you would like to explore it.
2026-06-22 18:56:52 [INFO   ] PROGRESS |   Warm Regards,
2026-06-22 18:56:52 [INFO   ] PROGRESS |   Sandeep Jain
2026-06-22 18:56:52 [INFO   ] PROGRESS |   Founder, PlacementHub
2026-06-22 18:56:52 [INFO   ] PROGRESS |   +91-9860090620
2026-06-22 18:56:52 [INFO   ] PROGRESS |   sandeepjain200019@gmail.com
2026-06-22 18:56:52 [INFO   ] PROGRESS |   Detailed Profile
2026-06-22 18:56:52 [INFO   ] PROGRESS |   Detailed Note on Funding Requirement
2026-06-22 18:56:52 [INFO   ] --------------------------------------------------------------
2026-06-22 18:56:52 [INFO   ] 
2026-06-22 18:56:52 [INFO   ] 
2026-06-22 18:56:52 [INFO   ] PROGRESS | Email preview — To: caprakashbhanushali@gmail.com | Subject: PlacementHub pre-seed intro with PRAKASH SHANKARLAL BHANUSHALI
2026-06-22 18:56:56 [INFO   ] SENT (Brevo) -> caprakashbhanushali@gmail.com (PRAKASH SHANKARLAL BHANUSHALI) | PlacementHub pre-seed intro with PRAKASH SHANKARLAL BHANUSHALI | messageId=<202606221326.18123583243@smtp-relay.mailin.fr> (API accepted; run audit-brevo to confirm delivery)
2026-06-22 18:56:56 [INFO   ] Sleeping for 10 seconds
2026-06-22 18:57:06 [INFO   ] PROGRESS | Send 7/50 | SENT | caprakashbhanushali@gmail.com | PRAKASH SHANKARLAL BHANUSHALI [Chartered Accountants & Company Secretaries] | ok=5 fail=2 skip=0
2026-06-22 18:57:06 [INFO   ] PROGRESS | Send 8/50 | SENDING | mroy0277@gmail.com | MAITREYEE ROY [Chartered Accountants & Company Secretaries] | ok=5 fail=2 skip=0
2026-06-22 18:57:13 [INFO   ] --------------------------------------------------------------
2026-06-22 18:57:13 [INFO   ] PROGRESS | Email content — To: mroy0277@gmail.com
2026-06-22 18:57:13 [INFO   ] PROGRESS | Subject: PlacementHub pre-seed intro with MAITREYEE ROY
2026-06-22 18:57:13 [INFO   ] PROGRESS | Body:
2026-06-22 18:57:13 [INFO   ] PROGRESS |   Dear Sir/Madam,
2026-06-22 18:57:13 [INFO   ] PROGRESS |   I am reaching out to introduce PlacementHub and explore whether any of your investor, entrepreneur, or
2026-06-22 18:57:13 [INFO   ] PROGRESS |   HNI clients may be open to reviewing a strategic seed opportunity.
2026-06-22 18:57:13 [INFO   ] PROGRESS |   My name is Sandeep Jain. PlacementHub is currently in its pre-seed fundraising stage, and I am
2026-06-22 18:57:13 [INFO   ] PROGRESS |   soliciting strategic seed investment for the same. PlacementHub is a campus placement and employability
2026-06-22 18:57:13 [INFO   ] PROGRESS |   platform connecting students, colleges, and recruiters. The product is built and in early
2026-06-22 18:57:13 [INFO   ] PROGRESS |   commercialization.
2026-06-22 18:57:13 [INFO   ] PROGRESS |   For reference, the detailed business plan, including the business model and go-to-market strategies, is
2026-06-22 18:57:13 [INFO   ] PROGRESS |   available here:
2026-06-22 18:57:13 [INFO   ] PROGRESS |   PlacementHub Business Plan
2026-06-22 18:57:13 [INFO   ] PROGRESS |   For a Chartered Accountant firm, the relevance is mainly professional and strategic:
2026-06-22 18:57:13 [INFO   ] PROGRESS |   PlacementHub may require support across accounting, taxation, compliance, payroll, investor documentation, audit, and related professional services.
2026-06-22 18:57:13 [INFO   ] PROGRESS |   I would naturally be pleased to consider and prioritize firms that support PlacementHub during its early growth phase, subject to suitability and mutual agreement.
2026-06-22 18:57:13 [INFO   ] PROGRESS |   The relationship can begin with a simple review of the investment note and, where appropriate, introductions to suitable investor clients.
2026-06-22 18:57:13 [INFO   ] PROGRESS |   If the opportunity is worth a look, I would be happy to send the note and speak briefly about the round,
2026-06-22 18:57:13 [INFO   ] PROGRESS |   the platform, and the type of strategic investors we are looking for.
2026-06-22 18:57:13 [INFO   ] PROGRESS |   Please reply to this email or call me if you would like to explore it.
2026-06-22 18:57:13 [INFO   ] PROGRESS |   Warm Regards,
2026-06-22 18:57:13 [INFO   ] PROGRESS |   Sandeep Jain
2026-06-22 18:57:13 [INFO   ] PROGRESS |   Founder, PlacementHub
2026-06-22 18:57:13 [INFO   ] PROGRESS |   +91-9860090620
2026-06-22 18:57:13 [INFO   ] PROGRESS |   sandeepjain200019@gmail.com
2026-06-22 18:57:13 [INFO   ] PROGRESS |   Detailed Profile
2026-06-22 18:57:13 [INFO   ] PROGRESS |   Detailed Note on Funding Requirement
2026-06-22 18:57:13 [INFO   ] --------------------------------------------------------------
2026-06-22 18:57:13 [INFO   ] 
2026-06-22 18:57:13 [INFO   ] 
2026-06-22 18:57:13 [INFO   ] PROGRESS | Email preview — To: mroy0277@gmail.com | Subject: PlacementHub pre-seed intro with MAITREYEE ROY
2026-06-22 18:57:18 [INFO   ] SENT (Brevo) -> mroy0277@gmail.com (MAITREYEE ROY) | PlacementHub pre-seed intro with MAITREYEE ROY | messageId=<202606221327.21641985852@smtp-relay.mailin.fr> (API accepted; run audit-brevo to confirm delivery)
2026-06-22 18:57:18 [INFO   ] Sleeping for 10 seconds
2026-06-22 18:57:28 [INFO   ] PROGRESS | Send 8/50 | SENT | mroy0277@gmail.com | MAITREYEE ROY [Chartered Accountants & Company Secretaries] | ok=6 fail=2 skip=0
2026-06-22 18:57:28 [INFO   ] PROGRESS | Send 9/50 | SENDING | viren@virenjain.com | VIRENDRA JAIN [Chartered Accountants & Company Secretaries] | ok=6 fail=2 skip=0
2026-06-22 18:57:29 [INFO   ] --------------------------------------------------------------
2026-06-22 18:57:29 [INFO   ] PROGRESS | Email content — To: viren@virenjain.com
2026-06-22 18:57:29 [INFO   ] PROGRESS | Subject: PlacementHub pre-seed intro with VIRENDRA JAIN
2026-06-22 18:57:29 [INFO   ] PROGRESS | Body:
2026-06-22 18:57:29 [INFO   ] PROGRESS |   Dear Sir/Madam,
2026-06-22 18:57:29 [INFO   ] PROGRESS |   I am reaching out to introduce PlacementHub and explore whether any of your investor, entrepreneur, or
2026-06-22 18:57:29 [INFO   ] PROGRESS |   HNI clients may be open to reviewing a strategic seed opportunity.
2026-06-22 18:57:29 [INFO   ] PROGRESS |   My name is Sandeep Jain. PlacementHub is currently in its pre-seed fundraising stage, and I am
2026-06-22 18:57:29 [INFO   ] PROGRESS |   soliciting strategic seed investment for the same. PlacementHub is a campus placement and employability
2026-06-22 18:57:29 [INFO   ] PROGRESS |   platform connecting students, colleges, and recruiters. The product is built and in early
2026-06-22 18:57:29 [INFO   ] PROGRESS |   commercialization.
2026-06-22 18:57:29 [INFO   ] PROGRESS |   For reference, the detailed business plan, including the business model and go-to-market strategies, is
2026-06-22 18:57:29 [INFO   ] PROGRESS |   available here:
2026-06-22 18:57:29 [INFO   ] PROGRESS |   PlacementHub Business Plan
2026-06-22 18:57:29 [INFO   ] PROGRESS |   For a Chartered Accountant firm, the relevance is mainly professional and strategic:
2026-06-22 18:57:29 [INFO   ] PROGRESS |   PlacementHub may require support across accounting, taxation, compliance, payroll, investor documentation, audit, and related professional services.
2026-06-22 18:57:29 [INFO   ] PROGRESS |   I would naturally be pleased to consider and prioritize firms that support PlacementHub during its early growth phase, subject to suitability and mutual agreement.
2026-06-22 18:57:29 [INFO   ] PROGRESS |   The relationship can begin with a simple review of the investment note and, where appropriate, introductions to suitable investor clients.
2026-06-22 18:57:29 [INFO   ] PROGRESS |   If the opportunity is worth a look, I would be happy to send the note and speak briefly about the round,
2026-06-22 18:57:29 [INFO   ] PROGRESS |   the platform, and the type of strategic investors we are looking for.
2026-06-22 18:57:29 [INFO   ] PROGRESS |   Please reply to this email or call me if you would like to explore it.
2026-06-22 18:57:29 [INFO   ] PROGRESS |   Warm Regards,
2026-06-22 18:57:29 [INFO   ] PROGRESS |   Sandeep Jain
2026-06-22 18:57:29 [INFO   ] PROGRESS |   Founder, PlacementHub
2026-06-22 18:57:29 [INFO   ] PROGRESS |   +91-9860090620
2026-06-22 18:57:29 [INFO   ] PROGRESS |   sandeepjain200019@gmail.com
2026-06-22 18:57:29 [INFO   ] PROGRESS |   Detailed Profile
2026-06-22 18:57:29 [INFO   ] PROGRESS |   Detailed Note on Funding Requirement
2026-06-22 18:57:29 [INFO   ] --------------------------------------------------------------
2026-06-22 18:57:29 [INFO   ] 
2026-06-22 18:57:29 [INFO   ] 
2026-06-22 18:57:29 [INFO   ] PROGRESS | Email preview — To: viren@virenjain.com | Subject: PlacementHub pre-seed intro with VIRENDRA JAIN
2026-06-22 18:57:33 [INFO   ] SENT (Brevo) -> viren@virenjain.com (VIRENDRA JAIN) | PlacementHub pre-seed intro with VIRENDRA JAIN | messageId=<202606221327.66004931083@smtp-relay.mailin.fr> (API accepted; run audit-brevo to confirm delivery)
2026-06-22 18:57:33 [INFO   ] Sleeping for 10 seconds
2026-06-22 18:57:43 [INFO   ] PROGRESS | Send 9/50 | SENT | viren@virenjain.com | VIRENDRA JAIN [Chartered Accountants & Company Secretaries] | ok=7 fail=2 skip=0
2026-06-22 18:57:43 [INFO   ] PROGRESS | Send 10/50 | SENDING | vikas@trchadha.com | VIKAS KUMAR [Chartered Accountants & Company Secretaries] | ok=7 fail=2 skip=0
2026-06-22 18:58:11 [INFO   ] --------------------------------------------------------------
2026-06-22 18:58:11 [INFO   ] PROGRESS | Email content — To: vikas@trchadha.com
2026-06-22 18:58:11 [INFO   ] PROGRESS | Subject: PlacementHub pre-seed intro with VIKAS KUMAR
2026-06-22 18:58:11 [INFO   ] PROGRESS | Body:
2026-06-22 18:58:11 [INFO   ] PROGRESS |   Dear Sir/Madam,
2026-06-22 18:58:11 [INFO   ] PROGRESS |   I am reaching out to introduce PlacementHub and explore whether any of your investor, entrepreneur, or
2026-06-22 18:58:11 [INFO   ] PROGRESS |   HNI clients may be open to reviewing a strategic seed opportunity.
2026-06-22 18:58:11 [INFO   ] PROGRESS |   My name is Sandeep Jain. PlacementHub is currently in its pre-seed fundraising stage, and I am
2026-06-22 18:58:11 [INFO   ] PROGRESS |   soliciting strategic seed investment for the same. PlacementHub is a campus placement and employability
2026-06-22 18:58:11 [INFO   ] PROGRESS |   platform connecting students, colleges, and recruiters. The product is built and in early
2026-06-22 18:58:11 [INFO   ] PROGRESS |   commercialization.
2026-06-22 18:58:11 [INFO   ] PROGRESS |   For reference, the detailed business plan, including the business model and go-to-market strategies, is
2026-06-22 18:58:11 [INFO   ] PROGRESS |   available here:
2026-06-22 18:58:11 [INFO   ] PROGRESS |   PlacementHub Business Plan
2026-06-22 18:58:11 [INFO   ] PROGRESS |   For a Chartered Accountant firm, the relevance is mainly professional and strategic:
2026-06-22 18:58:11 [INFO   ] PROGRESS |   PlacementHub may require support across accounting, taxation, compliance, payroll, investor documentation, audit, and related professional services.
2026-06-22 18:58:11 [INFO   ] PROGRESS |   I would naturally be pleased to consider and prioritize firms that support PlacementHub during its early growth phase, subject to suitability and mutual agreement.
2026-06-22 18:58:11 [INFO   ] PROGRESS |   The relationship can begin with a simple review of the investment note and, where appropriate, introductions to suitable investor clients.
2026-06-22 18:58:11 [INFO   ] PROGRESS |   If the opportunity is worth a look, I would be happy to send the note and speak briefly about the round,
2026-06-22 18:58:11 [INFO   ] PROGRESS |   the platform, and the type of strategic investors we are looking for.
2026-06-22 18:58:11 [INFO   ] PROGRESS |   Please reply to this email or call me if you would like to explore it.
2026-06-22 18:58:11 [INFO   ] PROGRESS |   Warm Regards,
2026-06-22 18:58:11 [INFO   ] PROGRESS |   Sandeep Jain
2026-06-22 18:58:11 [INFO   ] PROGRESS |   Founder, PlacementHub
2026-06-22 18:58:11 [INFO   ] PROGRESS |   +91-9860090620
2026-06-22 18:58:11 [INFO   ] PROGRESS |   sandeepjain200019@gmail.com
2026-06-22 18:58:11 [INFO   ] PROGRESS |   Detailed Profile
2026-06-22 18:58:11 [INFO   ] PROGRESS |   Detailed Note on Funding Requirement
2026-06-22 18:58:11 [INFO   ] --------------------------------------------------------------
2026-06-22 18:58:11 [INFO   ] 
2026-06-22 18:58:11 [INFO   ] 
2026-06-22 18:58:11 [INFO   ] PROGRESS | Email preview — To: vikas@trchadha.com | Subject: PlacementHub pre-seed intro with VIKAS KUMAR
2026-06-22 18:58:15 [INFO   ] SENT (Brevo) -> vikas@trchadha.com (VIKAS KUMAR) | PlacementHub pre-seed intro with VIKAS KUMAR | messageId=<202606221328.84620689412@smtp-relay.mailin.fr> (API accepted; run audit-brevo to confirm delivery)
2026-06-22 18:58:15 [INFO   ] Sleeping for 10 seconds
2026-06-22 18:58:25 [INFO   ] PROGRESS | Send 10/50 | SENT | vikas@trchadha.com | VIKAS KUMAR [Chartered Accountants & Company Secretaries] | ok=8 fail=2 skip=0
2026-06-22 18:58:25 [INFO   ] PROGRESS | Send 11/50 | SENDING | ca.tejasmetangale@gmail.com | TEJAS MAHADU METANGALE [Chartered Accountants & Company Secretaries] | ok=8 fail=2 skip=0
2026-06-22 18:58:31 [INFO   ] --------------------------------------------------------------
2026-06-22 18:58:31 [INFO   ] PROGRESS | Email content — To: ca.tejasmetangale@gmail.com
2026-06-22 18:58:31 [INFO   ] PROGRESS | Subject: PlacementHub pre-seed intro with TEJAS MAHADU METANGALE
2026-06-22 18:58:31 [INFO   ] PROGRESS | Body:
2026-06-22 18:58:31 [INFO   ] PROGRESS |   Dear Sir/Madam,
2026-06-22 18:58:31 [INFO   ] PROGRESS |   I am reaching out to introduce PlacementHub and explore whether any of your investor, entrepreneur, or
2026-06-22 18:58:31 [INFO   ] PROGRESS |   HNI clients may be open to reviewing a strategic seed opportunity.
2026-06-22 18:58:31 [INFO   ] PROGRESS |   My name is Sandeep Jain. PlacementHub is currently in its pre-seed fundraising stage, and I am
2026-06-22 18:58:31 [INFO   ] PROGRESS |   soliciting strategic seed investment for the same. PlacementHub is a campus placement and employability
2026-06-22 18:58:31 [INFO   ] PROGRESS |   platform connecting students, colleges, and recruiters. The product is built and in early
2026-06-22 18:58:31 [INFO   ] PROGRESS |   commercialization.
2026-06-22 18:58:31 [INFO   ] PROGRESS |   For reference, the detailed business plan, including the business model and go-to-market strategies, is
2026-06-22 18:58:31 [INFO   ] PROGRESS |   available here:
2026-06-22 18:58:31 [INFO   ] PROGRESS |   PlacementHub Business Plan
2026-06-22 18:58:31 [INFO   ] PROGRESS |   For a Chartered Accountant firm, the relevance is mainly professional and strategic:
2026-06-22 18:58:31 [INFO   ] PROGRESS |   PlacementHub may require support across accounting, taxation, compliance, payroll, investor documentation, audit, and related professional services.
2026-06-22 18:58:31 [INFO   ] PROGRESS |   I would naturally be pleased to consider and prioritize firms that support PlacementHub during its early growth phase, subject to suitability and mutual agreement.
2026-06-22 18:58:31 [INFO   ] PROGRESS |   The relationship can begin with a simple review of the investment note and, where appropriate, introductions to suitable investor clients.
2026-06-22 18:58:31 [INFO   ] PROGRESS |   If the opportunity is worth a look, I would be happy to send the note and speak briefly about the round,
2026-06-22 18:58:31 [INFO   ] PROGRESS |   the platform, and the type of strategic investors we are looking for.
2026-06-22 18:58:31 [INFO   ] PROGRESS |   Please reply to this email or call me if you would like to explore it.
2026-06-22 18:58:31 [INFO   ] PROGRESS |   Warm Regards,
2026-06-22 18:58:31 [INFO   ] PROGRESS |   Sandeep Jain
2026-06-22 18:58:31 [INFO   ] PROGRESS |   Founder, PlacementHub
2026-06-22 18:58:31 [INFO   ] PROGRESS |   +91-9860090620
2026-06-22 18:58:31 [INFO   ] PROGRESS |   sandeepjain200019@gmail.com
2026-06-22 18:58:31 [INFO   ] PROGRESS |   Detailed Profile
2026-06-22 18:58:31 [INFO   ] PROGRESS |   Detailed Note on Funding Requirement
2026-06-22 18:58:31 [INFO   ] --------------------------------------------------------------
2026-06-22 18:58:31 [INFO   ] 
2026-06-22 18:58:31 [INFO   ] 
2026-06-22 18:58:31 [INFO   ] PROGRESS | Email preview — To: ca.tejasmetangale@gmail.com | Subject: PlacementHub pre-seed intro with TEJAS MAHADU METANGALE
2026-06-22 18:58:33 [INFO   ] SENT (Brevo) -> ca.tejasmetangale@gmail.com (TEJAS MAHADU METANGALE) | PlacementHub pre-seed intro with TEJAS MAHADU METANGALE | messageId=<202606221328.91875036800@smtp-relay.mailin.fr> (API accepted; run audit-brevo to confirm delivery)
2026-06-22 18:58:33 [INFO   ] Sleeping for 10 seconds
2026-06-22 18:58:43 [INFO   ] PROGRESS | Send 11/50 | SENT | ca.tejasmetangale@gmail.com | TEJAS MAHADU METANGALE [Chartered Accountants & Company Secretaries] | ok=9 fail=2 skip=0
2026-06-22 18:58:43 [INFO   ] PROGRESS | Send 12/50 | SENDING | rlnolakha22@yahoo.com | RAMLAXMAN RADHAKISHAN NOLAKHA [Chartered Accountants & Company Secretaries] | ok=9 fail=2 skip=0
2026-06-22 18:58:45 [INFO   ] --------------------------------------------------------------
2026-06-22 18:58:45 [INFO   ] PROGRESS | Email content — To: rlnolakha22@yahoo.com
2026-06-22 18:58:45 [INFO   ] PROGRESS | Subject: PlacementHub pre-seed intro with RAMLAXMAN RADHAKISHAN NOLAKHA
2026-06-22 18:58:45 [INFO   ] PROGRESS | Body:
2026-06-22 18:58:45 [INFO   ] PROGRESS |   Dear Sir/Madam,
2026-06-22 18:58:45 [INFO   ] PROGRESS |   I am reaching out to introduce PlacementHub and explore whether any of your investor, entrepreneur, or
2026-06-22 18:58:45 [INFO   ] PROGRESS |   HNI clients may be open to reviewing a strategic seed opportunity.
2026-06-22 18:58:45 [INFO   ] PROGRESS |   My name is Sandeep Jain. PlacementHub is currently in its pre-seed fundraising stage, and I am
2026-06-22 18:58:45 [INFO   ] PROGRESS |   soliciting strategic seed investment for the same. PlacementHub is a campus placement and employability
2026-06-22 18:58:45 [INFO   ] PROGRESS |   platform connecting students, colleges, and recruiters. The product is built and in early
2026-06-22 18:58:45 [INFO   ] PROGRESS |   commercialization.
2026-06-22 18:58:45 [INFO   ] PROGRESS |   For reference, the detailed business plan, including the business model and go-to-market strategies, is
2026-06-22 18:58:45 [INFO   ] PROGRESS |   available here:
2026-06-22 18:58:45 [INFO   ] PROGRESS |   PlacementHub Business Plan
2026-06-22 18:58:45 [INFO   ] PROGRESS |   For a Chartered Accountant firm, the relevance is mainly professional and strategic:
2026-06-22 18:58:45 [INFO   ] PROGRESS |   PlacementHub may require support across accounting, taxation, compliance, payroll, investor documentation, audit, and related professional services.
2026-06-22 18:58:45 [INFO   ] PROGRESS |   I would naturally be pleased to consider and prioritize firms that support PlacementHub during its early growth phase, subject to suitability and mutual agreement.
2026-06-22 18:58:45 [INFO   ] PROGRESS |   The relationship can begin with a simple review of the investment note and, where appropriate, introductions to suitable investor clients.
2026-06-22 18:58:45 [INFO   ] PROGRESS |   If the opportunity is worth a look, I would be happy to send the note and speak briefly about the round,
2026-06-22 18:58:45 [INFO   ] PROGRESS |   the platform, and the type of strategic investors we are looking for.
2026-06-22 18:58:45 [INFO   ] PROGRESS |   Please reply to this email or call me if you would like to explore it.
2026-06-22 18:58:45 [INFO   ] PROGRESS |   Warm Regards,
2026-06-22 18:58:45 [INFO   ] PROGRESS |   Sandeep Jain
2026-06-22 18:58:45 [INFO   ] PROGRESS |   Founder, PlacementHub
2026-06-22 18:58:45 [INFO   ] PROGRESS |   +91-9860090620
2026-06-22 18:58:45 [INFO   ] PROGRESS |   sandeepjain200019@gmail.com
2026-06-22 18:58:45 [INFO   ] PROGRESS |   Detailed Profile
2026-06-22 18:58:45 [INFO   ] PROGRESS |   Detailed Note on Funding Requirement
2026-06-22 18:58:45 [INFO   ] --------------------------------------------------------------
2026-06-22 18:58:45 [INFO   ] 
2026-06-22 18:58:45 [INFO   ] 
2026-06-22 18:58:45 [INFO   ] PROGRESS | Email preview — To: rlnolakha22@yahoo.com | Subject: PlacementHub pre-seed intro with RAMLAXMAN RADHAKISHAN NOLAKHA
2026-06-22 18:58:47 [INFO   ] SENT (Brevo) -> rlnolakha22@yahoo.com (RAMLAXMAN RADHAKISHAN NOLAKHA) | PlacementHub pre-seed intro with RAMLAXMAN RADHAKISHAN NOLAKHA | messageId=<202606221328.64281671051@smtp-relay.mailin.fr> (API accepted; run audit-brevo to confirm delivery)
2026-06-22 18:58:47 [INFO   ] Sleeping for 10 seconds
2026-06-22 18:58:57 [INFO   ] PROGRESS | Send 12/50 | SENT | rlnolakha22@yahoo.com | RAMLAXMAN RADHAKISHAN NOLAKHA [Chartered Accountants & Company Secretaries] | ok=10 fail=2 skip=0
2026-06-22 18:58:57 [INFO   ] PROGRESS | Send 13/50 | SENDING | cashaileshjain123@gmail.com | SHAILESH ANIL JAIN [Chartered Accountants & Company Secretaries] | ok=10 fail=2 skip=0
2026-06-22 18:59:01 [INFO   ] --------------------------------------------------------------
2026-06-22 18:59:01 [INFO   ] PROGRESS | Email content — To: cashaileshjain123@gmail.com
2026-06-22 18:59:01 [INFO   ] PROGRESS | Subject: PlacementHub pre-seed intro with SHAILESH ANIL JAIN
2026-06-22 18:59:01 [INFO   ] PROGRESS | Body:
2026-06-22 18:59:01 [INFO   ] PROGRESS |   Dear Sir/Madam,
2026-06-22 18:59:01 [INFO   ] PROGRESS |   I am reaching out to introduce PlacementHub and explore whether any of your investor, entrepreneur, or
2026-06-22 18:59:01 [INFO   ] PROGRESS |   HNI clients may be open to reviewing a strategic seed opportunity.
2026-06-22 18:59:01 [INFO   ] PROGRESS |   My name is Sandeep Jain. PlacementHub is currently in its pre-seed fundraising stage, and I am
2026-06-22 18:59:01 [INFO   ] PROGRESS |   soliciting strategic seed investment for the same. PlacementHub is a campus placement and employability
2026-06-22 18:59:01 [INFO   ] PROGRESS |   platform connecting students, colleges, and recruiters. The product is built and in early
2026-06-22 18:59:01 [INFO   ] PROGRESS |   commercialization.
2026-06-22 18:59:01 [INFO   ] PROGRESS |   For reference, the detailed business plan, including the business model and go-to-market strategies, is
2026-06-22 18:59:01 [INFO   ] PROGRESS |   available here:
2026-06-22 18:59:01 [INFO   ] PROGRESS |   PlacementHub Business Plan
2026-06-22 18:59:01 [INFO   ] PROGRESS |   For a Chartered Accountant firm, the relevance is mainly professional and strategic:
2026-06-22 18:59:01 [INFO   ] PROGRESS |   PlacementHub may require support across accounting, taxation, compliance, payroll, investor documentation, audit, and related professional services.
2026-06-22 18:59:01 [INFO   ] PROGRESS |   I would naturally be pleased to consider and prioritize firms that support PlacementHub during its early growth phase, subject to suitability and mutual agreement.
2026-06-22 18:59:01 [INFO   ] PROGRESS |   The relationship can begin with a simple review of the investment note and, where appropriate, introductions to suitable investor clients.
2026-06-22 18:59:01 [INFO   ] PROGRESS |   If the opportunity is worth a look, I would be happy to send the note and speak briefly about the round,
2026-06-22 18:59:01 [INFO   ] PROGRESS |   the platform, and the type of strategic investors we are looking for.
2026-06-22 18:59:01 [INFO   ] PROGRESS |   Please reply to this email or call me if you would like to explore it.
2026-06-22 18:59:01 [INFO   ] PROGRESS |   Warm Regards,
2026-06-22 18:59:01 [INFO   ] PROGRESS |   Sandeep Jain
2026-06-22 18:59:01 [INFO   ] PROGRESS |   Founder, PlacementHub
2026-06-22 18:59:01 [INFO   ] PROGRESS |   +91-9860090620
2026-06-22 18:59:01 [INFO   ] PROGRESS |   sandeepjain200019@gmail.com
2026-06-22 18:59:01 [INFO   ] PROGRESS |   Detailed Profile
2026-06-22 18:59:01 [INFO   ] PROGRESS |   Detailed Note on Funding Requirement
2026-06-22 18:59:01 [INFO   ] --------------------------------------------------------------
2026-06-22 18:59:01 [INFO   ] 
2026-06-22 18:59:01 [INFO   ] 
2026-06-22 18:59:01 [INFO   ] PROGRESS | Email preview — To: cashaileshjain123@gmail.com | Subject: PlacementHub pre-seed intro with SHAILESH ANIL JAIN
2026-06-22 18:59:06 [INFO   ] SENT (Brevo) -> cashaileshjain123@gmail.com (SHAILESH ANIL JAIN) | PlacementHub pre-seed intro with SHAILESH ANIL JAIN | messageId=<202606221329.10021066185@smtp-relay.mailin.fr> (API accepted; run audit-brevo to confirm delivery)
2026-06-22 18:59:06 [INFO   ] Sleeping for 10 seconds
2026-06-22 18:59:16 [INFO   ] PROGRESS | Send 13/50 | SENT | cashaileshjain123@gmail.com | SHAILESH ANIL JAIN [Chartered Accountants & Company Secretaries] | ok=11 fail=2 skip=0
2026-06-22 18:59:16 [INFO   ] PROGRESS | Send 14/50 | SENDING | rahul.bhauwala@gmail.com | RAHUL MAHESH KUMAR BHAUWALA [Chartered Accountants & Company Secretaries] | ok=11 fail=2 skip=0
2026-06-22 18:59:17 [INFO   ] --------------------------------------------------------------
2026-06-22 18:59:17 [INFO   ] PROGRESS | Email content — To: rahul.bhauwala@gmail.com
2026-06-22 18:59:17 [INFO   ] PROGRESS | Subject: PlacementHub pre-seed intro with RAHUL MAHESH KUMAR BHAUWALA
2026-06-22 18:59:17 [INFO   ] PROGRESS | Body:
2026-06-22 18:59:17 [INFO   ] PROGRESS |   Dear Sir/Madam,
2026-06-22 18:59:17 [INFO   ] PROGRESS |   I am reaching out to introduce PlacementHub and explore whether any of your investor, entrepreneur, or
2026-06-22 18:59:17 [INFO   ] PROGRESS |   HNI clients may be open to reviewing a strategic seed opportunity.
2026-06-22 18:59:17 [INFO   ] PROGRESS |   My name is Sandeep Jain. PlacementHub is currently in its pre-seed fundraising stage, and I am
2026-06-22 18:59:17 [INFO   ] PROGRESS |   soliciting strategic seed investment for the same. PlacementHub is a campus placement and employability
2026-06-22 18:59:17 [INFO   ] PROGRESS |   platform connecting students, colleges, and recruiters. The product is built and in early
2026-06-22 18:59:17 [INFO   ] PROGRESS |   commercialization.
2026-06-22 18:59:17 [INFO   ] PROGRESS |   For reference, the detailed business plan, including the business model and go-to-market strategies, is
2026-06-22 18:59:17 [INFO   ] PROGRESS |   available here:
2026-06-22 18:59:17 [INFO   ] PROGRESS |   PlacementHub Business Plan
2026-06-22 18:59:17 [INFO   ] PROGRESS |   For a Chartered Accountant firm, the relevance is mainly professional and strategic:
2026-06-22 18:59:17 [INFO   ] PROGRESS |   PlacementHub may require support across accounting, taxation, compliance, payroll, investor documentation, audit, and related professional services.
2026-06-22 18:59:17 [INFO   ] PROGRESS |   I would naturally be pleased to consider and prioritize firms that support PlacementHub during its early growth phase, subject to suitability and mutual agreement.
2026-06-22 18:59:17 [INFO   ] PROGRESS |   The relationship can begin with a simple review of the investment note and, where appropriate, introductions to suitable investor clients.
2026-06-22 18:59:17 [INFO   ] PROGRESS |   If the opportunity is worth a look, I would be happy to send the note and speak briefly about the round,
2026-06-22 18:59:17 [INFO   ] PROGRESS |   the platform, and the type of strategic investors we are looking for.
2026-06-22 18:59:17 [INFO   ] PROGRESS |   Please reply to this email or call me if you would like to explore it.
2026-06-22 18:59:17 [INFO   ] PROGRESS |   Warm Regards,
2026-06-22 18:59:17 [INFO   ] PROGRESS |   Sandeep Jain
2026-06-22 18:59:17 [INFO   ] PROGRESS |   Founder, PlacementHub
2026-06-22 18:59:17 [INFO   ] PROGRESS |   +91-9860090620
2026-06-22 18:59:17 [INFO   ] PROGRESS |   sandeepjain200019@gmail.com
2026-06-22 18:59:17 [INFO   ] PROGRESS |   Detailed Profile
2026-06-22 18:59:17 [INFO   ] PROGRESS |   Detailed Note on Funding Requirement
2026-06-22 18:59:17 [INFO   ] --------------------------------------------------------------
2026-06-22 18:59:17 [INFO   ] 
2026-06-22 18:59:17 [INFO   ] 
2026-06-22 18:59:17 [INFO   ] PROGRESS | Email preview — To: rahul.bhauwala@gmail.com | Subject: PlacementHub pre-seed intro with RAHUL MAHESH KUMAR BHAUWALA
2026-06-22 18:59:20 [INFO   ] SENT (Brevo) -> rahul.bhauwala@gmail.com (RAHUL MAHESH KUMAR BHAUWALA) | PlacementHub pre-seed intro with RAHUL MAHESH KUMAR BHAUWALA | messageId=<202606221329.49640916832@smtp-relay.mailin.fr> (API accepted; run audit-brevo to confirm delivery)
2026-06-22 18:59:20 [INFO   ] Sleeping for 10 seconds
2026-06-22 18:59:30 [INFO   ] PROGRESS | Send 14/50 | SENT | rahul.bhauwala@gmail.com | RAHUL MAHESH KUMAR BHAUWALA [Chartered Accountants & Company Secretaries] | ok=12 fail=2 skip=0
2026-06-22 18:59:30 [INFO   ] PROGRESS | Send 15/50 | SENDING | pratik.kankariya@gmail.com | PRATIK KARAMCHAND KANKARIYA [Chartered Accountants & Company Secretaries] | ok=12 fail=2 skip=0
2026-06-22 19:00:01 [WARNING] NVIDIA call failed (attempt 1/5): The read operation timed out — rotating key.
2026-06-22 19:00:03 [INFO   ] --------------------------------------------------------------
2026-06-22 19:00:03 [INFO   ] PROGRESS | Email content — To: pratik.kankariya@gmail.com
2026-06-22 19:00:03 [INFO   ] PROGRESS | Subject: PlacementHub pre-seed intro with PRATIK KARAMCHAND KANKARIYA
2026-06-22 19:00:03 [INFO   ] PROGRESS | Body:
2026-06-22 19:00:03 [INFO   ] PROGRESS |   Dear Sir/Madam,
2026-06-22 19:00:03 [INFO   ] PROGRESS |   I am reaching out to introduce PlacementHub and explore whether any of your investor, entrepreneur, or
2026-06-22 19:00:03 [INFO   ] PROGRESS |   HNI clients may be open to reviewing a strategic seed opportunity.
2026-06-22 19:00:03 [INFO   ] PROGRESS |   My name is Sandeep Jain. PlacementHub is currently in its pre-seed fundraising stage, and I am
2026-06-22 19:00:03 [INFO   ] PROGRESS |   soliciting strategic seed investment for the same. PlacementHub is a campus placement and employability
2026-06-22 19:00:03 [INFO   ] PROGRESS |   platform connecting students, colleges, and recruiters. The product is built and in early
2026-06-22 19:00:03 [INFO   ] PROGRESS |   commercialization.
2026-06-22 19:00:03 [INFO   ] PROGRESS |   For reference, the detailed business plan, including the business model and go-to-market strategies, is
2026-06-22 19:00:03 [INFO   ] PROGRESS |   available here:
2026-06-22 19:00:03 [INFO   ] PROGRESS |   PlacementHub Business Plan
2026-06-22 19:00:03 [INFO   ] PROGRESS |   For a Chartered Accountant firm, the relevance is mainly professional and strategic:
2026-06-22 19:00:03 [INFO   ] PROGRESS |   PlacementHub may require support across accounting, taxation, compliance, payroll, investor documentation, audit, and related professional services.
2026-06-22 19:00:03 [INFO   ] PROGRESS |   I would naturally be pleased to consider and prioritize firms that support PlacementHub during its early growth phase, subject to suitability and mutual agreement.
2026-06-22 19:00:03 [INFO   ] PROGRESS |   The relationship can begin with a simple review of the investment note and, where appropriate, introductions to suitable investor clients.
2026-06-22 19:00:03 [INFO   ] PROGRESS |   If the opportunity is worth a look, I would be happy to send the note and speak briefly about the round,
2026-06-22 19:00:03 [INFO   ] PROGRESS |   the platform, and the type of strategic investors we are looking for.
2026-06-22 19:00:03 [INFO   ] PROGRESS |   Please reply to this email or call me if you would like to explore it.
2026-06-22 19:00:03 [INFO   ] PROGRESS |   Warm Regards,
2026-06-22 19:00:03 [INFO   ] PROGRESS |   Sandeep Jain
2026-06-22 19:00:03 [INFO   ] PROGRESS |   Founder, PlacementHub
2026-06-22 19:00:03 [INFO   ] PROGRESS |   +91-9860090620
2026-06-22 19:00:03 [INFO   ] PROGRESS |   sandeepjain200019@gmail.com
2026-06-22 19:00:03 [INFO   ] PROGRESS |   Detailed Profile
2026-06-22 19:00:03 [INFO   ] PROGRESS |   Detailed Note on Funding Requirement
2026-06-22 19:00:03 [INFO   ] --------------------------------------------------------------
2026-06-22 19:00:03 [INFO   ] 
2026-06-22 19:00:03 [INFO   ] 
2026-06-22 19:00:03 [INFO   ] PROGRESS | Email preview — To: pratik.kankariya@gmail.com | Subject: PlacementHub pre-seed intro with PRATIK KARAMCHAND KANKARIYA
2026-06-22 19:00:06 [INFO   ] SENT (Brevo) -> pratik.kankariya@gmail.com (PRATIK KARAMCHAND KANKARIYA) | PlacementHub pre-seed intro with PRATIK KARAMCHAND KANKARIYA | messageId=<202606221330.86593930186@smtp-relay.mailin.fr> (API accepted; run audit-brevo to confirm delivery)
2026-06-22 19:00:06 [INFO   ] Sleeping for 10 seconds
2026-06-22 19:00:16 [INFO   ] PROGRESS | Send 15/50 | SENT | pratik.kankariya@gmail.com | PRATIK KARAMCHAND KANKARIYA [Chartered Accountants & Company Secretaries] | ok=13 fail=2 skip=0
2026-06-22 19:00:16 [INFO   ] PROGRESS | Send 16/50 | SENDING | trsandco90@gmail.com | TANVI RONISH SHAH [Chartered Accountants & Company Secretaries] | ok=13 fail=2 skip=0
2026-06-22 19:00:34 [INFO   ] --------------------------------------------------------------
2026-06-22 19:00:34 [INFO   ] PROGRESS | Email content — To: trsandco90@gmail.com
2026-06-22 19:00:34 [INFO   ] PROGRESS | Subject: PlacementHub pre-seed intro with TANVI RONISH SHAH
2026-06-22 19:00:34 [INFO   ] PROGRESS | Body:
2026-06-22 19:00:34 [INFO   ] PROGRESS |   Dear Sir/Madam,
2026-06-22 19:00:34 [INFO   ] PROGRESS |   I am reaching out to introduce PlacementHub and explore whether any of your investor, entrepreneur, or
2026-06-22 19:00:34 [INFO   ] PROGRESS |   HNI clients may be open to reviewing a strategic seed opportunity.
2026-06-22 19:00:34 [INFO   ] PROGRESS |   My name is Sandeep Jain. PlacementHub is currently in its pre-seed fundraising stage, and I am
2026-06-22 19:00:34 [INFO   ] PROGRESS |   soliciting strategic seed investment for the same. PlacementHub is a campus placement and employability
2026-06-22 19:00:34 [INFO   ] PROGRESS |   platform connecting students, colleges, and recruiters. The product is built and in early
2026-06-22 19:00:34 [INFO   ] PROGRESS |   commercialization.
2026-06-22 19:00:34 [INFO   ] PROGRESS |   For reference, the detailed business plan, including the business model and go-to-market strategies, is
2026-06-22 19:00:34 [INFO   ] PROGRESS |   available here:
2026-06-22 19:00:34 [INFO   ] PROGRESS |   PlacementHub Business Plan
2026-06-22 19:00:34 [INFO   ] PROGRESS |   For a Chartered Accountant firm, the relevance is mainly professional and strategic:
2026-06-22 19:00:34 [INFO   ] PROGRESS |   PlacementHub may require support across accounting, taxation, compliance, payroll, investor documentation, audit, and related professional services.
2026-06-22 19:00:34 [INFO   ] PROGRESS |   I would naturally be pleased to consider and prioritize firms that support PlacementHub during its early growth phase, subject to suitability and mutual agreement.
2026-06-22 19:00:34 [INFO   ] PROGRESS |   The relationship can begin with a simple review of the investment note and, where appropriate, introductions to suitable investor clients.
2026-06-22 19:00:34 [INFO   ] PROGRESS |   If the opportunity is worth a look, I would be happy to send the note and speak briefly about the round,
2026-06-22 19:00:34 [INFO   ] PROGRESS |   the platform, and the type of strategic investors we are looking for.
2026-06-22 19:00:34 [INFO   ] PROGRESS |   Please reply to this email or call me if you would like to explore it.
2026-06-22 19:00:34 [INFO   ] PROGRESS |   Warm Regards,
2026-06-22 19:00:34 [INFO   ] PROGRESS |   Sandeep Jain
2026-06-22 19:00:34 [INFO   ] PROGRESS |   Founder, PlacementHub
2026-06-22 19:00:34 [INFO   ] PROGRESS |   +91-9860090620
2026-06-22 19:00:34 [INFO   ] PROGRESS |   sandeepjain200019@gmail.com
2026-06-22 19:00:34 [INFO   ] PROGRESS |   Detailed Profile
2026-06-22 19:00:34 [INFO   ] PROGRESS |   Detailed Note on Funding Requirement
2026-06-22 19:00:34 [INFO   ] --------------------------------------------------------------
2026-06-22 19:00:34 [INFO   ] 
2026-06-22 19:00:34 [INFO   ] 
2026-06-22 19:00:34 [INFO   ] PROGRESS | Email preview — To: trsandco90@gmail.com | Subject: PlacementHub pre-seed intro with TANVI RONISH SHAH
2026-06-22 19:00:37 [INFO   ] SENT (Brevo) -> trsandco90@gmail.com (TANVI RONISH SHAH) | PlacementHub pre-seed intro with TANVI RONISH SHAH | messageId=<202606221330.83094317616@smtp-relay.mailin.fr> (API accepted; run audit-brevo to confirm delivery)
2026-06-22 19:00:37 [INFO   ] Sleeping for 10 seconds
2026-06-22 19:00:47 [INFO   ] PROGRESS | Send 16/50 | SENT | trsandco90@gmail.com | TANVI RONISH SHAH [Chartered Accountants & Company Secretaries] | ok=14 fail=2 skip=0
2026-06-22 19:00:47 [INFO   ] PROGRESS | Send 17/50 | SENDING | arihantlodha@gmail.com | ARIHANT UTTAMCHAND LODHA [Chartered Accountants & Company Secretaries] | ok=14 fail=2 skip=0
2026-06-22 19:00:48 [INFO   ] --------------------------------------------------------------
2026-06-22 19:00:48 [INFO   ] PROGRESS | Email content — To: arihantlodha@gmail.com
2026-06-22 19:00:48 [INFO   ] PROGRESS | Subject: PlacementHub pre-seed intro with ARIHANT UTTAMCHAND LODHA
2026-06-22 19:00:48 [INFO   ] PROGRESS | Body:
2026-06-22 19:00:48 [INFO   ] PROGRESS |   Dear Sir/Madam,
2026-06-22 19:00:48 [INFO   ] PROGRESS |   I am reaching out to introduce PlacementHub and explore whether any of your investor, entrepreneur, or
2026-06-22 19:00:48 [INFO   ] PROGRESS |   HNI clients may be open to reviewing a strategic seed opportunity.
2026-06-22 19:00:48 [INFO   ] PROGRESS |   My name is Sandeep Jain. PlacementHub is currently in its pre-seed fundraising stage, and I am
2026-06-22 19:00:48 [INFO   ] PROGRESS |   soliciting strategic seed investment for the same. PlacementHub is a campus placement and employability
2026-06-22 19:00:48 [INFO   ] PROGRESS |   platform connecting students, colleges, and recruiters. The product is built and in early
2026-06-22 19:00:48 [INFO   ] PROGRESS |   commercialization.
2026-06-22 19:00:48 [INFO   ] PROGRESS |   For reference, the detailed business plan, including the business model and go-to-market strategies, is
2026-06-22 19:00:48 [INFO   ] PROGRESS |   available here:
2026-06-22 19:00:48 [INFO   ] PROGRESS |   PlacementHub Business Plan
2026-06-22 19:00:48 [INFO   ] PROGRESS |   For a Chartered Accountant firm, the relevance is mainly professional and strategic:
2026-06-22 19:00:48 [INFO   ] PROGRESS |   PlacementHub may require support across accounting, taxation, compliance, payroll, investor documentation, audit, and related professional services.
2026-06-22 19:00:48 [INFO   ] PROGRESS |   I would naturally be pleased to consider and prioritize firms that support PlacementHub during its early growth phase, subject to suitability and mutual agreement.
2026-06-22 19:00:48 [INFO   ] PROGRESS |   The relationship can begin with a simple review of the investment note and, where appropriate, introductions to suitable investor clients.
2026-06-22 19:00:48 [INFO   ] PROGRESS |   If the opportunity is worth a look, I would be happy to send the note and speak briefly about the round,
2026-06-22 19:00:48 [INFO   ] PROGRESS |   the platform, and the type of strategic investors we are looking for.
2026-06-22 19:00:48 [INFO   ] PROGRESS |   Please reply to this email or call me if you would like to explore it.
2026-06-22 19:00:48 [INFO   ] PROGRESS |   Warm Regards,
2026-06-22 19:00:48 [INFO   ] PROGRESS |   Sandeep Jain
2026-06-22 19:00:48 [INFO   ] PROGRESS |   Founder, PlacementHub
2026-06-22 19:00:48 [INFO   ] PROGRESS |   +91-9860090620
2026-06-22 19:00:48 [INFO   ] PROGRESS |   sandeepjain200019@gmail.com
2026-06-22 19:00:48 [INFO   ] PROGRESS |   Detailed Profile
2026-06-22 19:00:48 [INFO   ] PROGRESS |   Detailed Note on Funding Requirement
2026-06-22 19:00:48 [INFO   ] --------------------------------------------------------------
2026-06-22 19:00:48 [INFO   ] 
2026-06-22 19:00:48 [INFO   ] 
2026-06-22 19:00:48 [INFO   ] PROGRESS | Email preview — To: arihantlodha@gmail.com | Subject: PlacementHub pre-seed intro with ARIHANT UTTAMCHAND LODHA
2026-06-22 19:00:52 [INFO   ] SENT (Brevo) -> arihantlodha@gmail.com (ARIHANT UTTAMCHAND LODHA) | PlacementHub pre-seed intro with ARIHANT UTTAMCHAND LODHA | messageId=<202606221330.97718883579@smtp-relay.mailin.fr> (API accepted; run audit-brevo to confirm delivery)
2026-06-22 19:00:52 [INFO   ] Sleeping for 10 seconds
2026-06-22 19:01:02 [INFO   ] PROGRESS | Send 17/50 | SENT | arihantlodha@gmail.com | ARIHANT UTTAMCHAND LODHA [Chartered Accountants & Company Secretaries] | ok=15 fail=2 skip=0
2026-06-22 19:01:02 [INFO   ] PROGRESS | Send 18/50 | SENDING | shiv_kalantri@yahoo.com | SHIVRATAN LAXMINARAYAN KALANTRI [Chartered Accountants & Company Secretaries] | ok=15 fail=2 skip=0
2026-06-22 19:01:03 [INFO   ] --------------------------------------------------------------
2026-06-22 19:01:03 [INFO   ] PROGRESS | Email content — To: shiv_kalantri@yahoo.com
2026-06-22 19:01:03 [INFO   ] PROGRESS | Subject: PlacementHub pre-seed intro with SHIVRATAN LAXMINARAYAN KALANTRI
2026-06-22 19:01:03 [INFO   ] PROGRESS | Body:
2026-06-22 19:01:03 [INFO   ] PROGRESS |   Dear Sir/Madam,
2026-06-22 19:01:03 [INFO   ] PROGRESS |   I am reaching out to introduce PlacementHub and explore whether any of your investor, entrepreneur, or
2026-06-22 19:01:03 [INFO   ] PROGRESS |   HNI clients may be open to reviewing a strategic seed opportunity.
2026-06-22 19:01:03 [INFO   ] PROGRESS |   My name is Sandeep Jain. PlacementHub is currently in its pre-seed fundraising stage, and I am
2026-06-22 19:01:03 [INFO   ] PROGRESS |   soliciting strategic seed investment for the same. PlacementHub is a campus placement and employability
2026-06-22 19:01:03 [INFO   ] PROGRESS |   platform connecting students, colleges, and recruiters. The product is built and in early
2026-06-22 19:01:03 [INFO   ] PROGRESS |   commercialization.
2026-06-22 19:01:03 [INFO   ] PROGRESS |   For reference, the detailed business plan, including the business model and go-to-market strategies, is
2026-06-22 19:01:03 [INFO   ] PROGRESS |   available here:
2026-06-22 19:01:03 [INFO   ] PROGRESS |   PlacementHub Business Plan
2026-06-22 19:01:03 [INFO   ] PROGRESS |   For a Chartered Accountant firm, the relevance is mainly professional and strategic:
2026-06-22 19:01:03 [INFO   ] PROGRESS |   PlacementHub may require support across accounting, taxation, compliance, payroll, investor documentation, audit, and related professional services.
2026-06-22 19:01:03 [INFO   ] PROGRESS |   I would naturally be pleased to consider and prioritize firms that support PlacementHub during its early growth phase, subject to suitability and mutual agreement.
2026-06-22 19:01:03 [INFO   ] PROGRESS |   The relationship can begin with a simple review of the investment note and, where appropriate, introductions to suitable investor clients.
2026-06-22 19:01:03 [INFO   ] PROGRESS |   If the opportunity is worth a look, I would be happy to send the note and speak briefly about the round,
2026-06-22 19:01:03 [INFO   ] PROGRESS |   the platform, and the type of strategic investors we are looking for.
2026-06-22 19:01:03 [INFO   ] PROGRESS |   Please reply to this email or call me if you would like to explore it.
2026-06-22 19:01:03 [INFO   ] PROGRESS |   Warm Regards,
2026-06-22 19:01:03 [INFO   ] PROGRESS |   Sandeep Jain
2026-06-22 19:01:03 [INFO   ] PROGRESS |   Founder, PlacementHub
2026-06-22 19:01:03 [INFO   ] PROGRESS |   +91-9860090620
2026-06-22 19:01:03 [INFO   ] PROGRESS |   sandeepjain200019@gmail.com
2026-06-22 19:01:03 [INFO   ] PROGRESS |   Detailed Profile
2026-06-22 19:01:03 [INFO   ] PROGRESS |   Detailed Note on Funding Requirement
2026-06-22 19:01:03 [INFO   ] --------------------------------------------------------------
2026-06-22 19:01:03 [INFO   ] 
2026-06-22 19:01:03 [INFO   ] 
2026-06-22 19:01:03 [INFO   ] PROGRESS | Email preview — To: shiv_kalantri@yahoo.com | Subject: PlacementHub pre-seed intro with SHIVRATAN LAXMINARAYAN KALANTRI
2026-06-22 19:01:08 [INFO   ] SENT (Brevo) -> shiv_kalantri@yahoo.com (SHIVRATAN LAXMINARAYAN KALANTRI) | PlacementHub pre-seed intro with SHIVRATAN LAXMINARAYAN KALANTRI | messageId=<202606221331.82014231308@smtp-relay.mailin.fr> (API accepted; run audit-brevo to confirm delivery)
2026-06-22 19:01:08 [INFO   ] Sleeping for 10 seconds
2026-06-22 19:01:18 [INFO   ] PROGRESS | Send 18/50 | SENT | shiv_kalantri@yahoo.com | SHIVRATAN LAXMINARAYAN KALANTRI [Chartered Accountants & Company Secretaries] | ok=16 fail=2 skip=0
2026-06-22 19:01:18 [INFO   ] PROGRESS | Send 19/50 | SENDING | raj.savla1@gmail.com | RAJ JAYANTI SAVLA [Chartered Accountants & Company Secretaries] | ok=16 fail=2 skip=0
2026-06-22 19:01:19 [INFO   ] --------------------------------------------------------------
2026-06-22 19:01:19 [INFO   ] PROGRESS | Email content — To: raj.savla1@gmail.com
2026-06-22 19:01:19 [INFO   ] PROGRESS | Subject: PlacementHub pre-seed intro with RAJ JAYANTI SAVLA
2026-06-22 19:01:19 [INFO   ] PROGRESS | Body:
2026-06-22 19:01:19 [INFO   ] PROGRESS |   Dear Sir/Madam,
2026-06-22 19:01:19 [INFO   ] PROGRESS |   I am reaching out to introduce PlacementHub and explore whether any of your investor, entrepreneur, or
2026-06-22 19:01:19 [INFO   ] PROGRESS |   HNI clients may be open to reviewing a strategic seed opportunity.
2026-06-22 19:01:19 [INFO   ] PROGRESS |   My name is Sandeep Jain. PlacementHub is currently in its pre-seed fundraising stage, and I am
2026-06-22 19:01:19 [INFO   ] PROGRESS |   soliciting strategic seed investment for the same. PlacementHub is a campus placement and employability
2026-06-22 19:01:19 [INFO   ] PROGRESS |   platform connecting students, colleges, and recruiters. The product is built and in early
2026-06-22 19:01:19 [INFO   ] PROGRESS |   commercialization.
2026-06-22 19:01:19 [INFO   ] PROGRESS |   For reference, the detailed business plan, including the business model and go-to-market strategies, is
2026-06-22 19:01:19 [INFO   ] PROGRESS |   available here:
2026-06-22 19:01:19 [INFO   ] PROGRESS |   PlacementHub Business Plan
2026-06-22 19:01:19 [INFO   ] PROGRESS |   For a Chartered Accountant firm, the relevance is mainly professional and strategic:
2026-06-22 19:01:19 [INFO   ] PROGRESS |   PlacementHub may require support across accounting, taxation, compliance, payroll, investor documentation, audit, and related professional services.
2026-06-22 19:01:19 [INFO   ] PROGRESS |   I would naturally be pleased to consider and prioritize firms that support PlacementHub during its early growth phase, subject to suitability and mutual agreement.
2026-06-22 19:01:19 [INFO   ] PROGRESS |   The relationship can begin with a simple review of the investment note and, where appropriate, introductions to suitable investor clients.
2026-06-22 19:01:19 [INFO   ] PROGRESS |   If the opportunity is worth a look, I would be happy to send the note and speak briefly about the round,
2026-06-22 19:01:19 [INFO   ] PROGRESS |   the platform, and the type of strategic investors we are looking for.
2026-06-22 19:01:19 [INFO   ] PROGRESS |   Please reply to this email or call me if you would like to explore it.
2026-06-22 19:01:19 [INFO   ] PROGRESS |   Warm Regards,
2026-06-22 19:01:19 [INFO   ] PROGRESS |   Sandeep Jain
2026-06-22 19:01:19 [INFO   ] PROGRESS |   Founder, PlacementHub
2026-06-22 19:01:19 [INFO   ] PROGRESS |   +91-9860090620
2026-06-22 19:01:19 [INFO   ] PROGRESS |   sandeepjain200019@gmail.com
2026-06-22 19:01:19 [INFO   ] PROGRESS |   Detailed Profile
2026-06-22 19:01:19 [INFO   ] PROGRESS |   Detailed Note on Funding Requirement
2026-06-22 19:01:19 [INFO   ] --------------------------------------------------------------
2026-06-22 19:01:19 [INFO   ] 
2026-06-22 19:01:19 [INFO   ] 
2026-06-22 19:01:19 [INFO   ] PROGRESS | Email preview — To: raj.savla1@gmail.com | Subject: PlacementHub pre-seed intro with RAJ JAYANTI SAVLA
2026-06-22 19:01:24 [INFO   ] SENT (Brevo) -> raj.savla1@gmail.com (RAJ JAYANTI SAVLA) | PlacementHub pre-seed intro with RAJ JAYANTI SAVLA | messageId=<202606221331.77140538103@smtp-relay.mailin.fr> (API accepted; run audit-brevo to confirm delivery)
2026-06-22 19:01:24 [INFO   ] Sleeping for 10 seconds
2026-06-22 19:01:34 [INFO   ] PROGRESS | Send 19/50 | SENT | raj.savla1@gmail.com | RAJ JAYANTI SAVLA [Chartered Accountants & Company Secretaries] | ok=17 fail=2 skip=0
2026-06-22 19:01:34 [INFO   ] PROGRESS | Send 20/50 | SENDING | caaradhana03@gmail.com | ARADHANA MANEESH AGRAWAL [Chartered Accountants & Company Secretaries] | ok=17 fail=2 skip=0
2026-06-22 19:01:41 [INFO   ] --------------------------------------------------------------
2026-06-22 19:01:41 [INFO   ] PROGRESS | Email content — To: caaradhana03@gmail.com
2026-06-22 19:01:41 [INFO   ] PROGRESS | Subject: PlacementHub pre-seed intro with ARADHANA MANEESH AGRAWAL
2026-06-22 19:01:41 [INFO   ] PROGRESS | Body:
2026-06-22 19:01:41 [INFO   ] PROGRESS |   Dear Sir/Madam,
2026-06-22 19:01:41 [INFO   ] PROGRESS |   I am reaching out to introduce PlacementHub and explore whether any of your investor, entrepreneur, or
2026-06-22 19:01:41 [INFO   ] PROGRESS |   HNI clients may be open to reviewing a strategic seed opportunity.
2026-06-22 19:01:41 [INFO   ] PROGRESS |   My name is Sandeep Jain. PlacementHub is currently in its pre-seed fundraising stage, and I am
2026-06-22 19:01:41 [INFO   ] PROGRESS |   soliciting strategic seed investment for the same. PlacementHub is a campus placement and employability
2026-06-22 19:01:41 [INFO   ] PROGRESS |   platform connecting students, colleges, and recruiters. The product is built and in early
2026-06-22 19:01:41 [INFO   ] PROGRESS |   commercialization.
2026-06-22 19:01:41 [INFO   ] PROGRESS |   For reference, the detailed business plan, including the business model and go-to-market strategies, is
2026-06-22 19:01:41 [INFO   ] PROGRESS |   available here:
2026-06-22 19:01:41 [INFO   ] PROGRESS |   PlacementHub Business Plan
2026-06-22 19:01:41 [INFO   ] PROGRESS |   For a Chartered Accountant firm, the relevance is mainly professional and strategic:
2026-06-22 19:01:41 [INFO   ] PROGRESS |   PlacementHub may require support across accounting, taxation, compliance, payroll, investor documentation, audit, and related professional services.
2026-06-22 19:01:41 [INFO   ] PROGRESS |   I would naturally be pleased to consider and prioritize firms that support PlacementHub during its early growth phase, subject to suitability and mutual agreement.
2026-06-22 19:01:41 [INFO   ] PROGRESS |   The relationship can begin with a simple review of the investment note and, where appropriate, introductions to suitable investor clients.
2026-06-22 19:01:41 [INFO   ] PROGRESS |   If the opportunity is worth a look, I would be happy to send the note and speak briefly about the round,
2026-06-22 19:01:41 [INFO   ] PROGRESS |   the platform, and the type of strategic investors we are looking for.
2026-06-22 19:01:41 [INFO   ] PROGRESS |   Please reply to this email or call me if you would like to explore it.
2026-06-22 19:01:41 [INFO   ] PROGRESS |   Warm Regards,
2026-06-22 19:01:41 [INFO   ] PROGRESS |   Sandeep Jain
2026-06-22 19:01:41 [INFO   ] PROGRESS |   Founder, PlacementHub
2026-06-22 19:01:41 [INFO   ] PROGRESS |   +91-9860090620
2026-06-22 19:01:41 [INFO   ] PROGRESS |   sandeepjain200019@gmail.com
2026-06-22 19:01:41 [INFO   ] PROGRESS |   Detailed Profile
2026-06-22 19:01:41 [INFO   ] PROGRESS |   Detailed Note on Funding Requirement
2026-06-22 19:01:41 [INFO   ] --------------------------------------------------------------
2026-06-22 19:01:41 [INFO   ] 
2026-06-22 19:01:41 [INFO   ] 
2026-06-22 19:01:41 [INFO   ] PROGRESS | Email preview — To: caaradhana03@gmail.com | Subject: PlacementHub pre-seed intro with ARADHANA MANEESH AGRAWAL
2026-06-22 19:01:44 [INFO   ] SENT (Brevo) -> caaradhana03@gmail.com (ARADHANA MANEESH AGRAWAL) | PlacementHub pre-seed intro with ARADHANA MANEESH AGRAWAL | messageId=<202606221331.77256494136@smtp-relay.mailin.fr> (API accepted; run audit-brevo to confirm delivery)
2026-06-22 19:01:44 [INFO   ] Sleeping for 10 seconds
2026-06-22 19:01:54 [INFO   ] PROGRESS | Send 20/50 | SENT | caaradhana03@gmail.com | ARADHANA MANEESH AGRAWAL [Chartered Accountants & Company Secretaries] | ok=18 fail=2 skip=0
2026-06-22 19:01:54 [INFO   ] PROGRESS | Send 21/50 | SENDING | ca.avinkshah@gmail.com | AVIN KAUSHIK SHAH [Chartered Accountants & Company Secretaries] | ok=18 fail=2 skip=0
2026-06-22 19:01:55 [INFO   ] --------------------------------------------------------------
2026-06-22 19:01:55 [INFO   ] PROGRESS | Email content — To: ca.avinkshah@gmail.com
2026-06-22 19:01:55 [INFO   ] PROGRESS | Subject: PlacementHub pre-seed intro with AVIN KAUSHIK SHAH
2026-06-22 19:01:55 [INFO   ] PROGRESS | Body:
2026-06-22 19:01:55 [INFO   ] PROGRESS |   Dear Sir/Madam,
2026-06-22 19:01:55 [INFO   ] PROGRESS |   I am reaching out to introduce PlacementHub and explore whether any of your investor, entrepreneur, or
2026-06-22 19:01:55 [INFO   ] PROGRESS |   HNI clients may be open to reviewing a strategic seed opportunity.
2026-06-22 19:01:55 [INFO   ] PROGRESS |   My name is Sandeep Jain. PlacementHub is currently in its pre-seed fundraising stage, and I am
2026-06-22 19:01:55 [INFO   ] PROGRESS |   soliciting strategic seed investment for the same. PlacementHub is a campus placement and employability
2026-06-22 19:01:55 [INFO   ] PROGRESS |   platform connecting students, colleges, and recruiters. The product is built and in early
2026-06-22 19:01:55 [INFO   ] PROGRESS |   commercialization.
2026-06-22 19:01:55 [INFO   ] PROGRESS |   For reference, the detailed business plan, including the business model and go-to-market strategies, is
2026-06-22 19:01:55 [INFO   ] PROGRESS |   available here:
2026-06-22 19:01:55 [INFO   ] PROGRESS |   PlacementHub Business Plan
2026-06-22 19:01:55 [INFO   ] PROGRESS |   For a Chartered Accountant firm, the relevance is mainly professional and strategic:
2026-06-22 19:01:55 [INFO   ] PROGRESS |   PlacementHub may require support across accounting, taxation, compliance, payroll, investor documentation, audit, and related professional services.
2026-06-22 19:01:55 [INFO   ] PROGRESS |   I would naturally be pleased to consider and prioritize firms that support PlacementHub during its early growth phase, subject to suitability and mutual agreement.
2026-06-22 19:01:55 [INFO   ] PROGRESS |   The relationship can begin with a simple review of the investment note and, where appropriate, introductions to suitable investor clients.
2026-06-22 19:01:55 [INFO   ] PROGRESS |   If the opportunity is worth a look, I would be happy to send the note and speak briefly about the round,
2026-06-22 19:01:55 [INFO   ] PROGRESS |   the platform, and the type of strategic investors we are looking for.
2026-06-22 19:01:55 [INFO   ] PROGRESS |   Please reply to this email or call me if you would like to explore it.
2026-06-22 19:01:55 [INFO   ] PROGRESS |   Warm Regards,
2026-06-22 19:01:55 [INFO   ] PROGRESS |   Sandeep Jain
2026-06-22 19:01:55 [INFO   ] PROGRESS |   Founder, PlacementHub
2026-06-22 19:01:55 [INFO   ] PROGRESS |   +91-9860090620
2026-06-22 19:01:55 [INFO   ] PROGRESS |   sandeepjain200019@gmail.com
2026-06-22 19:01:55 [INFO   ] PROGRESS |   Detailed Profile
2026-06-22 19:01:55 [INFO   ] PROGRESS |   Detailed Note on Funding Requirement
2026-06-22 19:01:55 [INFO   ] --------------------------------------------------------------
2026-06-22 19:01:55 [INFO   ] 
2026-06-22 19:01:55 [INFO   ] 
2026-06-22 19:01:55 [INFO   ] PROGRESS | Email preview — To: ca.avinkshah@gmail.com | Subject: PlacementHub pre-seed intro with AVIN KAUSHIK SHAH
2026-06-22 19:01:59 [INFO   ] SENT (Brevo) -> ca.avinkshah@gmail.com (AVIN KAUSHIK SHAH) | PlacementHub pre-seed intro with AVIN KAUSHIK SHAH | messageId=<202606221331.10057679307@smtp-relay.mailin.fr> (API accepted; run audit-brevo to confirm delivery)
2026-06-22 19:01:59 [INFO   ] Sleeping for 10 seconds
2026-06-22 19:02:09 [INFO   ] PROGRESS | Send 21/50 | SENT | ca.avinkshah@gmail.com | AVIN KAUSHIK SHAH [Chartered Accountants & Company Secretaries] | ok=19 fail=2 skip=0
2026-06-22 19:02:09 [INFO   ] PROGRESS | Send 22/50 | SENDING | kazibushra19@gmail.com | BUSHRA RIZWAN KAZI [Chartered Accountants & Company Secretaries] | ok=19 fail=2 skip=0
2026-06-22 19:02:12 [INFO   ] --------------------------------------------------------------
2026-06-22 19:02:12 [INFO   ] PROGRESS | Email content — To: kazibushra19@gmail.com
2026-06-22 19:02:12 [INFO   ] PROGRESS | Subject: PlacementHub pre-seed intro with BUSHRA RIZWAN KAZI
2026-06-22 19:02:12 [INFO   ] PROGRESS | Body:
2026-06-22 19:02:12 [INFO   ] PROGRESS |   Dear Sir/Madam,
2026-06-22 19:02:12 [INFO   ] PROGRESS |   I am reaching out to introduce PlacementHub and explore whether any of your investor, entrepreneur, or
2026-06-22 19:02:12 [INFO   ] PROGRESS |   HNI clients may be open to reviewing a strategic seed opportunity.
2026-06-22 19:02:12 [INFO   ] PROGRESS |   My name is Sandeep Jain. PlacementHub is currently in its pre-seed fundraising stage, and I am
2026-06-22 19:02:12 [INFO   ] PROGRESS |   soliciting strategic seed investment for the same. PlacementHub is a campus placement and employability
2026-06-22 19:02:12 [INFO   ] PROGRESS |   platform connecting students, colleges, and recruiters. The product is built and in early
2026-06-22 19:02:12 [INFO   ] PROGRESS |   commercialization.
2026-06-22 19:02:12 [INFO   ] PROGRESS |   For reference, the detailed business plan, including the business model and go-to-market strategies, is
2026-06-22 19:02:12 [INFO   ] PROGRESS |   available here:
2026-06-22 19:02:12 [INFO   ] PROGRESS |   PlacementHub Business Plan
2026-06-22 19:02:12 [INFO   ] PROGRESS |   For a Chartered Accountant firm, the relevance is mainly professional and strategic:
2026-06-22 19:02:12 [INFO   ] PROGRESS |   PlacementHub may require support across accounting, taxation, compliance, payroll, investor documentation, audit, and related professional services.
2026-06-22 19:02:12 [INFO   ] PROGRESS |   I would naturally be pleased to consider and prioritize firms that support PlacementHub during its early growth phase, subject to suitability and mutual agreement.
2026-06-22 19:02:12 [INFO   ] PROGRESS |   The relationship can begin with a simple review of the investment note and, where appropriate, introductions to suitable investor clients.
2026-06-22 19:02:12 [INFO   ] PROGRESS |   If the opportunity is worth a look, I would be happy to send the note and speak briefly about the round,
2026-06-22 19:02:12 [INFO   ] PROGRESS |   the platform, and the type of strategic investors we are looking for.
2026-06-22 19:02:12 [INFO   ] PROGRESS |   Please reply to this email or call me if you would like to explore it.
2026-06-22 19:02:12 [INFO   ] PROGRESS |   Warm Regards,
2026-06-22 19:02:12 [INFO   ] PROGRESS |   Sandeep Jain
2026-06-22 19:02:12 [INFO   ] PROGRESS |   Founder, PlacementHub
2026-06-22 19:02:12 [INFO   ] PROGRESS |   +91-9860090620
2026-06-22 19:02:12 [INFO   ] PROGRESS |   sandeepjain200019@gmail.com
2026-06-22 19:02:12 [INFO   ] PROGRESS |   Detailed Profile
2026-06-22 19:02:12 [INFO   ] PROGRESS |   Detailed Note on Funding Requirement
2026-06-22 19:02:12 [INFO   ] --------------------------------------------------------------
2026-06-22 19:02:12 [INFO   ] 
2026-06-22 19:02:12 [INFO   ] 
2026-06-22 19:02:12 [INFO   ] PROGRESS | Email preview — To: kazibushra19@gmail.com | Subject: PlacementHub pre-seed intro with BUSHRA RIZWAN KAZI
2026-06-22 19:02:17 [INFO   ] SENT (Brevo) -> kazibushra19@gmail.com (BUSHRA RIZWAN KAZI) | PlacementHub pre-seed intro with BUSHRA RIZWAN KAZI | messageId=<202606221332.76820148827@smtp-relay.mailin.fr> (API accepted; run audit-brevo to confirm delivery)
2026-06-22 19:02:17 [INFO   ] Sleeping for 10 seconds
2026-06-22 19:02:27 [INFO   ] PROGRESS | Send 22/50 | SENT | kazibushra19@gmail.com | BUSHRA RIZWAN KAZI [Chartered Accountants & Company Secretaries] | ok=20 fail=2 skip=0
2026-06-22 19:02:27 [INFO   ] PROGRESS | Send 23/50 | SENDING | haresh257in@yahoo.co.in | TINANI HARESH VISHANDAS [Chartered Accountants & Company Secretaries] | ok=20 fail=2 skip=0
2026-06-22 19:02:29 [INFO   ] --------------------------------------------------------------
2026-06-22 19:02:29 [INFO   ] PROGRESS | Email content — To: haresh257in@yahoo.co.in
2026-06-22 19:02:29 [INFO   ] PROGRESS | Subject: PlacementHub pre-seed intro with TINANI HARESH VISHANDAS
2026-06-22 19:02:29 [INFO   ] PROGRESS | Body:
2026-06-22 19:02:29 [INFO   ] PROGRESS |   Dear Sir/Madam,
2026-06-22 19:02:29 [INFO   ] PROGRESS |   I am reaching out to introduce PlacementHub and explore whether any of your investor, entrepreneur, or
2026-06-22 19:02:29 [INFO   ] PROGRESS |   HNI clients may be open to reviewing a strategic seed opportunity.
2026-06-22 19:02:29 [INFO   ] PROGRESS |   My name is Sandeep Jain. PlacementHub is currently in its pre-seed fundraising stage, and I am
2026-06-22 19:02:29 [INFO   ] PROGRESS |   soliciting strategic seed investment for the same. PlacementHub is a campus placement and employability
2026-06-22 19:02:29 [INFO   ] PROGRESS |   platform connecting students, colleges, and recruiters. The product is built and in early
2026-06-22 19:02:29 [INFO   ] PROGRESS |   commercialization.
2026-06-22 19:02:29 [INFO   ] PROGRESS |   For reference, the detailed business plan, including the business model and go-to-market strategies, is
2026-06-22 19:02:29 [INFO   ] PROGRESS |   available here:
2026-06-22 19:02:29 [INFO   ] PROGRESS |   PlacementHub Business Plan
2026-06-22 19:02:29 [INFO   ] PROGRESS |   For a Chartered Accountant firm, the relevance is mainly professional and strategic:
2026-06-22 19:02:29 [INFO   ] PROGRESS |   PlacementHub may require support across accounting, taxation, compliance, payroll, investor documentation, audit, and related professional services.
2026-06-22 19:02:29 [INFO   ] PROGRESS |   I would naturally be pleased to consider and prioritize firms that support PlacementHub during its early growth phase, subject to suitability and mutual agreement.
2026-06-22 19:02:29 [INFO   ] PROGRESS |   The relationship can begin with a simple review of the investment note and, where appropriate, introductions to suitable investor clients.
2026-06-22 19:02:29 [INFO   ] PROGRESS |   If the opportunity is worth a look, I would be happy to send the note and speak briefly about the round,
2026-06-22 19:02:29 [INFO   ] PROGRESS |   the platform, and the type of strategic investors we are looking for.
2026-06-22 19:02:29 [INFO   ] PROGRESS |   Please reply to this email or call me if you would like to explore it.
2026-06-22 19:02:29 [INFO   ] PROGRESS |   Warm Regards,
2026-06-22 19:02:29 [INFO   ] PROGRESS |   Sandeep Jain
2026-06-22 19:02:29 [INFO   ] PROGRESS |   Founder, PlacementHub
2026-06-22 19:02:29 [INFO   ] PROGRESS |   +91-9860090620
2026-06-22 19:02:29 [INFO   ] PROGRESS |   sandeepjain200019@gmail.com
2026-06-22 19:02:29 [INFO   ] PROGRESS |   Detailed Profile
2026-06-22 19:02:29 [INFO   ] PROGRESS |   Detailed Note on Funding Requirement
2026-06-22 19:02:29 [INFO   ] --------------------------------------------------------------
2026-06-22 19:02:29 [INFO   ] 
2026-06-22 19:02:29 [INFO   ] 
2026-06-22 19:02:29 [INFO   ] PROGRESS | Email preview — To: haresh257in@yahoo.co.in | Subject: PlacementHub pre-seed intro with TINANI HARESH VISHANDAS
2026-06-22 19:02:32 [INFO   ] SENT (Brevo) -> haresh257in@yahoo.co.in (TINANI HARESH VISHANDAS) | PlacementHub pre-seed intro with TINANI HARESH VISHANDAS | messageId=<202606221332.63697093537@smtp-relay.mailin.fr> (API accepted; run audit-brevo to confirm delivery)
2026-06-22 19:02:32 [INFO   ] Sleeping for 10 seconds
2026-06-22 19:02:42 [INFO   ] PROGRESS | Send 23/50 | SENT | haresh257in@yahoo.co.in | TINANI HARESH VISHANDAS [Chartered Accountants & Company Secretaries] | ok=21 fail=2 skip=0
2026-06-22 19:02:42 [INFO   ] PROGRESS | Send 24/50 | SENDING | diveshchangoiwala@gmail.com | DIVESH CHANGOIWALA [Chartered Accountants & Company Secretaries] | ok=21 fail=2 skip=0
2026-06-22 19:02:44 [INFO   ] --------------------------------------------------------------
2026-06-22 19:02:44 [INFO   ] PROGRESS | Email content — To: diveshchangoiwala@gmail.com
2026-06-22 19:02:44 [INFO   ] PROGRESS | Subject: PlacementHub pre-seed intro with DIVESH CHANGOIWALA
2026-06-22 19:02:44 [INFO   ] PROGRESS | Body:
2026-06-22 19:02:44 [INFO   ] PROGRESS |   Dear Sir/Madam,
2026-06-22 19:02:44 [INFO   ] PROGRESS |   I am reaching out to introduce PlacementHub and explore whether any of your investor, entrepreneur, or
2026-06-22 19:02:44 [INFO   ] PROGRESS |   HNI clients may be open to reviewing a strategic seed opportunity.
2026-06-22 19:02:44 [INFO   ] PROGRESS |   My name is Sandeep Jain. PlacementHub is currently in its pre-seed fundraising stage, and I am
2026-06-22 19:02:44 [INFO   ] PROGRESS |   soliciting strategic seed investment for the same. PlacementHub is a campus placement and employability
2026-06-22 19:02:44 [INFO   ] PROGRESS |   platform connecting students, colleges, and recruiters. The product is built and in early
2026-06-22 19:02:44 [INFO   ] PROGRESS |   commercialization.
2026-06-22 19:02:44 [INFO   ] PROGRESS |   For reference, the detailed business plan, including the business model and go-to-market strategies, is
2026-06-22 19:02:44 [INFO   ] PROGRESS |   available here:
2026-06-22 19:02:44 [INFO   ] PROGRESS |   PlacementHub Business Plan
2026-06-22 19:02:44 [INFO   ] PROGRESS |   For a Chartered Accountant firm, the relevance is mainly professional and strategic:
2026-06-22 19:02:44 [INFO   ] PROGRESS |   PlacementHub may require support across accounting, taxation, compliance, payroll, investor documentation, audit, and related professional services.
2026-06-22 19:02:44 [INFO   ] PROGRESS |   I would naturally be pleased to consider and prioritize firms that support PlacementHub during its early growth phase, subject to suitability and mutual agreement.
2026-06-22 19:02:44 [INFO   ] PROGRESS |   The relationship can begin with a simple review of the investment note and, where appropriate, introductions to suitable investor clients.
2026-06-22 19:02:44 [INFO   ] PROGRESS |   If the opportunity is worth a look, I would be happy to send the note and speak briefly about the round,
2026-06-22 19:02:44 [INFO   ] PROGRESS |   the platform, and the type of strategic investors we are looking for.
2026-06-22 19:02:44 [INFO   ] PROGRESS |   Please reply to this email or call me if you would like to explore it.
2026-06-22 19:02:44 [INFO   ] PROGRESS |   Warm Regards,
2026-06-22 19:02:44 [INFO   ] PROGRESS |   Sandeep Jain
2026-06-22 19:02:44 [INFO   ] PROGRESS |   Founder, PlacementHub
2026-06-22 19:02:44 [INFO   ] PROGRESS |   +91-9860090620
2026-06-22 19:02:44 [INFO   ] PROGRESS |   sandeepjain200019@gmail.com
2026-06-22 19:02:44 [INFO   ] PROGRESS |   Detailed Profile
2026-06-22 19:02:44 [INFO   ] PROGRESS |   Detailed Note on Funding Requirement
2026-06-22 19:02:44 [INFO   ] --------------------------------------------------------------
2026-06-22 19:02:44 [INFO   ] 
2026-06-22 19:02:44 [INFO   ] 
2026-06-22 19:02:44 [INFO   ] PROGRESS | Email preview — To: diveshchangoiwala@gmail.com | Subject: PlacementHub pre-seed intro with DIVESH CHANGOIWALA
2026-06-22 19:02:48 [INFO   ] SENT (Brevo) -> diveshchangoiwala@gmail.com (DIVESH CHANGOIWALA) | PlacementHub pre-seed intro with DIVESH CHANGOIWALA | messageId=<202606221332.71673403369@smtp-relay.mailin.fr> (API accepted; run audit-brevo to confirm delivery)
2026-06-22 19:02:48 [INFO   ] Sleeping for 10 seconds
2026-06-22 19:02:58 [INFO   ] PROGRESS | Send 24/50 | SENT | diveshchangoiwala@gmail.com | DIVESH CHANGOIWALA [Chartered Accountants & Company Secretaries] | ok=22 fail=2 skip=0
2026-06-22 19:02:58 [INFO   ] PROGRESS | Send 25/50 | SENDING | cavarunyadav1184@gmail.com | VARUN CHANDRAKANT YADAV [Chartered Accountants & Company Secretaries] | ok=22 fail=2 skip=0
2026-06-22 19:03:09 [INFO   ] --------------------------------------------------------------
2026-06-22 19:03:09 [INFO   ] PROGRESS | Email content — To: cavarunyadav1184@gmail.com
2026-06-22 19:03:09 [INFO   ] PROGRESS | Subject: PlacementHub pre-seed intro with VARUN CHANDRAKANT YADAV
2026-06-22 19:03:09 [INFO   ] PROGRESS | Body:
2026-06-22 19:03:09 [INFO   ] PROGRESS |   Dear Sir/Madam,
2026-06-22 19:03:09 [INFO   ] PROGRESS |   I am reaching out to introduce PlacementHub and explore whether any of your investor, entrepreneur, or
2026-06-22 19:03:09 [INFO   ] PROGRESS |   HNI clients may be open to reviewing a strategic seed opportunity.
2026-06-22 19:03:09 [INFO   ] PROGRESS |   My name is Sandeep Jain. PlacementHub is currently in its pre-seed fundraising stage, and I am
2026-06-22 19:03:09 [INFO   ] PROGRESS |   soliciting strategic seed investment for the same. PlacementHub is a campus placement and employability
2026-06-22 19:03:09 [INFO   ] PROGRESS |   platform connecting students, colleges, and recruiters. The product is built and in early
2026-06-22 19:03:09 [INFO   ] PROGRESS |   commercialization.
2026-06-22 19:03:09 [INFO   ] PROGRESS |   For reference, the detailed business plan, including the business model and go-to-market strategies, is
2026-06-22 19:03:09 [INFO   ] PROGRESS |   available here:
2026-06-22 19:03:09 [INFO   ] PROGRESS |   PlacementHub Business Plan
2026-06-22 19:03:09 [INFO   ] PROGRESS |   For a Chartered Accountant firm, the relevance is mainly professional and strategic:
2026-06-22 19:03:09 [INFO   ] PROGRESS |   PlacementHub may require support across accounting, taxation, compliance, payroll, investor documentation, audit, and related professional services.
2026-06-22 19:03:09 [INFO   ] PROGRESS |   I would naturally be pleased to consider and prioritize firms that support PlacementHub during its early growth phase, subject to suitability and mutual agreement.
2026-06-22 19:03:09 [INFO   ] PROGRESS |   The relationship can begin with a simple review of the investment note and, where appropriate, introductions to suitable investor clients.
2026-06-22 19:03:09 [INFO   ] PROGRESS |   If the opportunity is worth a look, I would be happy to send the note and speak briefly about the round,
2026-06-22 19:03:09 [INFO   ] PROGRESS |   the platform, and the type of strategic investors we are looking for.
2026-06-22 19:03:09 [INFO   ] PROGRESS |   Please reply to this email or call me if you would like to explore it.
2026-06-22 19:03:09 [INFO   ] PROGRESS |   Warm Regards,
2026-06-22 19:03:09 [INFO   ] PROGRESS |   Sandeep Jain
2026-06-22 19:03:09 [INFO   ] PROGRESS |   Founder, PlacementHub
2026-06-22 19:03:09 [INFO   ] PROGRESS |   +91-9860090620
2026-06-22 19:03:09 [INFO   ] PROGRESS |   sandeepjain200019@gmail.com
2026-06-22 19:03:09 [INFO   ] PROGRESS |   Detailed Profile
2026-06-22 19:03:09 [INFO   ] PROGRESS |   Detailed Note on Funding Requirement
2026-06-22 19:03:09 [INFO   ] --------------------------------------------------------------
2026-06-22 19:03:09 [INFO   ] 
2026-06-22 19:03:09 [INFO   ] 
2026-06-22 19:03:09 [INFO   ] PROGRESS | Email preview — To: cavarunyadav1184@gmail.com | Subject: PlacementHub pre-seed intro with VARUN CHANDRAKANT YADAV
2026-06-22 19:03:18 [INFO   ] SENT (Brevo) -> cavarunyadav1184@gmail.com (VARUN CHANDRAKANT YADAV) | PlacementHub pre-seed intro with VARUN CHANDRAKANT YADAV | messageId=<202606221333.76915401227@smtp-relay.mailin.fr> (API accepted; run audit-brevo to confirm delivery)
2026-06-22 19:03:18 [INFO   ] Sleeping for 10 seconds
2026-06-22 19:03:28 [INFO   ] PROGRESS | Send 25/50 | SENT | cavarunyadav1184@gmail.com | VARUN CHANDRAKANT YADAV [Chartered Accountants & Company Secretaries] | ok=23 fail=2 skip=0
2026-06-22 19:03:28 [INFO   ] PROGRESS | Send 26/50 | SENDING | ca.rohitsingh1202@gmail.com | ROHIT RAKESH SINGH [Chartered Accountants & Company Secretaries] | ok=23 fail=2 skip=0
2026-06-22 19:03:30 [INFO   ] --------------------------------------------------------------
2026-06-22 19:03:30 [INFO   ] PROGRESS | Email content — To: ca.rohitsingh1202@gmail.com
2026-06-22 19:03:30 [INFO   ] PROGRESS | Subject: PlacementHub pre-seed intro with ROHIT RAKESH SINGH
2026-06-22 19:03:30 [INFO   ] PROGRESS | Body:
2026-06-22 19:03:30 [INFO   ] PROGRESS |   Dear Sir/Madam,
2026-06-22 19:03:30 [INFO   ] PROGRESS |   I am reaching out to introduce PlacementHub and explore whether any of your investor, entrepreneur, or
2026-06-22 19:03:30 [INFO   ] PROGRESS |   HNI clients may be open to reviewing a strategic seed opportunity.
2026-06-22 19:03:30 [INFO   ] PROGRESS |   My name is Sandeep Jain. PlacementHub is currently in its pre-seed fundraising stage, and I am
2026-06-22 19:03:30 [INFO   ] PROGRESS |   soliciting strategic seed investment for the same. PlacementHub is a campus placement and employability
2026-06-22 19:03:30 [INFO   ] PROGRESS |   platform connecting students, colleges, and recruiters. The product is built and in early
2026-06-22 19:03:30 [INFO   ] PROGRESS |   commercialization.
2026-06-22 19:03:30 [INFO   ] PROGRESS |   For reference, the detailed business plan, including the business model and go-to-market strategies, is
2026-06-22 19:03:30 [INFO   ] PROGRESS |   available here:
2026-06-22 19:03:30 [INFO   ] PROGRESS |   PlacementHub Business Plan
2026-06-22 19:03:30 [INFO   ] PROGRESS |   For a Chartered Accountant firm, the relevance is mainly professional and strategic:
2026-06-22 19:03:30 [INFO   ] PROGRESS |   PlacementHub may require support across accounting, taxation, compliance, payroll, investor documentation, audit, and related professional services.
2026-06-22 19:03:30 [INFO   ] PROGRESS |   I would naturally be pleased to consider and prioritize firms that support PlacementHub during its early growth phase, subject to suitability and mutual agreement.
2026-06-22 19:03:30 [INFO   ] PROGRESS |   The relationship can begin with a simple review of the investment note and, where appropriate, introductions to suitable investor clients.
2026-06-22 19:03:30 [INFO   ] PROGRESS |   If the opportunity is worth a look, I would be happy to send the note and speak briefly about the round,
2026-06-22 19:03:30 [INFO   ] PROGRESS |   the platform, and the type of strategic investors we are looking for.
2026-06-22 19:03:30 [INFO   ] PROGRESS |   Please reply to this email or call me if you would like to explore it.
2026-06-22 19:03:30 [INFO   ] PROGRESS |   Warm Regards,
2026-06-22 19:03:30 [INFO   ] PROGRESS |   Sandeep Jain
2026-06-22 19:03:30 [INFO   ] PROGRESS |   Founder, PlacementHub
2026-06-22 19:03:30 [INFO   ] PROGRESS |   +91-9860090620
2026-06-22 19:03:30 [INFO   ] PROGRESS |   sandeepjain200019@gmail.com
2026-06-22 19:03:30 [INFO   ] PROGRESS |   Detailed Profile
2026-06-22 19:03:30 [INFO   ] PROGRESS |   Detailed Note on Funding Requirement
2026-06-22 19:03:30 [INFO   ] --------------------------------------------------------------
2026-06-22 19:03:30 [INFO   ] 
2026-06-22 19:03:30 [INFO   ] 
2026-06-22 19:03:30 [INFO   ] PROGRESS | Email preview — To: ca.rohitsingh1202@gmail.com | Subject: PlacementHub pre-seed intro with ROHIT RAKESH SINGH
2026-06-22 19:03:33 [INFO   ] SENT (Brevo) -> ca.rohitsingh1202@gmail.com (ROHIT RAKESH SINGH) | PlacementHub pre-seed intro with ROHIT RAKESH SINGH | messageId=<202606221333.57661685052@smtp-relay.mailin.fr> (API accepted; run audit-brevo to confirm delivery)
2026-06-22 19:03:33 [INFO   ] Sleeping for 10 seconds
2026-06-22 19:03:43 [INFO   ] PROGRESS | Send 26/50 | SENT | ca.rohitsingh1202@gmail.com | ROHIT RAKESH SINGH [Chartered Accountants & Company Secretaries] | ok=24 fail=2 skip=0
2026-06-22 19:03:43 [INFO   ] PROGRESS | Send 27/50 | SENDING | shahpramod100@gmail.com | PRAMOD AMARSHI SHAH [Chartered Accountants & Company Secretaries] | ok=24 fail=2 skip=0
2026-06-22 19:03:51 [INFO   ] --------------------------------------------------------------
2026-06-22 19:03:51 [INFO   ] PROGRESS | Email content — To: shahpramod100@gmail.com
2026-06-22 19:03:51 [INFO   ] PROGRESS | Subject: PlacementHub pre-seed intro with PRAMOD AMARSHI SHAH
2026-06-22 19:03:51 [INFO   ] PROGRESS | Body:
2026-06-22 19:03:51 [INFO   ] PROGRESS |   Dear Sir/Madam,
2026-06-22 19:03:51 [INFO   ] PROGRESS |   I am reaching out to introduce PlacementHub and explore whether any of your investor, entrepreneur, or
2026-06-22 19:03:51 [INFO   ] PROGRESS |   HNI clients may be open to reviewing a strategic seed opportunity.
2026-06-22 19:03:51 [INFO   ] PROGRESS |   My name is Sandeep Jain. PlacementHub is currently in its pre-seed fundraising stage, and I am
2026-06-22 19:03:51 [INFO   ] PROGRESS |   soliciting strategic seed investment for the same. PlacementHub is a campus placement and employability
2026-06-22 19:03:51 [INFO   ] PROGRESS |   platform connecting students, colleges, and recruiters. The product is built and in early
2026-06-22 19:03:51 [INFO   ] PROGRESS |   commercialization.
2026-06-22 19:03:51 [INFO   ] PROGRESS |   For reference, the detailed business plan, including the business model and go-to-market strategies, is
2026-06-22 19:03:51 [INFO   ] PROGRESS |   available here:
2026-06-22 19:03:51 [INFO   ] PROGRESS |   PlacementHub Business Plan
2026-06-22 19:03:51 [INFO   ] PROGRESS |   For a Chartered Accountant firm, the relevance is mainly professional and strategic:
2026-06-22 19:03:51 [INFO   ] PROGRESS |   PlacementHub may require support across accounting, taxation, compliance, payroll, investor documentation, audit, and related professional services.
2026-06-22 19:03:51 [INFO   ] PROGRESS |   I would naturally be pleased to consider and prioritize firms that support PlacementHub during its early growth phase, subject to suitability and mutual agreement.
2026-06-22 19:03:51 [INFO   ] PROGRESS |   The relationship can begin with a simple review of the investment note and, where appropriate, introductions to suitable investor clients.
2026-06-22 19:03:51 [INFO   ] PROGRESS |   If the opportunity is worth a look, I would be happy to send the note and speak briefly about the round,
2026-06-22 19:03:51 [INFO   ] PROGRESS |   the platform, and the type of strategic investors we are looking for.
2026-06-22 19:03:51 [INFO   ] PROGRESS |   Please reply to this email or call me if you would like to explore it.
2026-06-22 19:03:51 [INFO   ] PROGRESS |   Warm Regards,
2026-06-22 19:03:51 [INFO   ] PROGRESS |   Sandeep Jain
2026-06-22 19:03:51 [INFO   ] PROGRESS |   Founder, PlacementHub
2026-06-22 19:03:51 [INFO   ] PROGRESS |   +91-9860090620
2026-06-22 19:03:51 [INFO   ] PROGRESS |   sandeepjain200019@gmail.com
2026-06-22 19:03:51 [INFO   ] PROGRESS |   Detailed Profile
2026-06-22 19:03:51 [INFO   ] PROGRESS |   Detailed Note on Funding Requirement
2026-06-22 19:03:51 [INFO   ] --------------------------------------------------------------
2026-06-22 19:03:51 [INFO   ] 
2026-06-22 19:03:51 [INFO   ] 
2026-06-22 19:03:51 [INFO   ] PROGRESS | Email preview — To: shahpramod100@gmail.com | Subject: PlacementHub pre-seed intro with PRAMOD AMARSHI SHAH
2026-06-22 19:03:53 [INFO   ] SENT (Brevo) -> shahpramod100@gmail.com (PRAMOD AMARSHI SHAH) | PlacementHub pre-seed intro with PRAMOD AMARSHI SHAH | messageId=<202606221333.40296816821@smtp-relay.mailin.fr> (API accepted; run audit-brevo to confirm delivery)
2026-06-22 19:03:53 [INFO   ] Sleeping for 10 seconds
2026-06-22 19:04:03 [INFO   ] PROGRESS | Send 27/50 | SENT | shahpramod100@gmail.com | PRAMOD AMARSHI SHAH [Chartered Accountants & Company Secretaries] | ok=25 fail=2 skip=0
2026-06-22 19:04:03 [INFO   ] PROGRESS | Send 28/50 | SENDING | parag19852003@yahoo.com | PARAG DINESH GUPTA [Chartered Accountants & Company Secretaries] | ok=25 fail=2 skip=0
2026-06-22 19:04:27 [INFO   ] --------------------------------------------------------------
2026-06-22 19:04:27 [INFO   ] PROGRESS | Email content — To: parag19852003@yahoo.com
2026-06-22 19:04:27 [INFO   ] PROGRESS | Subject: PlacementHub pre-seed intro with PARAG DINESH GUPTA
2026-06-22 19:04:27 [INFO   ] PROGRESS | Body:
2026-06-22 19:04:27 [INFO   ] PROGRESS |   Dear Sir/Madam,
2026-06-22 19:04:27 [INFO   ] PROGRESS |   I am reaching out to introduce PlacementHub and explore whether any of your investor, entrepreneur, or
2026-06-22 19:04:27 [INFO   ] PROGRESS |   HNI clients may be open to reviewing a strategic seed opportunity.
2026-06-22 19:04:27 [INFO   ] PROGRESS |   My name is Sandeep Jain. PlacementHub is currently in its pre-seed fundraising stage, and I am
2026-06-22 19:04:27 [INFO   ] PROGRESS |   soliciting strategic seed investment for the same. PlacementHub is a campus placement and employability
2026-06-22 19:04:27 [INFO   ] PROGRESS |   platform connecting students, colleges, and recruiters. The product is built and in early
2026-06-22 19:04:27 [INFO   ] PROGRESS |   commercialization.
2026-06-22 19:04:27 [INFO   ] PROGRESS |   For reference, the detailed business plan, including the business model and go-to-market strategies, is
2026-06-22 19:04:27 [INFO   ] PROGRESS |   available here:
2026-06-22 19:04:27 [INFO   ] PROGRESS |   PlacementHub Business Plan
2026-06-22 19:04:27 [INFO   ] PROGRESS |   For a Chartered Accountant firm, the relevance is mainly professional and strategic:
2026-06-22 19:04:27 [INFO   ] PROGRESS |   PlacementHub may require support across accounting, taxation, compliance, payroll, investor documentation, audit, and related professional services.
2026-06-22 19:04:27 [INFO   ] PROGRESS |   I would naturally be pleased to consider and prioritize firms that support PlacementHub during its early growth phase, subject to suitability and mutual agreement.
2026-06-22 19:04:27 [INFO   ] PROGRESS |   The relationship can begin with a simple review of the investment note and, where appropriate, introductions to suitable investor clients.
2026-06-22 19:04:27 [INFO   ] PROGRESS |   If the opportunity is worth a look, I would be happy to send the note and speak briefly about the round,
2026-06-22 19:04:27 [INFO   ] PROGRESS |   the platform, and the type of strategic investors we are looking for.
2026-06-22 19:04:27 [INFO   ] PROGRESS |   Please reply to this email or call me if you would like to explore it.
2026-06-22 19:04:27 [INFO   ] PROGRESS |   Warm Regards,
2026-06-22 19:04:27 [INFO   ] PROGRESS |   Sandeep Jain
2026-06-22 19:04:27 [INFO   ] PROGRESS |   Founder, PlacementHub
2026-06-22 19:04:27 [INFO   ] PROGRESS |   +91-9860090620
2026-06-22 19:04:27 [INFO   ] PROGRESS |   sandeepjain200019@gmail.com
2026-06-22 19:04:27 [INFO   ] PROGRESS |   Detailed Profile
2026-06-22 19:04:27 [INFO   ] PROGRESS |   Detailed Note on Funding Requirement
2026-06-22 19:04:27 [INFO   ] --------------------------------------------------------------
2026-06-22 19:04:27 [INFO   ] 
2026-06-22 19:04:27 [INFO   ] 
2026-06-22 19:04:27 [INFO   ] PROGRESS | Email preview — To: parag19852003@yahoo.com | Subject: PlacementHub pre-seed intro with PARAG DINESH GUPTA
2026-06-22 19:04:34 [INFO   ] SENT (Brevo) -> parag19852003@yahoo.com (PARAG DINESH GUPTA) | PlacementHub pre-seed intro with PARAG DINESH GUPTA | messageId=<202606221334.18247661907@smtp-relay.mailin.fr> (API accepted; run audit-brevo to confirm delivery)
2026-06-22 19:04:34 [INFO   ] Sleeping for 10 seconds
2026-06-22 19:04:44 [INFO   ] PROGRESS | Send 28/50 | SENT | parag19852003@yahoo.com | PARAG DINESH GUPTA [Chartered Accountants & Company Secretaries] | ok=26 fail=2 skip=0
2026-06-22 19:04:44 [INFO   ] PROGRESS | Send 29/50 | SENDING | jiteshsjha@gmail.com | JITESH KUMAR SHAMBHUNATH JHA [Chartered Accountants & Company Secretaries] | ok=26 fail=2 skip=0
2026-06-22 19:04:50 [INFO   ] --------------------------------------------------------------
2026-06-22 19:04:50 [INFO   ] PROGRESS | Email content — To: jiteshsjha@gmail.com
2026-06-22 19:04:50 [INFO   ] PROGRESS | Subject: PlacementHub pre-seed intro with JITESH KUMAR SHAMBHUNATH JHA
2026-06-22 19:04:50 [INFO   ] PROGRESS | Body:
2026-06-22 19:04:50 [INFO   ] PROGRESS |   Dear Sir/Madam,
2026-06-22 19:04:50 [INFO   ] PROGRESS |   I am reaching out to introduce PlacementHub and explore whether any of your investor, entrepreneur, or
2026-06-22 19:04:50 [INFO   ] PROGRESS |   HNI clients may be open to reviewing a strategic seed opportunity.
2026-06-22 19:04:50 [INFO   ] PROGRESS |   My name is Sandeep Jain. PlacementHub is currently in its pre-seed fundraising stage, and I am
2026-06-22 19:04:50 [INFO   ] PROGRESS |   soliciting strategic seed investment for the same. PlacementHub is a campus placement and employability
2026-06-22 19:04:50 [INFO   ] PROGRESS |   platform connecting students, colleges, and recruiters. The product is built and in early
2026-06-22 19:04:50 [INFO   ] PROGRESS |   commercialization.
2026-06-22 19:04:50 [INFO   ] PROGRESS |   For reference, the detailed business plan, including the business model and go-to-market strategies, is
2026-06-22 19:04:50 [INFO   ] PROGRESS |   available here:
2026-06-22 19:04:50 [INFO   ] PROGRESS |   PlacementHub Business Plan
2026-06-22 19:04:50 [INFO   ] PROGRESS |   For a Chartered Accountant firm, the relevance is mainly professional and strategic:
2026-06-22 19:04:50 [INFO   ] PROGRESS |   PlacementHub may require support across accounting, taxation, compliance, payroll, investor documentation, audit, and related professional services.
2026-06-22 19:04:50 [INFO   ] PROGRESS |   I would naturally be pleased to consider and prioritize firms that support PlacementHub during its early growth phase, subject to suitability and mutual agreement.
2026-06-22 19:04:50 [INFO   ] PROGRESS |   The relationship can begin with a simple review of the investment note and, where appropriate, introductions to suitable investor clients.
2026-06-22 19:04:50 [INFO   ] PROGRESS |   If the opportunity is worth a look, I would be happy to send the note and speak briefly about the round,
2026-06-22 19:04:50 [INFO   ] PROGRESS |   the platform, and the type of strategic investors we are looking for.
2026-06-22 19:04:50 [INFO   ] PROGRESS |   Please reply to this email or call me if you would like to explore it.
2026-06-22 19:04:50 [INFO   ] PROGRESS |   Warm Regards,
2026-06-22 19:04:50 [INFO   ] PROGRESS |   Sandeep Jain
2026-06-22 19:04:50 [INFO   ] PROGRESS |   Founder, PlacementHub
2026-06-22 19:04:50 [INFO   ] PROGRESS |   +91-9860090620
2026-06-22 19:04:50 [INFO   ] PROGRESS |   sandeepjain200019@gmail.com
2026-06-22 19:04:50 [INFO   ] PROGRESS |   Detailed Profile
2026-06-22 19:04:50 [INFO   ] PROGRESS |   Detailed Note on Funding Requirement
2026-06-22 19:04:50 [INFO   ] --------------------------------------------------------------
2026-06-22 19:04:50 [INFO   ] 
2026-06-22 19:04:50 [INFO   ] 
2026-06-22 19:04:50 [INFO   ] PROGRESS | Email preview — To: jiteshsjha@gmail.com | Subject: PlacementHub pre-seed intro with JITESH KUMAR SHAMBHUNATH JHA
2026-06-22 19:05:01 [INFO   ] SENT (Brevo) -> jiteshsjha@gmail.com (JITESH KUMAR SHAMBHUNATH JHA) | PlacementHub pre-seed intro with JITESH KUMAR SHAMBHUNATH JHA | messageId=<202606221335.85703163772@smtp-relay.mailin.fr> (API accepted; run audit-brevo to confirm delivery)
2026-06-22 19:05:01 [INFO   ] Sleeping for 10 seconds
2026-06-22 19:05:11 [INFO   ] PROGRESS | Send 29/50 | SENT | jiteshsjha@gmail.com | JITESH KUMAR SHAMBHUNATH JHA [Chartered Accountants & Company Secretaries] | ok=27 fail=2 skip=0
2026-06-22 19:05:11 [INFO   ] PROGRESS | Send 30/50 | SENDING | mmjindalassociates@gmail.com | JINDAL MAN MOHAN [Chartered Accountants & Company Secretaries] | ok=27 fail=2 skip=0
2026-06-22 19:05:22 [INFO   ] --------------------------------------------------------------
2026-06-22 19:05:22 [INFO   ] PROGRESS | Email content — To: mmjindalassociates@gmail.com
2026-06-22 19:05:22 [INFO   ] PROGRESS | Subject: PlacementHub pre-seed intro with JINDAL MAN MOHAN
2026-06-22 19:05:22 [INFO   ] PROGRESS | Body:
2026-06-22 19:05:22 [INFO   ] PROGRESS |   Dear Sir/Madam,
2026-06-22 19:05:22 [INFO   ] PROGRESS |   I am reaching out to introduce PlacementHub and explore whether any of your investor, entrepreneur, or
2026-06-22 19:05:22 [INFO   ] PROGRESS |   HNI clients may be open to reviewing a strategic seed opportunity.
2026-06-22 19:05:22 [INFO   ] PROGRESS |   My name is Sandeep Jain. PlacementHub is currently in its pre-seed fundraising stage, and I am
2026-06-22 19:05:22 [INFO   ] PROGRESS |   soliciting strategic seed investment for the same. PlacementHub is a campus placement and employability
2026-06-22 19:05:22 [INFO   ] PROGRESS |   platform connecting students, colleges, and recruiters. The product is built and in early
2026-06-22 19:05:22 [INFO   ] PROGRESS |   commercialization.
2026-06-22 19:05:22 [INFO   ] PROGRESS |   For reference, the detailed business plan, including the business model and go-to-market strategies, is
2026-06-22 19:05:22 [INFO   ] PROGRESS |   available here:
2026-06-22 19:05:22 [INFO   ] PROGRESS |   PlacementHub Business Plan
2026-06-22 19:05:22 [INFO   ] PROGRESS |   For a Chartered Accountant firm, the relevance is mainly professional and strategic:
2026-06-22 19:05:22 [INFO   ] PROGRESS |   PlacementHub may require support across accounting, taxation, compliance, payroll, investor documentation, audit, and related professional services.
2026-06-22 19:05:22 [INFO   ] PROGRESS |   I would naturally be pleased to consider and prioritize firms that support PlacementHub during its early growth phase, subject to suitability and mutual agreement.
2026-06-22 19:05:22 [INFO   ] PROGRESS |   The relationship can begin with a simple review of the investment note and, where appropriate, introductions to suitable investor clients.
2026-06-22 19:05:22 [INFO   ] PROGRESS |   If the opportunity is worth a look, I would be happy to send the note and speak briefly about the round,
2026-06-22 19:05:22 [INFO   ] PROGRESS |   the platform, and the type of strategic investors we are looking for.
2026-06-22 19:05:22 [INFO   ] PROGRESS |   Please reply to this email or call me if you would like to explore it.
2026-06-22 19:05:22 [INFO   ] PROGRESS |   Warm Regards,
2026-06-22 19:05:22 [INFO   ] PROGRESS |   Sandeep Jain
2026-06-22 19:05:22 [INFO   ] PROGRESS |   Founder, PlacementHub
2026-06-22 19:05:22 [INFO   ] PROGRESS |   +91-9860090620
2026-06-22 19:05:22 [INFO   ] PROGRESS |   sandeepjain200019@gmail.com
2026-06-22 19:05:22 [INFO   ] PROGRESS |   Detailed Profile
2026-06-22 19:05:22 [INFO   ] PROGRESS |   Detailed Note on Funding Requirement
2026-06-22 19:05:22 [INFO   ] --------------------------------------------------------------
2026-06-22 19:05:22 [INFO   ] 
2026-06-22 19:05:22 [INFO   ] 
2026-06-22 19:05:22 [INFO   ] PROGRESS | Email preview — To: mmjindalassociates@gmail.com | Subject: PlacementHub pre-seed intro with JINDAL MAN MOHAN
2026-06-22 19:05:29 [INFO   ] SENT (Brevo) -> mmjindalassociates@gmail.com (JINDAL MAN MOHAN) | PlacementHub pre-seed intro with JINDAL MAN MOHAN | messageId=<202606221335.33428563352@smtp-relay.mailin.fr> (API accepted; run audit-brevo to confirm delivery)
2026-06-22 19:05:29 [INFO   ] Sleeping for 10 seconds
2026-06-22 19:05:39 [INFO   ] PROGRESS | Send 30/50 | SENT | mmjindalassociates@gmail.com | JINDAL MAN MOHAN [Chartered Accountants & Company Secretaries] | ok=28 fail=2 skip=0
2026-06-22 19:05:39 [INFO   ] PROGRESS | Send 31/50 | SENDING | cakavitajhaver@gmail.com | KAVITA MANOJ JHAVER [Chartered Accountants & Company Secretaries] | ok=28 fail=2 skip=0
2026-06-22 19:05:40 [INFO   ] --------------------------------------------------------------
2026-06-22 19:05:40 [INFO   ] PROGRESS | Email content — To: cakavitajhaver@gmail.com
2026-06-22 19:05:40 [INFO   ] PROGRESS | Subject: PlacementHub pre-seed intro with KAVITA MANOJ JHAVER
2026-06-22 19:05:40 [INFO   ] PROGRESS | Body:
2026-06-22 19:05:40 [INFO   ] PROGRESS |   Dear Sir/Madam,
2026-06-22 19:05:40 [INFO   ] PROGRESS |   I am reaching out to introduce PlacementHub and explore whether any of your investor, entrepreneur, or
2026-06-22 19:05:40 [INFO   ] PROGRESS |   HNI clients may be open to reviewing a strategic seed opportunity.
2026-06-22 19:05:40 [INFO   ] PROGRESS |   My name is Sandeep Jain. PlacementHub is currently in its pre-seed fundraising stage, and I am
2026-06-22 19:05:40 [INFO   ] PROGRESS |   soliciting strategic seed investment for the same. PlacementHub is a campus placement and employability
2026-06-22 19:05:40 [INFO   ] PROGRESS |   platform connecting students, colleges, and recruiters. The product is built and in early
2026-06-22 19:05:40 [INFO   ] PROGRESS |   commercialization.
2026-06-22 19:05:40 [INFO   ] PROGRESS |   For reference, the detailed business plan, including the business model and go-to-market strategies, is
2026-06-22 19:05:40 [INFO   ] PROGRESS |   available here:
2026-06-22 19:05:40 [INFO   ] PROGRESS |   PlacementHub Business Plan
2026-06-22 19:05:40 [INFO   ] PROGRESS |   For a Chartered Accountant firm, the relevance is mainly professional and strategic:
2026-06-22 19:05:40 [INFO   ] PROGRESS |   PlacementHub may require support across accounting, taxation, compliance, payroll, investor documentation, audit, and related professional services.
2026-06-22 19:05:40 [INFO   ] PROGRESS |   I would naturally be pleased to consider and prioritize firms that support PlacementHub during its early growth phase, subject to suitability and mutual agreement.
2026-06-22 19:05:40 [INFO   ] PROGRESS |   The relationship can begin with a simple review of the investment note and, where appropriate, introductions to suitable investor clients.
2026-06-22 19:05:40 [INFO   ] PROGRESS |   If the opportunity is worth a look, I would be happy to send the note and speak briefly about the round,
2026-06-22 19:05:40 [INFO   ] PROGRESS |   the platform, and the type of strategic investors we are looking for.
2026-06-22 19:05:40 [INFO   ] PROGRESS |   Please reply to this email or call me if you would like to explore it.
2026-06-22 19:05:40 [INFO   ] PROGRESS |   Warm Regards,
2026-06-22 19:05:40 [INFO   ] PROGRESS |   Sandeep Jain
2026-06-22 19:05:40 [INFO   ] PROGRESS |   Founder, PlacementHub
2026-06-22 19:05:40 [INFO   ] PROGRESS |   +91-9860090620
2026-06-22 19:05:40 [INFO   ] PROGRESS |   sandeepjain200019@gmail.com
2026-06-22 19:05:40 [INFO   ] PROGRESS |   Detailed Profile
2026-06-22 19:05:40 [INFO   ] PROGRESS |   Detailed Note on Funding Requirement
2026-06-22 19:05:40 [INFO   ] --------------------------------------------------------------
2026-06-22 19:05:40 [INFO   ] 
2026-06-22 19:05:40 [INFO   ] 
2026-06-22 19:05:40 [INFO   ] PROGRESS | Email preview — To: cakavitajhaver@gmail.com | Subject: PlacementHub pre-seed intro with KAVITA MANOJ JHAVER
2026-06-22 19:05:44 [INFO   ] SENT (Brevo) -> cakavitajhaver@gmail.com (KAVITA MANOJ JHAVER) | PlacementHub pre-seed intro with KAVITA MANOJ JHAVER | messageId=<202606221335.91108175101@smtp-relay.mailin.fr> (API accepted; run audit-brevo to confirm delivery)
2026-06-22 19:05:44 [INFO   ] Sleeping for 10 seconds
2026-06-22 19:05:54 [INFO   ] PROGRESS | Send 31/50 | SENT | cakavitajhaver@gmail.com | KAVITA MANOJ JHAVER [Chartered Accountants & Company Secretaries] | ok=29 fail=2 skip=0
2026-06-22 19:05:54 [INFO   ] PROGRESS | Send 32/50 | SENDING | cakalpanasahtani@gmail.com | KALPANADEVEE KESHAVLAL PIRDHANANI [Chartered Accountants & Company Secretaries] | ok=29 fail=2 skip=0
2026-06-22 19:06:23 [INFO   ] --------------------------------------------------------------
2026-06-22 19:06:23 [INFO   ] PROGRESS | Email content — To: cakalpanasahtani@gmail.com
2026-06-22 19:06:23 [INFO   ] PROGRESS | Subject: PlacementHub pre-seed intro with KALPANADEVEE KESHAVLAL PIRDHANANI
2026-06-22 19:06:23 [INFO   ] PROGRESS | Body:
2026-06-22 19:06:23 [INFO   ] PROGRESS |   Dear Sir/Madam,
2026-06-22 19:06:23 [INFO   ] PROGRESS |   I am reaching out to introduce PlacementHub and explore whether any of your investor, entrepreneur, or
2026-06-22 19:06:23 [INFO   ] PROGRESS |   HNI clients may be open to reviewing a strategic seed opportunity.
2026-06-22 19:06:23 [INFO   ] PROGRESS |   My name is Sandeep Jain. PlacementHub is currently in its pre-seed fundraising stage, and I am
2026-06-22 19:06:23 [INFO   ] PROGRESS |   soliciting strategic seed investment for the same. PlacementHub is a campus placement and employability
2026-06-22 19:06:23 [INFO   ] PROGRESS |   platform connecting students, colleges, and recruiters. The product is built and in early
2026-06-22 19:06:23 [INFO   ] PROGRESS |   commercialization.
2026-06-22 19:06:23 [INFO   ] PROGRESS |   For reference, the detailed business plan, including the business model and go-to-market strategies, is
2026-06-22 19:06:23 [INFO   ] PROGRESS |   available here:
2026-06-22 19:06:23 [INFO   ] PROGRESS |   PlacementHub Business Plan
2026-06-22 19:06:23 [INFO   ] PROGRESS |   For a Chartered Accountant firm, the relevance is mainly professional and strategic:
2026-06-22 19:06:23 [INFO   ] PROGRESS |   PlacementHub may require support across accounting, taxation, compliance, payroll, investor documentation, audit, and related professional services.
2026-06-22 19:06:23 [INFO   ] PROGRESS |   I would naturally be pleased to consider and prioritize firms that support PlacementHub during its early growth phase, subject to suitability and mutual agreement.
2026-06-22 19:06:23 [INFO   ] PROGRESS |   The relationship can begin with a simple review of the investment note and, where appropriate, introductions to suitable investor clients.
2026-06-22 19:06:23 [INFO   ] PROGRESS |   If the opportunity is worth a look, I would be happy to send the note and speak briefly about the round,
2026-06-22 19:06:23 [INFO   ] PROGRESS |   the platform, and the type of strategic investors we are looking for.
2026-06-22 19:06:23 [INFO   ] PROGRESS |   Please reply to this email or call me if you would like to explore it.
2026-06-22 19:06:23 [INFO   ] PROGRESS |   Warm Regards,
2026-06-22 19:06:23 [INFO   ] PROGRESS |   Sandeep Jain
2026-06-22 19:06:23 [INFO   ] PROGRESS |   Founder, PlacementHub
2026-06-22 19:06:23 [INFO   ] PROGRESS |   +91-9860090620
2026-06-22 19:06:23 [INFO   ] PROGRESS |   sandeepjain200019@gmail.com
2026-06-22 19:06:23 [INFO   ] PROGRESS |   Detailed Profile
2026-06-22 19:06:23 [INFO   ] PROGRESS |   Detailed Note on Funding Requirement
2026-06-22 19:06:23 [INFO   ] --------------------------------------------------------------
2026-06-22 19:06:23 [INFO   ] 
2026-06-22 19:06:23 [INFO   ] 
2026-06-22 19:06:23 [INFO   ] PROGRESS | Email preview — To: cakalpanasahtani@gmail.com | Subject: PlacementHub pre-seed intro with KALPANADEVEE KESHAVLAL PIRDHANANI
2026-06-22 19:06:28 [INFO   ] SENT (Brevo) -> cakalpanasahtani@gmail.com (KALPANADEVEE KESHAVLAL PIRDHANANI) | PlacementHub pre-seed intro with KALPANADEVEE KESHAVLAL PIRDHANANI | messageId=<202606221336.71850693663@smtp-relay.mailin.fr> (API accepted; run audit-brevo to confirm delivery)
2026-06-22 19:06:28 [INFO   ] Sleeping for 10 seconds
2026-06-22 19:06:38 [INFO   ] PROGRESS | Send 32/50 | SENT | cakalpanasahtani@gmail.com | KALPANADEVEE KESHAVLAL PIRDHANANI [Chartered Accountants & Company Secretaries] | ok=30 fail=2 skip=0
2026-06-22 19:06:38 [INFO   ] PROGRESS | Send 33/50 | SENDING | tbcous@yahoo.com | BHATT TUSHAR BHAVANJI [Chartered Accountants & Company Secretaries] | ok=30 fail=2 skip=0
2026-06-22 19:07:00 [INFO   ] --------------------------------------------------------------
2026-06-22 19:07:00 [INFO   ] PROGRESS | Email content — To: tbcous@yahoo.com
2026-06-22 19:07:00 [INFO   ] PROGRESS | Subject: PlacementHub pre-seed intro with BHATT TUSHAR BHAVANJI
2026-06-22 19:07:00 [INFO   ] PROGRESS | Body:
2026-06-22 19:07:00 [INFO   ] PROGRESS |   Dear Sir/Madam,
2026-06-22 19:07:00 [INFO   ] PROGRESS |   I am reaching out to introduce PlacementHub and explore whether any of your investor, entrepreneur, or
2026-06-22 19:07:00 [INFO   ] PROGRESS |   HNI clients may be open to reviewing a strategic seed opportunity.
2026-06-22 19:07:00 [INFO   ] PROGRESS |   My name is Sandeep Jain. PlacementHub is currently in its pre-seed fundraising stage, and I am
2026-06-22 19:07:00 [INFO   ] PROGRESS |   soliciting strategic seed investment for the same. PlacementHub is a campus placement and employability
2026-06-22 19:07:00 [INFO   ] PROGRESS |   platform connecting students, colleges, and recruiters. The product is built and in early
2026-06-22 19:07:00 [INFO   ] PROGRESS |   commercialization.
2026-06-22 19:07:00 [INFO   ] PROGRESS |   For reference, the detailed business plan, including the business model and go-to-market strategies, is
2026-06-22 19:07:00 [INFO   ] PROGRESS |   available here:
2026-06-22 19:07:00 [INFO   ] PROGRESS |   PlacementHub Business Plan
2026-06-22 19:07:00 [INFO   ] PROGRESS |   For a Chartered Accountant firm, the relevance is mainly professional and strategic:
2026-06-22 19:07:00 [INFO   ] PROGRESS |   PlacementHub may require support across accounting, taxation, compliance, payroll, investor documentation, audit, and related professional services.
2026-06-22 19:07:00 [INFO   ] PROGRESS |   I would naturally be pleased to consider and prioritize firms that support PlacementHub during its early growth phase, subject to suitability and mutual agreement.
2026-06-22 19:07:00 [INFO   ] PROGRESS |   The relationship can begin with a simple review of the investment note and, where appropriate, introductions to suitable investor clients.
2026-06-22 19:07:00 [INFO   ] PROGRESS |   If the opportunity is worth a look, I would be happy to send the note and speak briefly about the round,
2026-06-22 19:07:00 [INFO   ] PROGRESS |   the platform, and the type of strategic investors we are looking for.
2026-06-22 19:07:00 [INFO   ] PROGRESS |   Please reply to this email or call me if you would like to explore it.
2026-06-22 19:07:00 [INFO   ] PROGRESS |   Warm Regards,
2026-06-22 19:07:00 [INFO   ] PROGRESS |   Sandeep Jain
2026-06-22 19:07:00 [INFO   ] PROGRESS |   Founder, PlacementHub
2026-06-22 19:07:00 [INFO   ] PROGRESS |   +91-9860090620
2026-06-22 19:07:00 [INFO   ] PROGRESS |   sandeepjain200019@gmail.com
2026-06-22 19:07:00 [INFO   ] PROGRESS |   Detailed Profile
2026-06-22 19:07:00 [INFO   ] PROGRESS |   Detailed Note on Funding Requirement
2026-06-22 19:07:00 [INFO   ] --------------------------------------------------------------
2026-06-22 19:07:00 [INFO   ] 
2026-06-22 19:07:00 [INFO   ] 
2026-06-22 19:07:00 [INFO   ] PROGRESS | Email preview — To: tbcous@yahoo.com | Subject: PlacementHub pre-seed intro with BHATT TUSHAR BHAVANJI
2026-06-22 19:07:02 [INFO   ] SENT (Brevo) -> tbcous@yahoo.com (BHATT TUSHAR BHAVANJI) | PlacementHub pre-seed intro with BHATT TUSHAR BHAVANJI | messageId=<202606221337.48756608520@smtp-relay.mailin.fr> (API accepted; run audit-brevo to confirm delivery)
2026-06-22 19:07:02 [INFO   ] Sleeping for 10 seconds
2026-06-22 19:07:12 [INFO   ] PROGRESS | Send 33/50 | SENT | tbcous@yahoo.com | BHATT TUSHAR BHAVANJI [Chartered Accountants & Company Secretaries] | ok=31 fail=2 skip=0
2026-06-22 19:07:12 [INFO   ] PROGRESS | Send 34/50 | SENDING | bhavesh@cabmc.net | BHAVESH MULRAJ MEHTA [Chartered Accountants & Company Secretaries] | ok=31 fail=2 skip=0
2026-06-22 19:07:13 [INFO   ] --------------------------------------------------------------
2026-06-22 19:07:13 [INFO   ] PROGRESS | Email content — To: bhavesh@cabmc.net
2026-06-22 19:07:13 [INFO   ] PROGRESS | Subject: PlacementHub pre-seed intro with BHAVESH MULRAJ MEHTA
2026-06-22 19:07:13 [INFO   ] PROGRESS | Body:
2026-06-22 19:07:13 [INFO   ] PROGRESS |   Dear Sir/Madam,
2026-06-22 19:07:13 [INFO   ] PROGRESS |   I am reaching out to introduce PlacementHub and explore whether any of your investor, entrepreneur, or
2026-06-22 19:07:13 [INFO   ] PROGRESS |   HNI clients may be open to reviewing a strategic seed opportunity.
2026-06-22 19:07:13 [INFO   ] PROGRESS |   My name is Sandeep Jain. PlacementHub is currently in its pre-seed fundraising stage, and I am
2026-06-22 19:07:13 [INFO   ] PROGRESS |   soliciting strategic seed investment for the same. PlacementHub is a campus placement and employability
2026-06-22 19:07:13 [INFO   ] PROGRESS |   platform connecting students, colleges, and recruiters. The product is built and in early
2026-06-22 19:07:13 [INFO   ] PROGRESS |   commercialization.
2026-06-22 19:07:13 [INFO   ] PROGRESS |   For reference, the detailed business plan, including the business model and go-to-market strategies, is
2026-06-22 19:07:13 [INFO   ] PROGRESS |   available here:
2026-06-22 19:07:13 [INFO   ] PROGRESS |   PlacementHub Business Plan
2026-06-22 19:07:13 [INFO   ] PROGRESS |   For a Chartered Accountant firm, the relevance is mainly professional and strategic:
2026-06-22 19:07:13 [INFO   ] PROGRESS |   PlacementHub may require support across accounting, taxation, compliance, payroll, investor documentation, audit, and related professional services.
2026-06-22 19:07:13 [INFO   ] PROGRESS |   I would naturally be pleased to consider and prioritize firms that support PlacementHub during its early growth phase, subject to suitability and mutual agreement.
2026-06-22 19:07:13 [INFO   ] PROGRESS |   The relationship can begin with a simple review of the investment note and, where appropriate, introductions to suitable investor clients.
2026-06-22 19:07:13 [INFO   ] PROGRESS |   If the opportunity is worth a look, I would be happy to send the note and speak briefly about the round,
2026-06-22 19:07:13 [INFO   ] PROGRESS |   the platform, and the type of strategic investors we are looking for.
2026-06-22 19:07:13 [INFO   ] PROGRESS |   Please reply to this email or call me if you would like to explore it.
2026-06-22 19:07:13 [INFO   ] PROGRESS |   Warm Regards,
2026-06-22 19:07:13 [INFO   ] PROGRESS |   Sandeep Jain
2026-06-22 19:07:13 [INFO   ] PROGRESS |   Founder, PlacementHub
2026-06-22 19:07:13 [INFO   ] PROGRESS |   +91-9860090620
2026-06-22 19:07:13 [INFO   ] PROGRESS |   sandeepjain200019@gmail.com
2026-06-22 19:07:13 [INFO   ] PROGRESS |   Detailed Profile
2026-06-22 19:07:13 [INFO   ] PROGRESS |   Detailed Note on Funding Requirement
2026-06-22 19:07:13 [INFO   ] --------------------------------------------------------------
2026-06-22 19:07:13 [INFO   ] 
2026-06-22 19:07:13 [INFO   ] 
2026-06-22 19:07:13 [INFO   ] PROGRESS | Email preview — To: bhavesh@cabmc.net | Subject: PlacementHub pre-seed intro with BHAVESH MULRAJ MEHTA
2026-06-22 19:07:15 [INFO   ] SENT (Brevo) -> bhavesh@cabmc.net (BHAVESH MULRAJ MEHTA) | PlacementHub pre-seed intro with BHAVESH MULRAJ MEHTA | messageId=<202606221337.64805217908@smtp-relay.mailin.fr> (API accepted; run audit-brevo to confirm delivery)
2026-06-22 19:07:15 [INFO   ] Sleeping for 10 seconds
2026-06-22 19:07:25 [INFO   ] PROGRESS | Send 34/50 | SENT | bhavesh@cabmc.net | BHAVESH MULRAJ MEHTA [Chartered Accountants & Company Secretaries] | ok=32 fail=2 skip=0
2026-06-22 19:07:25 [INFO   ] PROGRESS | Send 35/50 | SENDING | tarundoshi00@gmail.com | TARUN DOSHI [Chartered Accountants & Company Secretaries] | ok=32 fail=2 skip=0
2026-06-22 19:07:26 [INFO   ] --------------------------------------------------------------
2026-06-22 19:07:26 [INFO   ] PROGRESS | Email content — To: tarundoshi00@gmail.com
2026-06-22 19:07:26 [INFO   ] PROGRESS | Subject: PlacementHub pre-seed intro with TARUN DOSHI
2026-06-22 19:07:26 [INFO   ] PROGRESS | Body:
2026-06-22 19:07:26 [INFO   ] PROGRESS |   Dear Sir/Madam,
2026-06-22 19:07:26 [INFO   ] PROGRESS |   I am reaching out to introduce PlacementHub and explore whether any of your investor, entrepreneur, or
2026-06-22 19:07:26 [INFO   ] PROGRESS |   HNI clients may be open to reviewing a strategic seed opportunity.
2026-06-22 19:07:26 [INFO   ] PROGRESS |   My name is Sandeep Jain. PlacementHub is currently in its pre-seed fundraising stage, and I am
2026-06-22 19:07:26 [INFO   ] PROGRESS |   soliciting strategic seed investment for the same. PlacementHub is a campus placement and employability
2026-06-22 19:07:26 [INFO   ] PROGRESS |   platform connecting students, colleges, and recruiters. The product is built and in early
2026-06-22 19:07:26 [INFO   ] PROGRESS |   commercialization.
2026-06-22 19:07:26 [INFO   ] PROGRESS |   For reference, the detailed business plan, including the business model and go-to-market strategies, is
2026-06-22 19:07:26 [INFO   ] PROGRESS |   available here:
2026-06-22 19:07:26 [INFO   ] PROGRESS |   PlacementHub Business Plan
2026-06-22 19:07:26 [INFO   ] PROGRESS |   For a Chartered Accountant firm, the relevance is mainly professional and strategic:
2026-06-22 19:07:26 [INFO   ] PROGRESS |   PlacementHub may require support across accounting, taxation, compliance, payroll, investor documentation, audit, and related professional services.
2026-06-22 19:07:26 [INFO   ] PROGRESS |   I would naturally be pleased to consider and prioritize firms that support PlacementHub during its early growth phase, subject to suitability and mutual agreement.
2026-06-22 19:07:26 [INFO   ] PROGRESS |   The relationship can begin with a simple review of the investment note and, where appropriate, introductions to suitable investor clients.
2026-06-22 19:07:26 [INFO   ] PROGRESS |   If the opportunity is worth a look, I would be happy to send the note and speak briefly about the round,
2026-06-22 19:07:26 [INFO   ] PROGRESS |   the platform, and the type of strategic investors we are looking for.
2026-06-22 19:07:26 [INFO   ] PROGRESS |   Please reply to this email or call me if you would like to explore it.
2026-06-22 19:07:26 [INFO   ] PROGRESS |   Warm Regards,
2026-06-22 19:07:26 [INFO   ] PROGRESS |   Sandeep Jain
2026-06-22 19:07:26 [INFO   ] PROGRESS |   Founder, PlacementHub
2026-06-22 19:07:26 [INFO   ] PROGRESS |   +91-9860090620
2026-06-22 19:07:26 [INFO   ] PROGRESS |   sandeepjain200019@gmail.com
2026-06-22 19:07:26 [INFO   ] PROGRESS |   Detailed Profile
2026-06-22 19:07:26 [INFO   ] PROGRESS |   Detailed Note on Funding Requirement
2026-06-22 19:07:26 [INFO   ] --------------------------------------------------------------
2026-06-22 19:07:26 [INFO   ] 
2026-06-22 19:07:26 [INFO   ] 
2026-06-22 19:07:26 [INFO   ] PROGRESS | Email preview — To: tarundoshi00@gmail.com | Subject: PlacementHub pre-seed intro with TARUN DOSHI
2026-06-22 19:07:32 [INFO   ] SENT (Brevo) -> tarundoshi00@gmail.com (TARUN DOSHI) | PlacementHub pre-seed intro with TARUN DOSHI | messageId=<202606221337.73460536942@smtp-relay.mailin.fr> (API accepted; run audit-brevo to confirm delivery)
2026-06-22 19:07:32 [INFO   ] Sleeping for 10 seconds
2026-06-22 19:07:42 [INFO   ] PROGRESS | Send 35/50 | SENT | tarundoshi00@gmail.com | TARUN DOSHI [Chartered Accountants & Company Secretaries] | ok=33 fail=2 skip=0
2026-06-22 19:07:42 [INFO   ] PROGRESS | Send 36/50 | SENDING | ca.caganesh@gmail.com | GANESH CHANDRAMOULI [Chartered Accountants & Company Secretaries] | ok=33 fail=2 skip=0
2026-06-22 19:07:43 [INFO   ] --------------------------------------------------------------
2026-06-22 19:07:43 [INFO   ] PROGRESS | Email content — To: ca.caganesh@gmail.com
2026-06-22 19:07:43 [INFO   ] PROGRESS | Subject: PlacementHub pre-seed intro with GANESH CHANDRAMOULI
2026-06-22 19:07:43 [INFO   ] PROGRESS | Body:
2026-06-22 19:07:43 [INFO   ] PROGRESS |   Dear Sir/Madam,
2026-06-22 19:07:43 [INFO   ] PROGRESS |   I am reaching out to introduce PlacementHub and explore whether any of your investor, entrepreneur, or
2026-06-22 19:07:43 [INFO   ] PROGRESS |   HNI clients may be open to reviewing a strategic seed opportunity.
2026-06-22 19:07:43 [INFO   ] PROGRESS |   My name is Sandeep Jain. PlacementHub is currently in its pre-seed fundraising stage, and I am
2026-06-22 19:07:43 [INFO   ] PROGRESS |   soliciting strategic seed investment for the same. PlacementHub is a campus placement and employability
2026-06-22 19:07:43 [INFO   ] PROGRESS |   platform connecting students, colleges, and recruiters. The product is built and in early
2026-06-22 19:07:43 [INFO   ] PROGRESS |   commercialization.
2026-06-22 19:07:43 [INFO   ] PROGRESS |   For reference, the detailed business plan, including the business model and go-to-market strategies, is
2026-06-22 19:07:43 [INFO   ] PROGRESS |   available here:
2026-06-22 19:07:43 [INFO   ] PROGRESS |   PlacementHub Business Plan
2026-06-22 19:07:43 [INFO   ] PROGRESS |   For a Chartered Accountant firm, the relevance is mainly professional and strategic:
2026-06-22 19:07:43 [INFO   ] PROGRESS |   PlacementHub may require support across accounting, taxation, compliance, payroll, investor documentation, audit, and related professional services.
2026-06-22 19:07:43 [INFO   ] PROGRESS |   I would naturally be pleased to consider and prioritize firms that support PlacementHub during its early growth phase, subject to suitability and mutual agreement.
2026-06-22 19:07:43 [INFO   ] PROGRESS |   The relationship can begin with a simple review of the investment note and, where appropriate, introductions to suitable investor clients.
2026-06-22 19:07:43 [INFO   ] PROGRESS |   If the opportunity is worth a look, I would be happy to send the note and speak briefly about the round,
2026-06-22 19:07:43 [INFO   ] PROGRESS |   the platform, and the type of strategic investors we are looking for.
2026-06-22 19:07:43 [INFO   ] PROGRESS |   Please reply to this email or call me if you would like to explore it.
2026-06-22 19:07:43 [INFO   ] PROGRESS |   Warm Regards,
2026-06-22 19:07:43 [INFO   ] PROGRESS |   Sandeep Jain
2026-06-22 19:07:43 [INFO   ] PROGRESS |   Founder, PlacementHub
2026-06-22 19:07:43 [INFO   ] PROGRESS |   +91-9860090620
2026-06-22 19:07:43 [INFO   ] PROGRESS |   sandeepjain200019@gmail.com
2026-06-22 19:07:43 [INFO   ] PROGRESS |   Detailed Profile
2026-06-22 19:07:43 [INFO   ] PROGRESS |   Detailed Note on Funding Requirement
2026-06-22 19:07:43 [INFO   ] --------------------------------------------------------------
2026-06-22 19:07:43 [INFO   ] 
2026-06-22 19:07:43 [INFO   ] 
2026-06-22 19:07:43 [INFO   ] PROGRESS | Email preview — To: ca.caganesh@gmail.com | Subject: PlacementHub pre-seed intro with GANESH CHANDRAMOULI
2026-06-22 19:07:49 [INFO   ] SENT (Brevo) -> ca.caganesh@gmail.com (GANESH CHANDRAMOULI) | PlacementHub pre-seed intro with GANESH CHANDRAMOULI | messageId=<202606221337.85593047443@smtp-relay.mailin.fr> (API accepted; run audit-brevo to confirm delivery)
2026-06-22 19:07:49 [INFO   ] Sleeping for 10 seconds
2026-06-22 19:07:59 [INFO   ] PROGRESS | Send 36/50 | SENT | ca.caganesh@gmail.com | GANESH CHANDRAMOULI [Chartered Accountants & Company Secretaries] | ok=34 fail=2 skip=0
2026-06-22 19:07:59 [INFO   ] PROGRESS | Send 37/50 | SENDING | supriyapathak995@gmail.com | SUPRIYA DILIP PATHAK [Chartered Accountants & Company Secretaries] | ok=34 fail=2 skip=0
2026-06-22 19:08:19 [INFO   ] --------------------------------------------------------------
2026-06-22 19:08:19 [INFO   ] PROGRESS | Email content — To: supriyapathak995@gmail.com
2026-06-22 19:08:19 [INFO   ] PROGRESS | Subject: PlacementHub pre-seed intro with SUPRIYA DILIP PATHAK
2026-06-22 19:08:19 [INFO   ] PROGRESS | Body:
2026-06-22 19:08:19 [INFO   ] PROGRESS |   Dear Sir/Madam,
2026-06-22 19:08:19 [INFO   ] PROGRESS |   I am reaching out to introduce PlacementHub and explore whether any of your investor, entrepreneur, or
2026-06-22 19:08:19 [INFO   ] PROGRESS |   HNI clients may be open to reviewing a strategic seed opportunity.
2026-06-22 19:08:19 [INFO   ] PROGRESS |   My name is Sandeep Jain. PlacementHub is currently in its pre-seed fundraising stage, and I am
2026-06-22 19:08:19 [INFO   ] PROGRESS |   soliciting strategic seed investment for the same. PlacementHub is a campus placement and employability
2026-06-22 19:08:19 [INFO   ] PROGRESS |   platform connecting students, colleges, and recruiters. The product is built and in early
2026-06-22 19:08:19 [INFO   ] PROGRESS |   commercialization.
2026-06-22 19:08:19 [INFO   ] PROGRESS |   For reference, the detailed business plan, including the business model and go-to-market strategies, is
2026-06-22 19:08:19 [INFO   ] PROGRESS |   available here:
2026-06-22 19:08:19 [INFO   ] PROGRESS |   PlacementHub Business Plan
2026-06-22 19:08:19 [INFO   ] PROGRESS |   For a Chartered Accountant firm, the relevance is mainly professional and strategic:
2026-06-22 19:08:19 [INFO   ] PROGRESS |   PlacementHub may require support across accounting, taxation, compliance, payroll, investor documentation, audit, and related professional services.
2026-06-22 19:08:19 [INFO   ] PROGRESS |   I would naturally be pleased to consider and prioritize firms that support PlacementHub during its early growth phase, subject to suitability and mutual agreement.
2026-06-22 19:08:19 [INFO   ] PROGRESS |   The relationship can begin with a simple review of the investment note and, where appropriate, introductions to suitable investor clients.
2026-06-22 19:08:19 [INFO   ] PROGRESS |   If the opportunity is worth a look, I would be happy to send the note and speak briefly about the round,
2026-06-22 19:08:19 [INFO   ] PROGRESS |   the platform, and the type of strategic investors we are looking for.
2026-06-22 19:08:19 [INFO   ] PROGRESS |   Please reply to this email or call me if you would like to explore it.
2026-06-22 19:08:19 [INFO   ] PROGRESS |   Warm Regards,
2026-06-22 19:08:19 [INFO   ] PROGRESS |   Sandeep Jain
2026-06-22 19:08:19 [INFO   ] PROGRESS |   Founder, PlacementHub
2026-06-22 19:08:19 [INFO   ] PROGRESS |   +91-9860090620
2026-06-22 19:08:19 [INFO   ] PROGRESS |   sandeepjain200019@gmail.com
2026-06-22 19:08:19 [INFO   ] PROGRESS |   Detailed Profile
2026-06-22 19:08:19 [INFO   ] PROGRESS |   Detailed Note on Funding Requirement
2026-06-22 19:08:19 [INFO   ] --------------------------------------------------------------
2026-06-22 19:08:19 [INFO   ] 
2026-06-22 19:08:19 [INFO   ] 
2026-06-22 19:08:19 [INFO   ] PROGRESS | Email preview — To: supriyapathak995@gmail.com | Subject: PlacementHub pre-seed intro with SUPRIYA DILIP PATHAK
2026-06-22 19:08:21 [INFO   ] SENT (Brevo) -> supriyapathak995@gmail.com (SUPRIYA DILIP PATHAK) | PlacementHub pre-seed intro with SUPRIYA DILIP PATHAK | messageId=<202606221338.37060782864@smtp-relay.mailin.fr> (API accepted; run audit-brevo to confirm delivery)
2026-06-22 19:08:21 [INFO   ] Sleeping for 10 seconds
2026-06-22 19:08:31 [INFO   ] PROGRESS | Send 37/50 | SENT | supriyapathak995@gmail.com | SUPRIYA DILIP PATHAK [Chartered Accountants & Company Secretaries] | ok=35 fail=2 skip=0
2026-06-22 19:08:31 [INFO   ] PROGRESS | Send 38/50 | SENDING | imran.kachhi@gmail.com | IMRAN YASIN KACHHI [Chartered Accountants & Company Secretaries] | ok=35 fail=2 skip=0
2026-06-22 19:08:55 [INFO   ] --------------------------------------------------------------
2026-06-22 19:08:55 [INFO   ] PROGRESS | Email content — To: imran.kachhi@gmail.com
2026-06-22 19:08:55 [INFO   ] PROGRESS | Subject: PlacementHub pre-seed intro with IMRAN YASIN KACHHI
2026-06-22 19:08:55 [INFO   ] PROGRESS | Body:
2026-06-22 19:08:55 [INFO   ] PROGRESS |   Dear Sir/Madam,
2026-06-22 19:08:55 [INFO   ] PROGRESS |   I am reaching out to introduce PlacementHub and explore whether any of your investor, entrepreneur, or
2026-06-22 19:08:55 [INFO   ] PROGRESS |   HNI clients may be open to reviewing a strategic seed opportunity.
2026-06-22 19:08:55 [INFO   ] PROGRESS |   My name is Sandeep Jain. PlacementHub is currently in its pre-seed fundraising stage, and I am
2026-06-22 19:08:55 [INFO   ] PROGRESS |   soliciting strategic seed investment for the same. PlacementHub is a campus placement and employability
2026-06-22 19:08:55 [INFO   ] PROGRESS |   platform connecting students, colleges, and recruiters. The product is built and in early
2026-06-22 19:08:55 [INFO   ] PROGRESS |   commercialization.
2026-06-22 19:08:55 [INFO   ] PROGRESS |   For reference, the detailed business plan, including the business model and go-to-market strategies, is
2026-06-22 19:08:55 [INFO   ] PROGRESS |   available here:
2026-06-22 19:08:55 [INFO   ] PROGRESS |   PlacementHub Business Plan
2026-06-22 19:08:55 [INFO   ] PROGRESS |   For a Chartered Accountant firm, the relevance is mainly professional and strategic:
2026-06-22 19:08:55 [INFO   ] PROGRESS |   PlacementHub may require support across accounting, taxation, compliance, payroll, investor documentation, audit, and related professional services.
2026-06-22 19:08:55 [INFO   ] PROGRESS |   I would naturally be pleased to consider and prioritize firms that support PlacementHub during its early growth phase, subject to suitability and mutual agreement.
2026-06-22 19:08:55 [INFO   ] PROGRESS |   The relationship can begin with a simple review of the investment note and, where appropriate, introductions to suitable investor clients.
2026-06-22 19:08:55 [INFO   ] PROGRESS |   If the opportunity is worth a look, I would be happy to send the note and speak briefly about the round,
2026-06-22 19:08:55 [INFO   ] PROGRESS |   the platform, and the type of strategic investors we are looking for.
2026-06-22 19:08:55 [INFO   ] PROGRESS |   Please reply to this email or call me if you would like to explore it.
2026-06-22 19:08:55 [INFO   ] PROGRESS |   Warm Regards,
2026-06-22 19:08:55 [INFO   ] PROGRESS |   Sandeep Jain
2026-06-22 19:08:55 [INFO   ] PROGRESS |   Founder, PlacementHub
2026-06-22 19:08:55 [INFO   ] PROGRESS |   +91-9860090620
2026-06-22 19:08:55 [INFO   ] PROGRESS |   sandeepjain200019@gmail.com
2026-06-22 19:08:55 [INFO   ] PROGRESS |   Detailed Profile
2026-06-22 19:08:55 [INFO   ] PROGRESS |   Detailed Note on Funding Requirement
2026-06-22 19:08:55 [INFO   ] --------------------------------------------------------------
2026-06-22 19:08:55 [INFO   ] 
2026-06-22 19:08:55 [INFO   ] 
2026-06-22 19:08:55 [INFO   ] PROGRESS | Email preview — To: imran.kachhi@gmail.com | Subject: PlacementHub pre-seed intro with IMRAN YASIN KACHHI
2026-06-22 19:09:00 [INFO   ] SENT (Brevo) -> imran.kachhi@gmail.com (IMRAN YASIN KACHHI) | PlacementHub pre-seed intro with IMRAN YASIN KACHHI | messageId=<202606221339.63600529867@smtp-relay.mailin.fr> (API accepted; run audit-brevo to confirm delivery)
2026-06-22 19:09:00 [INFO   ] Sleeping for 10 seconds
2026-06-22 19:09:10 [INFO   ] PROGRESS | Send 38/50 | SENT | imran.kachhi@gmail.com | IMRAN YASIN KACHHI [Chartered Accountants & Company Secretaries] | ok=36 fail=2 skip=0
2026-06-22 19:09:10 [INFO   ] PROGRESS | Send 39/50 | SENDING | samarth_gaonkar@hotmail.com | SAMARTH VILAS GAONKAR [Chartered Accountants & Company Secretaries] | ok=36 fail=2 skip=0
2026-06-22 19:09:11 [WARNING] NVIDIA call failed (attempt 1/5): HTTP Error 403: Forbidden — rotating key.
2026-06-22 19:09:15 [INFO   ] --------------------------------------------------------------
2026-06-22 19:09:15 [INFO   ] PROGRESS | Email content — To: samarth_gaonkar@hotmail.com
2026-06-22 19:09:15 [INFO   ] PROGRESS | Subject: PlacementHub pre-seed intro with SAMARTH VILAS GAONKAR
2026-06-22 19:09:15 [INFO   ] PROGRESS | Body:
2026-06-22 19:09:15 [INFO   ] PROGRESS |   Dear Sir/Madam,
2026-06-22 19:09:15 [INFO   ] PROGRESS |   I am reaching out to introduce PlacementHub and explore whether any of your investor, entrepreneur, or
2026-06-22 19:09:15 [INFO   ] PROGRESS |   HNI clients may be open to reviewing a strategic seed opportunity.
2026-06-22 19:09:15 [INFO   ] PROGRESS |   My name is Sandeep Jain. PlacementHub is currently in its pre-seed fundraising stage, and I am
2026-06-22 19:09:15 [INFO   ] PROGRESS |   soliciting strategic seed investment for the same. PlacementHub is a campus placement and employability
2026-06-22 19:09:15 [INFO   ] PROGRESS |   platform connecting students, colleges, and recruiters. The product is built and in early
2026-06-22 19:09:15 [INFO   ] PROGRESS |   commercialization.
2026-06-22 19:09:15 [INFO   ] PROGRESS |   For reference, the detailed business plan, including the business model and go-to-market strategies, is
2026-06-22 19:09:15 [INFO   ] PROGRESS |   available here:
2026-06-22 19:09:15 [INFO   ] PROGRESS |   PlacementHub Business Plan
2026-06-22 19:09:15 [INFO   ] PROGRESS |   For a Chartered Accountant firm, the relevance is mainly professional and strategic:
2026-06-22 19:09:15 [INFO   ] PROGRESS |   PlacementHub may require support across accounting, taxation, compliance, payroll, investor documentation, audit, and related professional services.
2026-06-22 19:09:15 [INFO   ] PROGRESS |   I would naturally be pleased to consider and prioritize firms that support PlacementHub during its early growth phase, subject to suitability and mutual agreement.
2026-06-22 19:09:15 [INFO   ] PROGRESS |   The relationship can begin with a simple review of the investment note and, where appropriate, introductions to suitable investor clients.
2026-06-22 19:09:15 [INFO   ] PROGRESS |   If the opportunity is worth a look, I would be happy to send the note and speak briefly about the round,
2026-06-22 19:09:15 [INFO   ] PROGRESS |   the platform, and the type of strategic investors we are looking for.
2026-06-22 19:09:15 [INFO   ] PROGRESS |   Please reply to this email or call me if you would like to explore it.
2026-06-22 19:09:15 [INFO   ] PROGRESS |   Warm Regards,
2026-06-22 19:09:15 [INFO   ] PROGRESS |   Sandeep Jain
2026-06-22 19:09:15 [INFO   ] PROGRESS |   Founder, PlacementHub
2026-06-22 19:09:15 [INFO   ] PROGRESS |   +91-9860090620
2026-06-22 19:09:15 [INFO   ] PROGRESS |   sandeepjain200019@gmail.com
2026-06-22 19:09:15 [INFO   ] PROGRESS |   Detailed Profile
2026-06-22 19:09:15 [INFO   ] PROGRESS |   Detailed Note on Funding Requirement
2026-06-22 19:09:15 [INFO   ] --------------------------------------------------------------
2026-06-22 19:09:15 [INFO   ] 
2026-06-22 19:09:15 [INFO   ] 
2026-06-22 19:09:15 [INFO   ] PROGRESS | Email preview — To: samarth_gaonkar@hotmail.com | Subject: PlacementHub pre-seed intro with SAMARTH VILAS GAONKAR
2026-06-22 19:09:19 [INFO   ] SENT (Brevo) -> samarth_gaonkar@hotmail.com (SAMARTH VILAS GAONKAR) | PlacementHub pre-seed intro with SAMARTH VILAS GAONKAR | messageId=<202606221339.18264555111@smtp-relay.mailin.fr> (API accepted; run audit-brevo to confirm delivery)
2026-06-22 19:09:19 [INFO   ] Sleeping for 10 seconds
2026-06-22 19:09:29 [INFO   ] PROGRESS | Send 39/50 | SENT | samarth_gaonkar@hotmail.com | SAMARTH VILAS GAONKAR [Chartered Accountants & Company Secretaries] | ok=37 fail=2 skip=0
2026-06-22 19:09:29 [INFO   ] PROGRESS | Send 40/50 | SENDING | ramesh.sunil@hotmail.com | SHETTY SUNIL RAM [Chartered Accountants & Company Secretaries] | ok=37 fail=2 skip=0
2026-06-22 19:09:59 [WARNING] NVIDIA call failed (attempt 1/5): The read operation timed out — rotating key.
2026-06-22 19:10:03 [INFO   ] --------------------------------------------------------------
2026-06-22 19:10:03 [INFO   ] PROGRESS | Email content — To: ramesh.sunil@hotmail.com
2026-06-22 19:10:03 [INFO   ] PROGRESS | Subject: PlacementHub pre-seed intro with SHETTY SUNIL RAM
2026-06-22 19:10:03 [INFO   ] PROGRESS | Body:
2026-06-22 19:10:03 [INFO   ] PROGRESS |   Dear Sir/Madam,
2026-06-22 19:10:03 [INFO   ] PROGRESS |   I am reaching out to introduce PlacementHub and explore whether any of your investor, entrepreneur, or
2026-06-22 19:10:03 [INFO   ] PROGRESS |   HNI clients may be open to reviewing a strategic seed opportunity.
2026-06-22 19:10:03 [INFO   ] PROGRESS |   My name is Sandeep Jain. PlacementHub is currently in its pre-seed fundraising stage, and I am
2026-06-22 19:10:03 [INFO   ] PROGRESS |   soliciting strategic seed investment for the same. PlacementHub is a campus placement and employability
2026-06-22 19:10:03 [INFO   ] PROGRESS |   platform connecting students, colleges, and recruiters. The product is built and in early
2026-06-22 19:10:03 [INFO   ] PROGRESS |   commercialization.
2026-06-22 19:10:03 [INFO   ] PROGRESS |   For reference, the detailed business plan, including the business model and go-to-market strategies, is
2026-06-22 19:10:03 [INFO   ] PROGRESS |   available here:
2026-06-22 19:10:03 [INFO   ] PROGRESS |   PlacementHub Business Plan
2026-06-22 19:10:03 [INFO   ] PROGRESS |   For a Chartered Accountant firm, the relevance is mainly professional and strategic:
2026-06-22 19:10:03 [INFO   ] PROGRESS |   PlacementHub may require support across accounting, taxation, compliance, payroll, investor documentation, audit, and related professional services.
2026-06-22 19:10:03 [INFO   ] PROGRESS |   I would naturally be pleased to consider and prioritize firms that support PlacementHub during its early growth phase, subject to suitability and mutual agreement.
2026-06-22 19:10:03 [INFO   ] PROGRESS |   The relationship can begin with a simple review of the investment note and, where appropriate, introductions to suitable investor clients.
2026-06-22 19:10:03 [INFO   ] PROGRESS |   If the opportunity is worth a look, I would be happy to send the note and speak briefly about the round,
2026-06-22 19:10:03 [INFO   ] PROGRESS |   the platform, and the type of strategic investors we are looking for.
2026-06-22 19:10:03 [INFO   ] PROGRESS |   Please reply to this email or call me if you would like to explore it.
2026-06-22 19:10:03 [INFO   ] PROGRESS |   Warm Regards,
2026-06-22 19:10:03 [INFO   ] PROGRESS |   Sandeep Jain
2026-06-22 19:10:03 [INFO   ] PROGRESS |   Founder, PlacementHub
2026-06-22 19:10:03 [INFO   ] PROGRESS |   +91-9860090620
2026-06-22 19:10:03 [INFO   ] PROGRESS |   sandeepjain200019@gmail.com
2026-06-22 19:10:03 [INFO   ] PROGRESS |   Detailed Profile
2026-06-22 19:10:03 [INFO   ] PROGRESS |   Detailed Note on Funding Requirement
2026-06-22 19:10:03 [INFO   ] --------------------------------------------------------------
2026-06-22 19:10:03 [INFO   ] 
2026-06-22 19:10:03 [INFO   ] 
2026-06-22 19:10:03 [INFO   ] PROGRESS | Email preview — To: ramesh.sunil@hotmail.com | Subject: PlacementHub pre-seed intro with SHETTY SUNIL RAM
2026-06-22 19:10:10 [INFO   ] SENT (Brevo) -> ramesh.sunil@hotmail.com (SHETTY SUNIL RAM) | PlacementHub pre-seed intro with SHETTY SUNIL RAM | messageId=<202606221340.70907725274@smtp-relay.mailin.fr> (API accepted; run audit-brevo to confirm delivery)
2026-06-22 19:10:10 [INFO   ] Sleeping for 10 seconds
2026-06-22 19:10:20 [INFO   ] PROGRESS | Send 40/50 | SENT | ramesh.sunil@hotmail.com | SHETTY SUNIL RAM [Chartered Accountants & Company Secretaries] | ok=38 fail=2 skip=0
2026-06-22 19:10:20 [INFO   ] PROGRESS | Send 41/50 | SENDING | kunals721@gmail.com | KUNAL ARVIND SHAH [Chartered Accountants & Company Secretaries] | ok=38 fail=2 skip=0
2026-06-22 19:10:21 [INFO   ] --------------------------------------------------------------
2026-06-22 19:10:21 [INFO   ] PROGRESS | Email content — To: kunals721@gmail.com
2026-06-22 19:10:21 [INFO   ] PROGRESS | Subject: PlacementHub pre-seed intro with KUNAL ARVIND SHAH
2026-06-22 19:10:21 [INFO   ] PROGRESS | Body:
2026-06-22 19:10:21 [INFO   ] PROGRESS |   Dear Sir/Madam,
2026-06-22 19:10:21 [INFO   ] PROGRESS |   I am reaching out to introduce PlacementHub and explore whether any of your investor, entrepreneur, or
2026-06-22 19:10:21 [INFO   ] PROGRESS |   HNI clients may be open to reviewing a strategic seed opportunity.
2026-06-22 19:10:21 [INFO   ] PROGRESS |   My name is Sandeep Jain. PlacementHub is currently in its pre-seed fundraising stage, and I am
2026-06-22 19:10:21 [INFO   ] PROGRESS |   soliciting strategic seed investment for the same. PlacementHub is a campus placement and employability
2026-06-22 19:10:21 [INFO   ] PROGRESS |   platform connecting students, colleges, and recruiters. The product is built and in early
2026-06-22 19:10:21 [INFO   ] PROGRESS |   commercialization.
2026-06-22 19:10:21 [INFO   ] PROGRESS |   For reference, the detailed business plan, including the business model and go-to-market strategies, is
2026-06-22 19:10:21 [INFO   ] PROGRESS |   available here:
2026-06-22 19:10:21 [INFO   ] PROGRESS |   PlacementHub Business Plan
2026-06-22 19:10:21 [INFO   ] PROGRESS |   For a Chartered Accountant firm, the relevance is mainly professional and strategic:
2026-06-22 19:10:21 [INFO   ] PROGRESS |   PlacementHub may require support across accounting, taxation, compliance, payroll, investor documentation, audit, and related professional services.
2026-06-22 19:10:21 [INFO   ] PROGRESS |   I would naturally be pleased to consider and prioritize firms that support PlacementHub during its early growth phase, subject to suitability and mutual agreement.
2026-06-22 19:10:21 [INFO   ] PROGRESS |   The relationship can begin with a simple review of the investment note and, where appropriate, introductions to suitable investor clients.
2026-06-22 19:10:21 [INFO   ] PROGRESS |   If the opportunity is worth a look, I would be happy to send the note and speak briefly about the round,
2026-06-22 19:10:21 [INFO   ] PROGRESS |   the platform, and the type of strategic investors we are looking for.
2026-06-22 19:10:21 [INFO   ] PROGRESS |   Please reply to this email or call me if you would like to explore it.
2026-06-22 19:10:21 [INFO   ] PROGRESS |   Warm Regards,
2026-06-22 19:10:21 [INFO   ] PROGRESS |   Sandeep Jain
2026-06-22 19:10:21 [INFO   ] PROGRESS |   Founder, PlacementHub
2026-06-22 19:10:21 [INFO   ] PROGRESS |   +91-9860090620
2026-06-22 19:10:21 [INFO   ] PROGRESS |   sandeepjain200019@gmail.com
2026-06-22 19:10:21 [INFO   ] PROGRESS |   Detailed Profile
2026-06-22 19:10:21 [INFO   ] PROGRESS |   Detailed Note on Funding Requirement
2026-06-22 19:10:21 [INFO   ] --------------------------------------------------------------
2026-06-22 19:10:21 [INFO   ] 
2026-06-22 19:10:21 [INFO   ] 
2026-06-22 19:10:21 [INFO   ] PROGRESS | Email preview — To: kunals721@gmail.com | Subject: PlacementHub pre-seed intro with KUNAL ARVIND SHAH
2026-06-22 19:10:23 [INFO   ] SENT (Brevo) -> kunals721@gmail.com (KUNAL ARVIND SHAH) | PlacementHub pre-seed intro with KUNAL ARVIND SHAH | messageId=<202606221340.81850112815@smtp-relay.mailin.fr> (API accepted; run audit-brevo to confirm delivery)
2026-06-22 19:10:23 [INFO   ] Sleeping for 10 seconds
2026-06-22 19:10:33 [INFO   ] PROGRESS | Send 41/50 | SENT | kunals721@gmail.com | KUNAL ARVIND SHAH [Chartered Accountants & Company Secretaries] | ok=39 fail=2 skip=0
2026-06-22 19:10:33 [INFO   ] PROGRESS | Send 42/50 | SENDING | meghna.saraf@gmail.com | MEGHNA SURESH SARAF [Chartered Accountants & Company Secretaries] | ok=39 fail=2 skip=0
2026-06-22 19:11:03 [WARNING] NVIDIA call failed (attempt 1/5): The read operation timed out — rotating key.
2026-06-22 19:11:05 [INFO   ] --------------------------------------------------------------
2026-06-22 19:11:05 [INFO   ] PROGRESS | Email content — To: meghna.saraf@gmail.com
2026-06-22 19:11:05 [INFO   ] PROGRESS | Subject: PlacementHub pre-seed intro with MEGHNA SURESH SARAF
2026-06-22 19:11:05 [INFO   ] PROGRESS | Body:
2026-06-22 19:11:05 [INFO   ] PROGRESS |   Dear Sir/Madam,
2026-06-22 19:11:05 [INFO   ] PROGRESS |   I am reaching out to introduce PlacementHub and explore whether any of your investor, entrepreneur, or
2026-06-22 19:11:05 [INFO   ] PROGRESS |   HNI clients may be open to reviewing a strategic seed opportunity.
2026-06-22 19:11:05 [INFO   ] PROGRESS |   My name is Sandeep Jain. PlacementHub is currently in its pre-seed fundraising stage, and I am
2026-06-22 19:11:05 [INFO   ] PROGRESS |   soliciting strategic seed investment for the same. PlacementHub is a campus placement and employability
2026-06-22 19:11:05 [INFO   ] PROGRESS |   platform connecting students, colleges, and recruiters. The product is built and in early
2026-06-22 19:11:05 [INFO   ] PROGRESS |   commercialization.
2026-06-22 19:11:05 [INFO   ] PROGRESS |   For reference, the detailed business plan, including the business model and go-to-market strategies, is
2026-06-22 19:11:05 [INFO   ] PROGRESS |   available here:
2026-06-22 19:11:05 [INFO   ] PROGRESS |   PlacementHub Business Plan
2026-06-22 19:11:05 [INFO   ] PROGRESS |   For a Chartered Accountant firm, the relevance is mainly professional and strategic:
2026-06-22 19:11:05 [INFO   ] PROGRESS |   PlacementHub may require support across accounting, taxation, compliance, payroll, investor documentation, audit, and related professional services.
2026-06-22 19:11:05 [INFO   ] PROGRESS |   I would naturally be pleased to consider and prioritize firms that support PlacementHub during its early growth phase, subject to suitability and mutual agreement.
2026-06-22 19:11:05 [INFO   ] PROGRESS |   The relationship can begin with a simple review of the investment note and, where appropriate, introductions to suitable investor clients.
2026-06-22 19:11:05 [INFO   ] PROGRESS |   If the opportunity is worth a look, I would be happy to send the note and speak briefly about the round,
2026-06-22 19:11:05 [INFO   ] PROGRESS |   the platform, and the type of strategic investors we are looking for.
2026-06-22 19:11:05 [INFO   ] PROGRESS |   Please reply to this email or call me if you would like to explore it.
2026-06-22 19:11:05 [INFO   ] PROGRESS |   Warm Regards,
2026-06-22 19:11:05 [INFO   ] PROGRESS |   Sandeep Jain
2026-06-22 19:11:05 [INFO   ] PROGRESS |   Founder, PlacementHub
2026-06-22 19:11:05 [INFO   ] PROGRESS |   +91-9860090620
2026-06-22 19:11:05 [INFO   ] PROGRESS |   sandeepjain200019@gmail.com
2026-06-22 19:11:05 [INFO   ] PROGRESS |   Detailed Profile
2026-06-22 19:11:05 [INFO   ] PROGRESS |   Detailed Note on Funding Requirement
2026-06-22 19:11:05 [INFO   ] --------------------------------------------------------------
2026-06-22 19:11:05 [INFO   ] 
2026-06-22 19:11:05 [INFO   ] 
2026-06-22 19:11:05 [INFO   ] PROGRESS | Email preview — To: meghna.saraf@gmail.com | Subject: PlacementHub pre-seed intro with MEGHNA SURESH SARAF
2026-06-22 19:11:07 [INFO   ] SENT (Brevo) -> meghna.saraf@gmail.com (MEGHNA SURESH SARAF) | PlacementHub pre-seed intro with MEGHNA SURESH SARAF | messageId=<202606221341.43969382552@smtp-relay.mailin.fr> (API accepted; run audit-brevo to confirm delivery)
2026-06-22 19:11:07 [INFO   ] Sleeping for 10 seconds
2026-06-22 19:11:17 [INFO   ] PROGRESS | Send 42/50 | SENT | meghna.saraf@gmail.com | MEGHNA SURESH SARAF [Chartered Accountants & Company Secretaries] | ok=40 fail=2 skip=0
2026-06-22 19:11:17 [INFO   ] PROGRESS | Send 43/50 | SENDING | samanvi.23@gmail.com | MANISHA SOMNATH KOLI [Chartered Accountants & Company Secretaries] | ok=40 fail=2 skip=0
2026-06-22 19:11:19 [INFO   ] --------------------------------------------------------------
2026-06-22 19:11:19 [INFO   ] PROGRESS | Email content — To: samanvi.23@gmail.com
2026-06-22 19:11:19 [INFO   ] PROGRESS | Subject: PlacementHub pre-seed intro with MANISHA SOMNATH KOLI
2026-06-22 19:11:19 [INFO   ] PROGRESS | Body:
2026-06-22 19:11:19 [INFO   ] PROGRESS |   Dear Sir/Madam,
2026-06-22 19:11:19 [INFO   ] PROGRESS |   I am reaching out to introduce PlacementHub and explore whether any of your investor, entrepreneur, or
2026-06-22 19:11:19 [INFO   ] PROGRESS |   HNI clients may be open to reviewing a strategic seed opportunity.
2026-06-22 19:11:19 [INFO   ] PROGRESS |   My name is Sandeep Jain. PlacementHub is currently in its pre-seed fundraising stage, and I am
2026-06-22 19:11:19 [INFO   ] PROGRESS |   soliciting strategic seed investment for the same. PlacementHub is a campus placement and employability
2026-06-22 19:11:19 [INFO   ] PROGRESS |   platform connecting students, colleges, and recruiters. The product is built and in early
2026-06-22 19:11:19 [INFO   ] PROGRESS |   commercialization.
2026-06-22 19:11:19 [INFO   ] PROGRESS |   For reference, the detailed business plan, including the business model and go-to-market strategies, is
2026-06-22 19:11:19 [INFO   ] PROGRESS |   available here:
2026-06-22 19:11:19 [INFO   ] PROGRESS |   PlacementHub Business Plan
2026-06-22 19:11:19 [INFO   ] PROGRESS |   For a Chartered Accountant firm, the relevance is mainly professional and strategic:
2026-06-22 19:11:19 [INFO   ] PROGRESS |   PlacementHub may require support across accounting, taxation, compliance, payroll, investor documentation, audit, and related professional services.
2026-06-22 19:11:19 [INFO   ] PROGRESS |   I would naturally be pleased to consider and prioritize firms that support PlacementHub during its early growth phase, subject to suitability and mutual agreement.
2026-06-22 19:11:19 [INFO   ] PROGRESS |   The relationship can begin with a simple review of the investment note and, where appropriate, introductions to suitable investor clients.
2026-06-22 19:11:19 [INFO   ] PROGRESS |   If the opportunity is worth a look, I would be happy to send the note and speak briefly about the round,
2026-06-22 19:11:19 [INFO   ] PROGRESS |   the platform, and the type of strategic investors we are looking for.
2026-06-22 19:11:19 [INFO   ] PROGRESS |   Please reply to this email or call me if you would like to explore it.
2026-06-22 19:11:19 [INFO   ] PROGRESS |   Warm Regards,
2026-06-22 19:11:19 [INFO   ] PROGRESS |   Sandeep Jain
2026-06-22 19:11:19 [INFO   ] PROGRESS |   Founder, PlacementHub
2026-06-22 19:11:19 [INFO   ] PROGRESS |   +91-9860090620
2026-06-22 19:11:19 [INFO   ] PROGRESS |   sandeepjain200019@gmail.com
2026-06-22 19:11:19 [INFO   ] PROGRESS |   Detailed Profile
2026-06-22 19:11:19 [INFO   ] PROGRESS |   Detailed Note on Funding Requirement
2026-06-22 19:11:19 [INFO   ] --------------------------------------------------------------
2026-06-22 19:11:19 [INFO   ] 
2026-06-22 19:11:19 [INFO   ] 
2026-06-22 19:11:19 [INFO   ] PROGRESS | Email preview — To: samanvi.23@gmail.com | Subject: PlacementHub pre-seed intro with MANISHA SOMNATH KOLI
2026-06-22 19:11:33 [INFO   ] SENT (Brevo) -> samanvi.23@gmail.com (MANISHA SOMNATH KOLI) | PlacementHub pre-seed intro with MANISHA SOMNATH KOLI | messageId=<202606221341.59426418369@smtp-relay.mailin.fr> (API accepted; run audit-brevo to confirm delivery)
2026-06-22 19:11:33 [INFO   ] Sleeping for 10 seconds
2026-06-22 19:11:43 [INFO   ] PROGRESS | Send 43/50 | SENT | samanvi.23@gmail.com | MANISHA SOMNATH KOLI [Chartered Accountants & Company Secretaries] | ok=41 fail=2 skip=0
2026-06-22 19:11:43 [INFO   ] PROGRESS | Send 44/50 | SENDING | mehta.kumar5595@gmail.com | KUMAR JAYSUKHALAL MEHTA [Chartered Accountants & Company Secretaries] | ok=41 fail=2 skip=0
2026-06-22 19:11:44 [INFO   ] --------------------------------------------------------------
2026-06-22 19:11:44 [INFO   ] PROGRESS | Email content — To: mehta.kumar5595@gmail.com
2026-06-22 19:11:44 [INFO   ] PROGRESS | Subject: PlacementHub pre-seed intro with KUMAR JAYSUKHALAL MEHTA
2026-06-22 19:11:44 [INFO   ] PROGRESS | Body:
2026-06-22 19:11:44 [INFO   ] PROGRESS |   Dear Sir/Madam,
2026-06-22 19:11:44 [INFO   ] PROGRESS |   I am reaching out to introduce PlacementHub and explore whether any of your investor, entrepreneur, or
2026-06-22 19:11:44 [INFO   ] PROGRESS |   HNI clients may be open to reviewing a strategic seed opportunity.
2026-06-22 19:11:44 [INFO   ] PROGRESS |   My name is Sandeep Jain. PlacementHub is currently in its pre-seed fundraising stage, and I am
2026-06-22 19:11:44 [INFO   ] PROGRESS |   soliciting strategic seed investment for the same. PlacementHub is a campus placement and employability
2026-06-22 19:11:44 [INFO   ] PROGRESS |   platform connecting students, colleges, and recruiters. The product is built and in early
2026-06-22 19:11:44 [INFO   ] PROGRESS |   commercialization.
2026-06-22 19:11:44 [INFO   ] PROGRESS |   For reference, the detailed business plan, including the business model and go-to-market strategies, is
2026-06-22 19:11:44 [INFO   ] PROGRESS |   available here:
2026-06-22 19:11:44 [INFO   ] PROGRESS |   PlacementHub Business Plan
2026-06-22 19:11:44 [INFO   ] PROGRESS |   For a Chartered Accountant firm, the relevance is mainly professional and strategic:
2026-06-22 19:11:44 [INFO   ] PROGRESS |   PlacementHub may require support across accounting, taxation, compliance, payroll, investor documentation, audit, and related professional services.
2026-06-22 19:11:44 [INFO   ] PROGRESS |   I would naturally be pleased to consider and prioritize firms that support PlacementHub during its early growth phase, subject to suitability and mutual agreement.
2026-06-22 19:11:44 [INFO   ] PROGRESS |   The relationship can begin with a simple review of the investment note and, where appropriate, introductions to suitable investor clients.
2026-06-22 19:11:44 [INFO   ] PROGRESS |   If the opportunity is worth a look, I would be happy to send the note and speak briefly about the round,
2026-06-22 19:11:44 [INFO   ] PROGRESS |   the platform, and the type of strategic investors we are looking for.
2026-06-22 19:11:44 [INFO   ] PROGRESS |   Please reply to this email or call me if you would like to explore it.
2026-06-22 19:11:44 [INFO   ] PROGRESS |   Warm Regards,
2026-06-22 19:11:44 [INFO   ] PROGRESS |   Sandeep Jain
2026-06-22 19:11:44 [INFO   ] PROGRESS |   Founder, PlacementHub
2026-06-22 19:11:44 [INFO   ] PROGRESS |   +91-9860090620
2026-06-22 19:11:44 [INFO   ] PROGRESS |   sandeepjain200019@gmail.com
2026-06-22 19:11:44 [INFO   ] PROGRESS |   Detailed Profile
2026-06-22 19:11:44 [INFO   ] PROGRESS |   Detailed Note on Funding Requirement
2026-06-22 19:11:44 [INFO   ] --------------------------------------------------------------
2026-06-22 19:11:44 [INFO   ] 
2026-06-22 19:11:44 [INFO   ] 
2026-06-22 19:11:44 [INFO   ] PROGRESS | Email preview — To: mehta.kumar5595@gmail.com | Subject: PlacementHub pre-seed intro with KUMAR JAYSUKHALAL MEHTA
2026-06-22 19:11:45 [INFO   ] SENT (Brevo) -> mehta.kumar5595@gmail.com (KUMAR JAYSUKHALAL MEHTA) | PlacementHub pre-seed intro with KUMAR JAYSUKHALAL MEHTA | messageId=<202606221341.16040426031@smtp-relay.mailin.fr> (API accepted; run audit-brevo to confirm delivery)
2026-06-22 19:11:46 [INFO   ] Sleeping for 10 seconds
2026-06-22 19:11:56 [INFO   ] PROGRESS | Send 44/50 | SENT | mehta.kumar5595@gmail.com | KUMAR JAYSUKHALAL MEHTA [Chartered Accountants & Company Secretaries] | ok=42 fail=2 skip=0
2026-06-22 19:11:56 [INFO   ] PROGRESS | Send 45/50 | SENDING | dharmilshah5@gmail.com | DHARMIL RAJENDRA SHAH [Chartered Accountants & Company Secretaries] | ok=42 fail=2 skip=0
2026-06-22 19:12:05 [INFO   ] --------------------------------------------------------------
2026-06-22 19:12:05 [INFO   ] PROGRESS | Email content — To: dharmilshah5@gmail.com
2026-06-22 19:12:05 [INFO   ] PROGRESS | Subject: PlacementHub pre-seed intro with DHARMIL RAJENDRA SHAH
2026-06-22 19:12:05 [INFO   ] PROGRESS | Body:
2026-06-22 19:12:05 [INFO   ] PROGRESS |   Dear Sir/Madam,
2026-06-22 19:12:05 [INFO   ] PROGRESS |   I am reaching out to introduce PlacementHub and explore whether any of your investor, entrepreneur, or
2026-06-22 19:12:05 [INFO   ] PROGRESS |   HNI clients may be open to reviewing a strategic seed opportunity.
2026-06-22 19:12:05 [INFO   ] PROGRESS |   My name is Sandeep Jain. PlacementHub is currently in its pre-seed fundraising stage, and I am
2026-06-22 19:12:05 [INFO   ] PROGRESS |   soliciting strategic seed investment for the same. PlacementHub is a campus placement and employability
2026-06-22 19:12:05 [INFO   ] PROGRESS |   platform connecting students, colleges, and recruiters. The product is built and in early
2026-06-22 19:12:05 [INFO   ] PROGRESS |   commercialization.
2026-06-22 19:12:05 [INFO   ] PROGRESS |   For reference, the detailed business plan, including the business model and go-to-market strategies, is
2026-06-22 19:12:05 [INFO   ] PROGRESS |   available here:
2026-06-22 19:12:05 [INFO   ] PROGRESS |   PlacementHub Business Plan
2026-06-22 19:12:05 [INFO   ] PROGRESS |   For a Chartered Accountant firm, the relevance is mainly professional and strategic:
2026-06-22 19:12:05 [INFO   ] PROGRESS |   PlacementHub may require support across accounting, taxation, compliance, payroll, investor documentation, audit, and related professional services.
2026-06-22 19:12:05 [INFO   ] PROGRESS |   I would naturally be pleased to consider and prioritize firms that support PlacementHub during its early growth phase, subject to suitability and mutual agreement.
2026-06-22 19:12:05 [INFO   ] PROGRESS |   The relationship can begin with a simple review of the investment note and, where appropriate, introductions to suitable investor clients.
2026-06-22 19:12:05 [INFO   ] PROGRESS |   If the opportunity is worth a look, I would be happy to send the note and speak briefly about the round,
2026-06-22 19:12:05 [INFO   ] PROGRESS |   the platform, and the type of strategic investors we are looking for.
2026-06-22 19:12:05 [INFO   ] PROGRESS |   Please reply to this email or call me if you would like to explore it.
2026-06-22 19:12:05 [INFO   ] PROGRESS |   Warm Regards,
2026-06-22 19:12:05 [INFO   ] PROGRESS |   Sandeep Jain
2026-06-22 19:12:05 [INFO   ] PROGRESS |   Founder, PlacementHub
2026-06-22 19:12:05 [INFO   ] PROGRESS |   +91-9860090620
2026-06-22 19:12:05 [INFO   ] PROGRESS |   sandeepjain200019@gmail.com
2026-06-22 19:12:05 [INFO   ] PROGRESS |   Detailed Profile
2026-06-22 19:12:05 [INFO   ] PROGRESS |   Detailed Note on Funding Requirement
2026-06-22 19:12:05 [INFO   ] --------------------------------------------------------------
2026-06-22 19:12:05 [INFO   ] 
2026-06-22 19:12:05 [INFO   ] 
2026-06-22 19:12:05 [INFO   ] PROGRESS | Email preview — To: dharmilshah5@gmail.com | Subject: PlacementHub pre-seed intro with DHARMIL RAJENDRA SHAH
2026-06-22 19:12:26 [INFO   ] SENT (Brevo) -> dharmilshah5@gmail.com (DHARMIL RAJENDRA SHAH) | PlacementHub pre-seed intro with DHARMIL RAJENDRA SHAH | messageId=<202606221342.58751077617@smtp-relay.mailin.fr> (API accepted; run audit-brevo to confirm delivery)
2026-06-22 19:12:26 [INFO   ] Sleeping for 10 seconds
2026-06-22 19:12:36 [INFO   ] PROGRESS | Send 45/50 | SENT | dharmilshah5@gmail.com | DHARMIL RAJENDRA SHAH [Chartered Accountants & Company Secretaries] | ok=43 fail=2 skip=0
2026-06-22 19:12:36 [INFO   ] PROGRESS | Send 46/50 | SENDING | sunil_damle3@rediffmail.com | SUNIL SHREERAM DAMLE [Chartered Accountants & Company Secretaries] | ok=43 fail=2 skip=0
2026-06-22 19:12:41 [INFO   ] --------------------------------------------------------------
2026-06-22 19:12:41 [INFO   ] PROGRESS | Email content — To: sunil_damle3@rediffmail.com
2026-06-22 19:12:41 [INFO   ] PROGRESS | Subject: PlacementHub pre-seed intro with SUNIL SHREERAM DAMLE
2026-06-22 19:12:41 [INFO   ] PROGRESS | Body:
2026-06-22 19:12:41 [INFO   ] PROGRESS |   Dear Sir/Madam,
2026-06-22 19:12:41 [INFO   ] PROGRESS |   I am reaching out to introduce PlacementHub and explore whether any of your investor, entrepreneur, or
2026-06-22 19:12:41 [INFO   ] PROGRESS |   HNI clients may be open to reviewing a strategic seed opportunity.
2026-06-22 19:12:41 [INFO   ] PROGRESS |   My name is Sandeep Jain. PlacementHub is currently in its pre-seed fundraising stage, and I am
2026-06-22 19:12:41 [INFO   ] PROGRESS |   soliciting strategic seed investment for the same. PlacementHub is a campus placement and employability
2026-06-22 19:12:41 [INFO   ] PROGRESS |   platform connecting students, colleges, and recruiters. The product is built and in early
2026-06-22 19:12:41 [INFO   ] PROGRESS |   commercialization.
2026-06-22 19:12:41 [INFO   ] PROGRESS |   For reference, the detailed business plan, including the business model and go-to-market strategies, is
2026-06-22 19:12:41 [INFO   ] PROGRESS |   available here:
2026-06-22 19:12:41 [INFO   ] PROGRESS |   PlacementHub Business Plan
2026-06-22 19:12:41 [INFO   ] PROGRESS |   For a Chartered Accountant firm, the relevance is mainly professional and strategic:
2026-06-22 19:12:41 [INFO   ] PROGRESS |   PlacementHub may require support across accounting, taxation, compliance, payroll, investor documentation, audit, and related professional services.
2026-06-22 19:12:41 [INFO   ] PROGRESS |   I would naturally be pleased to consider and prioritize firms that support PlacementHub during its early growth phase, subject to suitability and mutual agreement.
2026-06-22 19:12:41 [INFO   ] PROGRESS |   The relationship can begin with a simple review of the investment note and, where appropriate, introductions to suitable investor clients.
2026-06-22 19:12:41 [INFO   ] PROGRESS |   If the opportunity is worth a look, I would be happy to send the note and speak briefly about the round,
2026-06-22 19:12:41 [INFO   ] PROGRESS |   the platform, and the type of strategic investors we are looking for.
2026-06-22 19:12:41 [INFO   ] PROGRESS |   Please reply to this email or call me if you would like to explore it.
2026-06-22 19:12:41 [INFO   ] PROGRESS |   Warm Regards,
2026-06-22 19:12:41 [INFO   ] PROGRESS |   Sandeep Jain
2026-06-22 19:12:41 [INFO   ] PROGRESS |   Founder, PlacementHub
2026-06-22 19:12:41 [INFO   ] PROGRESS |   +91-9860090620
2026-06-22 19:12:41 [INFO   ] PROGRESS |   sandeepjain200019@gmail.com
2026-06-22 19:12:41 [INFO   ] PROGRESS |   Detailed Profile
2026-06-22 19:12:41 [INFO   ] PROGRESS |   Detailed Note on Funding Requirement
2026-06-22 19:12:41 [INFO   ] --------------------------------------------------------------
2026-06-22 19:12:41 [INFO   ] 
2026-06-22 19:12:41 [INFO   ] 
2026-06-22 19:12:41 [INFO   ] PROGRESS | Email preview — To: sunil_damle3@rediffmail.com | Subject: PlacementHub pre-seed intro with SUNIL SHREERAM DAMLE
2026-06-22 19:12:49 [INFO   ] SENT (Brevo) -> sunil_damle3@rediffmail.com (SUNIL SHREERAM DAMLE) | PlacementHub pre-seed intro with SUNIL SHREERAM DAMLE | messageId=<202606221342.92337112617@smtp-relay.mailin.fr> (API accepted; run audit-brevo to confirm delivery)
2026-06-22 19:12:49 [INFO   ] Sleeping for 10 seconds
2026-06-22 19:12:59 [INFO   ] PROGRESS | Send 46/50 | SENT | sunil_damle3@rediffmail.com | SUNIL SHREERAM DAMLE [Chartered Accountants & Company Secretaries] | ok=44 fail=2 skip=0
2026-06-22 19:12:59 [INFO   ] PROGRESS | Send 47/50 | SENDING | ykumarca@gmail.com | YASHVANT KUMAR [Chartered Accountants & Company Secretaries] | ok=44 fail=2 skip=0
2026-06-22 19:13:01 [INFO   ] --------------------------------------------------------------
2026-06-22 19:13:01 [INFO   ] PROGRESS | Email content — To: ykumarca@gmail.com
2026-06-22 19:13:01 [INFO   ] PROGRESS | Subject: PlacementHub pre-seed intro with YASHVANT KUMAR
2026-06-22 19:13:01 [INFO   ] PROGRESS | Body:
2026-06-22 19:13:01 [INFO   ] PROGRESS |   Dear Sir/Madam,
2026-06-22 19:13:01 [INFO   ] PROGRESS |   I am reaching out to introduce PlacementHub and explore whether any of your investor, entrepreneur, or
2026-06-22 19:13:01 [INFO   ] PROGRESS |   HNI clients may be open to reviewing a strategic seed opportunity.
2026-06-22 19:13:01 [INFO   ] PROGRESS |   My name is Sandeep Jain. PlacementHub is currently in its pre-seed fundraising stage, and I am
2026-06-22 19:13:01 [INFO   ] PROGRESS |   soliciting strategic seed investment for the same. PlacementHub is a campus placement and employability
2026-06-22 19:13:01 [INFO   ] PROGRESS |   platform connecting students, colleges, and recruiters. The product is built and in early
2026-06-22 19:13:01 [INFO   ] PROGRESS |   commercialization.
2026-06-22 19:13:01 [INFO   ] PROGRESS |   For reference, the detailed business plan, including the business model and go-to-market strategies, is
2026-06-22 19:13:01 [INFO   ] PROGRESS |   available here:
2026-06-22 19:13:01 [INFO   ] PROGRESS |   PlacementHub Business Plan
2026-06-22 19:13:01 [INFO   ] PROGRESS |   For a Chartered Accountant firm, the relevance is mainly professional and strategic:
2026-06-22 19:13:01 [INFO   ] PROGRESS |   PlacementHub may require support across accounting, taxation, compliance, payroll, investor documentation, audit, and related professional services.
2026-06-22 19:13:01 [INFO   ] PROGRESS |   I would naturally be pleased to consider and prioritize firms that support PlacementHub during its early growth phase, subject to suitability and mutual agreement.
2026-06-22 19:13:01 [INFO   ] PROGRESS |   The relationship can begin with a simple review of the investment note and, where appropriate, introductions to suitable investor clients.
2026-06-22 19:13:01 [INFO   ] PROGRESS |   If the opportunity is worth a look, I would be happy to send the note and speak briefly about the round,
2026-06-22 19:13:01 [INFO   ] PROGRESS |   the platform, and the type of strategic investors we are looking for.
2026-06-22 19:13:01 [INFO   ] PROGRESS |   Please reply to this email or call me if you would like to explore it.
2026-06-22 19:13:01 [INFO   ] PROGRESS |   Warm Regards,
2026-06-22 19:13:01 [INFO   ] PROGRESS |   Sandeep Jain
2026-06-22 19:13:01 [INFO   ] PROGRESS |   Founder, PlacementHub
2026-06-22 19:13:01 [INFO   ] PROGRESS |   +91-9860090620
2026-06-22 19:13:01 [INFO   ] PROGRESS |   sandeepjain200019@gmail.com
2026-06-22 19:13:01 [INFO   ] PROGRESS |   Detailed Profile
2026-06-22 19:13:01 [INFO   ] PROGRESS |   Detailed Note on Funding Requirement
2026-06-22 19:13:01 [INFO   ] --------------------------------------------------------------
2026-06-22 19:13:01 [INFO   ] 
2026-06-22 19:13:01 [INFO   ] 
2026-06-22 19:13:01 [INFO   ] PROGRESS | Email preview — To: ykumarca@gmail.com | Subject: PlacementHub pre-seed intro with YASHVANT KUMAR
2026-06-22 19:13:12 [INFO   ] SENT (Brevo) -> ykumarca@gmail.com (YASHVANT KUMAR) | PlacementHub pre-seed intro with YASHVANT KUMAR | messageId=<202606221343.53144429346@smtp-relay.mailin.fr> (API accepted; run audit-brevo to confirm delivery)
2026-06-22 19:13:12 [INFO   ] Sleeping for 10 seconds
2026-06-22 19:13:22 [INFO   ] PROGRESS | Send 47/50 | SENT | ykumarca@gmail.com | YASHVANT KUMAR [Chartered Accountants & Company Secretaries] | ok=45 fail=2 skip=0
2026-06-22 19:13:22 [INFO   ] PROGRESS | Send 48/50 | SENDING | purohitkiran0693@gmail.com | KIRAN SHIVAL PUROHIT [Chartered Accountants & Company Secretaries] | ok=45 fail=2 skip=0
2026-06-22 19:13:52 [WARNING] NVIDIA call failed (attempt 1/5): The read operation timed out — rotating key.
2026-06-22 19:13:55 [INFO   ] --------------------------------------------------------------
2026-06-22 19:13:55 [INFO   ] PROGRESS | Email content — To: purohitkiran0693@gmail.com
2026-06-22 19:13:55 [INFO   ] PROGRESS | Subject: PlacementHub pre-seed intro with KIRAN SHIVAL PUROHIT
2026-06-22 19:13:55 [INFO   ] PROGRESS | Body:
2026-06-22 19:13:55 [INFO   ] PROGRESS |   Dear Sir/Madam,
2026-06-22 19:13:55 [INFO   ] PROGRESS |   I am reaching out to introduce PlacementHub and explore whether any of your investor, entrepreneur, or
2026-06-22 19:13:55 [INFO   ] PROGRESS |   HNI clients may be open to reviewing a strategic seed opportunity.
2026-06-22 19:13:55 [INFO   ] PROGRESS |   My name is Sandeep Jain. PlacementHub is currently in its pre-seed fundraising stage, and I am
2026-06-22 19:13:55 [INFO   ] PROGRESS |   soliciting strategic seed investment for the same. PlacementHub is a campus placement and employability
2026-06-22 19:13:55 [INFO   ] PROGRESS |   platform connecting students, colleges, and recruiters. The product is built and in early
2026-06-22 19:13:55 [INFO   ] PROGRESS |   commercialization.
2026-06-22 19:13:55 [INFO   ] PROGRESS |   For reference, the detailed business plan, including the business model and go-to-market strategies, is
2026-06-22 19:13:55 [INFO   ] PROGRESS |   available here:
2026-06-22 19:13:55 [INFO   ] PROGRESS |   PlacementHub Business Plan
2026-06-22 19:13:55 [INFO   ] PROGRESS |   For a Chartered Accountant firm, the relevance is mainly professional and strategic:
2026-06-22 19:13:55 [INFO   ] PROGRESS |   PlacementHub may require support across accounting, taxation, compliance, payroll, investor documentation, audit, and related professional services.
2026-06-22 19:13:55 [INFO   ] PROGRESS |   I would naturally be pleased to consider and prioritize firms that support PlacementHub during its early growth phase, subject to suitability and mutual agreement.
2026-06-22 19:13:55 [INFO   ] PROGRESS |   The relationship can begin with a simple review of the investment note and, where appropriate, introductions to suitable investor clients.
2026-06-22 19:13:55 [INFO   ] PROGRESS |   If the opportunity is worth a look, I would be happy to send the note and speak briefly about the round,
2026-06-22 19:13:55 [INFO   ] PROGRESS |   the platform, and the type of strategic investors we are looking for.
2026-06-22 19:13:55 [INFO   ] PROGRESS |   Please reply to this email or call me if you would like to explore it.
2026-06-22 19:13:55 [INFO   ] PROGRESS |   Warm Regards,
2026-06-22 19:13:55 [INFO   ] PROGRESS |   Sandeep Jain
2026-06-22 19:13:55 [INFO   ] PROGRESS |   Founder, PlacementHub
2026-06-22 19:13:55 [INFO   ] PROGRESS |   +91-9860090620
2026-06-22 19:13:55 [INFO   ] PROGRESS |   sandeepjain200019@gmail.com
2026-06-22 19:13:55 [INFO   ] PROGRESS |   Detailed Profile
2026-06-22 19:13:55 [INFO   ] PROGRESS |   Detailed Note on Funding Requirement
2026-06-22 19:13:55 [INFO   ] --------------------------------------------------------------
2026-06-22 19:13:55 [INFO   ] 
2026-06-22 19:13:55 [INFO   ] 
2026-06-22 19:13:55 [INFO   ] PROGRESS | Email preview — To: purohitkiran0693@gmail.com | Subject: PlacementHub pre-seed intro with KIRAN SHIVAL PUROHIT
2026-06-22 19:13:57 [INFO   ] SENT (Brevo) -> purohitkiran0693@gmail.com (KIRAN SHIVAL PUROHIT) | PlacementHub pre-seed intro with KIRAN SHIVAL PUROHIT | messageId=<202606221343.42042291119@smtp-relay.mailin.fr> (API accepted; run audit-brevo to confirm delivery)
2026-06-22 19:13:57 [INFO   ] Sleeping for 10 seconds
2026-06-22 19:14:07 [INFO   ] PROGRESS | Send 48/50 | SENT | purohitkiran0693@gmail.com | KIRAN SHIVAL PUROHIT [Chartered Accountants & Company Secretaries] | ok=46 fail=2 skip=0
2026-06-22 19:14:07 [INFO   ] PROGRESS | Send 49/50 | SENDING | sohailkagalwala@yahoo.co.in | SOHAIL SALIM KAGALWALA [Chartered Accountants & Company Secretaries] | ok=46 fail=2 skip=0
2026-06-22 19:14:19 [INFO   ] --------------------------------------------------------------
2026-06-22 19:14:19 [INFO   ] PROGRESS | Email content — To: sohailkagalwala@yahoo.co.in
2026-06-22 19:14:19 [INFO   ] PROGRESS | Subject: PlacementHub pre-seed intro with SOHAIL SALIM KAGALWALA
2026-06-22 19:14:19 [INFO   ] PROGRESS | Body:
2026-06-22 19:14:19 [INFO   ] PROGRESS |   Dear Sir/Madam,
2026-06-22 19:14:19 [INFO   ] PROGRESS |   I am reaching out to introduce PlacementHub and explore whether any of your investor, entrepreneur, or
2026-06-22 19:14:19 [INFO   ] PROGRESS |   HNI clients may be open to reviewing a strategic seed opportunity.
2026-06-22 19:14:19 [INFO   ] PROGRESS |   My name is Sandeep Jain. PlacementHub is currently in its pre-seed fundraising stage, and I am
2026-06-22 19:14:19 [INFO   ] PROGRESS |   soliciting strategic seed investment for the same. PlacementHub is a campus placement and employability
2026-06-22 19:14:19 [INFO   ] PROGRESS |   platform connecting students, colleges, and recruiters. The product is built and in early
2026-06-22 19:14:19 [INFO   ] PROGRESS |   commercialization.
2026-06-22 19:14:19 [INFO   ] PROGRESS |   For reference, the detailed business plan, including the business model and go-to-market strategies, is
2026-06-22 19:14:19 [INFO   ] PROGRESS |   available here:
2026-06-22 19:14:19 [INFO   ] PROGRESS |   PlacementHub Business Plan
2026-06-22 19:14:19 [INFO   ] PROGRESS |   For a Chartered Accountant firm, the relevance is mainly professional and strategic:
2026-06-22 19:14:19 [INFO   ] PROGRESS |   PlacementHub may require support across accounting, taxation, compliance, payroll, investor documentation, audit, and related professional services.
2026-06-22 19:14:19 [INFO   ] PROGRESS |   I would naturally be pleased to consider and prioritize firms that support PlacementHub during its early growth phase, subject to suitability and mutual agreement.
2026-06-22 19:14:19 [INFO   ] PROGRESS |   The relationship can begin with a simple review of the investment note and, where appropriate, introductions to suitable investor clients.
2026-06-22 19:14:19 [INFO   ] PROGRESS |   If the opportunity is worth a look, I would be happy to send the note and speak briefly about the round,
2026-06-22 19:14:19 [INFO   ] PROGRESS |   the platform, and the type of strategic investors we are looking for.
2026-06-22 19:14:19 [INFO   ] PROGRESS |   Please reply to this email or call me if you would like to explore it.
2026-06-22 19:14:19 [INFO   ] PROGRESS |   Warm Regards,
2026-06-22 19:14:19 [INFO   ] PROGRESS |   Sandeep Jain
2026-06-22 19:14:19 [INFO   ] PROGRESS |   Founder, PlacementHub
2026-06-22 19:14:19 [INFO   ] PROGRESS |   +91-9860090620
2026-06-22 19:14:19 [INFO   ] PROGRESS |   sandeepjain200019@gmail.com
2026-06-22 19:14:19 [INFO   ] PROGRESS |   Detailed Profile
2026-06-22 19:14:19 [INFO   ] PROGRESS |   Detailed Note on Funding Requirement
2026-06-22 19:14:19 [INFO   ] --------------------------------------------------------------
2026-06-22 19:14:19 [INFO   ] 
2026-06-22 19:14:19 [INFO   ] 
2026-06-22 19:14:19 [INFO   ] PROGRESS | Email preview — To: sohailkagalwala@yahoo.co.in | Subject: PlacementHub pre-seed intro with SOHAIL SALIM KAGALWALA
2026-06-22 19:14:50 [ERROR  ] Brevo send failed for sohailkagalwala@yahoo.co.in: ('Connection aborted.', RemoteDisconnected('Remote end closed connection without response'))
2026-06-22 19:14:50 [INFO   ] PROGRESS | Send 49/50 | FAILED | sohailkagalwala@yahoo.co.in | SOHAIL SALIM KAGALWALA [Chartered Accountants & Company Secretaries] | ok=46 fail=3 skip=0
2026-06-22 19:14:50 [INFO   ] PROGRESS | Send 50/50 | SENDING | hsbcshah@gmail.com | SHAH CHANDRESH CHHABILDAS [Chartered Accountants & Company Secretaries] | ok=46 fail=3 skip=0
2026-06-22 19:14:52 [INFO   ] --------------------------------------------------------------
2026-06-22 19:14:52 [INFO   ] PROGRESS | Email content — To: hsbcshah@gmail.com
2026-06-22 19:14:52 [INFO   ] PROGRESS | Subject: PlacementHub pre-seed intro with SHAH CHANDRESH CHHABILDAS
2026-06-22 19:14:52 [INFO   ] PROGRESS | Body:
2026-06-22 19:14:52 [INFO   ] PROGRESS |   Dear Sir/Madam,
2026-06-22 19:14:52 [INFO   ] PROGRESS |   I am reaching out to introduce PlacementHub and explore whether any of your investor, entrepreneur, or
2026-06-22 19:14:52 [INFO   ] PROGRESS |   HNI clients may be open to reviewing a strategic seed opportunity.
2026-06-22 19:14:52 [INFO   ] PROGRESS |   My name is Sandeep Jain. PlacementHub is currently in its pre-seed fundraising stage, and I am
2026-06-22 19:14:52 [INFO   ] PROGRESS |   soliciting strategic seed investment for the same. PlacementHub is a campus placement and employability
2026-06-22 19:14:52 [INFO   ] PROGRESS |   platform connecting students, colleges, and recruiters. The product is built and in early
2026-06-22 19:14:52 [INFO   ] PROGRESS |   commercialization.
2026-06-22 19:14:52 [INFO   ] PROGRESS |   For reference, the detailed business plan, including the business model and go-to-market strategies, is
2026-06-22 19:14:52 [INFO   ] PROGRESS |   available here:
2026-06-22 19:14:52 [INFO   ] PROGRESS |   PlacementHub Business Plan
2026-06-22 19:14:52 [INFO   ] PROGRESS |   For a Chartered Accountant firm, the relevance is mainly professional and strategic:
2026-06-22 19:14:52 [INFO   ] PROGRESS |   PlacementHub may require support across accounting, taxation, compliance, payroll, investor documentation, audit, and related professional services.
2026-06-22 19:14:52 [INFO   ] PROGRESS |   I would naturally be pleased to consider and prioritize firms that support PlacementHub during its early growth phase, subject to suitability and mutual agreement.
2026-06-22 19:14:52 [INFO   ] PROGRESS |   The relationship can begin with a simple review of the investment note and, where appropriate, introductions to suitable investor clients.
2026-06-22 19:14:52 [INFO   ] PROGRESS |   If the opportunity is worth a look, I would be happy to send the note and speak briefly about the round,
2026-06-22 19:14:52 [INFO   ] PROGRESS |   the platform, and the type of strategic investors we are looking for.
2026-06-22 19:14:52 [INFO   ] PROGRESS |   Please reply to this email or call me if you would like to explore it.
2026-06-22 19:14:52 [INFO   ] PROGRESS |   Warm Regards,
2026-06-22 19:14:52 [INFO   ] PROGRESS |   Sandeep Jain
2026-06-22 19:14:52 [INFO   ] PROGRESS |   Founder, PlacementHub
2026-06-22 19:14:52 [INFO   ] PROGRESS |   +91-9860090620
2026-06-22 19:14:52 [INFO   ] PROGRESS |   sandeepjain200019@gmail.com
2026-06-22 19:14:52 [INFO   ] PROGRESS |   Detailed Profile
2026-06-22 19:14:52 [INFO   ] PROGRESS |   Detailed Note on Funding Requirement
2026-06-22 19:14:52 [INFO   ] --------------------------------------------------------------
2026-06-22 19:14:52 [INFO   ] 
2026-06-22 19:14:52 [INFO   ] 
2026-06-22 19:14:52 [INFO   ] PROGRESS | Email preview — To: hsbcshah@gmail.com | Subject: PlacementHub pre-seed intro with SHAH CHANDRESH CHHABILDAS
2026-06-22 19:14:57 [INFO   ] SENT (Brevo) -> hsbcshah@gmail.com (SHAH CHANDRESH CHHABILDAS) | PlacementHub pre-seed intro with SHAH CHANDRESH CHHABILDAS | messageId=<202606221344.57115907803@smtp-relay.mailin.fr> (API accepted; run audit-brevo to confirm delivery)
2026-06-22 19:14:57 [INFO   ] Sleeping for 10 seconds
2026-06-22 19:15:07 [INFO   ] PROGRESS | Send 50/50 | SENT | hsbcshah@gmail.com | SHAH CHANDRESH CHHABILDAS [Chartered Accountants & Company Secretaries] | ok=47 fail=3 skip=0
2026-06-22 19:15:13 [INFO   ] CA send complete: {'sent': 47, 'failed': 3, 'skipped': 0, 'queue_size': 50, 'ca_only': True, 'ca_bulk_unsent': 1460, 'sent_ca_connect': 47, 'sent_by_industry': {'ca_cs_firms': 47}, 'send_limit': 50}
2026-06-22 19:15:13 [INFO   ] PROGRESS | Done — CA send — 47 sent, 3 failed, 1413 unsent in ca_bulk.db
