2026-06-22 15:12:24 [INFO   ] Log file: C:\Users\sandeep\Downloads\Claudes\investment\logs\immigration_2026-06-22_15-12-24.log
2026-06-22 15:12:24 [INFO   ] 
2026-06-22 15:12:24 [INFO   ] ==============================================================
2026-06-22 15:12:24 [INFO   ] PROGRESS | Send — CA emails only (up to 50 from ca_bulk.db)
2026-06-22 15:12:24 [INFO   ] ==============================================================
2026-06-22 15:12:25 [INFO   ] Send transport: Brevo API (config: C:\Users\sandeep\Downloads\Claudes\investment\config\mail_config.json, template: C:\Users\sandeep\Downloads\Claudes\investment\templates\bodies\partnership.html, sender: sandeepjain200019@gmail.com)
2026-06-22 15:12:25 [INFO   ] CA-only send from ca_bulk.db — 476 unsent, up to 50 this run (caconnect.icai.org).
2026-06-22 15:12:31 [INFO   ] PROGRESS | Send plan — 50 recipient(s) in queue
2026-06-22 15:12:31 [INFO   ] PROGRESS | Send 1/50 | SENDING | constitution date | BATTULL AND ASSOCIATES LLP [Chartered Accountants & Company Secretaries] | ok=0 fail=0 skip=0
2026-06-22 15:12:31 [INFO   ] Loaded 41 NVIDIA API key(s) for rotation.
2026-06-22 15:12:41 [INFO   ] --------------------------------------------------------------
2026-06-22 15:12:41 [INFO   ] PROGRESS | Email content — To: constitution date
2026-06-22 15:12:41 [INFO   ] PROGRESS | Subject: PlacementHub pre-seed intro with BATTULL AND ASSOCIATES LLP
2026-06-22 15:12:41 [INFO   ] PROGRESS | Body:
2026-06-22 15:12:41 [INFO   ] PROGRESS |   Dear Sir/Madam,
2026-06-22 15:12:41 [INFO   ] PROGRESS |   I am reaching out to introduce PlacementHub and explore whether any of your investor, entrepreneur, or
2026-06-22 15:12:41 [INFO   ] PROGRESS |   HNI clients may be open to reviewing a strategic seed opportunity.
2026-06-22 15:12:41 [INFO   ] PROGRESS |   My name is Sandeep Jain. PlacementHub is currently in its pre-seed fundraising stage, and I am
2026-06-22 15:12:41 [INFO   ] PROGRESS |   soliciting strategic seed investment for the same. PlacementHub is a campus placement and employability
2026-06-22 15:12:41 [INFO   ] PROGRESS |   platform connecting students, colleges, and recruiters. The product is built and in early
2026-06-22 15:12:41 [INFO   ] PROGRESS |   commercialization.
2026-06-22 15:12:41 [INFO   ] PROGRESS |   For reference, the detailed business plan, including the business model and go-to-market strategies, is
2026-06-22 15:12:41 [INFO   ] PROGRESS |   available here:
2026-06-22 15:12:41 [INFO   ] PROGRESS |   PlacementHub Business Plan
2026-06-22 15:12:41 [INFO   ] PROGRESS |   For a Chartered Accountant firm, the relevance is mainly professional and strategic:
2026-06-22 15:12:41 [INFO   ] PROGRESS |   PlacementHub may require support across accounting, taxation, compliance, payroll, investor documentation, audit, and related professional services.
2026-06-22 15:12:41 [INFO   ] PROGRESS |   I would naturally be pleased to consider and prioritize firms that support PlacementHub during its early growth phase, subject to suitability and mutual agreement.
2026-06-22 15:12:41 [INFO   ] PROGRESS |   The relationship can begin with a simple review of the investment note and, where appropriate, introductions to suitable investor clients.
2026-06-22 15:12:41 [INFO   ] PROGRESS |   If the opportunity is worth a look, I would be happy to send the note and speak briefly about the round,
2026-06-22 15:12:41 [INFO   ] PROGRESS |   the platform, and the type of strategic investors we are looking for.
2026-06-22 15:12:41 [INFO   ] PROGRESS |   Please reply to this email or call me if you would like to explore it.
2026-06-22 15:12:41 [INFO   ] PROGRESS |   Warm Regards,
2026-06-22 15:12:41 [INFO   ] PROGRESS |   Sandeep Jain
2026-06-22 15:12:41 [INFO   ] PROGRESS |   Founder, PlacementHub
2026-06-22 15:12:41 [INFO   ] PROGRESS |   +91-9860090620
2026-06-22 15:12:41 [INFO   ] PROGRESS |   sandeepjain200019@gmail.com
2026-06-22 15:12:41 [INFO   ] PROGRESS |   Detailed Profile
2026-06-22 15:12:41 [INFO   ] PROGRESS |   Detailed Note on Funding Requirement
2026-06-22 15:12:41 [INFO   ] --------------------------------------------------------------
2026-06-22 15:12:41 [INFO   ] 
2026-06-22 15:12:41 [INFO   ] 
2026-06-22 15:12:41 [INFO   ] PROGRESS | Email preview — To: constitution date | Subject: PlacementHub pre-seed intro with BATTULL AND ASSOCIATES LLP
2026-06-22 15:12:42 [ERROR  ] Brevo send failed for constitution date: Brevo API send failed for constitution date: (400)
Reason: Bad Request
HTTP response headers: HTTPHeaderDict({'Date': 'Mon, 22 Jun 2026 09:42:42 GMT', 'Content-Type': 'application/json', 'Content-Length': '66', 'Connection': 'keep-alive', 'CF-RAY': 'a0fa4df2c886fba7-AMS', 'x-envoy-upstream-service-time': '19', 'access-control-allow-credentials': 'true', 'sib-request-id': 'a6bc3c7b-1477-98c8-93da-5ab911bd316f', 'access-control-allow-origin': '*', 'access-control-allow-headers': '*', 'access-control-allow-methods': 'PUT, POST, GET, DELETE, PATCH, OPTIONS', 'x-sib-ratelimit-limit': '1000', 'x-sib-ratelimit-remaining': '999', 'x-sib-ratelimit-reset': '1', 'cf-cache-status': 'DYNAMIC', 'Set-Cookie': '_cfuvid=fz6ngbudfVlJWWA6tPQqRYZMkbcPwymDIk2ceUnGao4-1782121362421-0.0.1.1-604800000; path=/; domain=.sendinblue.com; HttpOnly; Secure; SameSite=None', 'Server': 'cloudflare'})
HTTP response body: {"code":"invalid_parameter","message":"email is not valid in to"}


2026-06-22 15:12:42 [INFO   ] PROGRESS | Send 1/50 | FAILED | constitution date | BATTULL AND ASSOCIATES LLP [Chartered Accountants & Company Secretaries] | ok=0 fail=1 skip=0
2026-06-22 15:12:42 [INFO   ] PROGRESS | Send 2/50 | SENDING | constitution date | BATTULL AND ASSOCIATES LLP [Chartered Accountants & Company Secretaries] | ok=0 fail=1 skip=0
2026-06-22 15:12:55 [INFO   ] --------------------------------------------------------------
2026-06-22 15:12:55 [INFO   ] PROGRESS | Email content — To: constitution date
2026-06-22 15:12:55 [INFO   ] PROGRESS | Subject: PlacementHub pre-seed intro with BATTULL AND ASSOCIATES LLP
2026-06-22 15:12:55 [INFO   ] PROGRESS | Body:
2026-06-22 15:12:55 [INFO   ] PROGRESS |   Dear Sir/Madam,
2026-06-22 15:12:55 [INFO   ] PROGRESS |   I am reaching out to introduce PlacementHub and explore whether any of your investor, entrepreneur, or
2026-06-22 15:12:55 [INFO   ] PROGRESS |   HNI clients may be open to reviewing a strategic seed opportunity.
2026-06-22 15:12:55 [INFO   ] PROGRESS |   My name is Sandeep Jain. PlacementHub is currently in its pre-seed fundraising stage, and I am
2026-06-22 15:12:55 [INFO   ] PROGRESS |   soliciting strategic seed investment for the same. PlacementHub is a campus placement and employability
2026-06-22 15:12:55 [INFO   ] PROGRESS |   platform connecting students, colleges, and recruiters. The product is built and in early
2026-06-22 15:12:55 [INFO   ] PROGRESS |   commercialization.
2026-06-22 15:12:55 [INFO   ] PROGRESS |   For reference, the detailed business plan, including the business model and go-to-market strategies, is
2026-06-22 15:12:55 [INFO   ] PROGRESS |   available here:
2026-06-22 15:12:55 [INFO   ] PROGRESS |   PlacementHub Business Plan
2026-06-22 15:12:55 [INFO   ] PROGRESS |   For a Chartered Accountant firm, the relevance is mainly professional and strategic:
2026-06-22 15:12:55 [INFO   ] PROGRESS |   PlacementHub may require support across accounting, taxation, compliance, payroll, investor documentation, audit, and related professional services.
2026-06-22 15:12:55 [INFO   ] PROGRESS |   I would naturally be pleased to consider and prioritize firms that support PlacementHub during its early growth phase, subject to suitability and mutual agreement.
2026-06-22 15:12:55 [INFO   ] PROGRESS |   The relationship can begin with a simple review of the investment note and, where appropriate, introductions to suitable investor clients.
2026-06-22 15:12:55 [INFO   ] PROGRESS |   If the opportunity is worth a look, I would be happy to send the note and speak briefly about the round,
2026-06-22 15:12:55 [INFO   ] PROGRESS |   the platform, and the type of strategic investors we are looking for.
2026-06-22 15:12:55 [INFO   ] PROGRESS |   Please reply to this email or call me if you would like to explore it.
2026-06-22 15:12:55 [INFO   ] PROGRESS |   Warm Regards,
2026-06-22 15:12:55 [INFO   ] PROGRESS |   Sandeep Jain
2026-06-22 15:12:55 [INFO   ] PROGRESS |   Founder, PlacementHub
2026-06-22 15:12:55 [INFO   ] PROGRESS |   +91-9860090620
2026-06-22 15:12:55 [INFO   ] PROGRESS |   sandeepjain200019@gmail.com
2026-06-22 15:12:55 [INFO   ] PROGRESS |   Detailed Profile
2026-06-22 15:12:55 [INFO   ] PROGRESS |   Detailed Note on Funding Requirement
2026-06-22 15:12:55 [INFO   ] --------------------------------------------------------------
2026-06-22 15:12:55 [INFO   ] 
2026-06-22 15:12:55 [INFO   ] 
2026-06-22 15:12:55 [INFO   ] PROGRESS | Email preview — To: constitution date | Subject: PlacementHub pre-seed intro with BATTULL AND ASSOCIATES LLP
2026-06-22 15:12:56 [ERROR  ] Brevo send failed for constitution date: Brevo API send failed for constitution date: (400)
Reason: Bad Request
HTTP response headers: HTTPHeaderDict({'Date': 'Mon, 22 Jun 2026 09:42:56 GMT', 'Content-Type': 'application/json', 'Content-Length': '66', 'Connection': 'keep-alive', 'CF-RAY': 'a0fa4e4a4e47063c-CDG', 'x-envoy-upstream-service-time': '17', 'access-control-allow-credentials': 'true', 'sib-request-id': '1934f617-2a07-9574-b914-aa29b14c0ece', 'access-control-allow-origin': '*', 'access-control-allow-headers': '*', 'access-control-allow-methods': 'PUT, POST, GET, DELETE, PATCH, OPTIONS', 'x-sib-ratelimit-limit': '1000', 'x-sib-ratelimit-remaining': '999', 'x-sib-ratelimit-reset': '1', 'cf-cache-status': 'DYNAMIC', 'Set-Cookie': '_cfuvid=b0j13vSczCZ1PXFBiLh8UuOR2CuDCiPS68RBzsUUI48-1782121376402-0.0.1.1-604800000; path=/; domain=.sendinblue.com; HttpOnly; Secure; SameSite=None', 'Server': 'cloudflare'})
HTTP response body: {"code":"invalid_parameter","message":"email is not valid in to"}


2026-06-22 15:12:56 [INFO   ] PROGRESS | Send 2/50 | FAILED | constitution date | BATTULL AND ASSOCIATES LLP [Chartered Accountants & Company Secretaries] | ok=0 fail=2 skip=0
2026-06-22 15:12:56 [INFO   ] PROGRESS | Send 3/50 | SENDING | wvikram@rediffmail.com | VIKRAM ACHYUT WALVEKAR [Chartered Accountants & Company Secretaries] | ok=0 fail=2 skip=0
2026-06-22 15:12:58 [INFO   ] --------------------------------------------------------------
2026-06-22 15:12:58 [INFO   ] PROGRESS | Email content — To: wvikram@rediffmail.com
2026-06-22 15:12:58 [INFO   ] PROGRESS | Subject: PlacementHub pre-seed intro with VIKRAM ACHYUT WALVEKAR
2026-06-22 15:12:58 [INFO   ] PROGRESS | Body:
2026-06-22 15:12:58 [INFO   ] PROGRESS |   Dear Sir/Madam,
2026-06-22 15:12:58 [INFO   ] PROGRESS |   I am reaching out to introduce PlacementHub and explore whether any of your investor, entrepreneur, or
2026-06-22 15:12:58 [INFO   ] PROGRESS |   HNI clients may be open to reviewing a strategic seed opportunity.
2026-06-22 15:12:58 [INFO   ] PROGRESS |   My name is Sandeep Jain. PlacementHub is currently in its pre-seed fundraising stage, and I am
2026-06-22 15:12:58 [INFO   ] PROGRESS |   soliciting strategic seed investment for the same. PlacementHub is a campus placement and employability
2026-06-22 15:12:58 [INFO   ] PROGRESS |   platform connecting students, colleges, and recruiters. The product is built and in early
2026-06-22 15:12:58 [INFO   ] PROGRESS |   commercialization.
2026-06-22 15:12:58 [INFO   ] PROGRESS |   For reference, the detailed business plan, including the business model and go-to-market strategies, is
2026-06-22 15:12:58 [INFO   ] PROGRESS |   available here:
2026-06-22 15:12:58 [INFO   ] PROGRESS |   PlacementHub Business Plan
2026-06-22 15:12:58 [INFO   ] PROGRESS |   For a Chartered Accountant firm, the relevance is mainly professional and strategic:
2026-06-22 15:12:58 [INFO   ] PROGRESS |   PlacementHub may require support across accounting, taxation, compliance, payroll, investor documentation, audit, and related professional services.
2026-06-22 15:12:58 [INFO   ] PROGRESS |   I would naturally be pleased to consider and prioritize firms that support PlacementHub during its early growth phase, subject to suitability and mutual agreement.
2026-06-22 15:12:58 [INFO   ] PROGRESS |   The relationship can begin with a simple review of the investment note and, where appropriate, introductions to suitable investor clients.
2026-06-22 15:12:58 [INFO   ] PROGRESS |   If the opportunity is worth a look, I would be happy to send the note and speak briefly about the round,
2026-06-22 15:12:58 [INFO   ] PROGRESS |   the platform, and the type of strategic investors we are looking for.
2026-06-22 15:12:58 [INFO   ] PROGRESS |   Please reply to this email or call me if you would like to explore it.
2026-06-22 15:12:58 [INFO   ] PROGRESS |   Warm Regards,
2026-06-22 15:12:58 [INFO   ] PROGRESS |   Sandeep Jain
2026-06-22 15:12:58 [INFO   ] PROGRESS |   Founder, PlacementHub
2026-06-22 15:12:58 [INFO   ] PROGRESS |   +91-9860090620
2026-06-22 15:12:58 [INFO   ] PROGRESS |   sandeepjain200019@gmail.com
2026-06-22 15:12:58 [INFO   ] PROGRESS |   Detailed Profile
2026-06-22 15:12:58 [INFO   ] PROGRESS |   Detailed Note on Funding Requirement
2026-06-22 15:12:58 [INFO   ] --------------------------------------------------------------
2026-06-22 15:12:58 [INFO   ] 
2026-06-22 15:12:58 [INFO   ] 
2026-06-22 15:12:58 [INFO   ] PROGRESS | Email preview — To: wvikram@rediffmail.com | Subject: PlacementHub pre-seed intro with VIKRAM ACHYUT WALVEKAR
2026-06-22 15:12:59 [INFO   ] SENT (Brevo) -> wvikram@rediffmail.com (VIKRAM ACHYUT WALVEKAR) | PlacementHub pre-seed intro with VIKRAM ACHYUT WALVEKAR | messageId=<202606220942.90221728864@smtp-relay.mailin.fr> (API accepted; run audit-brevo to confirm delivery)
2026-06-22 15:12:59 [INFO   ] Sleeping for 10 seconds
2026-06-22 15:13:09 [INFO   ] PROGRESS | Send 3/50 | SENT | wvikram@rediffmail.com | VIKRAM ACHYUT WALVEKAR [Chartered Accountants & Company Secretaries] | ok=1 fail=2 skip=0
2026-06-22 15:13:09 [INFO   ] PROGRESS | Send 4/50 | SENDING | vinodvarma@hotmail.com | VINODKUMAR VASUDEO VARMA [Chartered Accountants & Company Secretaries] | ok=1 fail=2 skip=0
2026-06-22 15:13:27 [INFO   ] --------------------------------------------------------------
2026-06-22 15:13:27 [INFO   ] PROGRESS | Email content — To: vinodvarma@hotmail.com
2026-06-22 15:13:27 [INFO   ] PROGRESS | Subject: PlacementHub pre-seed intro with VINODKUMAR VASUDEO VARMA
2026-06-22 15:13:27 [INFO   ] PROGRESS | Body:
2026-06-22 15:13:27 [INFO   ] PROGRESS |   Dear Sir/Madam,
2026-06-22 15:13:27 [INFO   ] PROGRESS |   I am reaching out to introduce PlacementHub and explore whether any of your investor, entrepreneur, or
2026-06-22 15:13:27 [INFO   ] PROGRESS |   HNI clients may be open to reviewing a strategic seed opportunity.
2026-06-22 15:13:27 [INFO   ] PROGRESS |   My name is Sandeep Jain. PlacementHub is currently in its pre-seed fundraising stage, and I am
2026-06-22 15:13:27 [INFO   ] PROGRESS |   soliciting strategic seed investment for the same. PlacementHub is a campus placement and employability
2026-06-22 15:13:27 [INFO   ] PROGRESS |   platform connecting students, colleges, and recruiters. The product is built and in early
2026-06-22 15:13:27 [INFO   ] PROGRESS |   commercialization.
2026-06-22 15:13:27 [INFO   ] PROGRESS |   For reference, the detailed business plan, including the business model and go-to-market strategies, is
2026-06-22 15:13:27 [INFO   ] PROGRESS |   available here:
2026-06-22 15:13:27 [INFO   ] PROGRESS |   PlacementHub Business Plan
2026-06-22 15:13:27 [INFO   ] PROGRESS |   For a Chartered Accountant firm, the relevance is mainly professional and strategic:
2026-06-22 15:13:27 [INFO   ] PROGRESS |   PlacementHub may require support across accounting, taxation, compliance, payroll, investor documentation, audit, and related professional services.
2026-06-22 15:13:27 [INFO   ] PROGRESS |   I would naturally be pleased to consider and prioritize firms that support PlacementHub during its early growth phase, subject to suitability and mutual agreement.
2026-06-22 15:13:27 [INFO   ] PROGRESS |   The relationship can begin with a simple review of the investment note and, where appropriate, introductions to suitable investor clients.
2026-06-22 15:13:27 [INFO   ] PROGRESS |   If the opportunity is worth a look, I would be happy to send the note and speak briefly about the round,
2026-06-22 15:13:27 [INFO   ] PROGRESS |   the platform, and the type of strategic investors we are looking for.
2026-06-22 15:13:27 [INFO   ] PROGRESS |   Please reply to this email or call me if you would like to explore it.
2026-06-22 15:13:27 [INFO   ] PROGRESS |   Warm Regards,
2026-06-22 15:13:27 [INFO   ] PROGRESS |   Sandeep Jain
2026-06-22 15:13:27 [INFO   ] PROGRESS |   Founder, PlacementHub
2026-06-22 15:13:27 [INFO   ] PROGRESS |   +91-9860090620
2026-06-22 15:13:27 [INFO   ] PROGRESS |   sandeepjain200019@gmail.com
2026-06-22 15:13:27 [INFO   ] PROGRESS |   Detailed Profile
2026-06-22 15:13:27 [INFO   ] PROGRESS |   Detailed Note on Funding Requirement
2026-06-22 15:13:27 [INFO   ] --------------------------------------------------------------
2026-06-22 15:13:27 [INFO   ] 
2026-06-22 15:13:27 [INFO   ] 
2026-06-22 15:13:27 [INFO   ] PROGRESS | Email preview — To: vinodvarma@hotmail.com | Subject: PlacementHub pre-seed intro with VINODKUMAR VASUDEO VARMA
2026-06-22 15:13:29 [INFO   ] SENT (Brevo) -> vinodvarma@hotmail.com (VINODKUMAR VASUDEO VARMA) | PlacementHub pre-seed intro with VINODKUMAR VASUDEO VARMA | messageId=<202606220943.88090228619@smtp-relay.mailin.fr> (API accepted; run audit-brevo to confirm delivery)
2026-06-22 15:13:29 [INFO   ] Sleeping for 10 seconds
2026-06-22 15:13:39 [INFO   ] PROGRESS | Send 4/50 | SENT | vinodvarma@hotmail.com | VINODKUMAR VASUDEO VARMA [Chartered Accountants & Company Secretaries] | ok=2 fail=2 skip=0
2026-06-22 15:13:39 [INFO   ] PROGRESS | Send 5/50 | SENDING | hardikpatel128@gmail.com | HARDIK RASIK PATEL [Chartered Accountants & Company Secretaries] | ok=2 fail=2 skip=0
2026-06-22 15:13:41 [INFO   ] --------------------------------------------------------------
2026-06-22 15:13:41 [INFO   ] PROGRESS | Email content — To: hardikpatel128@gmail.com
2026-06-22 15:13:41 [INFO   ] PROGRESS | Subject: PlacementHub pre-seed intro with HARDIK RASIK PATEL
2026-06-22 15:13:41 [INFO   ] PROGRESS | Body:
2026-06-22 15:13:41 [INFO   ] PROGRESS |   Dear Sir/Madam,
2026-06-22 15:13:41 [INFO   ] PROGRESS |   I am reaching out to introduce PlacementHub and explore whether any of your investor, entrepreneur, or
2026-06-22 15:13:41 [INFO   ] PROGRESS |   HNI clients may be open to reviewing a strategic seed opportunity.
2026-06-22 15:13:41 [INFO   ] PROGRESS |   My name is Sandeep Jain. PlacementHub is currently in its pre-seed fundraising stage, and I am
2026-06-22 15:13:41 [INFO   ] PROGRESS |   soliciting strategic seed investment for the same. PlacementHub is a campus placement and employability
2026-06-22 15:13:41 [INFO   ] PROGRESS |   platform connecting students, colleges, and recruiters. The product is built and in early
2026-06-22 15:13:41 [INFO   ] PROGRESS |   commercialization.
2026-06-22 15:13:41 [INFO   ] PROGRESS |   For reference, the detailed business plan, including the business model and go-to-market strategies, is
2026-06-22 15:13:41 [INFO   ] PROGRESS |   available here:
2026-06-22 15:13:41 [INFO   ] PROGRESS |   PlacementHub Business Plan
2026-06-22 15:13:41 [INFO   ] PROGRESS |   For a Chartered Accountant firm, the relevance is mainly professional and strategic:
2026-06-22 15:13:41 [INFO   ] PROGRESS |   PlacementHub may require support across accounting, taxation, compliance, payroll, investor documentation, audit, and related professional services.
2026-06-22 15:13:41 [INFO   ] PROGRESS |   I would naturally be pleased to consider and prioritize firms that support PlacementHub during its early growth phase, subject to suitability and mutual agreement.
2026-06-22 15:13:41 [INFO   ] PROGRESS |   The relationship can begin with a simple review of the investment note and, where appropriate, introductions to suitable investor clients.
2026-06-22 15:13:41 [INFO   ] PROGRESS |   If the opportunity is worth a look, I would be happy to send the note and speak briefly about the round,
2026-06-22 15:13:41 [INFO   ] PROGRESS |   the platform, and the type of strategic investors we are looking for.
2026-06-22 15:13:41 [INFO   ] PROGRESS |   Please reply to this email or call me if you would like to explore it.
2026-06-22 15:13:41 [INFO   ] PROGRESS |   Warm Regards,
2026-06-22 15:13:41 [INFO   ] PROGRESS |   Sandeep Jain
2026-06-22 15:13:41 [INFO   ] PROGRESS |   Founder, PlacementHub
2026-06-22 15:13:41 [INFO   ] PROGRESS |   +91-9860090620
2026-06-22 15:13:41 [INFO   ] PROGRESS |   sandeepjain200019@gmail.com
2026-06-22 15:13:41 [INFO   ] PROGRESS |   Detailed Profile
2026-06-22 15:13:41 [INFO   ] PROGRESS |   Detailed Note on Funding Requirement
2026-06-22 15:13:41 [INFO   ] --------------------------------------------------------------
2026-06-22 15:13:41 [INFO   ] 
2026-06-22 15:13:41 [INFO   ] 
2026-06-22 15:13:41 [INFO   ] PROGRESS | Email preview — To: hardikpatel128@gmail.com | Subject: PlacementHub pre-seed intro with HARDIK RASIK PATEL
2026-06-22 15:13:42 [INFO   ] SENT (Brevo) -> hardikpatel128@gmail.com (HARDIK RASIK PATEL) | PlacementHub pre-seed intro with HARDIK RASIK PATEL | messageId=<202606220943.88147150482@smtp-relay.mailin.fr> (API accepted; run audit-brevo to confirm delivery)
2026-06-22 15:13:42 [INFO   ] Sleeping for 10 seconds
2026-06-22 15:13:52 [INFO   ] PROGRESS | Send 5/50 | SENT | hardikpatel128@gmail.com | HARDIK RASIK PATEL [Chartered Accountants & Company Secretaries] | ok=3 fail=2 skip=0
2026-06-22 15:13:52 [INFO   ] PROGRESS | Send 6/50 | SENDING | kulwant@kskhokhani.com | KULWANT SINGH RAM SINGH KHALSA [Chartered Accountants & Company Secretaries] | ok=3 fail=2 skip=0
2026-06-22 15:13:54 [INFO   ] --------------------------------------------------------------
2026-06-22 15:13:54 [INFO   ] PROGRESS | Email content — To: kulwant@kskhokhani.com
2026-06-22 15:13:54 [INFO   ] PROGRESS | Subject: PlacementHub pre-seed intro with KULWANT SINGH RAM SINGH KHALSA
2026-06-22 15:13:54 [INFO   ] PROGRESS | Body:
2026-06-22 15:13:54 [INFO   ] PROGRESS |   Dear Sir/Madam,
2026-06-22 15:13:54 [INFO   ] PROGRESS |   I am reaching out to introduce PlacementHub and explore whether any of your investor, entrepreneur, or
2026-06-22 15:13:54 [INFO   ] PROGRESS |   HNI clients may be open to reviewing a strategic seed opportunity.
2026-06-22 15:13:54 [INFO   ] PROGRESS |   My name is Sandeep Jain. PlacementHub is currently in its pre-seed fundraising stage, and I am
2026-06-22 15:13:54 [INFO   ] PROGRESS |   soliciting strategic seed investment for the same. PlacementHub is a campus placement and employability
2026-06-22 15:13:54 [INFO   ] PROGRESS |   platform connecting students, colleges, and recruiters. The product is built and in early
2026-06-22 15:13:54 [INFO   ] PROGRESS |   commercialization.
2026-06-22 15:13:54 [INFO   ] PROGRESS |   For reference, the detailed business plan, including the business model and go-to-market strategies, is
2026-06-22 15:13:54 [INFO   ] PROGRESS |   available here:
2026-06-22 15:13:54 [INFO   ] PROGRESS |   PlacementHub Business Plan
2026-06-22 15:13:54 [INFO   ] PROGRESS |   For a Chartered Accountant firm, the relevance is mainly professional and strategic:
2026-06-22 15:13:54 [INFO   ] PROGRESS |   PlacementHub may require support across accounting, taxation, compliance, payroll, investor documentation, audit, and related professional services.
2026-06-22 15:13:54 [INFO   ] PROGRESS |   I would naturally be pleased to consider and prioritize firms that support PlacementHub during its early growth phase, subject to suitability and mutual agreement.
2026-06-22 15:13:54 [INFO   ] PROGRESS |   The relationship can begin with a simple review of the investment note and, where appropriate, introductions to suitable investor clients.
2026-06-22 15:13:54 [INFO   ] PROGRESS |   If the opportunity is worth a look, I would be happy to send the note and speak briefly about the round,
2026-06-22 15:13:54 [INFO   ] PROGRESS |   the platform, and the type of strategic investors we are looking for.
2026-06-22 15:13:54 [INFO   ] PROGRESS |   Please reply to this email or call me if you would like to explore it.
2026-06-22 15:13:54 [INFO   ] PROGRESS |   Warm Regards,
2026-06-22 15:13:54 [INFO   ] PROGRESS |   Sandeep Jain
2026-06-22 15:13:54 [INFO   ] PROGRESS |   Founder, PlacementHub
2026-06-22 15:13:54 [INFO   ] PROGRESS |   +91-9860090620
2026-06-22 15:13:54 [INFO   ] PROGRESS |   sandeepjain200019@gmail.com
2026-06-22 15:13:54 [INFO   ] PROGRESS |   Detailed Profile
2026-06-22 15:13:54 [INFO   ] PROGRESS |   Detailed Note on Funding Requirement
2026-06-22 15:13:54 [INFO   ] --------------------------------------------------------------
2026-06-22 15:13:54 [INFO   ] 
2026-06-22 15:13:54 [INFO   ] 
2026-06-22 15:13:54 [INFO   ] PROGRESS | Email preview — To: kulwant@kskhokhani.com | Subject: PlacementHub pre-seed intro with KULWANT SINGH RAM SINGH KHALSA
2026-06-22 15:13:55 [INFO   ] SENT (Brevo) -> kulwant@kskhokhani.com (KULWANT SINGH RAM SINGH KHALSA) | PlacementHub pre-seed intro with KULWANT SINGH RAM SINGH KHALSA | messageId=<202606220943.10688918634@smtp-relay.mailin.fr> (API accepted; run audit-brevo to confirm delivery)
2026-06-22 15:13:55 [INFO   ] Sleeping for 10 seconds
2026-06-22 15:14:05 [INFO   ] PROGRESS | Send 6/50 | SENT | kulwant@kskhokhani.com | KULWANT SINGH RAM SINGH KHALSA [Chartered Accountants & Company Secretaries] | ok=4 fail=2 skip=0
2026-06-22 15:14:05 [INFO   ] PROGRESS | Send 7/50 | SENDING | malkaniandassociates@gmail.com | REHANA SAMEER MALKANI [Chartered Accountants & Company Secretaries] | ok=4 fail=2 skip=0
2026-06-22 15:14:07 [INFO   ] --------------------------------------------------------------
2026-06-22 15:14:07 [INFO   ] PROGRESS | Email content — To: malkaniandassociates@gmail.com
2026-06-22 15:14:07 [INFO   ] PROGRESS | Subject: PlacementHub pre-seed intro with REHANA SAMEER MALKANI
2026-06-22 15:14:07 [INFO   ] PROGRESS | Body:
2026-06-22 15:14:07 [INFO   ] PROGRESS |   Dear Sir/Madam,
2026-06-22 15:14:07 [INFO   ] PROGRESS |   I am reaching out to introduce PlacementHub and explore whether any of your investor, entrepreneur, or
2026-06-22 15:14:07 [INFO   ] PROGRESS |   HNI clients may be open to reviewing a strategic seed opportunity.
2026-06-22 15:14:07 [INFO   ] PROGRESS |   My name is Sandeep Jain. PlacementHub is currently in its pre-seed fundraising stage, and I am
2026-06-22 15:14:07 [INFO   ] PROGRESS |   soliciting strategic seed investment for the same. PlacementHub is a campus placement and employability
2026-06-22 15:14:07 [INFO   ] PROGRESS |   platform connecting students, colleges, and recruiters. The product is built and in early
2026-06-22 15:14:07 [INFO   ] PROGRESS |   commercialization.
2026-06-22 15:14:07 [INFO   ] PROGRESS |   For reference, the detailed business plan, including the business model and go-to-market strategies, is
2026-06-22 15:14:07 [INFO   ] PROGRESS |   available here:
2026-06-22 15:14:07 [INFO   ] PROGRESS |   PlacementHub Business Plan
2026-06-22 15:14:07 [INFO   ] PROGRESS |   For a Chartered Accountant firm, the relevance is mainly professional and strategic:
2026-06-22 15:14:07 [INFO   ] PROGRESS |   PlacementHub may require support across accounting, taxation, compliance, payroll, investor documentation, audit, and related professional services.
2026-06-22 15:14:07 [INFO   ] PROGRESS |   I would naturally be pleased to consider and prioritize firms that support PlacementHub during its early growth phase, subject to suitability and mutual agreement.
2026-06-22 15:14:07 [INFO   ] PROGRESS |   The relationship can begin with a simple review of the investment note and, where appropriate, introductions to suitable investor clients.
2026-06-22 15:14:07 [INFO   ] PROGRESS |   If the opportunity is worth a look, I would be happy to send the note and speak briefly about the round,
2026-06-22 15:14:07 [INFO   ] PROGRESS |   the platform, and the type of strategic investors we are looking for.
2026-06-22 15:14:07 [INFO   ] PROGRESS |   Please reply to this email or call me if you would like to explore it.
2026-06-22 15:14:07 [INFO   ] PROGRESS |   Warm Regards,
2026-06-22 15:14:07 [INFO   ] PROGRESS |   Sandeep Jain
2026-06-22 15:14:07 [INFO   ] PROGRESS |   Founder, PlacementHub
2026-06-22 15:14:07 [INFO   ] PROGRESS |   +91-9860090620
2026-06-22 15:14:07 [INFO   ] PROGRESS |   sandeepjain200019@gmail.com
2026-06-22 15:14:07 [INFO   ] PROGRESS |   Detailed Profile
2026-06-22 15:14:07 [INFO   ] PROGRESS |   Detailed Note on Funding Requirement
2026-06-22 15:14:07 [INFO   ] --------------------------------------------------------------
2026-06-22 15:14:07 [INFO   ] 
2026-06-22 15:14:07 [INFO   ] 
2026-06-22 15:14:07 [INFO   ] PROGRESS | Email preview — To: malkaniandassociates@gmail.com | Subject: PlacementHub pre-seed intro with REHANA SAMEER MALKANI
2026-06-22 15:14:08 [INFO   ] SENT (Brevo) -> malkaniandassociates@gmail.com (REHANA SAMEER MALKANI) | PlacementHub pre-seed intro with REHANA SAMEER MALKANI | messageId=<202606220944.76766007664@smtp-relay.mailin.fr> (API accepted; run audit-brevo to confirm delivery)
2026-06-22 15:14:08 [INFO   ] Sleeping for 10 seconds
2026-06-22 15:14:18 [INFO   ] PROGRESS | Send 7/50 | SENT | malkaniandassociates@gmail.com | REHANA SAMEER MALKANI [Chartered Accountants & Company Secretaries] | ok=5 fail=2 skip=0
2026-06-22 15:14:18 [INFO   ] PROGRESS | Send 8/50 | SENDING | cavishalshethiya@gmail.com | VISHAL CHUNILAL SHETHIYA [Chartered Accountants & Company Secretaries] | ok=5 fail=2 skip=0
2026-06-22 15:14:20 [INFO   ] --------------------------------------------------------------
2026-06-22 15:14:20 [INFO   ] PROGRESS | Email content — To: cavishalshethiya@gmail.com
2026-06-22 15:14:20 [INFO   ] PROGRESS | Subject: PlacementHub pre-seed intro with VISHAL CHUNILAL SHETHIYA
2026-06-22 15:14:20 [INFO   ] PROGRESS | Body:
2026-06-22 15:14:20 [INFO   ] PROGRESS |   Dear Sir/Madam,
2026-06-22 15:14:20 [INFO   ] PROGRESS |   I am reaching out to introduce PlacementHub and explore whether any of your investor, entrepreneur, or
2026-06-22 15:14:20 [INFO   ] PROGRESS |   HNI clients may be open to reviewing a strategic seed opportunity.
2026-06-22 15:14:20 [INFO   ] PROGRESS |   My name is Sandeep Jain. PlacementHub is currently in its pre-seed fundraising stage, and I am
2026-06-22 15:14:20 [INFO   ] PROGRESS |   soliciting strategic seed investment for the same. PlacementHub is a campus placement and employability
2026-06-22 15:14:20 [INFO   ] PROGRESS |   platform connecting students, colleges, and recruiters. The product is built and in early
2026-06-22 15:14:20 [INFO   ] PROGRESS |   commercialization.
2026-06-22 15:14:20 [INFO   ] PROGRESS |   For reference, the detailed business plan, including the business model and go-to-market strategies, is
2026-06-22 15:14:20 [INFO   ] PROGRESS |   available here:
2026-06-22 15:14:20 [INFO   ] PROGRESS |   PlacementHub Business Plan
2026-06-22 15:14:20 [INFO   ] PROGRESS |   For a Chartered Accountant firm, the relevance is mainly professional and strategic:
2026-06-22 15:14:20 [INFO   ] PROGRESS |   PlacementHub may require support across accounting, taxation, compliance, payroll, investor documentation, audit, and related professional services.
2026-06-22 15:14:20 [INFO   ] PROGRESS |   I would naturally be pleased to consider and prioritize firms that support PlacementHub during its early growth phase, subject to suitability and mutual agreement.
2026-06-22 15:14:20 [INFO   ] PROGRESS |   The relationship can begin with a simple review of the investment note and, where appropriate, introductions to suitable investor clients.
2026-06-22 15:14:20 [INFO   ] PROGRESS |   If the opportunity is worth a look, I would be happy to send the note and speak briefly about the round,
2026-06-22 15:14:20 [INFO   ] PROGRESS |   the platform, and the type of strategic investors we are looking for.
2026-06-22 15:14:20 [INFO   ] PROGRESS |   Please reply to this email or call me if you would like to explore it.
2026-06-22 15:14:20 [INFO   ] PROGRESS |   Warm Regards,
2026-06-22 15:14:20 [INFO   ] PROGRESS |   Sandeep Jain
2026-06-22 15:14:20 [INFO   ] PROGRESS |   Founder, PlacementHub
2026-06-22 15:14:20 [INFO   ] PROGRESS |   +91-9860090620
2026-06-22 15:14:20 [INFO   ] PROGRESS |   sandeepjain200019@gmail.com
2026-06-22 15:14:20 [INFO   ] PROGRESS |   Detailed Profile
2026-06-22 15:14:20 [INFO   ] PROGRESS |   Detailed Note on Funding Requirement
2026-06-22 15:14:20 [INFO   ] --------------------------------------------------------------
2026-06-22 15:14:20 [INFO   ] 
2026-06-22 15:14:20 [INFO   ] 
2026-06-22 15:14:20 [INFO   ] PROGRESS | Email preview — To: cavishalshethiya@gmail.com | Subject: PlacementHub pre-seed intro with VISHAL CHUNILAL SHETHIYA
2026-06-22 15:14:21 [INFO   ] SENT (Brevo) -> cavishalshethiya@gmail.com (VISHAL CHUNILAL SHETHIYA) | PlacementHub pre-seed intro with VISHAL CHUNILAL SHETHIYA | messageId=<202606220944.54894598091@smtp-relay.mailin.fr> (API accepted; run audit-brevo to confirm delivery)
2026-06-22 15:14:21 [INFO   ] Sleeping for 10 seconds
2026-06-22 15:14:31 [INFO   ] PROGRESS | Send 8/50 | SENT | cavishalshethiya@gmail.com | VISHAL CHUNILAL SHETHIYA [Chartered Accountants & Company Secretaries] | ok=6 fail=2 skip=0
2026-06-22 15:14:31 [INFO   ] PROGRESS | Send 9/50 | SENDING | caashish.dhapade@gmail.com | ASHISH SURESH DHAPADE [Chartered Accountants & Company Secretaries] | ok=6 fail=2 skip=0
2026-06-22 15:14:35 [INFO   ] --------------------------------------------------------------
2026-06-22 15:14:35 [INFO   ] PROGRESS | Email content — To: caashish.dhapade@gmail.com
2026-06-22 15:14:35 [INFO   ] PROGRESS | Subject: PlacementHub pre-seed intro with ASHISH SURESH DHAPADE
2026-06-22 15:14:35 [INFO   ] PROGRESS | Body:
2026-06-22 15:14:35 [INFO   ] PROGRESS |   Dear Sir/Madam,
2026-06-22 15:14:35 [INFO   ] PROGRESS |   I am reaching out to introduce PlacementHub and explore whether any of your investor, entrepreneur, or
2026-06-22 15:14:35 [INFO   ] PROGRESS |   HNI clients may be open to reviewing a strategic seed opportunity.
2026-06-22 15:14:35 [INFO   ] PROGRESS |   My name is Sandeep Jain. PlacementHub is currently in its pre-seed fundraising stage, and I am
2026-06-22 15:14:35 [INFO   ] PROGRESS |   soliciting strategic seed investment for the same. PlacementHub is a campus placement and employability
2026-06-22 15:14:35 [INFO   ] PROGRESS |   platform connecting students, colleges, and recruiters. The product is built and in early
2026-06-22 15:14:35 [INFO   ] PROGRESS |   commercialization.
2026-06-22 15:14:35 [INFO   ] PROGRESS |   For reference, the detailed business plan, including the business model and go-to-market strategies, is
2026-06-22 15:14:35 [INFO   ] PROGRESS |   available here:
2026-06-22 15:14:35 [INFO   ] PROGRESS |   PlacementHub Business Plan
2026-06-22 15:14:35 [INFO   ] PROGRESS |   For a Chartered Accountant firm, the relevance is mainly professional and strategic:
2026-06-22 15:14:35 [INFO   ] PROGRESS |   PlacementHub may require support across accounting, taxation, compliance, payroll, investor documentation, audit, and related professional services.
2026-06-22 15:14:35 [INFO   ] PROGRESS |   I would naturally be pleased to consider and prioritize firms that support PlacementHub during its early growth phase, subject to suitability and mutual agreement.
2026-06-22 15:14:35 [INFO   ] PROGRESS |   The relationship can begin with a simple review of the investment note and, where appropriate, introductions to suitable investor clients.
2026-06-22 15:14:35 [INFO   ] PROGRESS |   If the opportunity is worth a look, I would be happy to send the note and speak briefly about the round,
2026-06-22 15:14:35 [INFO   ] PROGRESS |   the platform, and the type of strategic investors we are looking for.
2026-06-22 15:14:35 [INFO   ] PROGRESS |   Please reply to this email or call me if you would like to explore it.
2026-06-22 15:14:35 [INFO   ] PROGRESS |   Warm Regards,
2026-06-22 15:14:35 [INFO   ] PROGRESS |   Sandeep Jain
2026-06-22 15:14:35 [INFO   ] PROGRESS |   Founder, PlacementHub
2026-06-22 15:14:35 [INFO   ] PROGRESS |   +91-9860090620
2026-06-22 15:14:35 [INFO   ] PROGRESS |   sandeepjain200019@gmail.com
2026-06-22 15:14:35 [INFO   ] PROGRESS |   Detailed Profile
2026-06-22 15:14:35 [INFO   ] PROGRESS |   Detailed Note on Funding Requirement
2026-06-22 15:14:35 [INFO   ] --------------------------------------------------------------
2026-06-22 15:14:35 [INFO   ] 
2026-06-22 15:14:35 [INFO   ] 
2026-06-22 15:14:35 [INFO   ] PROGRESS | Email preview — To: caashish.dhapade@gmail.com | Subject: PlacementHub pre-seed intro with ASHISH SURESH DHAPADE
2026-06-22 15:14:36 [INFO   ] SENT (Brevo) -> caashish.dhapade@gmail.com (ASHISH SURESH DHAPADE) | PlacementHub pre-seed intro with ASHISH SURESH DHAPADE | messageId=<202606220944.77135701115@smtp-relay.mailin.fr> (API accepted; run audit-brevo to confirm delivery)
2026-06-22 15:14:36 [INFO   ] Sleeping for 10 seconds
2026-06-22 15:14:46 [INFO   ] PROGRESS | Send 9/50 | SENT | caashish.dhapade@gmail.com | ASHISH SURESH DHAPADE [Chartered Accountants & Company Secretaries] | ok=7 fail=2 skip=0
2026-06-22 15:14:46 [INFO   ] PROGRESS | Send 10/50 | SENDING | manoj1.bhageria@gmail.com | MANOJ KUMAR BHAGERIA [Chartered Accountants & Company Secretaries] | ok=7 fail=2 skip=0
2026-06-22 15:14:48 [INFO   ] --------------------------------------------------------------
2026-06-22 15:14:48 [INFO   ] PROGRESS | Email content — To: manoj1.bhageria@gmail.com
2026-06-22 15:14:48 [INFO   ] PROGRESS | Subject: PlacementHub pre-seed intro with MANOJ KUMAR BHAGERIA
2026-06-22 15:14:48 [INFO   ] PROGRESS | Body:
2026-06-22 15:14:48 [INFO   ] PROGRESS |   Dear Sir/Madam,
2026-06-22 15:14:48 [INFO   ] PROGRESS |   I am reaching out to introduce PlacementHub and explore whether any of your investor, entrepreneur, or
2026-06-22 15:14:48 [INFO   ] PROGRESS |   HNI clients may be open to reviewing a strategic seed opportunity.
2026-06-22 15:14:48 [INFO   ] PROGRESS |   My name is Sandeep Jain. PlacementHub is currently in its pre-seed fundraising stage, and I am
2026-06-22 15:14:48 [INFO   ] PROGRESS |   soliciting strategic seed investment for the same. PlacementHub is a campus placement and employability
2026-06-22 15:14:48 [INFO   ] PROGRESS |   platform connecting students, colleges, and recruiters. The product is built and in early
2026-06-22 15:14:48 [INFO   ] PROGRESS |   commercialization.
2026-06-22 15:14:48 [INFO   ] PROGRESS |   For reference, the detailed business plan, including the business model and go-to-market strategies, is
2026-06-22 15:14:48 [INFO   ] PROGRESS |   available here:
2026-06-22 15:14:48 [INFO   ] PROGRESS |   PlacementHub Business Plan
2026-06-22 15:14:48 [INFO   ] PROGRESS |   For a Chartered Accountant firm, the relevance is mainly professional and strategic:
2026-06-22 15:14:48 [INFO   ] PROGRESS |   PlacementHub may require support across accounting, taxation, compliance, payroll, investor documentation, audit, and related professional services.
2026-06-22 15:14:48 [INFO   ] PROGRESS |   I would naturally be pleased to consider and prioritize firms that support PlacementHub during its early growth phase, subject to suitability and mutual agreement.
2026-06-22 15:14:48 [INFO   ] PROGRESS |   The relationship can begin with a simple review of the investment note and, where appropriate, introductions to suitable investor clients.
2026-06-22 15:14:48 [INFO   ] PROGRESS |   If the opportunity is worth a look, I would be happy to send the note and speak briefly about the round,
2026-06-22 15:14:48 [INFO   ] PROGRESS |   the platform, and the type of strategic investors we are looking for.
2026-06-22 15:14:48 [INFO   ] PROGRESS |   Please reply to this email or call me if you would like to explore it.
2026-06-22 15:14:48 [INFO   ] PROGRESS |   Warm Regards,
2026-06-22 15:14:48 [INFO   ] PROGRESS |   Sandeep Jain
2026-06-22 15:14:48 [INFO   ] PROGRESS |   Founder, PlacementHub
2026-06-22 15:14:48 [INFO   ] PROGRESS |   +91-9860090620
2026-06-22 15:14:48 [INFO   ] PROGRESS |   sandeepjain200019@gmail.com
2026-06-22 15:14:48 [INFO   ] PROGRESS |   Detailed Profile
2026-06-22 15:14:48 [INFO   ] PROGRESS |   Detailed Note on Funding Requirement
2026-06-22 15:14:48 [INFO   ] --------------------------------------------------------------
2026-06-22 15:14:48 [INFO   ] 
2026-06-22 15:14:48 [INFO   ] 
2026-06-22 15:14:48 [INFO   ] PROGRESS | Email preview — To: manoj1.bhageria@gmail.com | Subject: PlacementHub pre-seed intro with MANOJ KUMAR BHAGERIA
2026-06-22 15:14:49 [INFO   ] SENT (Brevo) -> manoj1.bhageria@gmail.com (MANOJ KUMAR BHAGERIA) | PlacementHub pre-seed intro with MANOJ KUMAR BHAGERIA | messageId=<202606220944.67570499023@smtp-relay.mailin.fr> (API accepted; run audit-brevo to confirm delivery)
2026-06-22 15:14:49 [INFO   ] Sleeping for 10 seconds
2026-06-22 15:14:59 [INFO   ] PROGRESS | Send 10/50 | SENT | manoj1.bhageria@gmail.com | MANOJ KUMAR BHAGERIA [Chartered Accountants & Company Secretaries] | ok=8 fail=2 skip=0
2026-06-22 15:14:59 [INFO   ] PROGRESS | Send 11/50 | SENDING | mrunalworkca@gmail.com | MRUNAL SHANTARAM BORCHATE [Chartered Accountants & Company Secretaries] | ok=8 fail=2 skip=0
2026-06-22 15:15:00 [INFO   ] --------------------------------------------------------------
2026-06-22 15:15:00 [INFO   ] PROGRESS | Email content — To: mrunalworkca@gmail.com
2026-06-22 15:15:00 [INFO   ] PROGRESS | Subject: PlacementHub pre-seed intro with MRUNAL SHANTARAM BORCHATE
2026-06-22 15:15:00 [INFO   ] PROGRESS | Body:
2026-06-22 15:15:00 [INFO   ] PROGRESS |   Dear Sir/Madam,
2026-06-22 15:15:00 [INFO   ] PROGRESS |   I am reaching out to introduce PlacementHub and explore whether any of your investor, entrepreneur, or
2026-06-22 15:15:00 [INFO   ] PROGRESS |   HNI clients may be open to reviewing a strategic seed opportunity.
2026-06-22 15:15:00 [INFO   ] PROGRESS |   My name is Sandeep Jain. PlacementHub is currently in its pre-seed fundraising stage, and I am
2026-06-22 15:15:00 [INFO   ] PROGRESS |   soliciting strategic seed investment for the same. PlacementHub is a campus placement and employability
2026-06-22 15:15:00 [INFO   ] PROGRESS |   platform connecting students, colleges, and recruiters. The product is built and in early
2026-06-22 15:15:00 [INFO   ] PROGRESS |   commercialization.
2026-06-22 15:15:00 [INFO   ] PROGRESS |   For reference, the detailed business plan, including the business model and go-to-market strategies, is
2026-06-22 15:15:00 [INFO   ] PROGRESS |   available here:
2026-06-22 15:15:00 [INFO   ] PROGRESS |   PlacementHub Business Plan
2026-06-22 15:15:00 [INFO   ] PROGRESS |   For a Chartered Accountant firm, the relevance is mainly professional and strategic:
2026-06-22 15:15:00 [INFO   ] PROGRESS |   PlacementHub may require support across accounting, taxation, compliance, payroll, investor documentation, audit, and related professional services.
2026-06-22 15:15:00 [INFO   ] PROGRESS |   I would naturally be pleased to consider and prioritize firms that support PlacementHub during its early growth phase, subject to suitability and mutual agreement.
2026-06-22 15:15:00 [INFO   ] PROGRESS |   The relationship can begin with a simple review of the investment note and, where appropriate, introductions to suitable investor clients.
2026-06-22 15:15:00 [INFO   ] PROGRESS |   If the opportunity is worth a look, I would be happy to send the note and speak briefly about the round,
2026-06-22 15:15:00 [INFO   ] PROGRESS |   the platform, and the type of strategic investors we are looking for.
2026-06-22 15:15:00 [INFO   ] PROGRESS |   Please reply to this email or call me if you would like to explore it.
2026-06-22 15:15:00 [INFO   ] PROGRESS |   Warm Regards,
2026-06-22 15:15:00 [INFO   ] PROGRESS |   Sandeep Jain
2026-06-22 15:15:00 [INFO   ] PROGRESS |   Founder, PlacementHub
2026-06-22 15:15:00 [INFO   ] PROGRESS |   +91-9860090620
2026-06-22 15:15:00 [INFO   ] PROGRESS |   sandeepjain200019@gmail.com
2026-06-22 15:15:00 [INFO   ] PROGRESS |   Detailed Profile
2026-06-22 15:15:00 [INFO   ] PROGRESS |   Detailed Note on Funding Requirement
2026-06-22 15:15:00 [INFO   ] --------------------------------------------------------------
2026-06-22 15:15:00 [INFO   ] 
2026-06-22 15:15:00 [INFO   ] 
2026-06-22 15:15:00 [INFO   ] PROGRESS | Email preview — To: mrunalworkca@gmail.com | Subject: PlacementHub pre-seed intro with MRUNAL SHANTARAM BORCHATE
2026-06-22 15:15:01 [INFO   ] SENT (Brevo) -> mrunalworkca@gmail.com (MRUNAL SHANTARAM BORCHATE) | PlacementHub pre-seed intro with MRUNAL SHANTARAM BORCHATE | messageId=<202606220945.86184328639@smtp-relay.mailin.fr> (API accepted; run audit-brevo to confirm delivery)
2026-06-22 15:15:01 [INFO   ] Sleeping for 10 seconds
2026-06-22 15:15:11 [INFO   ] PROGRESS | Send 11/50 | SENT | mrunalworkca@gmail.com | MRUNAL SHANTARAM BORCHATE [Chartered Accountants & Company Secretaries] | ok=9 fail=2 skip=0
2026-06-22 15:15:11 [INFO   ] PROGRESS | Send 12/50 | SENDING | raythatha@gmail.com | RAJESH SHANTILAL RAYTHATHA [Chartered Accountants & Company Secretaries] | ok=9 fail=2 skip=0
2026-06-22 15:15:12 [INFO   ] --------------------------------------------------------------
2026-06-22 15:15:12 [INFO   ] PROGRESS | Email content — To: raythatha@gmail.com
2026-06-22 15:15:12 [INFO   ] PROGRESS | Subject: PlacementHub pre-seed intro with RAJESH SHANTILAL RAYTHATHA
2026-06-22 15:15:12 [INFO   ] PROGRESS | Body:
2026-06-22 15:15:12 [INFO   ] PROGRESS |   Dear Sir/Madam,
2026-06-22 15:15:12 [INFO   ] PROGRESS |   I am reaching out to introduce PlacementHub and explore whether any of your investor, entrepreneur, or
2026-06-22 15:15:12 [INFO   ] PROGRESS |   HNI clients may be open to reviewing a strategic seed opportunity.
2026-06-22 15:15:12 [INFO   ] PROGRESS |   My name is Sandeep Jain. PlacementHub is currently in its pre-seed fundraising stage, and I am
2026-06-22 15:15:12 [INFO   ] PROGRESS |   soliciting strategic seed investment for the same. PlacementHub is a campus placement and employability
2026-06-22 15:15:12 [INFO   ] PROGRESS |   platform connecting students, colleges, and recruiters. The product is built and in early
2026-06-22 15:15:12 [INFO   ] PROGRESS |   commercialization.
2026-06-22 15:15:12 [INFO   ] PROGRESS |   For reference, the detailed business plan, including the business model and go-to-market strategies, is
2026-06-22 15:15:12 [INFO   ] PROGRESS |   available here:
2026-06-22 15:15:12 [INFO   ] PROGRESS |   PlacementHub Business Plan
2026-06-22 15:15:12 [INFO   ] PROGRESS |   For a Chartered Accountant firm, the relevance is mainly professional and strategic:
2026-06-22 15:15:12 [INFO   ] PROGRESS |   PlacementHub may require support across accounting, taxation, compliance, payroll, investor documentation, audit, and related professional services.
2026-06-22 15:15:12 [INFO   ] PROGRESS |   I would naturally be pleased to consider and prioritize firms that support PlacementHub during its early growth phase, subject to suitability and mutual agreement.
2026-06-22 15:15:12 [INFO   ] PROGRESS |   The relationship can begin with a simple review of the investment note and, where appropriate, introductions to suitable investor clients.
2026-06-22 15:15:12 [INFO   ] PROGRESS |   If the opportunity is worth a look, I would be happy to send the note and speak briefly about the round,
2026-06-22 15:15:12 [INFO   ] PROGRESS |   the platform, and the type of strategic investors we are looking for.
2026-06-22 15:15:12 [INFO   ] PROGRESS |   Please reply to this email or call me if you would like to explore it.
2026-06-22 15:15:12 [INFO   ] PROGRESS |   Warm Regards,
2026-06-22 15:15:12 [INFO   ] PROGRESS |   Sandeep Jain
2026-06-22 15:15:12 [INFO   ] PROGRESS |   Founder, PlacementHub
2026-06-22 15:15:12 [INFO   ] PROGRESS |   +91-9860090620
2026-06-22 15:15:12 [INFO   ] PROGRESS |   sandeepjain200019@gmail.com
2026-06-22 15:15:12 [INFO   ] PROGRESS |   Detailed Profile
2026-06-22 15:15:12 [INFO   ] PROGRESS |   Detailed Note on Funding Requirement
2026-06-22 15:15:12 [INFO   ] --------------------------------------------------------------
2026-06-22 15:15:12 [INFO   ] 
2026-06-22 15:15:12 [INFO   ] 
2026-06-22 15:15:12 [INFO   ] PROGRESS | Email preview — To: raythatha@gmail.com | Subject: PlacementHub pre-seed intro with RAJESH SHANTILAL RAYTHATHA
2026-06-22 15:15:14 [INFO   ] SENT (Brevo) -> raythatha@gmail.com (RAJESH SHANTILAL RAYTHATHA) | PlacementHub pre-seed intro with RAJESH SHANTILAL RAYTHATHA | messageId=<202606220945.48589642140@smtp-relay.mailin.fr> (API accepted; run audit-brevo to confirm delivery)
2026-06-22 15:15:14 [INFO   ] Sleeping for 10 seconds
2026-06-22 15:15:24 [INFO   ] PROGRESS | Send 12/50 | SENT | raythatha@gmail.com | RAJESH SHANTILAL RAYTHATHA [Chartered Accountants & Company Secretaries] | ok=10 fail=2 skip=0
2026-06-22 15:15:24 [INFO   ] PROGRESS | Send 13/50 | SENDING | jairai50@gmail.com | JAYSHANKAR RUPNATH RAI [Chartered Accountants & Company Secretaries] | ok=10 fail=2 skip=0
2026-06-22 15:15:26 [INFO   ] --------------------------------------------------------------
2026-06-22 15:15:26 [INFO   ] PROGRESS | Email content — To: jairai50@gmail.com
2026-06-22 15:15:26 [INFO   ] PROGRESS | Subject: PlacementHub pre-seed intro with JAYSHANKAR RUPNATH RAI
2026-06-22 15:15:26 [INFO   ] PROGRESS | Body:
2026-06-22 15:15:26 [INFO   ] PROGRESS |   Dear Sir/Madam,
2026-06-22 15:15:26 [INFO   ] PROGRESS |   I am reaching out to introduce PlacementHub and explore whether any of your investor, entrepreneur, or
2026-06-22 15:15:26 [INFO   ] PROGRESS |   HNI clients may be open to reviewing a strategic seed opportunity.
2026-06-22 15:15:26 [INFO   ] PROGRESS |   My name is Sandeep Jain. PlacementHub is currently in its pre-seed fundraising stage, and I am
2026-06-22 15:15:26 [INFO   ] PROGRESS |   soliciting strategic seed investment for the same. PlacementHub is a campus placement and employability
2026-06-22 15:15:26 [INFO   ] PROGRESS |   platform connecting students, colleges, and recruiters. The product is built and in early
2026-06-22 15:15:26 [INFO   ] PROGRESS |   commercialization.
2026-06-22 15:15:26 [INFO   ] PROGRESS |   For reference, the detailed business plan, including the business model and go-to-market strategies, is
2026-06-22 15:15:26 [INFO   ] PROGRESS |   available here:
2026-06-22 15:15:26 [INFO   ] PROGRESS |   PlacementHub Business Plan
2026-06-22 15:15:26 [INFO   ] PROGRESS |   For a Chartered Accountant firm, the relevance is mainly professional and strategic:
2026-06-22 15:15:26 [INFO   ] PROGRESS |   PlacementHub may require support across accounting, taxation, compliance, payroll, investor documentation, audit, and related professional services.
2026-06-22 15:15:26 [INFO   ] PROGRESS |   I would naturally be pleased to consider and prioritize firms that support PlacementHub during its early growth phase, subject to suitability and mutual agreement.
2026-06-22 15:15:26 [INFO   ] PROGRESS |   The relationship can begin with a simple review of the investment note and, where appropriate, introductions to suitable investor clients.
2026-06-22 15:15:26 [INFO   ] PROGRESS |   If the opportunity is worth a look, I would be happy to send the note and speak briefly about the round,
2026-06-22 15:15:26 [INFO   ] PROGRESS |   the platform, and the type of strategic investors we are looking for.
2026-06-22 15:15:26 [INFO   ] PROGRESS |   Please reply to this email or call me if you would like to explore it.
2026-06-22 15:15:26 [INFO   ] PROGRESS |   Warm Regards,
2026-06-22 15:15:26 [INFO   ] PROGRESS |   Sandeep Jain
2026-06-22 15:15:26 [INFO   ] PROGRESS |   Founder, PlacementHub
2026-06-22 15:15:26 [INFO   ] PROGRESS |   +91-9860090620
2026-06-22 15:15:26 [INFO   ] PROGRESS |   sandeepjain200019@gmail.com
2026-06-22 15:15:26 [INFO   ] PROGRESS |   Detailed Profile
2026-06-22 15:15:26 [INFO   ] PROGRESS |   Detailed Note on Funding Requirement
2026-06-22 15:15:26 [INFO   ] --------------------------------------------------------------
2026-06-22 15:15:26 [INFO   ] 
2026-06-22 15:15:26 [INFO   ] 
2026-06-22 15:15:26 [INFO   ] PROGRESS | Email preview — To: jairai50@gmail.com | Subject: PlacementHub pre-seed intro with JAYSHANKAR RUPNATH RAI
2026-06-22 15:15:27 [INFO   ] SENT (Brevo) -> jairai50@gmail.com (JAYSHANKAR RUPNATH RAI) | PlacementHub pre-seed intro with JAYSHANKAR RUPNATH RAI | messageId=<202606220945.47803436227@smtp-relay.mailin.fr> (API accepted; run audit-brevo to confirm delivery)
2026-06-22 15:15:27 [INFO   ] Sleeping for 10 seconds
2026-06-22 15:15:37 [INFO   ] PROGRESS | Send 13/50 | SENT | jairai50@gmail.com | JAYSHANKAR RUPNATH RAI [Chartered Accountants & Company Secretaries] | ok=11 fail=2 skip=0
2026-06-22 15:15:37 [INFO   ] PROGRESS | Send 14/50 | SENDING | jayna19@outlook.com | JAYNA MUKESH SANGHAVI [Chartered Accountants & Company Secretaries] | ok=11 fail=2 skip=0
2026-06-22 15:15:38 [INFO   ] --------------------------------------------------------------
2026-06-22 15:15:38 [INFO   ] PROGRESS | Email content — To: jayna19@outlook.com
2026-06-22 15:15:38 [INFO   ] PROGRESS | Subject: PlacementHub pre-seed intro with JAYNA MUKESH SANGHAVI
2026-06-22 15:15:38 [INFO   ] PROGRESS | Body:
2026-06-22 15:15:38 [INFO   ] PROGRESS |   Dear Sir/Madam,
2026-06-22 15:15:38 [INFO   ] PROGRESS |   I am reaching out to introduce PlacementHub and explore whether any of your investor, entrepreneur, or
2026-06-22 15:15:38 [INFO   ] PROGRESS |   HNI clients may be open to reviewing a strategic seed opportunity.
2026-06-22 15:15:38 [INFO   ] PROGRESS |   My name is Sandeep Jain. PlacementHub is currently in its pre-seed fundraising stage, and I am
2026-06-22 15:15:38 [INFO   ] PROGRESS |   soliciting strategic seed investment for the same. PlacementHub is a campus placement and employability
2026-06-22 15:15:38 [INFO   ] PROGRESS |   platform connecting students, colleges, and recruiters. The product is built and in early
2026-06-22 15:15:38 [INFO   ] PROGRESS |   commercialization.
2026-06-22 15:15:38 [INFO   ] PROGRESS |   For reference, the detailed business plan, including the business model and go-to-market strategies, is
2026-06-22 15:15:38 [INFO   ] PROGRESS |   available here:
2026-06-22 15:15:38 [INFO   ] PROGRESS |   PlacementHub Business Plan
2026-06-22 15:15:38 [INFO   ] PROGRESS |   For a Chartered Accountant firm, the relevance is mainly professional and strategic:
2026-06-22 15:15:38 [INFO   ] PROGRESS |   PlacementHub may require support across accounting, taxation, compliance, payroll, investor documentation, audit, and related professional services.
2026-06-22 15:15:38 [INFO   ] PROGRESS |   I would naturally be pleased to consider and prioritize firms that support PlacementHub during its early growth phase, subject to suitability and mutual agreement.
2026-06-22 15:15:38 [INFO   ] PROGRESS |   The relationship can begin with a simple review of the investment note and, where appropriate, introductions to suitable investor clients.
2026-06-22 15:15:38 [INFO   ] PROGRESS |   If the opportunity is worth a look, I would be happy to send the note and speak briefly about the round,
2026-06-22 15:15:38 [INFO   ] PROGRESS |   the platform, and the type of strategic investors we are looking for.
2026-06-22 15:15:38 [INFO   ] PROGRESS |   Please reply to this email or call me if you would like to explore it.
2026-06-22 15:15:38 [INFO   ] PROGRESS |   Warm Regards,
2026-06-22 15:15:38 [INFO   ] PROGRESS |   Sandeep Jain
2026-06-22 15:15:38 [INFO   ] PROGRESS |   Founder, PlacementHub
2026-06-22 15:15:38 [INFO   ] PROGRESS |   +91-9860090620
2026-06-22 15:15:38 [INFO   ] PROGRESS |   sandeepjain200019@gmail.com
2026-06-22 15:15:38 [INFO   ] PROGRESS |   Detailed Profile
2026-06-22 15:15:38 [INFO   ] PROGRESS |   Detailed Note on Funding Requirement
2026-06-22 15:15:38 [INFO   ] --------------------------------------------------------------
2026-06-22 15:15:38 [INFO   ] 
2026-06-22 15:15:38 [INFO   ] 
2026-06-22 15:15:38 [INFO   ] PROGRESS | Email preview — To: jayna19@outlook.com | Subject: PlacementHub pre-seed intro with JAYNA MUKESH SANGHAVI
2026-06-22 15:15:39 [INFO   ] SENT (Brevo) -> jayna19@outlook.com (JAYNA MUKESH SANGHAVI) | PlacementHub pre-seed intro with JAYNA MUKESH SANGHAVI | messageId=<202606220945.60475225089@smtp-relay.mailin.fr> (API accepted; run audit-brevo to confirm delivery)
2026-06-22 15:15:39 [INFO   ] Sleeping for 10 seconds
2026-06-22 15:15:49 [INFO   ] PROGRESS | Send 14/50 | SENT | jayna19@outlook.com | JAYNA MUKESH SANGHAVI [Chartered Accountants & Company Secretaries] | ok=12 fail=2 skip=0
2026-06-22 15:15:49 [INFO   ] PROGRESS | Send 15/50 | SENDING | nirupa_jethwa@yahoo.com | NIRUPA VIJAY JETHWA [Chartered Accountants & Company Secretaries] | ok=12 fail=2 skip=0
2026-06-22 15:16:14 [INFO   ] --------------------------------------------------------------
2026-06-22 15:16:14 [INFO   ] PROGRESS | Email content — To: nirupa_jethwa@yahoo.com
2026-06-22 15:16:14 [INFO   ] PROGRESS | Subject: PlacementHub pre-seed intro with NIRUPA VIJAY JETHWA
2026-06-22 15:16:14 [INFO   ] PROGRESS | Body:
2026-06-22 15:16:14 [INFO   ] PROGRESS |   Dear Sir/Madam,
2026-06-22 15:16:14 [INFO   ] PROGRESS |   I am reaching out to introduce PlacementHub and explore whether any of your investor, entrepreneur, or
2026-06-22 15:16:14 [INFO   ] PROGRESS |   HNI clients may be open to reviewing a strategic seed opportunity.
2026-06-22 15:16:14 [INFO   ] PROGRESS |   My name is Sandeep Jain. PlacementHub is currently in its pre-seed fundraising stage, and I am
2026-06-22 15:16:14 [INFO   ] PROGRESS |   soliciting strategic seed investment for the same. PlacementHub is a campus placement and employability
2026-06-22 15:16:14 [INFO   ] PROGRESS |   platform connecting students, colleges, and recruiters. The product is built and in early
2026-06-22 15:16:14 [INFO   ] PROGRESS |   commercialization.
2026-06-22 15:16:14 [INFO   ] PROGRESS |   For reference, the detailed business plan, including the business model and go-to-market strategies, is
2026-06-22 15:16:14 [INFO   ] PROGRESS |   available here:
2026-06-22 15:16:14 [INFO   ] PROGRESS |   PlacementHub Business Plan
2026-06-22 15:16:14 [INFO   ] PROGRESS |   For a Chartered Accountant firm, the relevance is mainly professional and strategic:
2026-06-22 15:16:14 [INFO   ] PROGRESS |   PlacementHub may require support across accounting, taxation, compliance, payroll, investor documentation, audit, and related professional services.
2026-06-22 15:16:14 [INFO   ] PROGRESS |   I would naturally be pleased to consider and prioritize firms that support PlacementHub during its early growth phase, subject to suitability and mutual agreement.
2026-06-22 15:16:14 [INFO   ] PROGRESS |   The relationship can begin with a simple review of the investment note and, where appropriate, introductions to suitable investor clients.
2026-06-22 15:16:14 [INFO   ] PROGRESS |   If the opportunity is worth a look, I would be happy to send the note and speak briefly about the round,
2026-06-22 15:16:14 [INFO   ] PROGRESS |   the platform, and the type of strategic investors we are looking for.
2026-06-22 15:16:14 [INFO   ] PROGRESS |   Please reply to this email or call me if you would like to explore it.
2026-06-22 15:16:14 [INFO   ] PROGRESS |   Warm Regards,
2026-06-22 15:16:14 [INFO   ] PROGRESS |   Sandeep Jain
2026-06-22 15:16:14 [INFO   ] PROGRESS |   Founder, PlacementHub
2026-06-22 15:16:14 [INFO   ] PROGRESS |   +91-9860090620
2026-06-22 15:16:14 [INFO   ] PROGRESS |   sandeepjain200019@gmail.com
2026-06-22 15:16:14 [INFO   ] PROGRESS |   Detailed Profile
2026-06-22 15:16:14 [INFO   ] PROGRESS |   Detailed Note on Funding Requirement
2026-06-22 15:16:14 [INFO   ] --------------------------------------------------------------
2026-06-22 15:16:14 [INFO   ] 
2026-06-22 15:16:14 [INFO   ] 
2026-06-22 15:16:14 [INFO   ] PROGRESS | Email preview — To: nirupa_jethwa@yahoo.com | Subject: PlacementHub pre-seed intro with NIRUPA VIJAY JETHWA
2026-06-22 15:16:16 [INFO   ] SENT (Brevo) -> nirupa_jethwa@yahoo.com (NIRUPA VIJAY JETHWA) | PlacementHub pre-seed intro with NIRUPA VIJAY JETHWA | messageId=<202606220946.36440657427@smtp-relay.mailin.fr> (API accepted; run audit-brevo to confirm delivery)
2026-06-22 15:16:16 [INFO   ] Sleeping for 10 seconds
2026-06-22 15:16:26 [INFO   ] PROGRESS | Send 15/50 | SENT | nirupa_jethwa@yahoo.com | NIRUPA VIJAY JETHWA [Chartered Accountants & Company Secretaries] | ok=13 fail=2 skip=0
2026-06-22 15:16:26 [INFO   ] PROGRESS | Send 16/50 | SENDING | ishagutka@gmail.com | Isha Ronak Shah [Chartered Accountants & Company Secretaries] | ok=13 fail=2 skip=0
2026-06-22 15:16:28 [INFO   ] --------------------------------------------------------------
2026-06-22 15:16:28 [INFO   ] PROGRESS | Email content — To: ishagutka@gmail.com
2026-06-22 15:16:28 [INFO   ] PROGRESS | Subject: PlacementHub pre-seed intro with Isha Ronak Shah
2026-06-22 15:16:28 [INFO   ] PROGRESS | Body:
2026-06-22 15:16:28 [INFO   ] PROGRESS |   Dear Sir/Madam,
2026-06-22 15:16:28 [INFO   ] PROGRESS |   I am reaching out to introduce PlacementHub and explore whether any of your investor, entrepreneur, or
2026-06-22 15:16:28 [INFO   ] PROGRESS |   HNI clients may be open to reviewing a strategic seed opportunity.
2026-06-22 15:16:28 [INFO   ] PROGRESS |   My name is Sandeep Jain. PlacementHub is currently in its pre-seed fundraising stage, and I am
2026-06-22 15:16:28 [INFO   ] PROGRESS |   soliciting strategic seed investment for the same. PlacementHub is a campus placement and employability
2026-06-22 15:16:28 [INFO   ] PROGRESS |   platform connecting students, colleges, and recruiters. The product is built and in early
2026-06-22 15:16:28 [INFO   ] PROGRESS |   commercialization.
2026-06-22 15:16:28 [INFO   ] PROGRESS |   For reference, the detailed business plan, including the business model and go-to-market strategies, is
2026-06-22 15:16:28 [INFO   ] PROGRESS |   available here:
2026-06-22 15:16:28 [INFO   ] PROGRESS |   PlacementHub Business Plan
2026-06-22 15:16:28 [INFO   ] PROGRESS |   For a Chartered Accountant firm, the relevance is mainly professional and strategic:
2026-06-22 15:16:28 [INFO   ] PROGRESS |   PlacementHub may require support across accounting, taxation, compliance, payroll, investor documentation, audit, and related professional services.
2026-06-22 15:16:28 [INFO   ] PROGRESS |   I would naturally be pleased to consider and prioritize firms that support PlacementHub during its early growth phase, subject to suitability and mutual agreement.
2026-06-22 15:16:28 [INFO   ] PROGRESS |   The relationship can begin with a simple review of the investment note and, where appropriate, introductions to suitable investor clients.
2026-06-22 15:16:28 [INFO   ] PROGRESS |   If the opportunity is worth a look, I would be happy to send the note and speak briefly about the round,
2026-06-22 15:16:28 [INFO   ] PROGRESS |   the platform, and the type of strategic investors we are looking for.
2026-06-22 15:16:28 [INFO   ] PROGRESS |   Please reply to this email or call me if you would like to explore it.
2026-06-22 15:16:28 [INFO   ] PROGRESS |   Warm Regards,
2026-06-22 15:16:28 [INFO   ] PROGRESS |   Sandeep Jain
2026-06-22 15:16:28 [INFO   ] PROGRESS |   Founder, PlacementHub
2026-06-22 15:16:28 [INFO   ] PROGRESS |   +91-9860090620
2026-06-22 15:16:28 [INFO   ] PROGRESS |   sandeepjain200019@gmail.com
2026-06-22 15:16:28 [INFO   ] PROGRESS |   Detailed Profile
2026-06-22 15:16:28 [INFO   ] PROGRESS |   Detailed Note on Funding Requirement
2026-06-22 15:16:28 [INFO   ] --------------------------------------------------------------
2026-06-22 15:16:28 [INFO   ] 
2026-06-22 15:16:28 [INFO   ] 
2026-06-22 15:16:28 [INFO   ] PROGRESS | Email preview — To: ishagutka@gmail.com | Subject: PlacementHub pre-seed intro with Isha Ronak Shah
2026-06-22 15:16:29 [INFO   ] SENT (Brevo) -> ishagutka@gmail.com (Isha Ronak Shah) | PlacementHub pre-seed intro with Isha Ronak Shah | messageId=<202606220946.36240769931@smtp-relay.mailin.fr> (API accepted; run audit-brevo to confirm delivery)
2026-06-22 15:16:29 [INFO   ] Sleeping for 10 seconds
2026-06-22 15:16:39 [INFO   ] PROGRESS | Send 16/50 | SENT | ishagutka@gmail.com | Isha Ronak Shah [Chartered Accountants & Company Secretaries] | ok=14 fail=2 skip=0
2026-06-22 15:16:39 [INFO   ] PROGRESS | Send 17/50 | SENDING | cahddservice@gmail.com | HIMANSHU DHIRAJLAL DHABALIA [Chartered Accountants & Company Secretaries] | ok=14 fail=2 skip=0
2026-06-22 15:16:40 [INFO   ] --------------------------------------------------------------
2026-06-22 15:16:40 [INFO   ] PROGRESS | Email content — To: cahddservice@gmail.com
2026-06-22 15:16:40 [INFO   ] PROGRESS | Subject: PlacementHub pre-seed intro with HIMANSHU DHIRAJLAL DHABALIA
2026-06-22 15:16:40 [INFO   ] PROGRESS | Body:
2026-06-22 15:16:40 [INFO   ] PROGRESS |   Dear Sir/Madam,
2026-06-22 15:16:40 [INFO   ] PROGRESS |   I am reaching out to introduce PlacementHub and explore whether any of your investor, entrepreneur, or
2026-06-22 15:16:40 [INFO   ] PROGRESS |   HNI clients may be open to reviewing a strategic seed opportunity.
2026-06-22 15:16:40 [INFO   ] PROGRESS |   My name is Sandeep Jain. PlacementHub is currently in its pre-seed fundraising stage, and I am
2026-06-22 15:16:40 [INFO   ] PROGRESS |   soliciting strategic seed investment for the same. PlacementHub is a campus placement and employability
2026-06-22 15:16:40 [INFO   ] PROGRESS |   platform connecting students, colleges, and recruiters. The product is built and in early
2026-06-22 15:16:40 [INFO   ] PROGRESS |   commercialization.
2026-06-22 15:16:40 [INFO   ] PROGRESS |   For reference, the detailed business plan, including the business model and go-to-market strategies, is
2026-06-22 15:16:40 [INFO   ] PROGRESS |   available here:
2026-06-22 15:16:40 [INFO   ] PROGRESS |   PlacementHub Business Plan
2026-06-22 15:16:40 [INFO   ] PROGRESS |   For a Chartered Accountant firm, the relevance is mainly professional and strategic:
2026-06-22 15:16:40 [INFO   ] PROGRESS |   PlacementHub may require support across accounting, taxation, compliance, payroll, investor documentation, audit, and related professional services.
2026-06-22 15:16:40 [INFO   ] PROGRESS |   I would naturally be pleased to consider and prioritize firms that support PlacementHub during its early growth phase, subject to suitability and mutual agreement.
2026-06-22 15:16:40 [INFO   ] PROGRESS |   The relationship can begin with a simple review of the investment note and, where appropriate, introductions to suitable investor clients.
2026-06-22 15:16:40 [INFO   ] PROGRESS |   If the opportunity is worth a look, I would be happy to send the note and speak briefly about the round,
2026-06-22 15:16:40 [INFO   ] PROGRESS |   the platform, and the type of strategic investors we are looking for.
2026-06-22 15:16:40 [INFO   ] PROGRESS |   Please reply to this email or call me if you would like to explore it.
2026-06-22 15:16:40 [INFO   ] PROGRESS |   Warm Regards,
2026-06-22 15:16:40 [INFO   ] PROGRESS |   Sandeep Jain
2026-06-22 15:16:40 [INFO   ] PROGRESS |   Founder, PlacementHub
2026-06-22 15:16:40 [INFO   ] PROGRESS |   +91-9860090620
2026-06-22 15:16:40 [INFO   ] PROGRESS |   sandeepjain200019@gmail.com
2026-06-22 15:16:40 [INFO   ] PROGRESS |   Detailed Profile
2026-06-22 15:16:40 [INFO   ] PROGRESS |   Detailed Note on Funding Requirement
2026-06-22 15:16:40 [INFO   ] --------------------------------------------------------------
2026-06-22 15:16:40 [INFO   ] 
2026-06-22 15:16:40 [INFO   ] 
2026-06-22 15:16:40 [INFO   ] PROGRESS | Email preview — To: cahddservice@gmail.com | Subject: PlacementHub pre-seed intro with HIMANSHU DHIRAJLAL DHABALIA
2026-06-22 15:16:41 [INFO   ] SENT (Brevo) -> cahddservice@gmail.com (HIMANSHU DHIRAJLAL DHABALIA) | PlacementHub pre-seed intro with HIMANSHU DHIRAJLAL DHABALIA | messageId=<202606220946.97990057271@smtp-relay.mailin.fr> (API accepted; run audit-brevo to confirm delivery)
2026-06-22 15:16:41 [INFO   ] Sleeping for 10 seconds
2026-06-22 15:16:51 [INFO   ] PROGRESS | Send 17/50 | SENT | cahddservice@gmail.com | HIMANSHU DHIRAJLAL DHABALIA [Chartered Accountants & Company Secretaries] | ok=15 fail=2 skip=0
2026-06-22 15:16:51 [INFO   ] PROGRESS | Send 18/50 | SENDING | karamchand.kankariya@gmail.com | KARAMCHAND MANNALAL KANKARIYA [Chartered Accountants & Company Secretaries] | ok=15 fail=2 skip=0
2026-06-22 15:16:53 [INFO   ] --------------------------------------------------------------
2026-06-22 15:16:53 [INFO   ] PROGRESS | Email content — To: karamchand.kankariya@gmail.com
2026-06-22 15:16:53 [INFO   ] PROGRESS | Subject: PlacementHub pre-seed intro with KARAMCHAND MANNALAL KANKARIYA
2026-06-22 15:16:53 [INFO   ] PROGRESS | Body:
2026-06-22 15:16:53 [INFO   ] PROGRESS |   Dear Sir/Madam,
2026-06-22 15:16:53 [INFO   ] PROGRESS |   I am reaching out to introduce PlacementHub and explore whether any of your investor, entrepreneur, or
2026-06-22 15:16:53 [INFO   ] PROGRESS |   HNI clients may be open to reviewing a strategic seed opportunity.
2026-06-22 15:16:53 [INFO   ] PROGRESS |   My name is Sandeep Jain. PlacementHub is currently in its pre-seed fundraising stage, and I am
2026-06-22 15:16:53 [INFO   ] PROGRESS |   soliciting strategic seed investment for the same. PlacementHub is a campus placement and employability
2026-06-22 15:16:53 [INFO   ] PROGRESS |   platform connecting students, colleges, and recruiters. The product is built and in early
2026-06-22 15:16:53 [INFO   ] PROGRESS |   commercialization.
2026-06-22 15:16:53 [INFO   ] PROGRESS |   For reference, the detailed business plan, including the business model and go-to-market strategies, is
2026-06-22 15:16:53 [INFO   ] PROGRESS |   available here:
2026-06-22 15:16:53 [INFO   ] PROGRESS |   PlacementHub Business Plan
2026-06-22 15:16:53 [INFO   ] PROGRESS |   For a Chartered Accountant firm, the relevance is mainly professional and strategic:
2026-06-22 15:16:53 [INFO   ] PROGRESS |   PlacementHub may require support across accounting, taxation, compliance, payroll, investor documentation, audit, and related professional services.
2026-06-22 15:16:53 [INFO   ] PROGRESS |   I would naturally be pleased to consider and prioritize firms that support PlacementHub during its early growth phase, subject to suitability and mutual agreement.
2026-06-22 15:16:53 [INFO   ] PROGRESS |   The relationship can begin with a simple review of the investment note and, where appropriate, introductions to suitable investor clients.
2026-06-22 15:16:53 [INFO   ] PROGRESS |   If the opportunity is worth a look, I would be happy to send the note and speak briefly about the round,
2026-06-22 15:16:53 [INFO   ] PROGRESS |   the platform, and the type of strategic investors we are looking for.
2026-06-22 15:16:53 [INFO   ] PROGRESS |   Please reply to this email or call me if you would like to explore it.
2026-06-22 15:16:53 [INFO   ] PROGRESS |   Warm Regards,
2026-06-22 15:16:53 [INFO   ] PROGRESS |   Sandeep Jain
2026-06-22 15:16:53 [INFO   ] PROGRESS |   Founder, PlacementHub
2026-06-22 15:16:53 [INFO   ] PROGRESS |   +91-9860090620
2026-06-22 15:16:53 [INFO   ] PROGRESS |   sandeepjain200019@gmail.com
2026-06-22 15:16:53 [INFO   ] PROGRESS |   Detailed Profile
2026-06-22 15:16:53 [INFO   ] PROGRESS |   Detailed Note on Funding Requirement
2026-06-22 15:16:53 [INFO   ] --------------------------------------------------------------
2026-06-22 15:16:53 [INFO   ] 
2026-06-22 15:16:53 [INFO   ] 
2026-06-22 15:16:53 [INFO   ] PROGRESS | Email preview — To: karamchand.kankariya@gmail.com | Subject: PlacementHub pre-seed intro with KARAMCHAND MANNALAL KANKARIYA
2026-06-22 15:16:54 [INFO   ] SENT (Brevo) -> karamchand.kankariya@gmail.com (KARAMCHAND MANNALAL KANKARIYA) | PlacementHub pre-seed intro with KARAMCHAND MANNALAL KANKARIYA | messageId=<202606220946.68272817434@smtp-relay.mailin.fr> (API accepted; run audit-brevo to confirm delivery)
2026-06-22 15:16:54 [INFO   ] Sleeping for 10 seconds
2026-06-22 15:17:04 [INFO   ] PROGRESS | Send 18/50 | SENT | karamchand.kankariya@gmail.com | KARAMCHAND MANNALAL KANKARIYA [Chartered Accountants & Company Secretaries] | ok=16 fail=2 skip=0
2026-06-22 15:17:04 [INFO   ] PROGRESS | Send 19/50 | SENDING | hardikchhadva123@gmail.com | HARDIK BHARAT CHHADVA [Chartered Accountants & Company Secretaries] | ok=16 fail=2 skip=0
2026-06-22 15:17:06 [INFO   ] --------------------------------------------------------------
2026-06-22 15:17:06 [INFO   ] PROGRESS | Email content — To: hardikchhadva123@gmail.com
2026-06-22 15:17:06 [INFO   ] PROGRESS | Subject: PlacementHub pre-seed intro with HARDIK BHARAT CHHADVA
2026-06-22 15:17:06 [INFO   ] PROGRESS | Body:
2026-06-22 15:17:06 [INFO   ] PROGRESS |   Dear Sir/Madam,
2026-06-22 15:17:06 [INFO   ] PROGRESS |   I am reaching out to introduce PlacementHub and explore whether any of your investor, entrepreneur, or
2026-06-22 15:17:06 [INFO   ] PROGRESS |   HNI clients may be open to reviewing a strategic seed opportunity.
2026-06-22 15:17:06 [INFO   ] PROGRESS |   My name is Sandeep Jain. PlacementHub is currently in its pre-seed fundraising stage, and I am
2026-06-22 15:17:06 [INFO   ] PROGRESS |   soliciting strategic seed investment for the same. PlacementHub is a campus placement and employability
2026-06-22 15:17:06 [INFO   ] PROGRESS |   platform connecting students, colleges, and recruiters. The product is built and in early
2026-06-22 15:17:06 [INFO   ] PROGRESS |   commercialization.
2026-06-22 15:17:06 [INFO   ] PROGRESS |   For reference, the detailed business plan, including the business model and go-to-market strategies, is
2026-06-22 15:17:06 [INFO   ] PROGRESS |   available here:
2026-06-22 15:17:06 [INFO   ] PROGRESS |   PlacementHub Business Plan
2026-06-22 15:17:06 [INFO   ] PROGRESS |   For a Chartered Accountant firm, the relevance is mainly professional and strategic:
2026-06-22 15:17:06 [INFO   ] PROGRESS |   PlacementHub may require support across accounting, taxation, compliance, payroll, investor documentation, audit, and related professional services.
2026-06-22 15:17:06 [INFO   ] PROGRESS |   I would naturally be pleased to consider and prioritize firms that support PlacementHub during its early growth phase, subject to suitability and mutual agreement.
2026-06-22 15:17:06 [INFO   ] PROGRESS |   The relationship can begin with a simple review of the investment note and, where appropriate, introductions to suitable investor clients.
2026-06-22 15:17:06 [INFO   ] PROGRESS |   If the opportunity is worth a look, I would be happy to send the note and speak briefly about the round,
2026-06-22 15:17:06 [INFO   ] PROGRESS |   the platform, and the type of strategic investors we are looking for.
2026-06-22 15:17:06 [INFO   ] PROGRESS |   Please reply to this email or call me if you would like to explore it.
2026-06-22 15:17:06 [INFO   ] PROGRESS |   Warm Regards,
2026-06-22 15:17:06 [INFO   ] PROGRESS |   Sandeep Jain
2026-06-22 15:17:06 [INFO   ] PROGRESS |   Founder, PlacementHub
2026-06-22 15:17:06 [INFO   ] PROGRESS |   +91-9860090620
2026-06-22 15:17:06 [INFO   ] PROGRESS |   sandeepjain200019@gmail.com
2026-06-22 15:17:06 [INFO   ] PROGRESS |   Detailed Profile
2026-06-22 15:17:06 [INFO   ] PROGRESS |   Detailed Note on Funding Requirement
2026-06-22 15:17:06 [INFO   ] --------------------------------------------------------------
2026-06-22 15:17:06 [INFO   ] 
2026-06-22 15:17:06 [INFO   ] 
2026-06-22 15:17:06 [INFO   ] PROGRESS | Email preview — To: hardikchhadva123@gmail.com | Subject: PlacementHub pre-seed intro with HARDIK BHARAT CHHADVA
2026-06-22 15:17:07 [INFO   ] SENT (Brevo) -> hardikchhadva123@gmail.com (HARDIK BHARAT CHHADVA) | PlacementHub pre-seed intro with HARDIK BHARAT CHHADVA | messageId=<202606220947.95220503966@smtp-relay.mailin.fr> (API accepted; run audit-brevo to confirm delivery)
2026-06-22 15:17:08 [INFO   ] Sleeping for 10 seconds
2026-06-22 15:17:18 [INFO   ] PROGRESS | Send 19/50 | SENT | hardikchhadva123@gmail.com | HARDIK BHARAT CHHADVA [Chartered Accountants & Company Secretaries] | ok=17 fail=2 skip=0
2026-06-22 15:17:18 [INFO   ] PROGRESS | Send 20/50 | SENDING | nayanthakkar11@gmail.com | NAYAN CHHOTALAL THAKKAR [Chartered Accountants & Company Secretaries] | ok=17 fail=2 skip=0
2026-06-22 15:17:19 [INFO   ] --------------------------------------------------------------
2026-06-22 15:17:19 [INFO   ] PROGRESS | Email content — To: nayanthakkar11@gmail.com
2026-06-22 15:17:19 [INFO   ] PROGRESS | Subject: PlacementHub pre-seed intro with NAYAN CHHOTALAL THAKKAR
2026-06-22 15:17:19 [INFO   ] PROGRESS | Body:
2026-06-22 15:17:19 [INFO   ] PROGRESS |   Dear Sir/Madam,
2026-06-22 15:17:19 [INFO   ] PROGRESS |   I am reaching out to introduce PlacementHub and explore whether any of your investor, entrepreneur, or
2026-06-22 15:17:19 [INFO   ] PROGRESS |   HNI clients may be open to reviewing a strategic seed opportunity.
2026-06-22 15:17:19 [INFO   ] PROGRESS |   My name is Sandeep Jain. PlacementHub is currently in its pre-seed fundraising stage, and I am
2026-06-22 15:17:19 [INFO   ] PROGRESS |   soliciting strategic seed investment for the same. PlacementHub is a campus placement and employability
2026-06-22 15:17:19 [INFO   ] PROGRESS |   platform connecting students, colleges, and recruiters. The product is built and in early
2026-06-22 15:17:19 [INFO   ] PROGRESS |   commercialization.
2026-06-22 15:17:19 [INFO   ] PROGRESS |   For reference, the detailed business plan, including the business model and go-to-market strategies, is
2026-06-22 15:17:19 [INFO   ] PROGRESS |   available here:
2026-06-22 15:17:19 [INFO   ] PROGRESS |   PlacementHub Business Plan
2026-06-22 15:17:19 [INFO   ] PROGRESS |   For a Chartered Accountant firm, the relevance is mainly professional and strategic:
2026-06-22 15:17:19 [INFO   ] PROGRESS |   PlacementHub may require support across accounting, taxation, compliance, payroll, investor documentation, audit, and related professional services.
2026-06-22 15:17:19 [INFO   ] PROGRESS |   I would naturally be pleased to consider and prioritize firms that support PlacementHub during its early growth phase, subject to suitability and mutual agreement.
2026-06-22 15:17:19 [INFO   ] PROGRESS |   The relationship can begin with a simple review of the investment note and, where appropriate, introductions to suitable investor clients.
2026-06-22 15:17:19 [INFO   ] PROGRESS |   If the opportunity is worth a look, I would be happy to send the note and speak briefly about the round,
2026-06-22 15:17:19 [INFO   ] PROGRESS |   the platform, and the type of strategic investors we are looking for.
2026-06-22 15:17:19 [INFO   ] PROGRESS |   Please reply to this email or call me if you would like to explore it.
2026-06-22 15:17:19 [INFO   ] PROGRESS |   Warm Regards,
2026-06-22 15:17:19 [INFO   ] PROGRESS |   Sandeep Jain
2026-06-22 15:17:19 [INFO   ] PROGRESS |   Founder, PlacementHub
2026-06-22 15:17:19 [INFO   ] PROGRESS |   +91-9860090620
2026-06-22 15:17:19 [INFO   ] PROGRESS |   sandeepjain200019@gmail.com
2026-06-22 15:17:19 [INFO   ] PROGRESS |   Detailed Profile
2026-06-22 15:17:19 [INFO   ] PROGRESS |   Detailed Note on Funding Requirement
2026-06-22 15:17:19 [INFO   ] --------------------------------------------------------------
2026-06-22 15:17:19 [INFO   ] 
2026-06-22 15:17:19 [INFO   ] 
2026-06-22 15:17:19 [INFO   ] PROGRESS | Email preview — To: nayanthakkar11@gmail.com | Subject: PlacementHub pre-seed intro with NAYAN CHHOTALAL THAKKAR
2026-06-22 15:17:20 [INFO   ] SENT (Brevo) -> nayanthakkar11@gmail.com (NAYAN CHHOTALAL THAKKAR) | PlacementHub pre-seed intro with NAYAN CHHOTALAL THAKKAR | messageId=<202606220947.17889064955@smtp-relay.mailin.fr> (API accepted; run audit-brevo to confirm delivery)
2026-06-22 15:17:20 [INFO   ] Sleeping for 10 seconds
2026-06-22 15:17:30 [INFO   ] PROGRESS | Send 20/50 | SENT | nayanthakkar11@gmail.com | NAYAN CHHOTALAL THAKKAR [Chartered Accountants & Company Secretaries] | ok=18 fail=2 skip=0
2026-06-22 15:17:30 [INFO   ] PROGRESS | Send 21/50 | SENDING | caadvanisuresh@gmail.com | SURESH LACHMAN ADVANI [Chartered Accountants & Company Secretaries] | ok=18 fail=2 skip=0
2026-06-22 15:17:34 [INFO   ] --------------------------------------------------------------
2026-06-22 15:17:34 [INFO   ] PROGRESS | Email content — To: caadvanisuresh@gmail.com
2026-06-22 15:17:34 [INFO   ] PROGRESS | Subject: PlacementHub pre-seed intro with SURESH LACHMAN ADVANI
2026-06-22 15:17:34 [INFO   ] PROGRESS | Body:
2026-06-22 15:17:34 [INFO   ] PROGRESS |   Dear Sir/Madam,
2026-06-22 15:17:34 [INFO   ] PROGRESS |   I am reaching out to introduce PlacementHub and explore whether any of your investor, entrepreneur, or
2026-06-22 15:17:34 [INFO   ] PROGRESS |   HNI clients may be open to reviewing a strategic seed opportunity.
2026-06-22 15:17:34 [INFO   ] PROGRESS |   My name is Sandeep Jain. PlacementHub is currently in its pre-seed fundraising stage, and I am
2026-06-22 15:17:34 [INFO   ] PROGRESS |   soliciting strategic seed investment for the same. PlacementHub is a campus placement and employability
2026-06-22 15:17:34 [INFO   ] PROGRESS |   platform connecting students, colleges, and recruiters. The product is built and in early
2026-06-22 15:17:34 [INFO   ] PROGRESS |   commercialization.
2026-06-22 15:17:34 [INFO   ] PROGRESS |   For reference, the detailed business plan, including the business model and go-to-market strategies, is
2026-06-22 15:17:34 [INFO   ] PROGRESS |   available here:
2026-06-22 15:17:34 [INFO   ] PROGRESS |   PlacementHub Business Plan
2026-06-22 15:17:34 [INFO   ] PROGRESS |   For a Chartered Accountant firm, the relevance is mainly professional and strategic:
2026-06-22 15:17:34 [INFO   ] PROGRESS |   PlacementHub may require support across accounting, taxation, compliance, payroll, investor documentation, audit, and related professional services.
2026-06-22 15:17:34 [INFO   ] PROGRESS |   I would naturally be pleased to consider and prioritize firms that support PlacementHub during its early growth phase, subject to suitability and mutual agreement.
2026-06-22 15:17:34 [INFO   ] PROGRESS |   The relationship can begin with a simple review of the investment note and, where appropriate, introductions to suitable investor clients.
2026-06-22 15:17:34 [INFO   ] PROGRESS |   If the opportunity is worth a look, I would be happy to send the note and speak briefly about the round,
2026-06-22 15:17:34 [INFO   ] PROGRESS |   the platform, and the type of strategic investors we are looking for.
2026-06-22 15:17:34 [INFO   ] PROGRESS |   Please reply to this email or call me if you would like to explore it.
2026-06-22 15:17:34 [INFO   ] PROGRESS |   Warm Regards,
2026-06-22 15:17:34 [INFO   ] PROGRESS |   Sandeep Jain
2026-06-22 15:17:34 [INFO   ] PROGRESS |   Founder, PlacementHub
2026-06-22 15:17:34 [INFO   ] PROGRESS |   +91-9860090620
2026-06-22 15:17:34 [INFO   ] PROGRESS |   sandeepjain200019@gmail.com
2026-06-22 15:17:34 [INFO   ] PROGRESS |   Detailed Profile
2026-06-22 15:17:34 [INFO   ] PROGRESS |   Detailed Note on Funding Requirement
2026-06-22 15:17:34 [INFO   ] --------------------------------------------------------------
2026-06-22 15:17:34 [INFO   ] 
2026-06-22 15:17:34 [INFO   ] 
2026-06-22 15:17:34 [INFO   ] PROGRESS | Email preview — To: caadvanisuresh@gmail.com | Subject: PlacementHub pre-seed intro with SURESH LACHMAN ADVANI
2026-06-22 15:17:35 [INFO   ] SENT (Brevo) -> caadvanisuresh@gmail.com (SURESH LACHMAN ADVANI) | PlacementHub pre-seed intro with SURESH LACHMAN ADVANI | messageId=<202606220947.61471177760@smtp-relay.mailin.fr> (API accepted; run audit-brevo to confirm delivery)
2026-06-22 15:17:35 [INFO   ] Sleeping for 10 seconds
2026-06-22 15:17:45 [INFO   ] PROGRESS | Send 21/50 | SENT | caadvanisuresh@gmail.com | SURESH LACHMAN ADVANI [Chartered Accountants & Company Secretaries] | ok=19 fail=2 skip=0
2026-06-22 15:17:45 [INFO   ] PROGRESS | Send 22/50 | SENDING | divyanshigmittal@gmail.com | DIVYANSHI GIRISH MITTAL [Chartered Accountants & Company Secretaries] | ok=19 fail=2 skip=0
2026-06-22 15:17:51 [INFO   ] --------------------------------------------------------------
2026-06-22 15:17:51 [INFO   ] PROGRESS | Email content — To: divyanshigmittal@gmail.com
2026-06-22 15:17:51 [INFO   ] PROGRESS | Subject: PlacementHub pre-seed intro with DIVYANSHI GIRISH MITTAL
2026-06-22 15:17:51 [INFO   ] PROGRESS | Body:
2026-06-22 15:17:51 [INFO   ] PROGRESS |   Dear Sir/Madam,
2026-06-22 15:17:51 [INFO   ] PROGRESS |   I am reaching out to introduce PlacementHub and explore whether any of your investor, entrepreneur, or
2026-06-22 15:17:51 [INFO   ] PROGRESS |   HNI clients may be open to reviewing a strategic seed opportunity.
2026-06-22 15:17:51 [INFO   ] PROGRESS |   My name is Sandeep Jain. PlacementHub is currently in its pre-seed fundraising stage, and I am
2026-06-22 15:17:51 [INFO   ] PROGRESS |   soliciting strategic seed investment for the same. PlacementHub is a campus placement and employability
2026-06-22 15:17:51 [INFO   ] PROGRESS |   platform connecting students, colleges, and recruiters. The product is built and in early
2026-06-22 15:17:51 [INFO   ] PROGRESS |   commercialization.
2026-06-22 15:17:51 [INFO   ] PROGRESS |   For reference, the detailed business plan, including the business model and go-to-market strategies, is
2026-06-22 15:17:51 [INFO   ] PROGRESS |   available here:
2026-06-22 15:17:51 [INFO   ] PROGRESS |   PlacementHub Business Plan
2026-06-22 15:17:51 [INFO   ] PROGRESS |   For a Chartered Accountant firm, the relevance is mainly professional and strategic:
2026-06-22 15:17:51 [INFO   ] PROGRESS |   PlacementHub may require support across accounting, taxation, compliance, payroll, investor documentation, audit, and related professional services.
2026-06-22 15:17:51 [INFO   ] PROGRESS |   I would naturally be pleased to consider and prioritize firms that support PlacementHub during its early growth phase, subject to suitability and mutual agreement.
2026-06-22 15:17:51 [INFO   ] PROGRESS |   The relationship can begin with a simple review of the investment note and, where appropriate, introductions to suitable investor clients.
2026-06-22 15:17:51 [INFO   ] PROGRESS |   If the opportunity is worth a look, I would be happy to send the note and speak briefly about the round,
2026-06-22 15:17:51 [INFO   ] PROGRESS |   the platform, and the type of strategic investors we are looking for.
2026-06-22 15:17:51 [INFO   ] PROGRESS |   Please reply to this email or call me if you would like to explore it.
2026-06-22 15:17:51 [INFO   ] PROGRESS |   Warm Regards,
2026-06-22 15:17:51 [INFO   ] PROGRESS |   Sandeep Jain
2026-06-22 15:17:51 [INFO   ] PROGRESS |   Founder, PlacementHub
2026-06-22 15:17:51 [INFO   ] PROGRESS |   +91-9860090620
2026-06-22 15:17:51 [INFO   ] PROGRESS |   sandeepjain200019@gmail.com
2026-06-22 15:17:51 [INFO   ] PROGRESS |   Detailed Profile
2026-06-22 15:17:51 [INFO   ] PROGRESS |   Detailed Note on Funding Requirement
2026-06-22 15:17:51 [INFO   ] --------------------------------------------------------------
2026-06-22 15:17:51 [INFO   ] 
2026-06-22 15:17:51 [INFO   ] 
2026-06-22 15:17:51 [INFO   ] PROGRESS | Email preview — To: divyanshigmittal@gmail.com | Subject: PlacementHub pre-seed intro with DIVYANSHI GIRISH MITTAL
2026-06-22 15:17:52 [INFO   ] SENT (Brevo) -> divyanshigmittal@gmail.com (DIVYANSHI GIRISH MITTAL) | PlacementHub pre-seed intro with DIVYANSHI GIRISH MITTAL | messageId=<202606220947.45378248252@smtp-relay.mailin.fr> (API accepted; run audit-brevo to confirm delivery)
2026-06-22 15:17:52 [INFO   ] Sleeping for 10 seconds
2026-06-22 15:18:02 [INFO   ] PROGRESS | Send 22/50 | SENT | divyanshigmittal@gmail.com | DIVYANSHI GIRISH MITTAL [Chartered Accountants & Company Secretaries] | ok=20 fail=2 skip=0
2026-06-22 15:18:02 [INFO   ] PROGRESS | Send 23/50 | SENDING | canidhikumbhar@gmail.com | NIDHI SUSHIL KUMBHAR [Chartered Accountants & Company Secretaries] | ok=20 fail=2 skip=0
2026-06-22 15:18:29 [INFO   ] --------------------------------------------------------------
2026-06-22 15:18:29 [INFO   ] PROGRESS | Email content — To: canidhikumbhar@gmail.com
2026-06-22 15:18:29 [INFO   ] PROGRESS | Subject: PlacementHub pre-seed intro with NIDHI SUSHIL KUMBHAR
2026-06-22 15:18:29 [INFO   ] PROGRESS | Body:
2026-06-22 15:18:29 [INFO   ] PROGRESS |   Dear Sir/Madam,
2026-06-22 15:18:29 [INFO   ] PROGRESS |   I am reaching out to introduce PlacementHub and explore whether any of your investor, entrepreneur, or
2026-06-22 15:18:29 [INFO   ] PROGRESS |   HNI clients may be open to reviewing a strategic seed opportunity.
2026-06-22 15:18:29 [INFO   ] PROGRESS |   My name is Sandeep Jain. PlacementHub is currently in its pre-seed fundraising stage, and I am
2026-06-22 15:18:29 [INFO   ] PROGRESS |   soliciting strategic seed investment for the same. PlacementHub is a campus placement and employability
2026-06-22 15:18:29 [INFO   ] PROGRESS |   platform connecting students, colleges, and recruiters. The product is built and in early
2026-06-22 15:18:29 [INFO   ] PROGRESS |   commercialization.
2026-06-22 15:18:29 [INFO   ] PROGRESS |   For reference, the detailed business plan, including the business model and go-to-market strategies, is
2026-06-22 15:18:29 [INFO   ] PROGRESS |   available here:
2026-06-22 15:18:29 [INFO   ] PROGRESS |   PlacementHub Business Plan
2026-06-22 15:18:29 [INFO   ] PROGRESS |   For a Chartered Accountant firm, the relevance is mainly professional and strategic:
2026-06-22 15:18:29 [INFO   ] PROGRESS |   PlacementHub may require support across accounting, taxation, compliance, payroll, investor documentation, audit, and related professional services.
2026-06-22 15:18:29 [INFO   ] PROGRESS |   I would naturally be pleased to consider and prioritize firms that support PlacementHub during its early growth phase, subject to suitability and mutual agreement.
2026-06-22 15:18:29 [INFO   ] PROGRESS |   The relationship can begin with a simple review of the investment note and, where appropriate, introductions to suitable investor clients.
2026-06-22 15:18:29 [INFO   ] PROGRESS |   If the opportunity is worth a look, I would be happy to send the note and speak briefly about the round,
2026-06-22 15:18:29 [INFO   ] PROGRESS |   the platform, and the type of strategic investors we are looking for.
2026-06-22 15:18:29 [INFO   ] PROGRESS |   Please reply to this email or call me if you would like to explore it.
2026-06-22 15:18:29 [INFO   ] PROGRESS |   Warm Regards,
2026-06-22 15:18:29 [INFO   ] PROGRESS |   Sandeep Jain
2026-06-22 15:18:29 [INFO   ] PROGRESS |   Founder, PlacementHub
2026-06-22 15:18:29 [INFO   ] PROGRESS |   +91-9860090620
2026-06-22 15:18:29 [INFO   ] PROGRESS |   sandeepjain200019@gmail.com
2026-06-22 15:18:29 [INFO   ] PROGRESS |   Detailed Profile
2026-06-22 15:18:29 [INFO   ] PROGRESS |   Detailed Note on Funding Requirement
2026-06-22 15:18:29 [INFO   ] --------------------------------------------------------------
2026-06-22 15:18:29 [INFO   ] 
2026-06-22 15:18:29 [INFO   ] 
2026-06-22 15:18:29 [INFO   ] PROGRESS | Email preview — To: canidhikumbhar@gmail.com | Subject: PlacementHub pre-seed intro with NIDHI SUSHIL KUMBHAR
2026-06-22 15:18:30 [INFO   ] SENT (Brevo) -> canidhikumbhar@gmail.com (NIDHI SUSHIL KUMBHAR) | PlacementHub pre-seed intro with NIDHI SUSHIL KUMBHAR | messageId=<202606220948.50230770265@smtp-relay.mailin.fr> (API accepted; run audit-brevo to confirm delivery)
2026-06-22 15:18:30 [INFO   ] Sleeping for 10 seconds
2026-06-22 15:18:40 [INFO   ] PROGRESS | Send 23/50 | SENT | canidhikumbhar@gmail.com | NIDHI SUSHIL KUMBHAR [Chartered Accountants & Company Secretaries] | ok=21 fail=2 skip=0
2026-06-22 15:18:40 [INFO   ] PROGRESS | Send 24/50 | SENDING | cabhavna87@gmail.com | BHAVNA GORKHANATH MHATRE [Chartered Accountants & Company Secretaries] | ok=21 fail=2 skip=0
2026-06-22 15:18:44 [INFO   ] --------------------------------------------------------------
2026-06-22 15:18:44 [INFO   ] PROGRESS | Email content — To: cabhavna87@gmail.com
2026-06-22 15:18:44 [INFO   ] PROGRESS | Subject: PlacementHub pre-seed intro with BHAVNA GORKHANATH MHATRE
2026-06-22 15:18:44 [INFO   ] PROGRESS | Body:
2026-06-22 15:18:44 [INFO   ] PROGRESS |   Dear Sir/Madam,
2026-06-22 15:18:44 [INFO   ] PROGRESS |   I am reaching out to introduce PlacementHub and explore whether any of your investor, entrepreneur, or
2026-06-22 15:18:44 [INFO   ] PROGRESS |   HNI clients may be open to reviewing a strategic seed opportunity.
2026-06-22 15:18:44 [INFO   ] PROGRESS |   My name is Sandeep Jain. PlacementHub is currently in its pre-seed fundraising stage, and I am
2026-06-22 15:18:44 [INFO   ] PROGRESS |   soliciting strategic seed investment for the same. PlacementHub is a campus placement and employability
2026-06-22 15:18:44 [INFO   ] PROGRESS |   platform connecting students, colleges, and recruiters. The product is built and in early
2026-06-22 15:18:44 [INFO   ] PROGRESS |   commercialization.
2026-06-22 15:18:44 [INFO   ] PROGRESS |   For reference, the detailed business plan, including the business model and go-to-market strategies, is
2026-06-22 15:18:44 [INFO   ] PROGRESS |   available here:
2026-06-22 15:18:44 [INFO   ] PROGRESS |   PlacementHub Business Plan
2026-06-22 15:18:44 [INFO   ] PROGRESS |   For a Chartered Accountant firm, the relevance is mainly professional and strategic:
2026-06-22 15:18:44 [INFO   ] PROGRESS |   PlacementHub may require support across accounting, taxation, compliance, payroll, investor documentation, audit, and related professional services.
2026-06-22 15:18:44 [INFO   ] PROGRESS |   I would naturally be pleased to consider and prioritize firms that support PlacementHub during its early growth phase, subject to suitability and mutual agreement.
2026-06-22 15:18:44 [INFO   ] PROGRESS |   The relationship can begin with a simple review of the investment note and, where appropriate, introductions to suitable investor clients.
2026-06-22 15:18:44 [INFO   ] PROGRESS |   If the opportunity is worth a look, I would be happy to send the note and speak briefly about the round,
2026-06-22 15:18:44 [INFO   ] PROGRESS |   the platform, and the type of strategic investors we are looking for.
2026-06-22 15:18:44 [INFO   ] PROGRESS |   Please reply to this email or call me if you would like to explore it.
2026-06-22 15:18:44 [INFO   ] PROGRESS |   Warm Regards,
2026-06-22 15:18:44 [INFO   ] PROGRESS |   Sandeep Jain
2026-06-22 15:18:44 [INFO   ] PROGRESS |   Founder, PlacementHub
2026-06-22 15:18:44 [INFO   ] PROGRESS |   +91-9860090620
2026-06-22 15:18:44 [INFO   ] PROGRESS |   sandeepjain200019@gmail.com
2026-06-22 15:18:44 [INFO   ] PROGRESS |   Detailed Profile
2026-06-22 15:18:44 [INFO   ] PROGRESS |   Detailed Note on Funding Requirement
2026-06-22 15:18:44 [INFO   ] --------------------------------------------------------------
2026-06-22 15:18:44 [INFO   ] 
2026-06-22 15:18:44 [INFO   ] 
2026-06-22 15:18:44 [INFO   ] PROGRESS | Email preview — To: cabhavna87@gmail.com | Subject: PlacementHub pre-seed intro with BHAVNA GORKHANATH MHATRE
2026-06-22 15:18:45 [INFO   ] SENT (Brevo) -> cabhavna87@gmail.com (BHAVNA GORKHANATH MHATRE) | PlacementHub pre-seed intro with BHAVNA GORKHANATH MHATRE | messageId=<202606220948.70797652159@smtp-relay.mailin.fr> (API accepted; run audit-brevo to confirm delivery)
2026-06-22 15:18:45 [INFO   ] Sleeping for 10 seconds
2026-06-22 15:18:55 [INFO   ] PROGRESS | Send 24/50 | SENT | cabhavna87@gmail.com | BHAVNA GORKHANATH MHATRE [Chartered Accountants & Company Secretaries] | ok=22 fail=2 skip=0
2026-06-22 15:18:55 [INFO   ] PROGRESS | Send 25/50 | SENDING | pooja.maheshwari1@gmail.com | MAHESHWARI POOJA [Chartered Accountants & Company Secretaries] | ok=22 fail=2 skip=0
2026-06-22 15:19:02 [INFO   ] --------------------------------------------------------------
2026-06-22 15:19:02 [INFO   ] PROGRESS | Email content — To: pooja.maheshwari1@gmail.com
2026-06-22 15:19:02 [INFO   ] PROGRESS | Subject: PlacementHub pre-seed intro with MAHESHWARI POOJA
2026-06-22 15:19:02 [INFO   ] PROGRESS | Body:
2026-06-22 15:19:02 [INFO   ] PROGRESS |   Dear Sir/Madam,
2026-06-22 15:19:02 [INFO   ] PROGRESS |   I am reaching out to introduce PlacementHub and explore whether any of your investor, entrepreneur, or
2026-06-22 15:19:02 [INFO   ] PROGRESS |   HNI clients may be open to reviewing a strategic seed opportunity.
2026-06-22 15:19:02 [INFO   ] PROGRESS |   My name is Sandeep Jain. PlacementHub is currently in its pre-seed fundraising stage, and I am
2026-06-22 15:19:02 [INFO   ] PROGRESS |   soliciting strategic seed investment for the same. PlacementHub is a campus placement and employability
2026-06-22 15:19:02 [INFO   ] PROGRESS |   platform connecting students, colleges, and recruiters. The product is built and in early
2026-06-22 15:19:02 [INFO   ] PROGRESS |   commercialization.
2026-06-22 15:19:02 [INFO   ] PROGRESS |   For reference, the detailed business plan, including the business model and go-to-market strategies, is
2026-06-22 15:19:02 [INFO   ] PROGRESS |   available here:
2026-06-22 15:19:02 [INFO   ] PROGRESS |   PlacementHub Business Plan
2026-06-22 15:19:02 [INFO   ] PROGRESS |   For a Chartered Accountant firm, the relevance is mainly professional and strategic:
2026-06-22 15:19:02 [INFO   ] PROGRESS |   PlacementHub may require support across accounting, taxation, compliance, payroll, investor documentation, audit, and related professional services.
2026-06-22 15:19:02 [INFO   ] PROGRESS |   I would naturally be pleased to consider and prioritize firms that support PlacementHub during its early growth phase, subject to suitability and mutual agreement.
2026-06-22 15:19:02 [INFO   ] PROGRESS |   The relationship can begin with a simple review of the investment note and, where appropriate, introductions to suitable investor clients.
2026-06-22 15:19:02 [INFO   ] PROGRESS |   If the opportunity is worth a look, I would be happy to send the note and speak briefly about the round,
2026-06-22 15:19:02 [INFO   ] PROGRESS |   the platform, and the type of strategic investors we are looking for.
2026-06-22 15:19:02 [INFO   ] PROGRESS |   Please reply to this email or call me if you would like to explore it.
2026-06-22 15:19:02 [INFO   ] PROGRESS |   Warm Regards,
2026-06-22 15:19:02 [INFO   ] PROGRESS |   Sandeep Jain
2026-06-22 15:19:02 [INFO   ] PROGRESS |   Founder, PlacementHub
2026-06-22 15:19:02 [INFO   ] PROGRESS |   +91-9860090620
2026-06-22 15:19:02 [INFO   ] PROGRESS |   sandeepjain200019@gmail.com
2026-06-22 15:19:02 [INFO   ] PROGRESS |   Detailed Profile
2026-06-22 15:19:02 [INFO   ] PROGRESS |   Detailed Note on Funding Requirement
2026-06-22 15:19:02 [INFO   ] --------------------------------------------------------------
2026-06-22 15:19:02 [INFO   ] 
2026-06-22 15:19:02 [INFO   ] 
2026-06-22 15:19:02 [INFO   ] PROGRESS | Email preview — To: pooja.maheshwari1@gmail.com | Subject: PlacementHub pre-seed intro with MAHESHWARI POOJA
2026-06-22 15:19:03 [INFO   ] SENT (Brevo) -> pooja.maheshwari1@gmail.com (MAHESHWARI POOJA) | PlacementHub pre-seed intro with MAHESHWARI POOJA | messageId=<202606220949.36028902419@smtp-relay.mailin.fr> (API accepted; run audit-brevo to confirm delivery)
2026-06-22 15:19:03 [INFO   ] Sleeping for 10 seconds
2026-06-22 15:19:13 [INFO   ] PROGRESS | Send 25/50 | SENT | pooja.maheshwari1@gmail.com | MAHESHWARI POOJA [Chartered Accountants & Company Secretaries] | ok=23 fail=2 skip=0
2026-06-22 15:19:13 [INFO   ] PROGRESS | Send 26/50 | SENDING | bhavishidoshi@yahoo.com | BHAVISHA KUNAL SOLANKI [Chartered Accountants & Company Secretaries] | ok=23 fail=2 skip=0
2026-06-22 15:19:14 [INFO   ] --------------------------------------------------------------
2026-06-22 15:19:14 [INFO   ] PROGRESS | Email content — To: bhavishidoshi@yahoo.com
2026-06-22 15:19:14 [INFO   ] PROGRESS | Subject: PlacementHub pre-seed intro with BHAVISHA KUNAL SOLANKI
2026-06-22 15:19:14 [INFO   ] PROGRESS | Body:
2026-06-22 15:19:14 [INFO   ] PROGRESS |   Dear Sir/Madam,
2026-06-22 15:19:14 [INFO   ] PROGRESS |   I am reaching out to introduce PlacementHub and explore whether any of your investor, entrepreneur, or
2026-06-22 15:19:14 [INFO   ] PROGRESS |   HNI clients may be open to reviewing a strategic seed opportunity.
2026-06-22 15:19:14 [INFO   ] PROGRESS |   My name is Sandeep Jain. PlacementHub is currently in its pre-seed fundraising stage, and I am
2026-06-22 15:19:14 [INFO   ] PROGRESS |   soliciting strategic seed investment for the same. PlacementHub is a campus placement and employability
2026-06-22 15:19:14 [INFO   ] PROGRESS |   platform connecting students, colleges, and recruiters. The product is built and in early
2026-06-22 15:19:14 [INFO   ] PROGRESS |   commercialization.
2026-06-22 15:19:14 [INFO   ] PROGRESS |   For reference, the detailed business plan, including the business model and go-to-market strategies, is
2026-06-22 15:19:14 [INFO   ] PROGRESS |   available here:
2026-06-22 15:19:14 [INFO   ] PROGRESS |   PlacementHub Business Plan
2026-06-22 15:19:14 [INFO   ] PROGRESS |   For a Chartered Accountant firm, the relevance is mainly professional and strategic:
2026-06-22 15:19:14 [INFO   ] PROGRESS |   PlacementHub may require support across accounting, taxation, compliance, payroll, investor documentation, audit, and related professional services.
2026-06-22 15:19:14 [INFO   ] PROGRESS |   I would naturally be pleased to consider and prioritize firms that support PlacementHub during its early growth phase, subject to suitability and mutual agreement.
2026-06-22 15:19:14 [INFO   ] PROGRESS |   The relationship can begin with a simple review of the investment note and, where appropriate, introductions to suitable investor clients.
2026-06-22 15:19:14 [INFO   ] PROGRESS |   If the opportunity is worth a look, I would be happy to send the note and speak briefly about the round,
2026-06-22 15:19:14 [INFO   ] PROGRESS |   the platform, and the type of strategic investors we are looking for.
2026-06-22 15:19:14 [INFO   ] PROGRESS |   Please reply to this email or call me if you would like to explore it.
2026-06-22 15:19:14 [INFO   ] PROGRESS |   Warm Regards,
2026-06-22 15:19:14 [INFO   ] PROGRESS |   Sandeep Jain
2026-06-22 15:19:14 [INFO   ] PROGRESS |   Founder, PlacementHub
2026-06-22 15:19:14 [INFO   ] PROGRESS |   +91-9860090620
2026-06-22 15:19:14 [INFO   ] PROGRESS |   sandeepjain200019@gmail.com
2026-06-22 15:19:14 [INFO   ] PROGRESS |   Detailed Profile
2026-06-22 15:19:14 [INFO   ] PROGRESS |   Detailed Note on Funding Requirement
2026-06-22 15:19:14 [INFO   ] --------------------------------------------------------------
2026-06-22 15:19:14 [INFO   ] 
2026-06-22 15:19:14 [INFO   ] 
2026-06-22 15:19:14 [INFO   ] PROGRESS | Email preview — To: bhavishidoshi@yahoo.com | Subject: PlacementHub pre-seed intro with BHAVISHA KUNAL SOLANKI
2026-06-22 15:19:16 [INFO   ] SENT (Brevo) -> bhavishidoshi@yahoo.com (BHAVISHA KUNAL SOLANKI) | PlacementHub pre-seed intro with BHAVISHA KUNAL SOLANKI | messageId=<202606220949.69991273890@smtp-relay.mailin.fr> (API accepted; run audit-brevo to confirm delivery)
2026-06-22 15:19:16 [INFO   ] Sleeping for 10 seconds
2026-06-22 15:19:26 [INFO   ] PROGRESS | Send 26/50 | SENT | bhavishidoshi@yahoo.com | BHAVISHA KUNAL SOLANKI [Chartered Accountants & Company Secretaries] | ok=24 fail=2 skip=0
2026-06-22 15:19:26 [INFO   ] PROGRESS | Send 27/50 | SENDING | bhargavmehta1@gmail.com | BHARGAV HARISH MEHTA [Chartered Accountants & Company Secretaries] | ok=24 fail=2 skip=0
2026-06-22 15:19:43 [INFO   ] --------------------------------------------------------------
2026-06-22 15:19:43 [INFO   ] PROGRESS | Email content — To: bhargavmehta1@gmail.com
2026-06-22 15:19:43 [INFO   ] PROGRESS | Subject: PlacementHub pre-seed intro with BHARGAV HARISH MEHTA
2026-06-22 15:19:43 [INFO   ] PROGRESS | Body:
2026-06-22 15:19:43 [INFO   ] PROGRESS |   Dear Sir/Madam,
2026-06-22 15:19:43 [INFO   ] PROGRESS |   I am reaching out to introduce PlacementHub and explore whether any of your investor, entrepreneur, or
2026-06-22 15:19:43 [INFO   ] PROGRESS |   HNI clients may be open to reviewing a strategic seed opportunity.
2026-06-22 15:19:43 [INFO   ] PROGRESS |   My name is Sandeep Jain. PlacementHub is currently in its pre-seed fundraising stage, and I am
2026-06-22 15:19:43 [INFO   ] PROGRESS |   soliciting strategic seed investment for the same. PlacementHub is a campus placement and employability
2026-06-22 15:19:43 [INFO   ] PROGRESS |   platform connecting students, colleges, and recruiters. The product is built and in early
2026-06-22 15:19:43 [INFO   ] PROGRESS |   commercialization.
2026-06-22 15:19:43 [INFO   ] PROGRESS |   For reference, the detailed business plan, including the business model and go-to-market strategies, is
2026-06-22 15:19:43 [INFO   ] PROGRESS |   available here:
2026-06-22 15:19:43 [INFO   ] PROGRESS |   PlacementHub Business Plan
2026-06-22 15:19:43 [INFO   ] PROGRESS |   For a Chartered Accountant firm, the relevance is mainly professional and strategic:
2026-06-22 15:19:43 [INFO   ] PROGRESS |   PlacementHub may require support across accounting, taxation, compliance, payroll, investor documentation, audit, and related professional services.
2026-06-22 15:19:43 [INFO   ] PROGRESS |   I would naturally be pleased to consider and prioritize firms that support PlacementHub during its early growth phase, subject to suitability and mutual agreement.
2026-06-22 15:19:43 [INFO   ] PROGRESS |   The relationship can begin with a simple review of the investment note and, where appropriate, introductions to suitable investor clients.
2026-06-22 15:19:43 [INFO   ] PROGRESS |   If the opportunity is worth a look, I would be happy to send the note and speak briefly about the round,
2026-06-22 15:19:43 [INFO   ] PROGRESS |   the platform, and the type of strategic investors we are looking for.
2026-06-22 15:19:43 [INFO   ] PROGRESS |   Please reply to this email or call me if you would like to explore it.
2026-06-22 15:19:43 [INFO   ] PROGRESS |   Warm Regards,
2026-06-22 15:19:43 [INFO   ] PROGRESS |   Sandeep Jain
2026-06-22 15:19:43 [INFO   ] PROGRESS |   Founder, PlacementHub
2026-06-22 15:19:43 [INFO   ] PROGRESS |   +91-9860090620
2026-06-22 15:19:43 [INFO   ] PROGRESS |   sandeepjain200019@gmail.com
2026-06-22 15:19:43 [INFO   ] PROGRESS |   Detailed Profile
2026-06-22 15:19:43 [INFO   ] PROGRESS |   Detailed Note on Funding Requirement
2026-06-22 15:19:43 [INFO   ] --------------------------------------------------------------
2026-06-22 15:19:43 [INFO   ] 
2026-06-22 15:19:43 [INFO   ] 
2026-06-22 15:19:43 [INFO   ] PROGRESS | Email preview — To: bhargavmehta1@gmail.com | Subject: PlacementHub pre-seed intro with BHARGAV HARISH MEHTA
2026-06-22 15:19:44 [INFO   ] SENT (Brevo) -> bhargavmehta1@gmail.com (BHARGAV HARISH MEHTA) | PlacementHub pre-seed intro with BHARGAV HARISH MEHTA | messageId=<202606220949.44272507230@smtp-relay.mailin.fr> (API accepted; run audit-brevo to confirm delivery)
2026-06-22 15:19:44 [INFO   ] Sleeping for 10 seconds
2026-06-22 15:19:54 [INFO   ] PROGRESS | Send 27/50 | SENT | bhargavmehta1@gmail.com | BHARGAV HARISH MEHTA [Chartered Accountants & Company Secretaries] | ok=25 fail=2 skip=0
2026-06-22 15:19:54 [INFO   ] PROGRESS | Send 28/50 | SENDING | jeegarvalera@rediffmail.com | JEEGAR NILAY VALERA [Chartered Accountants & Company Secretaries] | ok=25 fail=2 skip=0
2026-06-22 15:20:07 [INFO   ] --------------------------------------------------------------
2026-06-22 15:20:07 [INFO   ] PROGRESS | Email content — To: jeegarvalera@rediffmail.com
2026-06-22 15:20:07 [INFO   ] PROGRESS | Subject: PlacementHub pre-seed intro with JEEGAR NILAY VALERA
2026-06-22 15:20:07 [INFO   ] PROGRESS | Body:
2026-06-22 15:20:07 [INFO   ] PROGRESS |   Dear Sir/Madam,
2026-06-22 15:20:07 [INFO   ] PROGRESS |   I am reaching out to introduce PlacementHub and explore whether any of your investor, entrepreneur, or
2026-06-22 15:20:07 [INFO   ] PROGRESS |   HNI clients may be open to reviewing a strategic seed opportunity.
2026-06-22 15:20:07 [INFO   ] PROGRESS |   My name is Sandeep Jain. PlacementHub is currently in its pre-seed fundraising stage, and I am
2026-06-22 15:20:07 [INFO   ] PROGRESS |   soliciting strategic seed investment for the same. PlacementHub is a campus placement and employability
2026-06-22 15:20:07 [INFO   ] PROGRESS |   platform connecting students, colleges, and recruiters. The product is built and in early
2026-06-22 15:20:07 [INFO   ] PROGRESS |   commercialization.
2026-06-22 15:20:07 [INFO   ] PROGRESS |   For reference, the detailed business plan, including the business model and go-to-market strategies, is
2026-06-22 15:20:07 [INFO   ] PROGRESS |   available here:
2026-06-22 15:20:07 [INFO   ] PROGRESS |   PlacementHub Business Plan
2026-06-22 15:20:07 [INFO   ] PROGRESS |   For a Chartered Accountant firm, the relevance is mainly professional and strategic:
2026-06-22 15:20:07 [INFO   ] PROGRESS |   PlacementHub may require support across accounting, taxation, compliance, payroll, investor documentation, audit, and related professional services.
2026-06-22 15:20:07 [INFO   ] PROGRESS |   I would naturally be pleased to consider and prioritize firms that support PlacementHub during its early growth phase, subject to suitability and mutual agreement.
2026-06-22 15:20:07 [INFO   ] PROGRESS |   The relationship can begin with a simple review of the investment note and, where appropriate, introductions to suitable investor clients.
2026-06-22 15:20:07 [INFO   ] PROGRESS |   If the opportunity is worth a look, I would be happy to send the note and speak briefly about the round,
2026-06-22 15:20:07 [INFO   ] PROGRESS |   the platform, and the type of strategic investors we are looking for.
2026-06-22 15:20:07 [INFO   ] PROGRESS |   Please reply to this email or call me if you would like to explore it.
2026-06-22 15:20:07 [INFO   ] PROGRESS |   Warm Regards,
2026-06-22 15:20:07 [INFO   ] PROGRESS |   Sandeep Jain
2026-06-22 15:20:07 [INFO   ] PROGRESS |   Founder, PlacementHub
2026-06-22 15:20:07 [INFO   ] PROGRESS |   +91-9860090620
2026-06-22 15:20:07 [INFO   ] PROGRESS |   sandeepjain200019@gmail.com
2026-06-22 15:20:07 [INFO   ] PROGRESS |   Detailed Profile
2026-06-22 15:20:07 [INFO   ] PROGRESS |   Detailed Note on Funding Requirement
2026-06-22 15:20:07 [INFO   ] --------------------------------------------------------------
2026-06-22 15:20:07 [INFO   ] 
2026-06-22 15:20:07 [INFO   ] 
2026-06-22 15:20:07 [INFO   ] PROGRESS | Email preview — To: jeegarvalera@rediffmail.com | Subject: PlacementHub pre-seed intro with JEEGAR NILAY VALERA
2026-06-22 15:20:08 [INFO   ] SENT (Brevo) -> jeegarvalera@rediffmail.com (JEEGAR NILAY VALERA) | PlacementHub pre-seed intro with JEEGAR NILAY VALERA | messageId=<202606220950.68120532019@smtp-relay.mailin.fr> (API accepted; run audit-brevo to confirm delivery)
2026-06-22 15:20:08 [INFO   ] Sleeping for 10 seconds
2026-06-22 15:20:18 [INFO   ] PROGRESS | Send 28/50 | SENT | jeegarvalera@rediffmail.com | JEEGAR NILAY VALERA [Chartered Accountants & Company Secretaries] | ok=26 fail=2 skip=0
2026-06-22 15:20:18 [INFO   ] PROGRESS | Send 29/50 | SENDING | shivekss@gmail.com | SHIVEKUMAR SHAMRAJ SHARMA [Chartered Accountants & Company Secretaries] | ok=26 fail=2 skip=0
2026-06-22 15:20:22 [INFO   ] --------------------------------------------------------------
2026-06-22 15:20:22 [INFO   ] PROGRESS | Email content — To: shivekss@gmail.com
2026-06-22 15:20:22 [INFO   ] PROGRESS | Subject: PlacementHub pre-seed intro with SHIVEKUMAR SHAMRAJ SHARMA
2026-06-22 15:20:22 [INFO   ] PROGRESS | Body:
2026-06-22 15:20:22 [INFO   ] PROGRESS |   Dear Sir/Madam,
2026-06-22 15:20:22 [INFO   ] PROGRESS |   I am reaching out to introduce PlacementHub and explore whether any of your investor, entrepreneur, or
2026-06-22 15:20:22 [INFO   ] PROGRESS |   HNI clients may be open to reviewing a strategic seed opportunity.
2026-06-22 15:20:22 [INFO   ] PROGRESS |   My name is Sandeep Jain. PlacementHub is currently in its pre-seed fundraising stage, and I am
2026-06-22 15:20:22 [INFO   ] PROGRESS |   soliciting strategic seed investment for the same. PlacementHub is a campus placement and employability
2026-06-22 15:20:22 [INFO   ] PROGRESS |   platform connecting students, colleges, and recruiters. The product is built and in early
2026-06-22 15:20:22 [INFO   ] PROGRESS |   commercialization.
2026-06-22 15:20:22 [INFO   ] PROGRESS |   For reference, the detailed business plan, including the business model and go-to-market strategies, is
2026-06-22 15:20:22 [INFO   ] PROGRESS |   available here:
2026-06-22 15:20:22 [INFO   ] PROGRESS |   PlacementHub Business Plan
2026-06-22 15:20:22 [INFO   ] PROGRESS |   For a Chartered Accountant firm, the relevance is mainly professional and strategic:
2026-06-22 15:20:22 [INFO   ] PROGRESS |   PlacementHub may require support across accounting, taxation, compliance, payroll, investor documentation, audit, and related professional services.
2026-06-22 15:20:22 [INFO   ] PROGRESS |   I would naturally be pleased to consider and prioritize firms that support PlacementHub during its early growth phase, subject to suitability and mutual agreement.
2026-06-22 15:20:22 [INFO   ] PROGRESS |   The relationship can begin with a simple review of the investment note and, where appropriate, introductions to suitable investor clients.
2026-06-22 15:20:22 [INFO   ] PROGRESS |   If the opportunity is worth a look, I would be happy to send the note and speak briefly about the round,
2026-06-22 15:20:22 [INFO   ] PROGRESS |   the platform, and the type of strategic investors we are looking for.
2026-06-22 15:20:22 [INFO   ] PROGRESS |   Please reply to this email or call me if you would like to explore it.
2026-06-22 15:20:22 [INFO   ] PROGRESS |   Warm Regards,
2026-06-22 15:20:22 [INFO   ] PROGRESS |   Sandeep Jain
2026-06-22 15:20:22 [INFO   ] PROGRESS |   Founder, PlacementHub
2026-06-22 15:20:22 [INFO   ] PROGRESS |   +91-9860090620
2026-06-22 15:20:22 [INFO   ] PROGRESS |   sandeepjain200019@gmail.com
2026-06-22 15:20:22 [INFO   ] PROGRESS |   Detailed Profile
2026-06-22 15:20:22 [INFO   ] PROGRESS |   Detailed Note on Funding Requirement
2026-06-22 15:20:22 [INFO   ] --------------------------------------------------------------
2026-06-22 15:20:22 [INFO   ] 
2026-06-22 15:20:22 [INFO   ] 
2026-06-22 15:20:22 [INFO   ] PROGRESS | Email preview — To: shivekss@gmail.com | Subject: PlacementHub pre-seed intro with SHIVEKUMAR SHAMRAJ SHARMA
2026-06-22 15:20:24 [INFO   ] SENT (Brevo) -> shivekss@gmail.com (SHIVEKUMAR SHAMRAJ SHARMA) | PlacementHub pre-seed intro with SHIVEKUMAR SHAMRAJ SHARMA | messageId=<202606220950.35777554872@smtp-relay.mailin.fr> (API accepted; run audit-brevo to confirm delivery)
2026-06-22 15:20:24 [INFO   ] Sleeping for 10 seconds
2026-06-22 15:20:34 [INFO   ] PROGRESS | Send 29/50 | SENT | shivekss@gmail.com | SHIVEKUMAR SHAMRAJ SHARMA [Chartered Accountants & Company Secretaries] | ok=27 fail=2 skip=0
2026-06-22 15:20:34 [INFO   ] PROGRESS | Send 30/50 | SENDING | ca_chiranjeevi@yahoo.com | CHIRANJEEVI VENKATRAO GORLI [Chartered Accountants & Company Secretaries] | ok=27 fail=2 skip=0
2026-06-22 15:20:45 [INFO   ] --------------------------------------------------------------
2026-06-22 15:20:45 [INFO   ] PROGRESS | Email content — To: ca_chiranjeevi@yahoo.com
2026-06-22 15:20:45 [INFO   ] PROGRESS | Subject: PlacementHub pre-seed intro with CHIRANJEEVI VENKATRAO GORLI
2026-06-22 15:20:45 [INFO   ] PROGRESS | Body:
2026-06-22 15:20:45 [INFO   ] PROGRESS |   Dear Sir/Madam,
2026-06-22 15:20:45 [INFO   ] PROGRESS |   I am reaching out to introduce PlacementHub and explore whether any of your investor, entrepreneur, or
2026-06-22 15:20:45 [INFO   ] PROGRESS |   HNI clients may be open to reviewing a strategic seed opportunity.
2026-06-22 15:20:45 [INFO   ] PROGRESS |   My name is Sandeep Jain. PlacementHub is currently in its pre-seed fundraising stage, and I am
2026-06-22 15:20:45 [INFO   ] PROGRESS |   soliciting strategic seed investment for the same. PlacementHub is a campus placement and employability
2026-06-22 15:20:45 [INFO   ] PROGRESS |   platform connecting students, colleges, and recruiters. The product is built and in early
2026-06-22 15:20:45 [INFO   ] PROGRESS |   commercialization.
2026-06-22 15:20:45 [INFO   ] PROGRESS |   For reference, the detailed business plan, including the business model and go-to-market strategies, is
2026-06-22 15:20:45 [INFO   ] PROGRESS |   available here:
2026-06-22 15:20:45 [INFO   ] PROGRESS |   PlacementHub Business Plan
2026-06-22 15:20:45 [INFO   ] PROGRESS |   For a Chartered Accountant firm, the relevance is mainly professional and strategic:
2026-06-22 15:20:45 [INFO   ] PROGRESS |   PlacementHub may require support across accounting, taxation, compliance, payroll, investor documentation, audit, and related professional services.
2026-06-22 15:20:45 [INFO   ] PROGRESS |   I would naturally be pleased to consider and prioritize firms that support PlacementHub during its early growth phase, subject to suitability and mutual agreement.
2026-06-22 15:20:45 [INFO   ] PROGRESS |   The relationship can begin with a simple review of the investment note and, where appropriate, introductions to suitable investor clients.
2026-06-22 15:20:45 [INFO   ] PROGRESS |   If the opportunity is worth a look, I would be happy to send the note and speak briefly about the round,
2026-06-22 15:20:45 [INFO   ] PROGRESS |   the platform, and the type of strategic investors we are looking for.
2026-06-22 15:20:45 [INFO   ] PROGRESS |   Please reply to this email or call me if you would like to explore it.
2026-06-22 15:20:45 [INFO   ] PROGRESS |   Warm Regards,
2026-06-22 15:20:45 [INFO   ] PROGRESS |   Sandeep Jain
2026-06-22 15:20:45 [INFO   ] PROGRESS |   Founder, PlacementHub
2026-06-22 15:20:45 [INFO   ] PROGRESS |   +91-9860090620
2026-06-22 15:20:45 [INFO   ] PROGRESS |   sandeepjain200019@gmail.com
2026-06-22 15:20:45 [INFO   ] PROGRESS |   Detailed Profile
2026-06-22 15:20:45 [INFO   ] PROGRESS |   Detailed Note on Funding Requirement
2026-06-22 15:20:45 [INFO   ] --------------------------------------------------------------
2026-06-22 15:20:45 [INFO   ] 
2026-06-22 15:20:45 [INFO   ] 
2026-06-22 15:20:45 [INFO   ] PROGRESS | Email preview — To: ca_chiranjeevi@yahoo.com | Subject: PlacementHub pre-seed intro with CHIRANJEEVI VENKATRAO GORLI
2026-06-22 15:20:46 [INFO   ] SENT (Brevo) -> ca_chiranjeevi@yahoo.com (CHIRANJEEVI VENKATRAO GORLI) | PlacementHub pre-seed intro with CHIRANJEEVI VENKATRAO GORLI | messageId=<202606220950.20365240146@smtp-relay.mailin.fr> (API accepted; run audit-brevo to confirm delivery)
2026-06-22 15:20:46 [INFO   ] Sleeping for 10 seconds
2026-06-22 15:20:56 [INFO   ] PROGRESS | Send 30/50 | SENT | ca_chiranjeevi@yahoo.com | CHIRANJEEVI VENKATRAO GORLI [Chartered Accountants & Company Secretaries] | ok=28 fail=2 skip=0
2026-06-22 15:20:56 [INFO   ] PROGRESS | Send 31/50 | SENDING | moizflca@yahoo.com | ZAINAB MOIZ LOKHANDWALA [Chartered Accountants & Company Secretaries] | ok=28 fail=2 skip=0
2026-06-22 15:21:05 [INFO   ] --------------------------------------------------------------
2026-06-22 15:21:05 [INFO   ] PROGRESS | Email content — To: moizflca@yahoo.com
2026-06-22 15:21:05 [INFO   ] PROGRESS | Subject: PlacementHub pre-seed intro with ZAINAB MOIZ LOKHANDWALA
2026-06-22 15:21:05 [INFO   ] PROGRESS | Body:
2026-06-22 15:21:05 [INFO   ] PROGRESS |   Dear Sir/Madam,
2026-06-22 15:21:05 [INFO   ] PROGRESS |   I am reaching out to introduce PlacementHub and explore whether any of your investor, entrepreneur, or
2026-06-22 15:21:05 [INFO   ] PROGRESS |   HNI clients may be open to reviewing a strategic seed opportunity.
2026-06-22 15:21:05 [INFO   ] PROGRESS |   My name is Sandeep Jain. PlacementHub is currently in its pre-seed fundraising stage, and I am
2026-06-22 15:21:05 [INFO   ] PROGRESS |   soliciting strategic seed investment for the same. PlacementHub is a campus placement and employability
2026-06-22 15:21:05 [INFO   ] PROGRESS |   platform connecting students, colleges, and recruiters. The product is built and in early
2026-06-22 15:21:05 [INFO   ] PROGRESS |   commercialization.
2026-06-22 15:21:05 [INFO   ] PROGRESS |   For reference, the detailed business plan, including the business model and go-to-market strategies, is
2026-06-22 15:21:05 [INFO   ] PROGRESS |   available here:
2026-06-22 15:21:05 [INFO   ] PROGRESS |   PlacementHub Business Plan
2026-06-22 15:21:05 [INFO   ] PROGRESS |   For a Chartered Accountant firm, the relevance is mainly professional and strategic:
2026-06-22 15:21:05 [INFO   ] PROGRESS |   PlacementHub may require support across accounting, taxation, compliance, payroll, investor documentation, audit, and related professional services.
2026-06-22 15:21:05 [INFO   ] PROGRESS |   I would naturally be pleased to consider and prioritize firms that support PlacementHub during its early growth phase, subject to suitability and mutual agreement.
2026-06-22 15:21:05 [INFO   ] PROGRESS |   The relationship can begin with a simple review of the investment note and, where appropriate, introductions to suitable investor clients.
2026-06-22 15:21:05 [INFO   ] PROGRESS |   If the opportunity is worth a look, I would be happy to send the note and speak briefly about the round,
2026-06-22 15:21:05 [INFO   ] PROGRESS |   the platform, and the type of strategic investors we are looking for.
2026-06-22 15:21:05 [INFO   ] PROGRESS |   Please reply to this email or call me if you would like to explore it.
2026-06-22 15:21:05 [INFO   ] PROGRESS |   Warm Regards,
2026-06-22 15:21:05 [INFO   ] PROGRESS |   Sandeep Jain
2026-06-22 15:21:05 [INFO   ] PROGRESS |   Founder, PlacementHub
2026-06-22 15:21:05 [INFO   ] PROGRESS |   +91-9860090620
2026-06-22 15:21:05 [INFO   ] PROGRESS |   sandeepjain200019@gmail.com
2026-06-22 15:21:05 [INFO   ] PROGRESS |   Detailed Profile
2026-06-22 15:21:05 [INFO   ] PROGRESS |   Detailed Note on Funding Requirement
2026-06-22 15:21:05 [INFO   ] --------------------------------------------------------------
2026-06-22 15:21:05 [INFO   ] 
2026-06-22 15:21:05 [INFO   ] 
2026-06-22 15:21:05 [INFO   ] PROGRESS | Email preview — To: moizflca@yahoo.com | Subject: PlacementHub pre-seed intro with ZAINAB MOIZ LOKHANDWALA
2026-06-22 15:21:06 [INFO   ] SENT (Brevo) -> moizflca@yahoo.com (ZAINAB MOIZ LOKHANDWALA) | PlacementHub pre-seed intro with ZAINAB MOIZ LOKHANDWALA | messageId=<202606220951.44377273507@smtp-relay.mailin.fr> (API accepted; run audit-brevo to confirm delivery)
2026-06-22 15:21:07 [INFO   ] Sleeping for 10 seconds
2026-06-22 15:21:17 [INFO   ] PROGRESS | Send 31/50 | SENT | moizflca@yahoo.com | ZAINAB MOIZ LOKHANDWALA [Chartered Accountants & Company Secretaries] | ok=29 fail=2 skip=0
2026-06-22 15:21:17 [INFO   ] PROGRESS | Send 32/50 | SENDING | sudhanshussingh08@gmail.com | SUDHANSHU SHEKHAR SINGH [Chartered Accountants & Company Secretaries] | ok=29 fail=2 skip=0
2026-06-22 15:21:22 [INFO   ] --------------------------------------------------------------
2026-06-22 15:21:22 [INFO   ] PROGRESS | Email content — To: sudhanshussingh08@gmail.com
2026-06-22 15:21:22 [INFO   ] PROGRESS | Subject: PlacementHub pre-seed intro with SUDHANSHU SHEKHAR SINGH
2026-06-22 15:21:22 [INFO   ] PROGRESS | Body:
2026-06-22 15:21:22 [INFO   ] PROGRESS |   Dear Sir/Madam,
2026-06-22 15:21:22 [INFO   ] PROGRESS |   I am reaching out to introduce PlacementHub and explore whether any of your investor, entrepreneur, or
2026-06-22 15:21:22 [INFO   ] PROGRESS |   HNI clients may be open to reviewing a strategic seed opportunity.
2026-06-22 15:21:22 [INFO   ] PROGRESS |   My name is Sandeep Jain. PlacementHub is currently in its pre-seed fundraising stage, and I am
2026-06-22 15:21:22 [INFO   ] PROGRESS |   soliciting strategic seed investment for the same. PlacementHub is a campus placement and employability
2026-06-22 15:21:22 [INFO   ] PROGRESS |   platform connecting students, colleges, and recruiters. The product is built and in early
2026-06-22 15:21:22 [INFO   ] PROGRESS |   commercialization.
2026-06-22 15:21:22 [INFO   ] PROGRESS |   For reference, the detailed business plan, including the business model and go-to-market strategies, is
2026-06-22 15:21:22 [INFO   ] PROGRESS |   available here:
2026-06-22 15:21:22 [INFO   ] PROGRESS |   PlacementHub Business Plan
2026-06-22 15:21:22 [INFO   ] PROGRESS |   For a Chartered Accountant firm, the relevance is mainly professional and strategic:
2026-06-22 15:21:22 [INFO   ] PROGRESS |   PlacementHub may require support across accounting, taxation, compliance, payroll, investor documentation, audit, and related professional services.
2026-06-22 15:21:22 [INFO   ] PROGRESS |   I would naturally be pleased to consider and prioritize firms that support PlacementHub during its early growth phase, subject to suitability and mutual agreement.
2026-06-22 15:21:22 [INFO   ] PROGRESS |   The relationship can begin with a simple review of the investment note and, where appropriate, introductions to suitable investor clients.
2026-06-22 15:21:22 [INFO   ] PROGRESS |   If the opportunity is worth a look, I would be happy to send the note and speak briefly about the round,
2026-06-22 15:21:22 [INFO   ] PROGRESS |   the platform, and the type of strategic investors we are looking for.
2026-06-22 15:21:22 [INFO   ] PROGRESS |   Please reply to this email or call me if you would like to explore it.
2026-06-22 15:21:22 [INFO   ] PROGRESS |   Warm Regards,
2026-06-22 15:21:22 [INFO   ] PROGRESS |   Sandeep Jain
2026-06-22 15:21:22 [INFO   ] PROGRESS |   Founder, PlacementHub
2026-06-22 15:21:22 [INFO   ] PROGRESS |   +91-9860090620
2026-06-22 15:21:22 [INFO   ] PROGRESS |   sandeepjain200019@gmail.com
2026-06-22 15:21:22 [INFO   ] PROGRESS |   Detailed Profile
2026-06-22 15:21:22 [INFO   ] PROGRESS |   Detailed Note on Funding Requirement
2026-06-22 15:21:22 [INFO   ] --------------------------------------------------------------
2026-06-22 15:21:22 [INFO   ] 
2026-06-22 15:21:22 [INFO   ] 
2026-06-22 15:21:22 [INFO   ] PROGRESS | Email preview — To: sudhanshussingh08@gmail.com | Subject: PlacementHub pre-seed intro with SUDHANSHU SHEKHAR SINGH
2026-06-22 15:21:23 [INFO   ] SENT (Brevo) -> sudhanshussingh08@gmail.com (SUDHANSHU SHEKHAR SINGH) | PlacementHub pre-seed intro with SUDHANSHU SHEKHAR SINGH | messageId=<202606220951.75752066699@smtp-relay.mailin.fr> (API accepted; run audit-brevo to confirm delivery)
2026-06-22 15:21:23 [INFO   ] Sleeping for 10 seconds
2026-06-22 15:21:33 [INFO   ] PROGRESS | Send 32/50 | SENT | sudhanshussingh08@gmail.com | SUDHANSHU SHEKHAR SINGH [Chartered Accountants & Company Secretaries] | ok=30 fail=2 skip=0
2026-06-22 15:21:33 [INFO   ] PROGRESS | Send 33/50 | SENDING | sanjay_ashah10@yahoo.co.in | SANJAY ANILKANT SHAH [Chartered Accountants & Company Secretaries] | ok=30 fail=2 skip=0
2026-06-22 15:21:38 [INFO   ] --------------------------------------------------------------
2026-06-22 15:21:38 [INFO   ] PROGRESS | Email content — To: sanjay_ashah10@yahoo.co.in
2026-06-22 15:21:38 [INFO   ] PROGRESS | Subject: PlacementHub pre-seed intro with SANJAY ANILKANT SHAH
2026-06-22 15:21:38 [INFO   ] PROGRESS | Body:
2026-06-22 15:21:38 [INFO   ] PROGRESS |   Dear Sir/Madam,
2026-06-22 15:21:38 [INFO   ] PROGRESS |   I am reaching out to introduce PlacementHub and explore whether any of your investor, entrepreneur, or
2026-06-22 15:21:38 [INFO   ] PROGRESS |   HNI clients may be open to reviewing a strategic seed opportunity.
2026-06-22 15:21:38 [INFO   ] PROGRESS |   My name is Sandeep Jain. PlacementHub is currently in its pre-seed fundraising stage, and I am
2026-06-22 15:21:38 [INFO   ] PROGRESS |   soliciting strategic seed investment for the same. PlacementHub is a campus placement and employability
2026-06-22 15:21:38 [INFO   ] PROGRESS |   platform connecting students, colleges, and recruiters. The product is built and in early
2026-06-22 15:21:38 [INFO   ] PROGRESS |   commercialization.
2026-06-22 15:21:38 [INFO   ] PROGRESS |   For reference, the detailed business plan, including the business model and go-to-market strategies, is
2026-06-22 15:21:38 [INFO   ] PROGRESS |   available here:
2026-06-22 15:21:38 [INFO   ] PROGRESS |   PlacementHub Business Plan
2026-06-22 15:21:38 [INFO   ] PROGRESS |   For a Chartered Accountant firm, the relevance is mainly professional and strategic:
2026-06-22 15:21:38 [INFO   ] PROGRESS |   PlacementHub may require support across accounting, taxation, compliance, payroll, investor documentation, audit, and related professional services.
2026-06-22 15:21:38 [INFO   ] PROGRESS |   I would naturally be pleased to consider and prioritize firms that support PlacementHub during its early growth phase, subject to suitability and mutual agreement.
2026-06-22 15:21:38 [INFO   ] PROGRESS |   The relationship can begin with a simple review of the investment note and, where appropriate, introductions to suitable investor clients.
2026-06-22 15:21:38 [INFO   ] PROGRESS |   If the opportunity is worth a look, I would be happy to send the note and speak briefly about the round,
2026-06-22 15:21:38 [INFO   ] PROGRESS |   the platform, and the type of strategic investors we are looking for.
2026-06-22 15:21:38 [INFO   ] PROGRESS |   Please reply to this email or call me if you would like to explore it.
2026-06-22 15:21:38 [INFO   ] PROGRESS |   Warm Regards,
2026-06-22 15:21:38 [INFO   ] PROGRESS |   Sandeep Jain
2026-06-22 15:21:38 [INFO   ] PROGRESS |   Founder, PlacementHub
2026-06-22 15:21:38 [INFO   ] PROGRESS |   +91-9860090620
2026-06-22 15:21:38 [INFO   ] PROGRESS |   sandeepjain200019@gmail.com
2026-06-22 15:21:38 [INFO   ] PROGRESS |   Detailed Profile
2026-06-22 15:21:38 [INFO   ] PROGRESS |   Detailed Note on Funding Requirement
2026-06-22 15:21:38 [INFO   ] --------------------------------------------------------------
2026-06-22 15:21:38 [INFO   ] 
2026-06-22 15:21:38 [INFO   ] 
2026-06-22 15:21:38 [INFO   ] PROGRESS | Email preview — To: sanjay_ashah10@yahoo.co.in | Subject: PlacementHub pre-seed intro with SANJAY ANILKANT SHAH
2026-06-22 15:21:40 [INFO   ] SENT (Brevo) -> sanjay_ashah10@yahoo.co.in (SANJAY ANILKANT SHAH) | PlacementHub pre-seed intro with SANJAY ANILKANT SHAH | messageId=<202606220951.32637925563@smtp-relay.mailin.fr> (API accepted; run audit-brevo to confirm delivery)
2026-06-22 15:21:40 [INFO   ] Sleeping for 10 seconds
2026-06-22 15:21:50 [INFO   ] PROGRESS | Send 33/50 | SENT | sanjay_ashah10@yahoo.co.in | SANJAY ANILKANT SHAH [Chartered Accountants & Company Secretaries] | ok=31 fail=2 skip=0
2026-06-22 15:21:50 [INFO   ] PROGRESS | Send 34/50 | SENDING | office.srjain@gmail.com | SUMIT RATANLAL JAIN [Chartered Accountants & Company Secretaries] | ok=31 fail=2 skip=0
2026-06-22 15:22:01 [INFO   ] --------------------------------------------------------------
2026-06-22 15:22:01 [INFO   ] PROGRESS | Email content — To: office.srjain@gmail.com
2026-06-22 15:22:01 [INFO   ] PROGRESS | Subject: PlacementHub pre-seed intro with SUMIT RATANLAL JAIN
2026-06-22 15:22:01 [INFO   ] PROGRESS | Body:
2026-06-22 15:22:01 [INFO   ] PROGRESS |   Dear Sir/Madam,
2026-06-22 15:22:01 [INFO   ] PROGRESS |   I am reaching out to introduce PlacementHub and explore whether any of your investor, entrepreneur, or
2026-06-22 15:22:01 [INFO   ] PROGRESS |   HNI clients may be open to reviewing a strategic seed opportunity.
2026-06-22 15:22:01 [INFO   ] PROGRESS |   My name is Sandeep Jain. PlacementHub is currently in its pre-seed fundraising stage, and I am
2026-06-22 15:22:01 [INFO   ] PROGRESS |   soliciting strategic seed investment for the same. PlacementHub is a campus placement and employability
2026-06-22 15:22:01 [INFO   ] PROGRESS |   platform connecting students, colleges, and recruiters. The product is built and in early
2026-06-22 15:22:01 [INFO   ] PROGRESS |   commercialization.
2026-06-22 15:22:01 [INFO   ] PROGRESS |   For reference, the detailed business plan, including the business model and go-to-market strategies, is
2026-06-22 15:22:01 [INFO   ] PROGRESS |   available here:
2026-06-22 15:22:01 [INFO   ] PROGRESS |   PlacementHub Business Plan
2026-06-22 15:22:01 [INFO   ] PROGRESS |   For a Chartered Accountant firm, the relevance is mainly professional and strategic:
2026-06-22 15:22:01 [INFO   ] PROGRESS |   PlacementHub may require support across accounting, taxation, compliance, payroll, investor documentation, audit, and related professional services.
2026-06-22 15:22:01 [INFO   ] PROGRESS |   I would naturally be pleased to consider and prioritize firms that support PlacementHub during its early growth phase, subject to suitability and mutual agreement.
2026-06-22 15:22:01 [INFO   ] PROGRESS |   The relationship can begin with a simple review of the investment note and, where appropriate, introductions to suitable investor clients.
2026-06-22 15:22:01 [INFO   ] PROGRESS |   If the opportunity is worth a look, I would be happy to send the note and speak briefly about the round,
2026-06-22 15:22:01 [INFO   ] PROGRESS |   the platform, and the type of strategic investors we are looking for.
2026-06-22 15:22:01 [INFO   ] PROGRESS |   Please reply to this email or call me if you would like to explore it.
2026-06-22 15:22:01 [INFO   ] PROGRESS |   Warm Regards,
2026-06-22 15:22:01 [INFO   ] PROGRESS |   Sandeep Jain
2026-06-22 15:22:01 [INFO   ] PROGRESS |   Founder, PlacementHub
2026-06-22 15:22:01 [INFO   ] PROGRESS |   +91-9860090620
2026-06-22 15:22:01 [INFO   ] PROGRESS |   sandeepjain200019@gmail.com
2026-06-22 15:22:01 [INFO   ] PROGRESS |   Detailed Profile
2026-06-22 15:22:01 [INFO   ] PROGRESS |   Detailed Note on Funding Requirement
2026-06-22 15:22:01 [INFO   ] --------------------------------------------------------------
2026-06-22 15:22:01 [INFO   ] 
2026-06-22 15:22:01 [INFO   ] 
2026-06-22 15:22:01 [INFO   ] PROGRESS | Email preview — To: office.srjain@gmail.com | Subject: PlacementHub pre-seed intro with SUMIT RATANLAL JAIN
2026-06-22 15:22:03 [INFO   ] SENT (Brevo) -> office.srjain@gmail.com (SUMIT RATANLAL JAIN) | PlacementHub pre-seed intro with SUMIT RATANLAL JAIN | messageId=<202606220952.88058486199@smtp-relay.mailin.fr> (API accepted; run audit-brevo to confirm delivery)
2026-06-22 15:22:03 [INFO   ] Sleeping for 10 seconds
2026-06-22 15:22:13 [INFO   ] PROGRESS | Send 34/50 | SENT | office.srjain@gmail.com | SUMIT RATANLAL JAIN [Chartered Accountants & Company Secretaries] | ok=32 fail=2 skip=0
2026-06-22 15:22:13 [INFO   ] PROGRESS | Send 35/50 | SENDING | mukundpol@yahoo.co.in | MUKUND MANSINGRAO POL [Chartered Accountants & Company Secretaries] | ok=32 fail=2 skip=0
2026-06-22 15:22:18 [INFO   ] --------------------------------------------------------------
2026-06-22 15:22:18 [INFO   ] PROGRESS | Email content — To: mukundpol@yahoo.co.in
2026-06-22 15:22:18 [INFO   ] PROGRESS | Subject: PlacementHub pre-seed intro with MUKUND MANSINGRAO POL
2026-06-22 15:22:18 [INFO   ] PROGRESS | Body:
2026-06-22 15:22:18 [INFO   ] PROGRESS |   Dear Sir/Madam,
2026-06-22 15:22:18 [INFO   ] PROGRESS |   I am reaching out to introduce PlacementHub and explore whether any of your investor, entrepreneur, or
2026-06-22 15:22:18 [INFO   ] PROGRESS |   HNI clients may be open to reviewing a strategic seed opportunity.
2026-06-22 15:22:18 [INFO   ] PROGRESS |   My name is Sandeep Jain. PlacementHub is currently in its pre-seed fundraising stage, and I am
2026-06-22 15:22:18 [INFO   ] PROGRESS |   soliciting strategic seed investment for the same. PlacementHub is a campus placement and employability
2026-06-22 15:22:18 [INFO   ] PROGRESS |   platform connecting students, colleges, and recruiters. The product is built and in early
2026-06-22 15:22:18 [INFO   ] PROGRESS |   commercialization.
2026-06-22 15:22:18 [INFO   ] PROGRESS |   For reference, the detailed business plan, including the business model and go-to-market strategies, is
2026-06-22 15:22:18 [INFO   ] PROGRESS |   available here:
2026-06-22 15:22:18 [INFO   ] PROGRESS |   PlacementHub Business Plan
2026-06-22 15:22:18 [INFO   ] PROGRESS |   For a Chartered Accountant firm, the relevance is mainly professional and strategic:
2026-06-22 15:22:18 [INFO   ] PROGRESS |   PlacementHub may require support across accounting, taxation, compliance, payroll, investor documentation, audit, and related professional services.
2026-06-22 15:22:18 [INFO   ] PROGRESS |   I would naturally be pleased to consider and prioritize firms that support PlacementHub during its early growth phase, subject to suitability and mutual agreement.
2026-06-22 15:22:18 [INFO   ] PROGRESS |   The relationship can begin with a simple review of the investment note and, where appropriate, introductions to suitable investor clients.
2026-06-22 15:22:18 [INFO   ] PROGRESS |   If the opportunity is worth a look, I would be happy to send the note and speak briefly about the round,
2026-06-22 15:22:18 [INFO   ] PROGRESS |   the platform, and the type of strategic investors we are looking for.
2026-06-22 15:22:18 [INFO   ] PROGRESS |   Please reply to this email or call me if you would like to explore it.
2026-06-22 15:22:18 [INFO   ] PROGRESS |   Warm Regards,
2026-06-22 15:22:18 [INFO   ] PROGRESS |   Sandeep Jain
2026-06-22 15:22:18 [INFO   ] PROGRESS |   Founder, PlacementHub
2026-06-22 15:22:18 [INFO   ] PROGRESS |   +91-9860090620
2026-06-22 15:22:18 [INFO   ] PROGRESS |   sandeepjain200019@gmail.com
2026-06-22 15:22:18 [INFO   ] PROGRESS |   Detailed Profile
2026-06-22 15:22:18 [INFO   ] PROGRESS |   Detailed Note on Funding Requirement
2026-06-22 15:22:18 [INFO   ] --------------------------------------------------------------
2026-06-22 15:22:18 [INFO   ] 
2026-06-22 15:22:18 [INFO   ] 
2026-06-22 15:22:18 [INFO   ] PROGRESS | Email preview — To: mukundpol@yahoo.co.in | Subject: PlacementHub pre-seed intro with MUKUND MANSINGRAO POL
2026-06-22 15:22:19 [INFO   ] SENT (Brevo) -> mukundpol@yahoo.co.in (MUKUND MANSINGRAO POL) | PlacementHub pre-seed intro with MUKUND MANSINGRAO POL | messageId=<202606220952.73734503801@smtp-relay.mailin.fr> (API accepted; run audit-brevo to confirm delivery)
2026-06-22 15:22:19 [INFO   ] Sleeping for 10 seconds
2026-06-22 15:22:29 [INFO   ] PROGRESS | Send 35/50 | SENT | mukundpol@yahoo.co.in | MUKUND MANSINGRAO POL [Chartered Accountants & Company Secretaries] | ok=33 fail=2 skip=0
2026-06-22 15:22:29 [INFO   ] PROGRESS | Send 36/50 | SENDING | cbambani@yahoo.co.in | CHANDRAKANT B AMBANI [Chartered Accountants & Company Secretaries] | ok=33 fail=2 skip=0
2026-06-22 15:22:38 [INFO   ] --------------------------------------------------------------
2026-06-22 15:22:38 [INFO   ] PROGRESS | Email content — To: cbambani@yahoo.co.in
2026-06-22 15:22:38 [INFO   ] PROGRESS | Subject: PlacementHub pre-seed intro with CHANDRAKANT B AMBANI
2026-06-22 15:22:38 [INFO   ] PROGRESS | Body:
2026-06-22 15:22:38 [INFO   ] PROGRESS |   Dear Sir/Madam,
2026-06-22 15:22:38 [INFO   ] PROGRESS |   I am reaching out to introduce PlacementHub and explore whether any of your investor, entrepreneur, or
2026-06-22 15:22:38 [INFO   ] PROGRESS |   HNI clients may be open to reviewing a strategic seed opportunity.
2026-06-22 15:22:38 [INFO   ] PROGRESS |   My name is Sandeep Jain. PlacementHub is currently in its pre-seed fundraising stage, and I am
2026-06-22 15:22:38 [INFO   ] PROGRESS |   soliciting strategic seed investment for the same. PlacementHub is a campus placement and employability
2026-06-22 15:22:38 [INFO   ] PROGRESS |   platform connecting students, colleges, and recruiters. The product is built and in early
2026-06-22 15:22:38 [INFO   ] PROGRESS |   commercialization.
2026-06-22 15:22:38 [INFO   ] PROGRESS |   For reference, the detailed business plan, including the business model and go-to-market strategies, is
2026-06-22 15:22:38 [INFO   ] PROGRESS |   available here:
2026-06-22 15:22:38 [INFO   ] PROGRESS |   PlacementHub Business Plan
2026-06-22 15:22:38 [INFO   ] PROGRESS |   For a Chartered Accountant firm, the relevance is mainly professional and strategic:
2026-06-22 15:22:38 [INFO   ] PROGRESS |   PlacementHub may require support across accounting, taxation, compliance, payroll, investor documentation, audit, and related professional services.
2026-06-22 15:22:38 [INFO   ] PROGRESS |   I would naturally be pleased to consider and prioritize firms that support PlacementHub during its early growth phase, subject to suitability and mutual agreement.
2026-06-22 15:22:38 [INFO   ] PROGRESS |   The relationship can begin with a simple review of the investment note and, where appropriate, introductions to suitable investor clients.
2026-06-22 15:22:38 [INFO   ] PROGRESS |   If the opportunity is worth a look, I would be happy to send the note and speak briefly about the round,
2026-06-22 15:22:38 [INFO   ] PROGRESS |   the platform, and the type of strategic investors we are looking for.
2026-06-22 15:22:38 [INFO   ] PROGRESS |   Please reply to this email or call me if you would like to explore it.
2026-06-22 15:22:38 [INFO   ] PROGRESS |   Warm Regards,
2026-06-22 15:22:38 [INFO   ] PROGRESS |   Sandeep Jain
2026-06-22 15:22:38 [INFO   ] PROGRESS |   Founder, PlacementHub
2026-06-22 15:22:38 [INFO   ] PROGRESS |   +91-9860090620
2026-06-22 15:22:38 [INFO   ] PROGRESS |   sandeepjain200019@gmail.com
2026-06-22 15:22:38 [INFO   ] PROGRESS |   Detailed Profile
2026-06-22 15:22:38 [INFO   ] PROGRESS |   Detailed Note on Funding Requirement
2026-06-22 15:22:38 [INFO   ] --------------------------------------------------------------
2026-06-22 15:22:38 [INFO   ] 
2026-06-22 15:22:38 [INFO   ] 
2026-06-22 15:22:38 [INFO   ] PROGRESS | Email preview — To: cbambani@yahoo.co.in | Subject: PlacementHub pre-seed intro with CHANDRAKANT B AMBANI
2026-06-22 15:22:39 [INFO   ] SENT (Brevo) -> cbambani@yahoo.co.in (CHANDRAKANT B AMBANI) | PlacementHub pre-seed intro with CHANDRAKANT B AMBANI | messageId=<202606220952.54918789239@smtp-relay.mailin.fr> (API accepted; run audit-brevo to confirm delivery)
2026-06-22 15:22:39 [INFO   ] Sleeping for 10 seconds
2026-06-22 15:22:49 [INFO   ] PROGRESS | Send 36/50 | SENT | cbambani@yahoo.co.in | CHANDRAKANT B AMBANI [Chartered Accountants & Company Secretaries] | ok=34 fail=2 skip=0
2026-06-22 15:22:49 [INFO   ] PROGRESS | Send 37/50 | SENDING | kejaljain161@gmail.com | KEJAL DHARMENDRA JAIN [Chartered Accountants & Company Secretaries] | ok=34 fail=2 skip=0
2026-06-22 15:22:57 [INFO   ] --------------------------------------------------------------
2026-06-22 15:22:57 [INFO   ] PROGRESS | Email content — To: kejaljain161@gmail.com
2026-06-22 15:22:57 [INFO   ] PROGRESS | Subject: PlacementHub pre-seed intro with KEJAL DHARMENDRA JAIN
2026-06-22 15:22:57 [INFO   ] PROGRESS | Body:
2026-06-22 15:22:57 [INFO   ] PROGRESS |   Dear Sir/Madam,
2026-06-22 15:22:57 [INFO   ] PROGRESS |   I am reaching out to introduce PlacementHub and explore whether any of your investor, entrepreneur, or
2026-06-22 15:22:57 [INFO   ] PROGRESS |   HNI clients may be open to reviewing a strategic seed opportunity.
2026-06-22 15:22:57 [INFO   ] PROGRESS |   My name is Sandeep Jain. PlacementHub is currently in its pre-seed fundraising stage, and I am
2026-06-22 15:22:57 [INFO   ] PROGRESS |   soliciting strategic seed investment for the same. PlacementHub is a campus placement and employability
2026-06-22 15:22:57 [INFO   ] PROGRESS |   platform connecting students, colleges, and recruiters. The product is built and in early
2026-06-22 15:22:57 [INFO   ] PROGRESS |   commercialization.
2026-06-22 15:22:57 [INFO   ] PROGRESS |   For reference, the detailed business plan, including the business model and go-to-market strategies, is
2026-06-22 15:22:57 [INFO   ] PROGRESS |   available here:
2026-06-22 15:22:57 [INFO   ] PROGRESS |   PlacementHub Business Plan
2026-06-22 15:22:57 [INFO   ] PROGRESS |   For a Chartered Accountant firm, the relevance is mainly professional and strategic:
2026-06-22 15:22:57 [INFO   ] PROGRESS |   PlacementHub may require support across accounting, taxation, compliance, payroll, investor documentation, audit, and related professional services.
2026-06-22 15:22:57 [INFO   ] PROGRESS |   I would naturally be pleased to consider and prioritize firms that support PlacementHub during its early growth phase, subject to suitability and mutual agreement.
2026-06-22 15:22:57 [INFO   ] PROGRESS |   The relationship can begin with a simple review of the investment note and, where appropriate, introductions to suitable investor clients.
2026-06-22 15:22:57 [INFO   ] PROGRESS |   If the opportunity is worth a look, I would be happy to send the note and speak briefly about the round,
2026-06-22 15:22:57 [INFO   ] PROGRESS |   the platform, and the type of strategic investors we are looking for.
2026-06-22 15:22:57 [INFO   ] PROGRESS |   Please reply to this email or call me if you would like to explore it.
2026-06-22 15:22:57 [INFO   ] PROGRESS |   Warm Regards,
2026-06-22 15:22:57 [INFO   ] PROGRESS |   Sandeep Jain
2026-06-22 15:22:57 [INFO   ] PROGRESS |   Founder, PlacementHub
2026-06-22 15:22:57 [INFO   ] PROGRESS |   +91-9860090620
2026-06-22 15:22:57 [INFO   ] PROGRESS |   sandeepjain200019@gmail.com
2026-06-22 15:22:57 [INFO   ] PROGRESS |   Detailed Profile
2026-06-22 15:22:57 [INFO   ] PROGRESS |   Detailed Note on Funding Requirement
2026-06-22 15:22:57 [INFO   ] --------------------------------------------------------------
2026-06-22 15:22:57 [INFO   ] 
2026-06-22 15:22:57 [INFO   ] 
2026-06-22 15:22:57 [INFO   ] PROGRESS | Email preview — To: kejaljain161@gmail.com | Subject: PlacementHub pre-seed intro with KEJAL DHARMENDRA JAIN
2026-06-22 15:22:57 [INFO   ] SENT (Brevo) -> kejaljain161@gmail.com (KEJAL DHARMENDRA JAIN) | PlacementHub pre-seed intro with KEJAL DHARMENDRA JAIN | messageId=<202606220952.28064548154@smtp-relay.mailin.fr> (API accepted; run audit-brevo to confirm delivery)
2026-06-22 15:22:58 [INFO   ] Sleeping for 10 seconds
2026-06-22 15:23:08 [INFO   ] PROGRESS | Send 37/50 | SENT | kejaljain161@gmail.com | KEJAL DHARMENDRA JAIN [Chartered Accountants & Company Secretaries] | ok=35 fail=2 skip=0
2026-06-22 15:23:08 [INFO   ] PROGRESS | Send 38/50 | SENDING | jigsgala123@gmail.com | JIGNESH HANSRAJ GALA [Chartered Accountants & Company Secretaries] | ok=35 fail=2 skip=0
2026-06-22 15:23:13 [INFO   ] --------------------------------------------------------------
2026-06-22 15:23:13 [INFO   ] PROGRESS | Email content — To: jigsgala123@gmail.com
2026-06-22 15:23:13 [INFO   ] PROGRESS | Subject: PlacementHub pre-seed intro with JIGNESH HANSRAJ GALA
2026-06-22 15:23:13 [INFO   ] PROGRESS | Body:
2026-06-22 15:23:13 [INFO   ] PROGRESS |   Dear Sir/Madam,
2026-06-22 15:23:13 [INFO   ] PROGRESS |   I am reaching out to introduce PlacementHub and explore whether any of your investor, entrepreneur, or
2026-06-22 15:23:13 [INFO   ] PROGRESS |   HNI clients may be open to reviewing a strategic seed opportunity.
2026-06-22 15:23:13 [INFO   ] PROGRESS |   My name is Sandeep Jain. PlacementHub is currently in its pre-seed fundraising stage, and I am
2026-06-22 15:23:13 [INFO   ] PROGRESS |   soliciting strategic seed investment for the same. PlacementHub is a campus placement and employability
2026-06-22 15:23:13 [INFO   ] PROGRESS |   platform connecting students, colleges, and recruiters. The product is built and in early
2026-06-22 15:23:13 [INFO   ] PROGRESS |   commercialization.
2026-06-22 15:23:13 [INFO   ] PROGRESS |   For reference, the detailed business plan, including the business model and go-to-market strategies, is
2026-06-22 15:23:13 [INFO   ] PROGRESS |   available here:
2026-06-22 15:23:13 [INFO   ] PROGRESS |   PlacementHub Business Plan
2026-06-22 15:23:13 [INFO   ] PROGRESS |   For a Chartered Accountant firm, the relevance is mainly professional and strategic:
2026-06-22 15:23:13 [INFO   ] PROGRESS |   PlacementHub may require support across accounting, taxation, compliance, payroll, investor documentation, audit, and related professional services.
2026-06-22 15:23:13 [INFO   ] PROGRESS |   I would naturally be pleased to consider and prioritize firms that support PlacementHub during its early growth phase, subject to suitability and mutual agreement.
2026-06-22 15:23:13 [INFO   ] PROGRESS |   The relationship can begin with a simple review of the investment note and, where appropriate, introductions to suitable investor clients.
2026-06-22 15:23:13 [INFO   ] PROGRESS |   If the opportunity is worth a look, I would be happy to send the note and speak briefly about the round,
2026-06-22 15:23:13 [INFO   ] PROGRESS |   the platform, and the type of strategic investors we are looking for.
2026-06-22 15:23:13 [INFO   ] PROGRESS |   Please reply to this email or call me if you would like to explore it.
2026-06-22 15:23:13 [INFO   ] PROGRESS |   Warm Regards,
2026-06-22 15:23:13 [INFO   ] PROGRESS |   Sandeep Jain
2026-06-22 15:23:13 [INFO   ] PROGRESS |   Founder, PlacementHub
2026-06-22 15:23:13 [INFO   ] PROGRESS |   +91-9860090620
2026-06-22 15:23:13 [INFO   ] PROGRESS |   sandeepjain200019@gmail.com
2026-06-22 15:23:13 [INFO   ] PROGRESS |   Detailed Profile
2026-06-22 15:23:13 [INFO   ] PROGRESS |   Detailed Note on Funding Requirement
2026-06-22 15:23:13 [INFO   ] --------------------------------------------------------------
2026-06-22 15:23:13 [INFO   ] 
2026-06-22 15:23:13 [INFO   ] 
2026-06-22 15:23:13 [INFO   ] PROGRESS | Email preview — To: jigsgala123@gmail.com | Subject: PlacementHub pre-seed intro with JIGNESH HANSRAJ GALA
2026-06-22 15:23:14 [INFO   ] SENT (Brevo) -> jigsgala123@gmail.com (JIGNESH HANSRAJ GALA) | PlacementHub pre-seed intro with JIGNESH HANSRAJ GALA | messageId=<202606220953.78017743392@smtp-relay.mailin.fr> (API accepted; run audit-brevo to confirm delivery)
2026-06-22 15:23:14 [INFO   ] Sleeping for 10 seconds
2026-06-22 15:23:24 [INFO   ] PROGRESS | Send 38/50 | SENT | jigsgala123@gmail.com | JIGNESH HANSRAJ GALA [Chartered Accountants & Company Secretaries] | ok=36 fail=2 skip=0
2026-06-22 15:23:24 [INFO   ] PROGRESS | Send 39/50 | SENDING | nehashah23@rediffmail.com | NEHA VIJAY SHAH [Chartered Accountants & Company Secretaries] | ok=36 fail=2 skip=0
2026-06-22 15:23:32 [INFO   ] --------------------------------------------------------------
2026-06-22 15:23:32 [INFO   ] PROGRESS | Email content — To: nehashah23@rediffmail.com
2026-06-22 15:23:32 [INFO   ] PROGRESS | Subject: PlacementHub pre-seed intro with NEHA VIJAY SHAH
2026-06-22 15:23:32 [INFO   ] PROGRESS | Body:
2026-06-22 15:23:32 [INFO   ] PROGRESS |   Dear Sir/Madam,
2026-06-22 15:23:32 [INFO   ] PROGRESS |   I am reaching out to introduce PlacementHub and explore whether any of your investor, entrepreneur, or
2026-06-22 15:23:32 [INFO   ] PROGRESS |   HNI clients may be open to reviewing a strategic seed opportunity.
2026-06-22 15:23:32 [INFO   ] PROGRESS |   My name is Sandeep Jain. PlacementHub is currently in its pre-seed fundraising stage, and I am
2026-06-22 15:23:32 [INFO   ] PROGRESS |   soliciting strategic seed investment for the same. PlacementHub is a campus placement and employability
2026-06-22 15:23:32 [INFO   ] PROGRESS |   platform connecting students, colleges, and recruiters. The product is built and in early
2026-06-22 15:23:32 [INFO   ] PROGRESS |   commercialization.
2026-06-22 15:23:32 [INFO   ] PROGRESS |   For reference, the detailed business plan, including the business model and go-to-market strategies, is
2026-06-22 15:23:32 [INFO   ] PROGRESS |   available here:
2026-06-22 15:23:32 [INFO   ] PROGRESS |   PlacementHub Business Plan
2026-06-22 15:23:32 [INFO   ] PROGRESS |   For a Chartered Accountant firm, the relevance is mainly professional and strategic:
2026-06-22 15:23:32 [INFO   ] PROGRESS |   PlacementHub may require support across accounting, taxation, compliance, payroll, investor documentation, audit, and related professional services.
2026-06-22 15:23:32 [INFO   ] PROGRESS |   I would naturally be pleased to consider and prioritize firms that support PlacementHub during its early growth phase, subject to suitability and mutual agreement.
2026-06-22 15:23:32 [INFO   ] PROGRESS |   The relationship can begin with a simple review of the investment note and, where appropriate, introductions to suitable investor clients.
2026-06-22 15:23:32 [INFO   ] PROGRESS |   If the opportunity is worth a look, I would be happy to send the note and speak briefly about the round,
2026-06-22 15:23:32 [INFO   ] PROGRESS |   the platform, and the type of strategic investors we are looking for.
2026-06-22 15:23:32 [INFO   ] PROGRESS |   Please reply to this email or call me if you would like to explore it.
2026-06-22 15:23:32 [INFO   ] PROGRESS |   Warm Regards,
2026-06-22 15:23:32 [INFO   ] PROGRESS |   Sandeep Jain
2026-06-22 15:23:32 [INFO   ] PROGRESS |   Founder, PlacementHub
2026-06-22 15:23:32 [INFO   ] PROGRESS |   +91-9860090620
2026-06-22 15:23:32 [INFO   ] PROGRESS |   sandeepjain200019@gmail.com
2026-06-22 15:23:32 [INFO   ] PROGRESS |   Detailed Profile
2026-06-22 15:23:32 [INFO   ] PROGRESS |   Detailed Note on Funding Requirement
2026-06-22 15:23:32 [INFO   ] --------------------------------------------------------------
2026-06-22 15:23:32 [INFO   ] 
2026-06-22 15:23:32 [INFO   ] 
2026-06-22 15:23:32 [INFO   ] PROGRESS | Email preview — To: nehashah23@rediffmail.com | Subject: PlacementHub pre-seed intro with NEHA VIJAY SHAH
2026-06-22 15:23:34 [INFO   ] SENT (Brevo) -> nehashah23@rediffmail.com (NEHA VIJAY SHAH) | PlacementHub pre-seed intro with NEHA VIJAY SHAH | messageId=<202606220953.79253397029@smtp-relay.mailin.fr> (API accepted; run audit-brevo to confirm delivery)
2026-06-22 15:23:34 [INFO   ] Sleeping for 10 seconds
2026-06-22 15:23:44 [INFO   ] PROGRESS | Send 39/50 | SENT | nehashah23@rediffmail.com | NEHA VIJAY SHAH [Chartered Accountants & Company Secretaries] | ok=37 fail=2 skip=0
2026-06-22 15:23:44 [INFO   ] PROGRESS | Send 40/50 | SENDING | rajgor.sunil22@gmail.com | SUNIL KISHORBHAI RAJGOR [Chartered Accountants & Company Secretaries] | ok=37 fail=2 skip=0
2026-06-22 15:23:51 [INFO   ] --------------------------------------------------------------
2026-06-22 15:23:51 [INFO   ] PROGRESS | Email content — To: rajgor.sunil22@gmail.com
2026-06-22 15:23:51 [INFO   ] PROGRESS | Subject: PlacementHub pre-seed intro with SUNIL KISHORBHAI RAJGOR
2026-06-22 15:23:51 [INFO   ] PROGRESS | Body:
2026-06-22 15:23:51 [INFO   ] PROGRESS |   Dear Sir/Madam,
2026-06-22 15:23:51 [INFO   ] PROGRESS |   I am reaching out to introduce PlacementHub and explore whether any of your investor, entrepreneur, or
2026-06-22 15:23:51 [INFO   ] PROGRESS |   HNI clients may be open to reviewing a strategic seed opportunity.
2026-06-22 15:23:51 [INFO   ] PROGRESS |   My name is Sandeep Jain. PlacementHub is currently in its pre-seed fundraising stage, and I am
2026-06-22 15:23:51 [INFO   ] PROGRESS |   soliciting strategic seed investment for the same. PlacementHub is a campus placement and employability
2026-06-22 15:23:51 [INFO   ] PROGRESS |   platform connecting students, colleges, and recruiters. The product is built and in early
2026-06-22 15:23:51 [INFO   ] PROGRESS |   commercialization.
2026-06-22 15:23:51 [INFO   ] PROGRESS |   For reference, the detailed business plan, including the business model and go-to-market strategies, is
2026-06-22 15:23:51 [INFO   ] PROGRESS |   available here:
2026-06-22 15:23:51 [INFO   ] PROGRESS |   PlacementHub Business Plan
2026-06-22 15:23:51 [INFO   ] PROGRESS |   For a Chartered Accountant firm, the relevance is mainly professional and strategic:
2026-06-22 15:23:51 [INFO   ] PROGRESS |   PlacementHub may require support across accounting, taxation, compliance, payroll, investor documentation, audit, and related professional services.
2026-06-22 15:23:51 [INFO   ] PROGRESS |   I would naturally be pleased to consider and prioritize firms that support PlacementHub during its early growth phase, subject to suitability and mutual agreement.
2026-06-22 15:23:51 [INFO   ] PROGRESS |   The relationship can begin with a simple review of the investment note and, where appropriate, introductions to suitable investor clients.
2026-06-22 15:23:51 [INFO   ] PROGRESS |   If the opportunity is worth a look, I would be happy to send the note and speak briefly about the round,
2026-06-22 15:23:51 [INFO   ] PROGRESS |   the platform, and the type of strategic investors we are looking for.
2026-06-22 15:23:51 [INFO   ] PROGRESS |   Please reply to this email or call me if you would like to explore it.
2026-06-22 15:23:51 [INFO   ] PROGRESS |   Warm Regards,
2026-06-22 15:23:51 [INFO   ] PROGRESS |   Sandeep Jain
2026-06-22 15:23:51 [INFO   ] PROGRESS |   Founder, PlacementHub
2026-06-22 15:23:51 [INFO   ] PROGRESS |   +91-9860090620
2026-06-22 15:23:51 [INFO   ] PROGRESS |   sandeepjain200019@gmail.com
2026-06-22 15:23:51 [INFO   ] PROGRESS |   Detailed Profile
2026-06-22 15:23:51 [INFO   ] PROGRESS |   Detailed Note on Funding Requirement
2026-06-22 15:23:51 [INFO   ] --------------------------------------------------------------
2026-06-22 15:23:51 [INFO   ] 
2026-06-22 15:23:51 [INFO   ] 
2026-06-22 15:23:51 [INFO   ] PROGRESS | Email preview — To: rajgor.sunil22@gmail.com | Subject: PlacementHub pre-seed intro with SUNIL KISHORBHAI RAJGOR
2026-06-22 15:23:52 [INFO   ] SENT (Brevo) -> rajgor.sunil22@gmail.com (SUNIL KISHORBHAI RAJGOR) | PlacementHub pre-seed intro with SUNIL KISHORBHAI RAJGOR | messageId=<202606220953.96047851866@smtp-relay.mailin.fr> (API accepted; run audit-brevo to confirm delivery)
2026-06-22 15:23:52 [INFO   ] Sleeping for 10 seconds
2026-06-22 15:24:02 [INFO   ] PROGRESS | Send 40/50 | SENT | rajgor.sunil22@gmail.com | SUNIL KISHORBHAI RAJGOR [Chartered Accountants & Company Secretaries] | ok=38 fail=2 skip=0
2026-06-22 15:24:02 [INFO   ] PROGRESS | Send 41/50 | SENDING | vaishnavhitesh60@gmail.com | HITESH RANCHHODDAS VAISHNAV [Chartered Accountants & Company Secretaries] | ok=38 fail=2 skip=0
2026-06-22 15:24:02 [WARNING] NVIDIA call failed (attempt 1/5): HTTP Error 403: Forbidden — rotating key.
2026-06-22 15:24:06 [INFO   ] --------------------------------------------------------------
2026-06-22 15:24:06 [INFO   ] PROGRESS | Email content — To: vaishnavhitesh60@gmail.com
2026-06-22 15:24:06 [INFO   ] PROGRESS | Subject: PlacementHub pre-seed intro with HITESH RANCHHODDAS VAISHNAV
2026-06-22 15:24:06 [INFO   ] PROGRESS | Body:
2026-06-22 15:24:06 [INFO   ] PROGRESS |   Dear Sir/Madam,
2026-06-22 15:24:06 [INFO   ] PROGRESS |   I am reaching out to introduce PlacementHub and explore whether any of your investor, entrepreneur, or
2026-06-22 15:24:06 [INFO   ] PROGRESS |   HNI clients may be open to reviewing a strategic seed opportunity.
2026-06-22 15:24:06 [INFO   ] PROGRESS |   My name is Sandeep Jain. PlacementHub is currently in its pre-seed fundraising stage, and I am
2026-06-22 15:24:06 [INFO   ] PROGRESS |   soliciting strategic seed investment for the same. PlacementHub is a campus placement and employability
2026-06-22 15:24:06 [INFO   ] PROGRESS |   platform connecting students, colleges, and recruiters. The product is built and in early
2026-06-22 15:24:06 [INFO   ] PROGRESS |   commercialization.
2026-06-22 15:24:06 [INFO   ] PROGRESS |   For reference, the detailed business plan, including the business model and go-to-market strategies, is
2026-06-22 15:24:06 [INFO   ] PROGRESS |   available here:
2026-06-22 15:24:06 [INFO   ] PROGRESS |   PlacementHub Business Plan
2026-06-22 15:24:06 [INFO   ] PROGRESS |   For a Chartered Accountant firm, the relevance is mainly professional and strategic:
2026-06-22 15:24:06 [INFO   ] PROGRESS |   PlacementHub may require support across accounting, taxation, compliance, payroll, investor documentation, audit, and related professional services.
2026-06-22 15:24:06 [INFO   ] PROGRESS |   I would naturally be pleased to consider and prioritize firms that support PlacementHub during its early growth phase, subject to suitability and mutual agreement.
2026-06-22 15:24:06 [INFO   ] PROGRESS |   The relationship can begin with a simple review of the investment note and, where appropriate, introductions to suitable investor clients.
2026-06-22 15:24:06 [INFO   ] PROGRESS |   If the opportunity is worth a look, I would be happy to send the note and speak briefly about the round,
2026-06-22 15:24:06 [INFO   ] PROGRESS |   the platform, and the type of strategic investors we are looking for.
2026-06-22 15:24:06 [INFO   ] PROGRESS |   Please reply to this email or call me if you would like to explore it.
2026-06-22 15:24:06 [INFO   ] PROGRESS |   Warm Regards,
2026-06-22 15:24:06 [INFO   ] PROGRESS |   Sandeep Jain
2026-06-22 15:24:06 [INFO   ] PROGRESS |   Founder, PlacementHub
2026-06-22 15:24:06 [INFO   ] PROGRESS |   +91-9860090620
2026-06-22 15:24:06 [INFO   ] PROGRESS |   sandeepjain200019@gmail.com
2026-06-22 15:24:06 [INFO   ] PROGRESS |   Detailed Profile
2026-06-22 15:24:06 [INFO   ] PROGRESS |   Detailed Note on Funding Requirement
2026-06-22 15:24:06 [INFO   ] --------------------------------------------------------------
2026-06-22 15:24:06 [INFO   ] 
2026-06-22 15:24:06 [INFO   ] 
2026-06-22 15:24:06 [INFO   ] PROGRESS | Email preview — To: vaishnavhitesh60@gmail.com | Subject: PlacementHub pre-seed intro with HITESH RANCHHODDAS VAISHNAV
2026-06-22 15:24:07 [INFO   ] SENT (Brevo) -> vaishnavhitesh60@gmail.com (HITESH RANCHHODDAS VAISHNAV) | PlacementHub pre-seed intro with HITESH RANCHHODDAS VAISHNAV | messageId=<202606220954.98118189737@smtp-relay.mailin.fr> (API accepted; run audit-brevo to confirm delivery)
2026-06-22 15:24:07 [INFO   ] Sleeping for 10 seconds
2026-06-22 15:24:17 [INFO   ] PROGRESS | Send 41/50 | SENT | vaishnavhitesh60@gmail.com | HITESH RANCHHODDAS VAISHNAV [Chartered Accountants & Company Secretaries] | ok=39 fail=2 skip=0
2026-06-22 15:24:17 [INFO   ] PROGRESS | Send 42/50 | SENDING | rahulkdayama@gmail.com | RAHUL KISHOR DAYAMA [Chartered Accountants & Company Secretaries] | ok=39 fail=2 skip=0
2026-06-22 15:24:21 [INFO   ] --------------------------------------------------------------
2026-06-22 15:24:21 [INFO   ] PROGRESS | Email content — To: rahulkdayama@gmail.com
2026-06-22 15:24:21 [INFO   ] PROGRESS | Subject: PlacementHub pre-seed intro with RAHUL KISHOR DAYAMA
2026-06-22 15:24:21 [INFO   ] PROGRESS | Body:
2026-06-22 15:24:21 [INFO   ] PROGRESS |   Dear Sir/Madam,
2026-06-22 15:24:21 [INFO   ] PROGRESS |   I am reaching out to introduce PlacementHub and explore whether any of your investor, entrepreneur, or
2026-06-22 15:24:21 [INFO   ] PROGRESS |   HNI clients may be open to reviewing a strategic seed opportunity.
2026-06-22 15:24:21 [INFO   ] PROGRESS |   My name is Sandeep Jain. PlacementHub is currently in its pre-seed fundraising stage, and I am
2026-06-22 15:24:21 [INFO   ] PROGRESS |   soliciting strategic seed investment for the same. PlacementHub is a campus placement and employability
2026-06-22 15:24:21 [INFO   ] PROGRESS |   platform connecting students, colleges, and recruiters. The product is built and in early
2026-06-22 15:24:21 [INFO   ] PROGRESS |   commercialization.
2026-06-22 15:24:21 [INFO   ] PROGRESS |   For reference, the detailed business plan, including the business model and go-to-market strategies, is
2026-06-22 15:24:21 [INFO   ] PROGRESS |   available here:
2026-06-22 15:24:21 [INFO   ] PROGRESS |   PlacementHub Business Plan
2026-06-22 15:24:21 [INFO   ] PROGRESS |   For a Chartered Accountant firm, the relevance is mainly professional and strategic:
2026-06-22 15:24:21 [INFO   ] PROGRESS |   PlacementHub may require support across accounting, taxation, compliance, payroll, investor documentation, audit, and related professional services.
2026-06-22 15:24:21 [INFO   ] PROGRESS |   I would naturally be pleased to consider and prioritize firms that support PlacementHub during its early growth phase, subject to suitability and mutual agreement.
2026-06-22 15:24:21 [INFO   ] PROGRESS |   The relationship can begin with a simple review of the investment note and, where appropriate, introductions to suitable investor clients.
2026-06-22 15:24:21 [INFO   ] PROGRESS |   If the opportunity is worth a look, I would be happy to send the note and speak briefly about the round,
2026-06-22 15:24:21 [INFO   ] PROGRESS |   the platform, and the type of strategic investors we are looking for.
2026-06-22 15:24:21 [INFO   ] PROGRESS |   Please reply to this email or call me if you would like to explore it.
2026-06-22 15:24:21 [INFO   ] PROGRESS |   Warm Regards,
2026-06-22 15:24:21 [INFO   ] PROGRESS |   Sandeep Jain
2026-06-22 15:24:21 [INFO   ] PROGRESS |   Founder, PlacementHub
2026-06-22 15:24:21 [INFO   ] PROGRESS |   +91-9860090620
2026-06-22 15:24:21 [INFO   ] PROGRESS |   sandeepjain200019@gmail.com
2026-06-22 15:24:21 [INFO   ] PROGRESS |   Detailed Profile
2026-06-22 15:24:21 [INFO   ] PROGRESS |   Detailed Note on Funding Requirement
2026-06-22 15:24:21 [INFO   ] --------------------------------------------------------------
2026-06-22 15:24:21 [INFO   ] 
2026-06-22 15:24:21 [INFO   ] 
2026-06-22 15:24:21 [INFO   ] PROGRESS | Email preview — To: rahulkdayama@gmail.com | Subject: PlacementHub pre-seed intro with RAHUL KISHOR DAYAMA
2026-06-22 15:24:22 [INFO   ] SENT (Brevo) -> rahulkdayama@gmail.com (RAHUL KISHOR DAYAMA) | PlacementHub pre-seed intro with RAHUL KISHOR DAYAMA | messageId=<202606220954.30366150838@smtp-relay.mailin.fr> (API accepted; run audit-brevo to confirm delivery)
2026-06-22 15:24:22 [INFO   ] Sleeping for 10 seconds
2026-06-22 15:24:32 [INFO   ] PROGRESS | Send 42/50 | SENT | rahulkdayama@gmail.com | RAHUL KISHOR DAYAMA [Chartered Accountants & Company Secretaries] | ok=40 fail=2 skip=0
2026-06-22 15:24:32 [INFO   ] PROGRESS | Send 43/50 | SENDING | cadhavalgori@gmail.com | DHAVAL VITHALDAS BHANUSHALI [Chartered Accountants & Company Secretaries] | ok=40 fail=2 skip=0
2026-06-22 15:24:42 [INFO   ] --------------------------------------------------------------
2026-06-22 15:24:42 [INFO   ] PROGRESS | Email content — To: cadhavalgori@gmail.com
2026-06-22 15:24:42 [INFO   ] PROGRESS | Subject: PlacementHub pre-seed intro with DHAVAL VITHALDAS BHANUSHALI
2026-06-22 15:24:42 [INFO   ] PROGRESS | Body:
2026-06-22 15:24:42 [INFO   ] PROGRESS |   Dear Sir/Madam,
2026-06-22 15:24:42 [INFO   ] PROGRESS |   I am reaching out to introduce PlacementHub and explore whether any of your investor, entrepreneur, or
2026-06-22 15:24:42 [INFO   ] PROGRESS |   HNI clients may be open to reviewing a strategic seed opportunity.
2026-06-22 15:24:42 [INFO   ] PROGRESS |   My name is Sandeep Jain. PlacementHub is currently in its pre-seed fundraising stage, and I am
2026-06-22 15:24:42 [INFO   ] PROGRESS |   soliciting strategic seed investment for the same. PlacementHub is a campus placement and employability
2026-06-22 15:24:42 [INFO   ] PROGRESS |   platform connecting students, colleges, and recruiters. The product is built and in early
2026-06-22 15:24:42 [INFO   ] PROGRESS |   commercialization.
2026-06-22 15:24:42 [INFO   ] PROGRESS |   For reference, the detailed business plan, including the business model and go-to-market strategies, is
2026-06-22 15:24:42 [INFO   ] PROGRESS |   available here:
2026-06-22 15:24:42 [INFO   ] PROGRESS |   PlacementHub Business Plan
2026-06-22 15:24:42 [INFO   ] PROGRESS |   For a Chartered Accountant firm, the relevance is mainly professional and strategic:
2026-06-22 15:24:42 [INFO   ] PROGRESS |   PlacementHub may require support across accounting, taxation, compliance, payroll, investor documentation, audit, and related professional services.
2026-06-22 15:24:42 [INFO   ] PROGRESS |   I would naturally be pleased to consider and prioritize firms that support PlacementHub during its early growth phase, subject to suitability and mutual agreement.
2026-06-22 15:24:42 [INFO   ] PROGRESS |   The relationship can begin with a simple review of the investment note and, where appropriate, introductions to suitable investor clients.
2026-06-22 15:24:42 [INFO   ] PROGRESS |   If the opportunity is worth a look, I would be happy to send the note and speak briefly about the round,
2026-06-22 15:24:42 [INFO   ] PROGRESS |   the platform, and the type of strategic investors we are looking for.
2026-06-22 15:24:42 [INFO   ] PROGRESS |   Please reply to this email or call me if you would like to explore it.
2026-06-22 15:24:42 [INFO   ] PROGRESS |   Warm Regards,
2026-06-22 15:24:42 [INFO   ] PROGRESS |   Sandeep Jain
2026-06-22 15:24:42 [INFO   ] PROGRESS |   Founder, PlacementHub
2026-06-22 15:24:42 [INFO   ] PROGRESS |   +91-9860090620
2026-06-22 15:24:42 [INFO   ] PROGRESS |   sandeepjain200019@gmail.com
2026-06-22 15:24:42 [INFO   ] PROGRESS |   Detailed Profile
2026-06-22 15:24:42 [INFO   ] PROGRESS |   Detailed Note on Funding Requirement
2026-06-22 15:24:42 [INFO   ] --------------------------------------------------------------
2026-06-22 15:24:42 [INFO   ] 
2026-06-22 15:24:42 [INFO   ] 
2026-06-22 15:24:42 [INFO   ] PROGRESS | Email preview — To: cadhavalgori@gmail.com | Subject: PlacementHub pre-seed intro with DHAVAL VITHALDAS BHANUSHALI
2026-06-22 15:24:44 [INFO   ] SENT (Brevo) -> cadhavalgori@gmail.com (DHAVAL VITHALDAS BHANUSHALI) | PlacementHub pre-seed intro with DHAVAL VITHALDAS BHANUSHALI | messageId=<202606220954.75455416236@smtp-relay.mailin.fr> (API accepted; run audit-brevo to confirm delivery)
2026-06-22 15:24:44 [INFO   ] Sleeping for 10 seconds
2026-06-22 15:24:54 [INFO   ] PROGRESS | Send 43/50 | SENT | cadhavalgori@gmail.com | DHAVAL VITHALDAS BHANUSHALI [Chartered Accountants & Company Secretaries] | ok=41 fail=2 skip=0
2026-06-22 15:24:54 [INFO   ] PROGRESS | Send 44/50 | SENDING | bhupen_lakdawala@hotmail.com | LAKDAWALA BHUPENDRA BABUBHAI [Chartered Accountants & Company Secretaries] | ok=41 fail=2 skip=0
2026-06-22 15:25:00 [INFO   ] --------------------------------------------------------------
2026-06-22 15:25:00 [INFO   ] PROGRESS | Email content — To: bhupen_lakdawala@hotmail.com
2026-06-22 15:25:00 [INFO   ] PROGRESS | Subject: PlacementHub pre-seed intro with LAKDAWALA BHUPENDRA BABUBHAI
2026-06-22 15:25:00 [INFO   ] PROGRESS | Body:
2026-06-22 15:25:00 [INFO   ] PROGRESS |   Dear Sir/Madam,
2026-06-22 15:25:00 [INFO   ] PROGRESS |   I am reaching out to introduce PlacementHub and explore whether any of your investor, entrepreneur, or
2026-06-22 15:25:00 [INFO   ] PROGRESS |   HNI clients may be open to reviewing a strategic seed opportunity.
2026-06-22 15:25:00 [INFO   ] PROGRESS |   My name is Sandeep Jain. PlacementHub is currently in its pre-seed fundraising stage, and I am
2026-06-22 15:25:00 [INFO   ] PROGRESS |   soliciting strategic seed investment for the same. PlacementHub is a campus placement and employability
2026-06-22 15:25:00 [INFO   ] PROGRESS |   platform connecting students, colleges, and recruiters. The product is built and in early
2026-06-22 15:25:00 [INFO   ] PROGRESS |   commercialization.
2026-06-22 15:25:00 [INFO   ] PROGRESS |   For reference, the detailed business plan, including the business model and go-to-market strategies, is
2026-06-22 15:25:00 [INFO   ] PROGRESS |   available here:
2026-06-22 15:25:00 [INFO   ] PROGRESS |   PlacementHub Business Plan
2026-06-22 15:25:00 [INFO   ] PROGRESS |   For a Chartered Accountant firm, the relevance is mainly professional and strategic:
2026-06-22 15:25:00 [INFO   ] PROGRESS |   PlacementHub may require support across accounting, taxation, compliance, payroll, investor documentation, audit, and related professional services.
2026-06-22 15:25:00 [INFO   ] PROGRESS |   I would naturally be pleased to consider and prioritize firms that support PlacementHub during its early growth phase, subject to suitability and mutual agreement.
2026-06-22 15:25:00 [INFO   ] PROGRESS |   The relationship can begin with a simple review of the investment note and, where appropriate, introductions to suitable investor clients.
2026-06-22 15:25:00 [INFO   ] PROGRESS |   If the opportunity is worth a look, I would be happy to send the note and speak briefly about the round,
2026-06-22 15:25:00 [INFO   ] PROGRESS |   the platform, and the type of strategic investors we are looking for.
2026-06-22 15:25:00 [INFO   ] PROGRESS |   Please reply to this email or call me if you would like to explore it.
2026-06-22 15:25:00 [INFO   ] PROGRESS |   Warm Regards,
2026-06-22 15:25:00 [INFO   ] PROGRESS |   Sandeep Jain
2026-06-22 15:25:00 [INFO   ] PROGRESS |   Founder, PlacementHub
2026-06-22 15:25:00 [INFO   ] PROGRESS |   +91-9860090620
2026-06-22 15:25:00 [INFO   ] PROGRESS |   sandeepjain200019@gmail.com
2026-06-22 15:25:00 [INFO   ] PROGRESS |   Detailed Profile
2026-06-22 15:25:00 [INFO   ] PROGRESS |   Detailed Note on Funding Requirement
2026-06-22 15:25:00 [INFO   ] --------------------------------------------------------------
2026-06-22 15:25:00 [INFO   ] 
2026-06-22 15:25:00 [INFO   ] 
2026-06-22 15:25:00 [INFO   ] PROGRESS | Email preview — To: bhupen_lakdawala@hotmail.com | Subject: PlacementHub pre-seed intro with LAKDAWALA BHUPENDRA BABUBHAI
2026-06-22 15:25:02 [INFO   ] SENT (Brevo) -> bhupen_lakdawala@hotmail.com (LAKDAWALA BHUPENDRA BABUBHAI) | PlacementHub pre-seed intro with LAKDAWALA BHUPENDRA BABUBHAI | messageId=<202606220955.57280443118@smtp-relay.mailin.fr> (API accepted; run audit-brevo to confirm delivery)
2026-06-22 15:25:02 [INFO   ] Sleeping for 10 seconds
2026-06-22 15:25:12 [INFO   ] PROGRESS | Send 44/50 | SENT | bhupen_lakdawala@hotmail.com | LAKDAWALA BHUPENDRA BABUBHAI [Chartered Accountants & Company Secretaries] | ok=42 fail=2 skip=0
2026-06-22 15:25:12 [INFO   ] PROGRESS | Send 45/50 | SENDING | caektajain10@gmail.com | EKTA ABHISHEK SINGHAL [Chartered Accountants & Company Secretaries] | ok=42 fail=2 skip=0
2026-06-22 15:25:15 [INFO   ] --------------------------------------------------------------
2026-06-22 15:25:15 [INFO   ] PROGRESS | Email content — To: caektajain10@gmail.com
2026-06-22 15:25:15 [INFO   ] PROGRESS | Subject: PlacementHub pre-seed intro with EKTA ABHISHEK SINGHAL
2026-06-22 15:25:15 [INFO   ] PROGRESS | Body:
2026-06-22 15:25:15 [INFO   ] PROGRESS |   Dear Sir/Madam,
2026-06-22 15:25:15 [INFO   ] PROGRESS |   I am reaching out to introduce PlacementHub and explore whether any of your investor, entrepreneur, or
2026-06-22 15:25:15 [INFO   ] PROGRESS |   HNI clients may be open to reviewing a strategic seed opportunity.
2026-06-22 15:25:15 [INFO   ] PROGRESS |   My name is Sandeep Jain. PlacementHub is currently in its pre-seed fundraising stage, and I am
2026-06-22 15:25:15 [INFO   ] PROGRESS |   soliciting strategic seed investment for the same. PlacementHub is a campus placement and employability
2026-06-22 15:25:15 [INFO   ] PROGRESS |   platform connecting students, colleges, and recruiters. The product is built and in early
2026-06-22 15:25:15 [INFO   ] PROGRESS |   commercialization.
2026-06-22 15:25:15 [INFO   ] PROGRESS |   For reference, the detailed business plan, including the business model and go-to-market strategies, is
2026-06-22 15:25:15 [INFO   ] PROGRESS |   available here:
2026-06-22 15:25:15 [INFO   ] PROGRESS |   PlacementHub Business Plan
2026-06-22 15:25:15 [INFO   ] PROGRESS |   For a Chartered Accountant firm, the relevance is mainly professional and strategic:
2026-06-22 15:25:15 [INFO   ] PROGRESS |   PlacementHub may require support across accounting, taxation, compliance, payroll, investor documentation, audit, and related professional services.
2026-06-22 15:25:15 [INFO   ] PROGRESS |   I would naturally be pleased to consider and prioritize firms that support PlacementHub during its early growth phase, subject to suitability and mutual agreement.
2026-06-22 15:25:15 [INFO   ] PROGRESS |   The relationship can begin with a simple review of the investment note and, where appropriate, introductions to suitable investor clients.
2026-06-22 15:25:15 [INFO   ] PROGRESS |   If the opportunity is worth a look, I would be happy to send the note and speak briefly about the round,
2026-06-22 15:25:15 [INFO   ] PROGRESS |   the platform, and the type of strategic investors we are looking for.
2026-06-22 15:25:15 [INFO   ] PROGRESS |   Please reply to this email or call me if you would like to explore it.
2026-06-22 15:25:15 [INFO   ] PROGRESS |   Warm Regards,
2026-06-22 15:25:15 [INFO   ] PROGRESS |   Sandeep Jain
2026-06-22 15:25:15 [INFO   ] PROGRESS |   Founder, PlacementHub
2026-06-22 15:25:15 [INFO   ] PROGRESS |   +91-9860090620
2026-06-22 15:25:15 [INFO   ] PROGRESS |   sandeepjain200019@gmail.com
2026-06-22 15:25:15 [INFO   ] PROGRESS |   Detailed Profile
2026-06-22 15:25:15 [INFO   ] PROGRESS |   Detailed Note on Funding Requirement
2026-06-22 15:25:15 [INFO   ] --------------------------------------------------------------
2026-06-22 15:25:15 [INFO   ] 
2026-06-22 15:25:15 [INFO   ] 
2026-06-22 15:25:15 [INFO   ] PROGRESS | Email preview — To: caektajain10@gmail.com | Subject: PlacementHub pre-seed intro with EKTA ABHISHEK SINGHAL
2026-06-22 15:25:16 [INFO   ] SENT (Brevo) -> caektajain10@gmail.com (EKTA ABHISHEK SINGHAL) | PlacementHub pre-seed intro with EKTA ABHISHEK SINGHAL | messageId=<202606220955.66258283169@smtp-relay.mailin.fr> (API accepted; run audit-brevo to confirm delivery)
2026-06-22 15:25:16 [INFO   ] Sleeping for 10 seconds
2026-06-22 15:25:26 [INFO   ] PROGRESS | Send 45/50 | SENT | caektajain10@gmail.com | EKTA ABHISHEK SINGHAL [Chartered Accountants & Company Secretaries] | ok=43 fail=2 skip=0
2026-06-22 15:25:26 [INFO   ] PROGRESS | Send 46/50 | SENDING | phangekar@yahoo.com | PARAG RAMAN HANGEKAR [Chartered Accountants & Company Secretaries] | ok=43 fail=2 skip=0
2026-06-22 15:25:36 [INFO   ] --------------------------------------------------------------
2026-06-22 15:25:36 [INFO   ] PROGRESS | Email content — To: phangekar@yahoo.com
2026-06-22 15:25:36 [INFO   ] PROGRESS | Subject: PlacementHub pre-seed intro with PARAG RAMAN HANGEKAR
2026-06-22 15:25:36 [INFO   ] PROGRESS | Body:
2026-06-22 15:25:36 [INFO   ] PROGRESS |   Dear Sir/Madam,
2026-06-22 15:25:36 [INFO   ] PROGRESS |   I am reaching out to introduce PlacementHub and explore whether any of your investor, entrepreneur, or
2026-06-22 15:25:36 [INFO   ] PROGRESS |   HNI clients may be open to reviewing a strategic seed opportunity.
2026-06-22 15:25:36 [INFO   ] PROGRESS |   My name is Sandeep Jain. PlacementHub is currently in its pre-seed fundraising stage, and I am
2026-06-22 15:25:36 [INFO   ] PROGRESS |   soliciting strategic seed investment for the same. PlacementHub is a campus placement and employability
2026-06-22 15:25:36 [INFO   ] PROGRESS |   platform connecting students, colleges, and recruiters. The product is built and in early
2026-06-22 15:25:36 [INFO   ] PROGRESS |   commercialization.
2026-06-22 15:25:36 [INFO   ] PROGRESS |   For reference, the detailed business plan, including the business model and go-to-market strategies, is
2026-06-22 15:25:36 [INFO   ] PROGRESS |   available here:
2026-06-22 15:25:36 [INFO   ] PROGRESS |   PlacementHub Business Plan
2026-06-22 15:25:36 [INFO   ] PROGRESS |   For a Chartered Accountant firm, the relevance is mainly professional and strategic:
2026-06-22 15:25:36 [INFO   ] PROGRESS |   PlacementHub may require support across accounting, taxation, compliance, payroll, investor documentation, audit, and related professional services.
2026-06-22 15:25:36 [INFO   ] PROGRESS |   I would naturally be pleased to consider and prioritize firms that support PlacementHub during its early growth phase, subject to suitability and mutual agreement.
2026-06-22 15:25:36 [INFO   ] PROGRESS |   The relationship can begin with a simple review of the investment note and, where appropriate, introductions to suitable investor clients.
2026-06-22 15:25:36 [INFO   ] PROGRESS |   If the opportunity is worth a look, I would be happy to send the note and speak briefly about the round,
2026-06-22 15:25:36 [INFO   ] PROGRESS |   the platform, and the type of strategic investors we are looking for.
2026-06-22 15:25:36 [INFO   ] PROGRESS |   Please reply to this email or call me if you would like to explore it.
2026-06-22 15:25:36 [INFO   ] PROGRESS |   Warm Regards,
2026-06-22 15:25:36 [INFO   ] PROGRESS |   Sandeep Jain
2026-06-22 15:25:36 [INFO   ] PROGRESS |   Founder, PlacementHub
2026-06-22 15:25:36 [INFO   ] PROGRESS |   +91-9860090620
2026-06-22 15:25:36 [INFO   ] PROGRESS |   sandeepjain200019@gmail.com
2026-06-22 15:25:36 [INFO   ] PROGRESS |   Detailed Profile
2026-06-22 15:25:36 [INFO   ] PROGRESS |   Detailed Note on Funding Requirement
2026-06-22 15:25:36 [INFO   ] --------------------------------------------------------------
2026-06-22 15:25:36 [INFO   ] 
2026-06-22 15:25:36 [INFO   ] 
2026-06-22 15:25:36 [INFO   ] PROGRESS | Email preview — To: phangekar@yahoo.com | Subject: PlacementHub pre-seed intro with PARAG RAMAN HANGEKAR
2026-06-22 15:25:37 [INFO   ] SENT (Brevo) -> phangekar@yahoo.com (PARAG RAMAN HANGEKAR) | PlacementHub pre-seed intro with PARAG RAMAN HANGEKAR | messageId=<202606220955.21789037253@smtp-relay.mailin.fr> (API accepted; run audit-brevo to confirm delivery)
2026-06-22 15:25:37 [INFO   ] Sleeping for 10 seconds
2026-06-22 15:25:47 [INFO   ] PROGRESS | Send 46/50 | SENT | phangekar@yahoo.com | PARAG RAMAN HANGEKAR [Chartered Accountants & Company Secretaries] | ok=44 fail=2 skip=0
2026-06-22 15:25:47 [INFO   ] PROGRESS | Send 47/50 | SENDING | jainaditya12@yahoo.co.in | ADITYA JAIN [Chartered Accountants & Company Secretaries] | ok=44 fail=2 skip=0
2026-06-22 15:25:51 [INFO   ] --------------------------------------------------------------
2026-06-22 15:25:51 [INFO   ] PROGRESS | Email content — To: jainaditya12@yahoo.co.in
2026-06-22 15:25:51 [INFO   ] PROGRESS | Subject: PlacementHub pre-seed intro with ADITYA JAIN
2026-06-22 15:25:51 [INFO   ] PROGRESS | Body:
2026-06-22 15:25:51 [INFO   ] PROGRESS |   Dear Sir/Madam,
2026-06-22 15:25:51 [INFO   ] PROGRESS |   I am reaching out to introduce PlacementHub and explore whether any of your investor, entrepreneur, or
2026-06-22 15:25:51 [INFO   ] PROGRESS |   HNI clients may be open to reviewing a strategic seed opportunity.
2026-06-22 15:25:51 [INFO   ] PROGRESS |   My name is Sandeep Jain. PlacementHub is currently in its pre-seed fundraising stage, and I am
2026-06-22 15:25:51 [INFO   ] PROGRESS |   soliciting strategic seed investment for the same. PlacementHub is a campus placement and employability
2026-06-22 15:25:51 [INFO   ] PROGRESS |   platform connecting students, colleges, and recruiters. The product is built and in early
2026-06-22 15:25:51 [INFO   ] PROGRESS |   commercialization.
2026-06-22 15:25:51 [INFO   ] PROGRESS |   For reference, the detailed business plan, including the business model and go-to-market strategies, is
2026-06-22 15:25:51 [INFO   ] PROGRESS |   available here:
2026-06-22 15:25:51 [INFO   ] PROGRESS |   PlacementHub Business Plan
2026-06-22 15:25:51 [INFO   ] PROGRESS |   For a Chartered Accountant firm, the relevance is mainly professional and strategic:
2026-06-22 15:25:51 [INFO   ] PROGRESS |   PlacementHub may require support across accounting, taxation, compliance, payroll, investor documentation, audit, and related professional services.
2026-06-22 15:25:51 [INFO   ] PROGRESS |   I would naturally be pleased to consider and prioritize firms that support PlacementHub during its early growth phase, subject to suitability and mutual agreement.
2026-06-22 15:25:51 [INFO   ] PROGRESS |   The relationship can begin with a simple review of the investment note and, where appropriate, introductions to suitable investor clients.
2026-06-22 15:25:51 [INFO   ] PROGRESS |   If the opportunity is worth a look, I would be happy to send the note and speak briefly about the round,
2026-06-22 15:25:51 [INFO   ] PROGRESS |   the platform, and the type of strategic investors we are looking for.
2026-06-22 15:25:51 [INFO   ] PROGRESS |   Please reply to this email or call me if you would like to explore it.
2026-06-22 15:25:51 [INFO   ] PROGRESS |   Warm Regards,
2026-06-22 15:25:51 [INFO   ] PROGRESS |   Sandeep Jain
2026-06-22 15:25:51 [INFO   ] PROGRESS |   Founder, PlacementHub
2026-06-22 15:25:51 [INFO   ] PROGRESS |   +91-9860090620
2026-06-22 15:25:51 [INFO   ] PROGRESS |   sandeepjain200019@gmail.com
2026-06-22 15:25:51 [INFO   ] PROGRESS |   Detailed Profile
2026-06-22 15:25:51 [INFO   ] PROGRESS |   Detailed Note on Funding Requirement
2026-06-22 15:25:51 [INFO   ] --------------------------------------------------------------
2026-06-22 15:25:51 [INFO   ] 
2026-06-22 15:25:51 [INFO   ] 
2026-06-22 15:25:51 [INFO   ] PROGRESS | Email preview — To: jainaditya12@yahoo.co.in | Subject: PlacementHub pre-seed intro with ADITYA JAIN
2026-06-22 15:25:52 [INFO   ] SENT (Brevo) -> jainaditya12@yahoo.co.in (ADITYA JAIN) | PlacementHub pre-seed intro with ADITYA JAIN | messageId=<202606220955.59158506804@smtp-relay.mailin.fr> (API accepted; run audit-brevo to confirm delivery)
2026-06-22 15:25:52 [INFO   ] Sleeping for 10 seconds
2026-06-22 15:26:02 [INFO   ] PROGRESS | Send 47/50 | SENT | jainaditya12@yahoo.co.in | ADITYA JAIN [Chartered Accountants & Company Secretaries] | ok=45 fail=2 skip=0
2026-06-22 15:26:02 [INFO   ] PROGRESS | Send 48/50 | SENDING | deeptimangal10@gmail.com | DIPTI VAIBHAV JHUNJHUNWALA [Chartered Accountants & Company Secretaries] | ok=45 fail=2 skip=0
2026-06-22 15:26:09 [INFO   ] --------------------------------------------------------------
2026-06-22 15:26:09 [INFO   ] PROGRESS | Email content — To: deeptimangal10@gmail.com
2026-06-22 15:26:09 [INFO   ] PROGRESS | Subject: PlacementHub pre-seed intro with DIPTI VAIBHAV JHUNJHUNWALA
2026-06-22 15:26:09 [INFO   ] PROGRESS | Body:
2026-06-22 15:26:09 [INFO   ] PROGRESS |   Dear Sir/Madam,
2026-06-22 15:26:09 [INFO   ] PROGRESS |   I am reaching out to introduce PlacementHub and explore whether any of your investor, entrepreneur, or
2026-06-22 15:26:09 [INFO   ] PROGRESS |   HNI clients may be open to reviewing a strategic seed opportunity.
2026-06-22 15:26:09 [INFO   ] PROGRESS |   My name is Sandeep Jain. PlacementHub is currently in its pre-seed fundraising stage, and I am
2026-06-22 15:26:09 [INFO   ] PROGRESS |   soliciting strategic seed investment for the same. PlacementHub is a campus placement and employability
2026-06-22 15:26:09 [INFO   ] PROGRESS |   platform connecting students, colleges, and recruiters. The product is built and in early
2026-06-22 15:26:09 [INFO   ] PROGRESS |   commercialization.
2026-06-22 15:26:09 [INFO   ] PROGRESS |   For reference, the detailed business plan, including the business model and go-to-market strategies, is
2026-06-22 15:26:09 [INFO   ] PROGRESS |   available here:
2026-06-22 15:26:09 [INFO   ] PROGRESS |   PlacementHub Business Plan
2026-06-22 15:26:09 [INFO   ] PROGRESS |   For a Chartered Accountant firm, the relevance is mainly professional and strategic:
2026-06-22 15:26:09 [INFO   ] PROGRESS |   PlacementHub may require support across accounting, taxation, compliance, payroll, investor documentation, audit, and related professional services.
2026-06-22 15:26:09 [INFO   ] PROGRESS |   I would naturally be pleased to consider and prioritize firms that support PlacementHub during its early growth phase, subject to suitability and mutual agreement.
2026-06-22 15:26:09 [INFO   ] PROGRESS |   The relationship can begin with a simple review of the investment note and, where appropriate, introductions to suitable investor clients.
2026-06-22 15:26:09 [INFO   ] PROGRESS |   If the opportunity is worth a look, I would be happy to send the note and speak briefly about the round,
2026-06-22 15:26:09 [INFO   ] PROGRESS |   the platform, and the type of strategic investors we are looking for.
2026-06-22 15:26:09 [INFO   ] PROGRESS |   Please reply to this email or call me if you would like to explore it.
2026-06-22 15:26:09 [INFO   ] PROGRESS |   Warm Regards,
2026-06-22 15:26:09 [INFO   ] PROGRESS |   Sandeep Jain
2026-06-22 15:26:09 [INFO   ] PROGRESS |   Founder, PlacementHub
2026-06-22 15:26:09 [INFO   ] PROGRESS |   +91-9860090620
2026-06-22 15:26:09 [INFO   ] PROGRESS |   sandeepjain200019@gmail.com
2026-06-22 15:26:09 [INFO   ] PROGRESS |   Detailed Profile
2026-06-22 15:26:09 [INFO   ] PROGRESS |   Detailed Note on Funding Requirement
2026-06-22 15:26:09 [INFO   ] --------------------------------------------------------------
2026-06-22 15:26:09 [INFO   ] 
2026-06-22 15:26:09 [INFO   ] 
2026-06-22 15:26:09 [INFO   ] PROGRESS | Email preview — To: deeptimangal10@gmail.com | Subject: PlacementHub pre-seed intro with DIPTI VAIBHAV JHUNJHUNWALA
2026-06-22 15:26:11 [INFO   ] SENT (Brevo) -> deeptimangal10@gmail.com (DIPTI VAIBHAV JHUNJHUNWALA) | PlacementHub pre-seed intro with DIPTI VAIBHAV JHUNJHUNWALA | messageId=<202606220956.85603989586@smtp-relay.mailin.fr> (API accepted; run audit-brevo to confirm delivery)
2026-06-22 15:26:11 [INFO   ] Sleeping for 10 seconds
2026-06-22 15:26:21 [INFO   ] PROGRESS | Send 48/50 | SENT | deeptimangal10@gmail.com | DIPTI VAIBHAV JHUNJHUNWALA [Chartered Accountants & Company Secretaries] | ok=46 fail=2 skip=0
2026-06-22 15:26:21 [INFO   ] PROGRESS | Send 49/50 | SENDING | svvcafirm@gmail.com | SNEHA SAGAR PATIL [Chartered Accountants & Company Secretaries] | ok=46 fail=2 skip=0
2026-06-22 15:26:34 [INFO   ] --------------------------------------------------------------
2026-06-22 15:26:34 [INFO   ] PROGRESS | Email content — To: svvcafirm@gmail.com
2026-06-22 15:26:34 [INFO   ] PROGRESS | Subject: PlacementHub pre-seed intro with SNEHA SAGAR PATIL
2026-06-22 15:26:34 [INFO   ] PROGRESS | Body:
2026-06-22 15:26:34 [INFO   ] PROGRESS |   Dear Sir/Madam,
2026-06-22 15:26:34 [INFO   ] PROGRESS |   I am reaching out to introduce PlacementHub and explore whether any of your investor, entrepreneur, or
2026-06-22 15:26:34 [INFO   ] PROGRESS |   HNI clients may be open to reviewing a strategic seed opportunity.
2026-06-22 15:26:34 [INFO   ] PROGRESS |   My name is Sandeep Jain. PlacementHub is currently in its pre-seed fundraising stage, and I am
2026-06-22 15:26:34 [INFO   ] PROGRESS |   soliciting strategic seed investment for the same. PlacementHub is a campus placement and employability
2026-06-22 15:26:34 [INFO   ] PROGRESS |   platform connecting students, colleges, and recruiters. The product is built and in early
2026-06-22 15:26:34 [INFO   ] PROGRESS |   commercialization.
2026-06-22 15:26:34 [INFO   ] PROGRESS |   For reference, the detailed business plan, including the business model and go-to-market strategies, is
2026-06-22 15:26:34 [INFO   ] PROGRESS |   available here:
2026-06-22 15:26:34 [INFO   ] PROGRESS |   PlacementHub Business Plan
2026-06-22 15:26:34 [INFO   ] PROGRESS |   For a Chartered Accountant firm, the relevance is mainly professional and strategic:
2026-06-22 15:26:34 [INFO   ] PROGRESS |   PlacementHub may require support across accounting, taxation, compliance, payroll, investor documentation, audit, and related professional services.
2026-06-22 15:26:34 [INFO   ] PROGRESS |   I would naturally be pleased to consider and prioritize firms that support PlacementHub during its early growth phase, subject to suitability and mutual agreement.
2026-06-22 15:26:34 [INFO   ] PROGRESS |   The relationship can begin with a simple review of the investment note and, where appropriate, introductions to suitable investor clients.
2026-06-22 15:26:34 [INFO   ] PROGRESS |   If the opportunity is worth a look, I would be happy to send the note and speak briefly about the round,
2026-06-22 15:26:34 [INFO   ] PROGRESS |   the platform, and the type of strategic investors we are looking for.
2026-06-22 15:26:34 [INFO   ] PROGRESS |   Please reply to this email or call me if you would like to explore it.
2026-06-22 15:26:34 [INFO   ] PROGRESS |   Warm Regards,
2026-06-22 15:26:34 [INFO   ] PROGRESS |   Sandeep Jain
2026-06-22 15:26:34 [INFO   ] PROGRESS |   Founder, PlacementHub
2026-06-22 15:26:34 [INFO   ] PROGRESS |   +91-9860090620
2026-06-22 15:26:34 [INFO   ] PROGRESS |   sandeepjain200019@gmail.com
2026-06-22 15:26:34 [INFO   ] PROGRESS |   Detailed Profile
2026-06-22 15:26:34 [INFO   ] PROGRESS |   Detailed Note on Funding Requirement
2026-06-22 15:26:34 [INFO   ] --------------------------------------------------------------
2026-06-22 15:26:34 [INFO   ] 
2026-06-22 15:26:34 [INFO   ] 
2026-06-22 15:26:34 [INFO   ] PROGRESS | Email preview — To: svvcafirm@gmail.com | Subject: PlacementHub pre-seed intro with SNEHA SAGAR PATIL
2026-06-22 15:26:36 [INFO   ] SENT (Brevo) -> svvcafirm@gmail.com (SNEHA SAGAR PATIL) | PlacementHub pre-seed intro with SNEHA SAGAR PATIL | messageId=<202606220956.26562047893@smtp-relay.mailin.fr> (API accepted; run audit-brevo to confirm delivery)
2026-06-22 15:26:36 [INFO   ] Sleeping for 10 seconds
2026-06-22 15:26:46 [INFO   ] PROGRESS | Send 49/50 | SENT | svvcafirm@gmail.com | SNEHA SAGAR PATIL [Chartered Accountants & Company Secretaries] | ok=47 fail=2 skip=0
2026-06-22 15:26:46 [INFO   ] PROGRESS | Send 50/50 | SENDING | dhirav@gmail.com | DHIRAV VIPUL SANGOI [Chartered Accountants & Company Secretaries] | ok=47 fail=2 skip=0
2026-06-22 15:27:16 [WARNING] NVIDIA call failed (attempt 1/5): The read operation timed out — rotating key.
2026-06-22 15:27:25 [INFO   ] --------------------------------------------------------------
2026-06-22 15:27:25 [INFO   ] PROGRESS | Email content — To: dhirav@gmail.com
2026-06-22 15:27:25 [INFO   ] PROGRESS | Subject: PlacementHub pre-seed intro with DHIRAV VIPUL SANGOI
2026-06-22 15:27:25 [INFO   ] PROGRESS | Body:
2026-06-22 15:27:25 [INFO   ] PROGRESS |   Dear Sir/Madam,
2026-06-22 15:27:25 [INFO   ] PROGRESS |   I am reaching out to introduce PlacementHub and explore whether any of your investor, entrepreneur, or
2026-06-22 15:27:25 [INFO   ] PROGRESS |   HNI clients may be open to reviewing a strategic seed opportunity.
2026-06-22 15:27:25 [INFO   ] PROGRESS |   My name is Sandeep Jain. PlacementHub is currently in its pre-seed fundraising stage, and I am
2026-06-22 15:27:25 [INFO   ] PROGRESS |   soliciting strategic seed investment for the same. PlacementHub is a campus placement and employability
2026-06-22 15:27:25 [INFO   ] PROGRESS |   platform connecting students, colleges, and recruiters. The product is built and in early
2026-06-22 15:27:25 [INFO   ] PROGRESS |   commercialization.
2026-06-22 15:27:25 [INFO   ] PROGRESS |   For reference, the detailed business plan, including the business model and go-to-market strategies, is
2026-06-22 15:27:25 [INFO   ] PROGRESS |   available here:
2026-06-22 15:27:25 [INFO   ] PROGRESS |   PlacementHub Business Plan
2026-06-22 15:27:25 [INFO   ] PROGRESS |   For a Chartered Accountant firm, the relevance is mainly professional and strategic:
2026-06-22 15:27:25 [INFO   ] PROGRESS |   PlacementHub may require support across accounting, taxation, compliance, payroll, investor documentation, audit, and related professional services.
2026-06-22 15:27:25 [INFO   ] PROGRESS |   I would naturally be pleased to consider and prioritize firms that support PlacementHub during its early growth phase, subject to suitability and mutual agreement.
2026-06-22 15:27:25 [INFO   ] PROGRESS |   The relationship can begin with a simple review of the investment note and, where appropriate, introductions to suitable investor clients.
2026-06-22 15:27:25 [INFO   ] PROGRESS |   If the opportunity is worth a look, I would be happy to send the note and speak briefly about the round,
2026-06-22 15:27:25 [INFO   ] PROGRESS |   the platform, and the type of strategic investors we are looking for.
2026-06-22 15:27:25 [INFO   ] PROGRESS |   Please reply to this email or call me if you would like to explore it.
2026-06-22 15:27:25 [INFO   ] PROGRESS |   Warm Regards,
2026-06-22 15:27:25 [INFO   ] PROGRESS |   Sandeep Jain
2026-06-22 15:27:25 [INFO   ] PROGRESS |   Founder, PlacementHub
2026-06-22 15:27:25 [INFO   ] PROGRESS |   +91-9860090620
2026-06-22 15:27:25 [INFO   ] PROGRESS |   sandeepjain200019@gmail.com
2026-06-22 15:27:25 [INFO   ] PROGRESS |   Detailed Profile
2026-06-22 15:27:25 [INFO   ] PROGRESS |   Detailed Note on Funding Requirement
2026-06-22 15:27:25 [INFO   ] --------------------------------------------------------------
2026-06-22 15:27:25 [INFO   ] 
2026-06-22 15:27:25 [INFO   ] 
2026-06-22 15:27:25 [INFO   ] PROGRESS | Email preview — To: dhirav@gmail.com | Subject: PlacementHub pre-seed intro with DHIRAV VIPUL SANGOI
2026-06-22 15:27:26 [INFO   ] SENT (Brevo) -> dhirav@gmail.com (DHIRAV VIPUL SANGOI) | PlacementHub pre-seed intro with DHIRAV VIPUL SANGOI | messageId=<202606220957.92887620306@smtp-relay.mailin.fr> (API accepted; run audit-brevo to confirm delivery)
2026-06-22 15:27:26 [INFO   ] Sleeping for 10 seconds
2026-06-22 15:27:36 [INFO   ] PROGRESS | Send 50/50 | SENT | dhirav@gmail.com | DHIRAV VIPUL SANGOI [Chartered Accountants & Company Secretaries] | ok=48 fail=2 skip=0
2026-06-22 15:27:42 [INFO   ] CA send complete: {'sent': 48, 'failed': 2, 'skipped': 0, 'queue_size': 50, 'ca_only': True, 'ca_bulk_unsent': 476, 'sent_ca_connect': 48, 'sent_by_industry': {'ca_cs_firms': 48}, 'send_limit': 50}
2026-06-22 15:27:42 [INFO   ] PROGRESS | Done — CA send — 48 sent, 2 failed, 428 unsent in ca_bulk.db
