2026-06-21 13:16:51 [INFO   ] Log file: C:\Users\sandeep\Downloads\Claudes\investment\logs\immigration_2026-06-21_13-16-51.log
2026-06-21 13:16:51 [INFO   ] 
2026-06-21 13:16:51 [INFO   ] ==============================================================
2026-06-21 13:16:51 [INFO   ] PROGRESS | Send — CA emails only (up to 50 from ca_bulk.db)
2026-06-21 13:16:51 [INFO   ] ==============================================================
2026-06-21 13:16:52 [INFO   ] Send transport: Brevo API (config: C:\Users\sandeep\Downloads\Claudes\investment\config\mail_config.json, template: C:\Users\sandeep\Downloads\Claudes\investment\templates\bodies\partnership.html, sender: sandeepjain200019@gmail.com)
2026-06-21 13:16:52 [INFO   ] CA-only send from ca_bulk.db — 670 unsent, up to 50 this run (caconnect.icai.org).
2026-06-21 13:16:57 [INFO   ] PROGRESS | Send plan — 50 recipient(s) in queue
2026-06-21 13:16:57 [INFO   ] PROGRESS | Send 1/50 | SENDING | constitution date | BATTULL AND ASSOCIATES LLP [Chartered Accountants & Company Secretaries] | ok=0 fail=0 skip=0
2026-06-21 13:16:57 [INFO   ] Loaded 41 NVIDIA API key(s) for rotation.
2026-06-21 13:16:59 [INFO   ] --------------------------------------------------------------
2026-06-21 13:16:59 [INFO   ] PROGRESS | Email content — To: constitution date
2026-06-21 13:16:59 [INFO   ] PROGRESS | Subject: PlacementHub pre-seed intro with BATTULL AND ASSOCIATES LLP
2026-06-21 13:16:59 [INFO   ] PROGRESS | Body:
2026-06-21 13:16:59 [INFO   ] PROGRESS |   Dear Sir/Madam,
2026-06-21 13:16:59 [INFO   ] PROGRESS |   I am reaching out to introduce PlacementHub and explore whether any of your investor, entrepreneur, or
2026-06-21 13:16:59 [INFO   ] PROGRESS |   HNI clients may be open to reviewing a strategic seed opportunity.
2026-06-21 13:16:59 [INFO   ] PROGRESS |   My name is Sandeep Jain. PlacementHub is currently in its pre-seed fundraising stage, and I am
2026-06-21 13:16:59 [INFO   ] PROGRESS |   soliciting strategic seed investment for the same. PlacementHub is a campus placement and employability
2026-06-21 13:16:59 [INFO   ] PROGRESS |   platform connecting students, colleges, and recruiters. The product is built and in early
2026-06-21 13:16:59 [INFO   ] PROGRESS |   commercialization.
2026-06-21 13:16:59 [INFO   ] PROGRESS |   For reference, the detailed business plan, including the business model and go-to-market strategies, is
2026-06-21 13:16:59 [INFO   ] PROGRESS |   available here:
2026-06-21 13:16:59 [INFO   ] PROGRESS |   PlacementHub Business Plan
2026-06-21 13:16:59 [INFO   ] PROGRESS |   For a Chartered Accountant firm, the relevance is mainly professional and strategic:
2026-06-21 13:16:59 [INFO   ] PROGRESS |   PlacementHub may require support across accounting, taxation, compliance, payroll, investor documentation, audit, and related professional services.
2026-06-21 13:16:59 [INFO   ] PROGRESS |   I would naturally be pleased to consider and prioritize firms that support PlacementHub during its early growth phase, subject to suitability and mutual agreement.
2026-06-21 13:16:59 [INFO   ] PROGRESS |   The relationship can begin with a simple review of the investment note and, where appropriate, introductions to suitable investor clients.
2026-06-21 13:16:59 [INFO   ] PROGRESS |   If the opportunity is worth a look, I would be happy to send the note and speak briefly about the round,
2026-06-21 13:16:59 [INFO   ] PROGRESS |   the platform, and the type of strategic investors we are looking for.
2026-06-21 13:16:59 [INFO   ] PROGRESS |   Please reply to this email or call me if you would like to explore it.
2026-06-21 13:16:59 [INFO   ] PROGRESS |   Warm Regards,
2026-06-21 13:16:59 [INFO   ] PROGRESS |   Sandeep Jain
2026-06-21 13:16:59 [INFO   ] PROGRESS |   Founder, PlacementHub
2026-06-21 13:16:59 [INFO   ] PROGRESS |   +91-9860090620
2026-06-21 13:16:59 [INFO   ] PROGRESS |   sandeepjain200019@gmail.com
2026-06-21 13:16:59 [INFO   ] PROGRESS |   Detailed Profile
2026-06-21 13:16:59 [INFO   ] PROGRESS |   Detailed Note on Funding Requirement
2026-06-21 13:16:59 [INFO   ] --------------------------------------------------------------
2026-06-21 13:16:59 [INFO   ] 
2026-06-21 13:16:59 [INFO   ] 
2026-06-21 13:16:59 [INFO   ] PROGRESS | Email preview — To: constitution date | Subject: PlacementHub pre-seed intro with BATTULL AND ASSOCIATES LLP
2026-06-21 13:17:00 [ERROR  ] Brevo send failed for constitution date: Brevo API send failed for constitution date: (400)
Reason: Bad Request
HTTP response headers: HTTPHeaderDict({'Date': 'Sun, 21 Jun 2026 07:47:01 GMT', 'Content-Type': 'application/json', 'Content-Length': '66', 'Connection': 'keep-alive', 'CF-RAY': 'a0f1671b28773c8d-CDG', 'x-envoy-upstream-service-time': '22', 'access-control-allow-credentials': 'true', 'sib-request-id': 'a906b573-324f-944a-926b-66b584d6b915', 'access-control-allow-origin': '*', 'access-control-allow-headers': '*', 'access-control-allow-methods': 'PUT, POST, GET, DELETE, PATCH, OPTIONS', 'x-sib-ratelimit-limit': '1000', 'x-sib-ratelimit-remaining': '999', 'x-sib-ratelimit-reset': '1', 'cf-cache-status': 'DYNAMIC', 'Set-Cookie': '_cfuvid=LZUQwq7FFqwzS0s8siycGFauRJG8kTefdTfL0AQEB3Y-1782028021026-0.0.1.1-604800000; path=/; domain=.sendinblue.com; HttpOnly; Secure; SameSite=None', 'Server': 'cloudflare'})
HTTP response body: {"code":"invalid_parameter","message":"email is not valid in to"}


2026-06-21 13:17:00 [INFO   ] PROGRESS | Send 1/50 | FAILED | constitution date | BATTULL AND ASSOCIATES LLP [Chartered Accountants & Company Secretaries] | ok=0 fail=1 skip=0
2026-06-21 13:17:00 [INFO   ] PROGRESS | Send 2/50 | SENDING | gopaltamhane@gmail.com | GOPAL TAMHANE & ASSOCIATES [Chartered Accountants & Company Secretaries] | ok=0 fail=1 skip=0
2026-06-21 13:17:02 [INFO   ] --------------------------------------------------------------
2026-06-21 13:17:02 [INFO   ] PROGRESS | Email content — To: gopaltamhane@gmail.com
2026-06-21 13:17:02 [INFO   ] PROGRESS | Subject: PlacementHub pre-seed intro with GOPAL TAMHANE & ASSOCIATES
2026-06-21 13:17:02 [INFO   ] PROGRESS | Body:
2026-06-21 13:17:02 [INFO   ] PROGRESS |   Dear Sir/Madam,
2026-06-21 13:17:02 [INFO   ] PROGRESS |   I am reaching out to introduce PlacementHub and explore whether any of your investor, entrepreneur, or
2026-06-21 13:17:02 [INFO   ] PROGRESS |   HNI clients may be open to reviewing a strategic seed opportunity.
2026-06-21 13:17:02 [INFO   ] PROGRESS |   My name is Sandeep Jain. PlacementHub is currently in its pre-seed fundraising stage, and I am
2026-06-21 13:17:02 [INFO   ] PROGRESS |   soliciting strategic seed investment for the same. PlacementHub is a campus placement and employability
2026-06-21 13:17:02 [INFO   ] PROGRESS |   platform connecting students, colleges, and recruiters. The product is built and in early
2026-06-21 13:17:02 [INFO   ] PROGRESS |   commercialization.
2026-06-21 13:17:02 [INFO   ] PROGRESS |   For reference, the detailed business plan, including the business model and go-to-market strategies, is
2026-06-21 13:17:02 [INFO   ] PROGRESS |   available here:
2026-06-21 13:17:02 [INFO   ] PROGRESS |   PlacementHub Business Plan
2026-06-21 13:17:02 [INFO   ] PROGRESS |   For a Chartered Accountant firm, the relevance is mainly professional and strategic:
2026-06-21 13:17:02 [INFO   ] PROGRESS |   PlacementHub may require support across accounting, taxation, compliance, payroll, investor documentation, audit, and related professional services.
2026-06-21 13:17:02 [INFO   ] PROGRESS |   I would naturally be pleased to consider and prioritize firms that support PlacementHub during its early growth phase, subject to suitability and mutual agreement.
2026-06-21 13:17:02 [INFO   ] PROGRESS |   The relationship can begin with a simple review of the investment note and, where appropriate, introductions to suitable investor clients.
2026-06-21 13:17:02 [INFO   ] PROGRESS |   If the opportunity is worth a look, I would be happy to send the note and speak briefly about the round,
2026-06-21 13:17:02 [INFO   ] PROGRESS |   the platform, and the type of strategic investors we are looking for.
2026-06-21 13:17:02 [INFO   ] PROGRESS |   Please reply to this email or call me if you would like to explore it.
2026-06-21 13:17:02 [INFO   ] PROGRESS |   Warm Regards,
2026-06-21 13:17:02 [INFO   ] PROGRESS |   Sandeep Jain
2026-06-21 13:17:02 [INFO   ] PROGRESS |   Founder, PlacementHub
2026-06-21 13:17:02 [INFO   ] PROGRESS |   +91-9860090620
2026-06-21 13:17:02 [INFO   ] PROGRESS |   sandeepjain200019@gmail.com
2026-06-21 13:17:02 [INFO   ] PROGRESS |   Detailed Profile
2026-06-21 13:17:02 [INFO   ] PROGRESS |   Detailed Note on Funding Requirement
2026-06-21 13:17:02 [INFO   ] --------------------------------------------------------------
2026-06-21 13:17:02 [INFO   ] 
2026-06-21 13:17:02 [INFO   ] 
2026-06-21 13:17:02 [INFO   ] PROGRESS | Email preview — To: gopaltamhane@gmail.com | Subject: PlacementHub pre-seed intro with GOPAL TAMHANE & ASSOCIATES
2026-06-21 13:17:03 [INFO   ] SENT (Brevo) -> gopaltamhane@gmail.com (GOPAL TAMHANE & ASSOCIATES) | PlacementHub pre-seed intro with GOPAL TAMHANE & ASSOCIATES | messageId=<202606210747.61012618273@smtp-relay.mailin.fr> (API accepted; run audit-brevo to confirm delivery)
2026-06-21 13:17:03 [INFO   ] Sleeping for 10 seconds
2026-06-21 13:17:13 [INFO   ] PROGRESS | Send 2/50 | SENT | gopaltamhane@gmail.com | GOPAL TAMHANE & ASSOCIATES [Chartered Accountants & Company Secretaries] | ok=1 fail=1 skip=0
2026-06-21 13:17:13 [INFO   ] PROGRESS | Send 3/50 | SENDING | caumesh@cabj.in | BADGUJAR JAGATAP & CO [Chartered Accountants & Company Secretaries] | ok=1 fail=1 skip=0
2026-06-21 13:17:23 [INFO   ] --------------------------------------------------------------
2026-06-21 13:17:23 [INFO   ] PROGRESS | Email content — To: caumesh@cabj.in
2026-06-21 13:17:23 [INFO   ] PROGRESS | Subject: PlacementHub pre-seed intro with BADGUJAR JAGATAP & CO
2026-06-21 13:17:23 [INFO   ] PROGRESS | Body:
2026-06-21 13:17:23 [INFO   ] PROGRESS |   Dear Sir/Madam,
2026-06-21 13:17:23 [INFO   ] PROGRESS |   I am reaching out to introduce PlacementHub and explore whether any of your investor, entrepreneur, or
2026-06-21 13:17:23 [INFO   ] PROGRESS |   HNI clients may be open to reviewing a strategic seed opportunity.
2026-06-21 13:17:23 [INFO   ] PROGRESS |   My name is Sandeep Jain. PlacementHub is currently in its pre-seed fundraising stage, and I am
2026-06-21 13:17:23 [INFO   ] PROGRESS |   soliciting strategic seed investment for the same. PlacementHub is a campus placement and employability
2026-06-21 13:17:23 [INFO   ] PROGRESS |   platform connecting students, colleges, and recruiters. The product is built and in early
2026-06-21 13:17:23 [INFO   ] PROGRESS |   commercialization.
2026-06-21 13:17:23 [INFO   ] PROGRESS |   For reference, the detailed business plan, including the business model and go-to-market strategies, is
2026-06-21 13:17:23 [INFO   ] PROGRESS |   available here:
2026-06-21 13:17:23 [INFO   ] PROGRESS |   PlacementHub Business Plan
2026-06-21 13:17:23 [INFO   ] PROGRESS |   For a Chartered Accountant firm, the relevance is mainly professional and strategic:
2026-06-21 13:17:23 [INFO   ] PROGRESS |   PlacementHub may require support across accounting, taxation, compliance, payroll, investor documentation, audit, and related professional services.
2026-06-21 13:17:23 [INFO   ] PROGRESS |   I would naturally be pleased to consider and prioritize firms that support PlacementHub during its early growth phase, subject to suitability and mutual agreement.
2026-06-21 13:17:23 [INFO   ] PROGRESS |   The relationship can begin with a simple review of the investment note and, where appropriate, introductions to suitable investor clients.
2026-06-21 13:17:23 [INFO   ] PROGRESS |   If the opportunity is worth a look, I would be happy to send the note and speak briefly about the round,
2026-06-21 13:17:23 [INFO   ] PROGRESS |   the platform, and the type of strategic investors we are looking for.
2026-06-21 13:17:23 [INFO   ] PROGRESS |   Please reply to this email or call me if you would like to explore it.
2026-06-21 13:17:23 [INFO   ] PROGRESS |   Warm Regards,
2026-06-21 13:17:23 [INFO   ] PROGRESS |   Sandeep Jain
2026-06-21 13:17:23 [INFO   ] PROGRESS |   Founder, PlacementHub
2026-06-21 13:17:23 [INFO   ] PROGRESS |   +91-9860090620
2026-06-21 13:17:23 [INFO   ] PROGRESS |   sandeepjain200019@gmail.com
2026-06-21 13:17:23 [INFO   ] PROGRESS |   Detailed Profile
2026-06-21 13:17:23 [INFO   ] PROGRESS |   Detailed Note on Funding Requirement
2026-06-21 13:17:23 [INFO   ] --------------------------------------------------------------
2026-06-21 13:17:23 [INFO   ] 
2026-06-21 13:17:23 [INFO   ] 
2026-06-21 13:17:23 [INFO   ] PROGRESS | Email preview — To: caumesh@cabj.in | Subject: PlacementHub pre-seed intro with BADGUJAR JAGATAP & CO
2026-06-21 13:17:24 [INFO   ] SENT (Brevo) -> caumesh@cabj.in (BADGUJAR JAGATAP & CO) | PlacementHub pre-seed intro with BADGUJAR JAGATAP & CO | messageId=<202606210747.32077123405@smtp-relay.mailin.fr> (API accepted; run audit-brevo to confirm delivery)
2026-06-21 13:17:24 [INFO   ] Sleeping for 10 seconds
2026-06-21 13:17:34 [INFO   ] PROGRESS | Send 3/50 | SENT | caumesh@cabj.in | BADGUJAR JAGATAP & CO [Chartered Accountants & Company Secretaries] | ok=2 fail=1 skip=0
2026-06-21 13:17:34 [INFO   ] PROGRESS | Send 4/50 | SENDING | sushant04@gmail.com | YARDI MEHTA & CO LLP [Chartered Accountants & Company Secretaries] | ok=2 fail=1 skip=0
2026-06-21 13:17:36 [INFO   ] --------------------------------------------------------------
2026-06-21 13:17:36 [INFO   ] PROGRESS | Email content — To: sushant04@gmail.com
2026-06-21 13:17:36 [INFO   ] PROGRESS | Subject: PlacementHub pre-seed intro with YARDI MEHTA & CO LLP
2026-06-21 13:17:36 [INFO   ] PROGRESS | Body:
2026-06-21 13:17:36 [INFO   ] PROGRESS |   Dear Sir/Madam,
2026-06-21 13:17:36 [INFO   ] PROGRESS |   I am reaching out to introduce PlacementHub and explore whether any of your investor, entrepreneur, or
2026-06-21 13:17:36 [INFO   ] PROGRESS |   HNI clients may be open to reviewing a strategic seed opportunity.
2026-06-21 13:17:36 [INFO   ] PROGRESS |   My name is Sandeep Jain. PlacementHub is currently in its pre-seed fundraising stage, and I am
2026-06-21 13:17:36 [INFO   ] PROGRESS |   soliciting strategic seed investment for the same. PlacementHub is a campus placement and employability
2026-06-21 13:17:36 [INFO   ] PROGRESS |   platform connecting students, colleges, and recruiters. The product is built and in early
2026-06-21 13:17:36 [INFO   ] PROGRESS |   commercialization.
2026-06-21 13:17:36 [INFO   ] PROGRESS |   For reference, the detailed business plan, including the business model and go-to-market strategies, is
2026-06-21 13:17:36 [INFO   ] PROGRESS |   available here:
2026-06-21 13:17:36 [INFO   ] PROGRESS |   PlacementHub Business Plan
2026-06-21 13:17:36 [INFO   ] PROGRESS |   For a Chartered Accountant firm, the relevance is mainly professional and strategic:
2026-06-21 13:17:36 [INFO   ] PROGRESS |   PlacementHub may require support across accounting, taxation, compliance, payroll, investor documentation, audit, and related professional services.
2026-06-21 13:17:36 [INFO   ] PROGRESS |   I would naturally be pleased to consider and prioritize firms that support PlacementHub during its early growth phase, subject to suitability and mutual agreement.
2026-06-21 13:17:36 [INFO   ] PROGRESS |   The relationship can begin with a simple review of the investment note and, where appropriate, introductions to suitable investor clients.
2026-06-21 13:17:36 [INFO   ] PROGRESS |   If the opportunity is worth a look, I would be happy to send the note and speak briefly about the round,
2026-06-21 13:17:36 [INFO   ] PROGRESS |   the platform, and the type of strategic investors we are looking for.
2026-06-21 13:17:36 [INFO   ] PROGRESS |   Please reply to this email or call me if you would like to explore it.
2026-06-21 13:17:36 [INFO   ] PROGRESS |   Warm Regards,
2026-06-21 13:17:36 [INFO   ] PROGRESS |   Sandeep Jain
2026-06-21 13:17:36 [INFO   ] PROGRESS |   Founder, PlacementHub
2026-06-21 13:17:36 [INFO   ] PROGRESS |   +91-9860090620
2026-06-21 13:17:36 [INFO   ] PROGRESS |   sandeepjain200019@gmail.com
2026-06-21 13:17:36 [INFO   ] PROGRESS |   Detailed Profile
2026-06-21 13:17:36 [INFO   ] PROGRESS |   Detailed Note on Funding Requirement
2026-06-21 13:17:36 [INFO   ] --------------------------------------------------------------
2026-06-21 13:17:36 [INFO   ] 
2026-06-21 13:17:36 [INFO   ] 
2026-06-21 13:17:36 [INFO   ] PROGRESS | Email preview — To: sushant04@gmail.com | Subject: PlacementHub pre-seed intro with YARDI MEHTA & CO LLP
2026-06-21 13:17:37 [INFO   ] SENT (Brevo) -> sushant04@gmail.com (YARDI MEHTA & CO LLP) | PlacementHub pre-seed intro with YARDI MEHTA & CO LLP | messageId=<202606210747.14166087333@smtp-relay.mailin.fr> (API accepted; run audit-brevo to confirm delivery)
2026-06-21 13:17:37 [INFO   ] Sleeping for 10 seconds
2026-06-21 13:17:47 [INFO   ] PROGRESS | Send 4/50 | SENT | sushant04@gmail.com | YARDI MEHTA & CO LLP [Chartered Accountants & Company Secretaries] | ok=3 fail=1 skip=0
2026-06-21 13:17:47 [INFO   ] PROGRESS | Send 5/50 | SENDING | rahul@rbc-india.com | RAHUL BAJAJ & CO [Chartered Accountants & Company Secretaries] | ok=3 fail=1 skip=0
2026-06-21 13:18:09 [INFO   ] --------------------------------------------------------------
2026-06-21 13:18:09 [INFO   ] PROGRESS | Email content — To: rahul@rbc-india.com
2026-06-21 13:18:09 [INFO   ] PROGRESS | Subject: PlacementHub pre-seed intro with RAHUL BAJAJ & CO
2026-06-21 13:18:09 [INFO   ] PROGRESS | Body:
2026-06-21 13:18:09 [INFO   ] PROGRESS |   Dear Sir/Madam,
2026-06-21 13:18:09 [INFO   ] PROGRESS |   I am reaching out to introduce PlacementHub and explore whether any of your investor, entrepreneur, or
2026-06-21 13:18:09 [INFO   ] PROGRESS |   HNI clients may be open to reviewing a strategic seed opportunity.
2026-06-21 13:18:09 [INFO   ] PROGRESS |   My name is Sandeep Jain. PlacementHub is currently in its pre-seed fundraising stage, and I am
2026-06-21 13:18:09 [INFO   ] PROGRESS |   soliciting strategic seed investment for the same. PlacementHub is a campus placement and employability
2026-06-21 13:18:09 [INFO   ] PROGRESS |   platform connecting students, colleges, and recruiters. The product is built and in early
2026-06-21 13:18:09 [INFO   ] PROGRESS |   commercialization.
2026-06-21 13:18:09 [INFO   ] PROGRESS |   For reference, the detailed business plan, including the business model and go-to-market strategies, is
2026-06-21 13:18:09 [INFO   ] PROGRESS |   available here:
2026-06-21 13:18:09 [INFO   ] PROGRESS |   PlacementHub Business Plan
2026-06-21 13:18:09 [INFO   ] PROGRESS |   For a Chartered Accountant firm, the relevance is mainly professional and strategic:
2026-06-21 13:18:09 [INFO   ] PROGRESS |   PlacementHub may require support across accounting, taxation, compliance, payroll, investor documentation, audit, and related professional services.
2026-06-21 13:18:09 [INFO   ] PROGRESS |   I would naturally be pleased to consider and prioritize firms that support PlacementHub during its early growth phase, subject to suitability and mutual agreement.
2026-06-21 13:18:09 [INFO   ] PROGRESS |   The relationship can begin with a simple review of the investment note and, where appropriate, introductions to suitable investor clients.
2026-06-21 13:18:09 [INFO   ] PROGRESS |   If the opportunity is worth a look, I would be happy to send the note and speak briefly about the round,
2026-06-21 13:18:09 [INFO   ] PROGRESS |   the platform, and the type of strategic investors we are looking for.
2026-06-21 13:18:09 [INFO   ] PROGRESS |   Please reply to this email or call me if you would like to explore it.
2026-06-21 13:18:09 [INFO   ] PROGRESS |   Warm Regards,
2026-06-21 13:18:09 [INFO   ] PROGRESS |   Sandeep Jain
2026-06-21 13:18:09 [INFO   ] PROGRESS |   Founder, PlacementHub
2026-06-21 13:18:09 [INFO   ] PROGRESS |   +91-9860090620
2026-06-21 13:18:09 [INFO   ] PROGRESS |   sandeepjain200019@gmail.com
2026-06-21 13:18:09 [INFO   ] PROGRESS |   Detailed Profile
2026-06-21 13:18:09 [INFO   ] PROGRESS |   Detailed Note on Funding Requirement
2026-06-21 13:18:09 [INFO   ] --------------------------------------------------------------
2026-06-21 13:18:09 [INFO   ] 
2026-06-21 13:18:09 [INFO   ] 
2026-06-21 13:18:09 [INFO   ] PROGRESS | Email preview — To: rahul@rbc-india.com | Subject: PlacementHub pre-seed intro with RAHUL BAJAJ & CO
2026-06-21 13:18:10 [INFO   ] SENT (Brevo) -> rahul@rbc-india.com (RAHUL BAJAJ & CO) | PlacementHub pre-seed intro with RAHUL BAJAJ & CO | messageId=<202606210748.36202060265@smtp-relay.mailin.fr> (API accepted; run audit-brevo to confirm delivery)
2026-06-21 13:18:10 [INFO   ] Sleeping for 10 seconds
2026-06-21 13:18:20 [INFO   ] PROGRESS | Send 5/50 | SENT | rahul@rbc-india.com | RAHUL BAJAJ & CO [Chartered Accountants & Company Secretaries] | ok=4 fail=1 skip=0
2026-06-21 13:18:20 [INFO   ] PROGRESS | Send 6/50 | SENDING | kothari128@gmail.com | FATEHI & ASSOCIATES [Chartered Accountants & Company Secretaries] | ok=4 fail=1 skip=0
2026-06-21 13:18:23 [INFO   ] --------------------------------------------------------------
2026-06-21 13:18:23 [INFO   ] PROGRESS | Email content — To: kothari128@gmail.com
2026-06-21 13:18:23 [INFO   ] PROGRESS | Subject: PlacementHub pre-seed intro with FATEHI & ASSOCIATES
2026-06-21 13:18:23 [INFO   ] PROGRESS | Body:
2026-06-21 13:18:23 [INFO   ] PROGRESS |   Dear Sir/Madam,
2026-06-21 13:18:23 [INFO   ] PROGRESS |   I am reaching out to introduce PlacementHub and explore whether any of your investor, entrepreneur, or
2026-06-21 13:18:23 [INFO   ] PROGRESS |   HNI clients may be open to reviewing a strategic seed opportunity.
2026-06-21 13:18:23 [INFO   ] PROGRESS |   My name is Sandeep Jain. PlacementHub is currently in its pre-seed fundraising stage, and I am
2026-06-21 13:18:23 [INFO   ] PROGRESS |   soliciting strategic seed investment for the same. PlacementHub is a campus placement and employability
2026-06-21 13:18:23 [INFO   ] PROGRESS |   platform connecting students, colleges, and recruiters. The product is built and in early
2026-06-21 13:18:23 [INFO   ] PROGRESS |   commercialization.
2026-06-21 13:18:23 [INFO   ] PROGRESS |   For reference, the detailed business plan, including the business model and go-to-market strategies, is
2026-06-21 13:18:23 [INFO   ] PROGRESS |   available here:
2026-06-21 13:18:23 [INFO   ] PROGRESS |   PlacementHub Business Plan
2026-06-21 13:18:23 [INFO   ] PROGRESS |   For a Chartered Accountant firm, the relevance is mainly professional and strategic:
2026-06-21 13:18:23 [INFO   ] PROGRESS |   PlacementHub may require support across accounting, taxation, compliance, payroll, investor documentation, audit, and related professional services.
2026-06-21 13:18:23 [INFO   ] PROGRESS |   I would naturally be pleased to consider and prioritize firms that support PlacementHub during its early growth phase, subject to suitability and mutual agreement.
2026-06-21 13:18:23 [INFO   ] PROGRESS |   The relationship can begin with a simple review of the investment note and, where appropriate, introductions to suitable investor clients.
2026-06-21 13:18:23 [INFO   ] PROGRESS |   If the opportunity is worth a look, I would be happy to send the note and speak briefly about the round,
2026-06-21 13:18:23 [INFO   ] PROGRESS |   the platform, and the type of strategic investors we are looking for.
2026-06-21 13:18:23 [INFO   ] PROGRESS |   Please reply to this email or call me if you would like to explore it.
2026-06-21 13:18:23 [INFO   ] PROGRESS |   Warm Regards,
2026-06-21 13:18:23 [INFO   ] PROGRESS |   Sandeep Jain
2026-06-21 13:18:23 [INFO   ] PROGRESS |   Founder, PlacementHub
2026-06-21 13:18:23 [INFO   ] PROGRESS |   +91-9860090620
2026-06-21 13:18:23 [INFO   ] PROGRESS |   sandeepjain200019@gmail.com
2026-06-21 13:18:23 [INFO   ] PROGRESS |   Detailed Profile
2026-06-21 13:18:23 [INFO   ] PROGRESS |   Detailed Note on Funding Requirement
2026-06-21 13:18:23 [INFO   ] --------------------------------------------------------------
2026-06-21 13:18:23 [INFO   ] 
2026-06-21 13:18:23 [INFO   ] 
2026-06-21 13:18:23 [INFO   ] PROGRESS | Email preview — To: kothari128@gmail.com | Subject: PlacementHub pre-seed intro with FATEHI & ASSOCIATES
2026-06-21 13:18:24 [INFO   ] SENT (Brevo) -> kothari128@gmail.com (FATEHI & ASSOCIATES) | PlacementHub pre-seed intro with FATEHI & ASSOCIATES | messageId=<202606210748.83039737785@smtp-relay.mailin.fr> (API accepted; run audit-brevo to confirm delivery)
2026-06-21 13:18:24 [INFO   ] Sleeping for 10 seconds
2026-06-21 13:18:34 [INFO   ] PROGRESS | Send 6/50 | SENT | kothari128@gmail.com | FATEHI & ASSOCIATES [Chartered Accountants & Company Secretaries] | ok=5 fail=1 skip=0
2026-06-21 13:18:34 [INFO   ] PROGRESS | Send 7/50 | SENDING | sajanbogawat91@gmail.com | SAJAN BOGAWAT & ASSOCIATES [Chartered Accountants & Company Secretaries] | ok=5 fail=1 skip=0
2026-06-21 13:18:37 [INFO   ] --------------------------------------------------------------
2026-06-21 13:18:37 [INFO   ] PROGRESS | Email content — To: sajanbogawat91@gmail.com
2026-06-21 13:18:37 [INFO   ] PROGRESS | Subject: PlacementHub pre-seed intro with SAJAN BOGAWAT & ASSOCIATES
2026-06-21 13:18:37 [INFO   ] PROGRESS | Body:
2026-06-21 13:18:37 [INFO   ] PROGRESS |   Dear Sir/Madam,
2026-06-21 13:18:37 [INFO   ] PROGRESS |   I am reaching out to introduce PlacementHub and explore whether any of your investor, entrepreneur, or
2026-06-21 13:18:37 [INFO   ] PROGRESS |   HNI clients may be open to reviewing a strategic seed opportunity.
2026-06-21 13:18:37 [INFO   ] PROGRESS |   My name is Sandeep Jain. PlacementHub is currently in its pre-seed fundraising stage, and I am
2026-06-21 13:18:37 [INFO   ] PROGRESS |   soliciting strategic seed investment for the same. PlacementHub is a campus placement and employability
2026-06-21 13:18:37 [INFO   ] PROGRESS |   platform connecting students, colleges, and recruiters. The product is built and in early
2026-06-21 13:18:37 [INFO   ] PROGRESS |   commercialization.
2026-06-21 13:18:37 [INFO   ] PROGRESS |   For reference, the detailed business plan, including the business model and go-to-market strategies, is
2026-06-21 13:18:37 [INFO   ] PROGRESS |   available here:
2026-06-21 13:18:37 [INFO   ] PROGRESS |   PlacementHub Business Plan
2026-06-21 13:18:37 [INFO   ] PROGRESS |   For a Chartered Accountant firm, the relevance is mainly professional and strategic:
2026-06-21 13:18:37 [INFO   ] PROGRESS |   PlacementHub may require support across accounting, taxation, compliance, payroll, investor documentation, audit, and related professional services.
2026-06-21 13:18:37 [INFO   ] PROGRESS |   I would naturally be pleased to consider and prioritize firms that support PlacementHub during its early growth phase, subject to suitability and mutual agreement.
2026-06-21 13:18:37 [INFO   ] PROGRESS |   The relationship can begin with a simple review of the investment note and, where appropriate, introductions to suitable investor clients.
2026-06-21 13:18:37 [INFO   ] PROGRESS |   If the opportunity is worth a look, I would be happy to send the note and speak briefly about the round,
2026-06-21 13:18:37 [INFO   ] PROGRESS |   the platform, and the type of strategic investors we are looking for.
2026-06-21 13:18:37 [INFO   ] PROGRESS |   Please reply to this email or call me if you would like to explore it.
2026-06-21 13:18:37 [INFO   ] PROGRESS |   Warm Regards,
2026-06-21 13:18:37 [INFO   ] PROGRESS |   Sandeep Jain
2026-06-21 13:18:37 [INFO   ] PROGRESS |   Founder, PlacementHub
2026-06-21 13:18:37 [INFO   ] PROGRESS |   +91-9860090620
2026-06-21 13:18:37 [INFO   ] PROGRESS |   sandeepjain200019@gmail.com
2026-06-21 13:18:37 [INFO   ] PROGRESS |   Detailed Profile
2026-06-21 13:18:37 [INFO   ] PROGRESS |   Detailed Note on Funding Requirement
2026-06-21 13:18:37 [INFO   ] --------------------------------------------------------------
2026-06-21 13:18:37 [INFO   ] 
2026-06-21 13:18:37 [INFO   ] 
2026-06-21 13:18:37 [INFO   ] PROGRESS | Email preview — To: sajanbogawat91@gmail.com | Subject: PlacementHub pre-seed intro with SAJAN BOGAWAT & ASSOCIATES
2026-06-21 13:18:38 [INFO   ] SENT (Brevo) -> sajanbogawat91@gmail.com (SAJAN BOGAWAT & ASSOCIATES) | PlacementHub pre-seed intro with SAJAN BOGAWAT & ASSOCIATES | messageId=<202606210748.18281771690@smtp-relay.mailin.fr> (API accepted; run audit-brevo to confirm delivery)
2026-06-21 13:18:38 [INFO   ] Sleeping for 10 seconds
2026-06-21 13:18:48 [INFO   ] PROGRESS | Send 7/50 | SENT | sajanbogawat91@gmail.com | SAJAN BOGAWAT & ASSOCIATES [Chartered Accountants & Company Secretaries] | ok=6 fail=1 skip=0
2026-06-21 13:18:48 [INFO   ] PROGRESS | Send 8/50 | SENDING | kuberafin51@gmail.com | A P M & ASSOCIATES LLP [Chartered Accountants & Company Secretaries] | ok=6 fail=1 skip=0
2026-06-21 13:18:51 [INFO   ] --------------------------------------------------------------
2026-06-21 13:18:51 [INFO   ] PROGRESS | Email content — To: kuberafin51@gmail.com
2026-06-21 13:18:51 [INFO   ] PROGRESS | Subject: PlacementHub pre-seed intro with A P M & ASSOCIATES LLP
2026-06-21 13:18:51 [INFO   ] PROGRESS | Body:
2026-06-21 13:18:51 [INFO   ] PROGRESS |   Dear Sir/Madam,
2026-06-21 13:18:51 [INFO   ] PROGRESS |   I am reaching out to introduce PlacementHub and explore whether any of your investor, entrepreneur, or
2026-06-21 13:18:51 [INFO   ] PROGRESS |   HNI clients may be open to reviewing a strategic seed opportunity.
2026-06-21 13:18:51 [INFO   ] PROGRESS |   My name is Sandeep Jain. PlacementHub is currently in its pre-seed fundraising stage, and I am
2026-06-21 13:18:51 [INFO   ] PROGRESS |   soliciting strategic seed investment for the same. PlacementHub is a campus placement and employability
2026-06-21 13:18:51 [INFO   ] PROGRESS |   platform connecting students, colleges, and recruiters. The product is built and in early
2026-06-21 13:18:51 [INFO   ] PROGRESS |   commercialization.
2026-06-21 13:18:51 [INFO   ] PROGRESS |   For reference, the detailed business plan, including the business model and go-to-market strategies, is
2026-06-21 13:18:51 [INFO   ] PROGRESS |   available here:
2026-06-21 13:18:51 [INFO   ] PROGRESS |   PlacementHub Business Plan
2026-06-21 13:18:51 [INFO   ] PROGRESS |   For a Chartered Accountant firm, the relevance is mainly professional and strategic:
2026-06-21 13:18:51 [INFO   ] PROGRESS |   PlacementHub may require support across accounting, taxation, compliance, payroll, investor documentation, audit, and related professional services.
2026-06-21 13:18:51 [INFO   ] PROGRESS |   I would naturally be pleased to consider and prioritize firms that support PlacementHub during its early growth phase, subject to suitability and mutual agreement.
2026-06-21 13:18:51 [INFO   ] PROGRESS |   The relationship can begin with a simple review of the investment note and, where appropriate, introductions to suitable investor clients.
2026-06-21 13:18:51 [INFO   ] PROGRESS |   If the opportunity is worth a look, I would be happy to send the note and speak briefly about the round,
2026-06-21 13:18:51 [INFO   ] PROGRESS |   the platform, and the type of strategic investors we are looking for.
2026-06-21 13:18:51 [INFO   ] PROGRESS |   Please reply to this email or call me if you would like to explore it.
2026-06-21 13:18:51 [INFO   ] PROGRESS |   Warm Regards,
2026-06-21 13:18:51 [INFO   ] PROGRESS |   Sandeep Jain
2026-06-21 13:18:51 [INFO   ] PROGRESS |   Founder, PlacementHub
2026-06-21 13:18:51 [INFO   ] PROGRESS |   +91-9860090620
2026-06-21 13:18:51 [INFO   ] PROGRESS |   sandeepjain200019@gmail.com
2026-06-21 13:18:51 [INFO   ] PROGRESS |   Detailed Profile
2026-06-21 13:18:51 [INFO   ] PROGRESS |   Detailed Note on Funding Requirement
2026-06-21 13:18:51 [INFO   ] --------------------------------------------------------------
2026-06-21 13:18:51 [INFO   ] 
2026-06-21 13:18:51 [INFO   ] 
2026-06-21 13:18:51 [INFO   ] PROGRESS | Email preview — To: kuberafin51@gmail.com | Subject: PlacementHub pre-seed intro with A P M & ASSOCIATES LLP
2026-06-21 13:18:52 [INFO   ] SENT (Brevo) -> kuberafin51@gmail.com (A P M & ASSOCIATES LLP) | PlacementHub pre-seed intro with A P M & ASSOCIATES LLP | messageId=<202606210748.39666626104@smtp-relay.mailin.fr> (API accepted; run audit-brevo to confirm delivery)
2026-06-21 13:18:52 [INFO   ] Sleeping for 10 seconds
2026-06-21 13:19:02 [INFO   ] PROGRESS | Send 8/50 | SENT | kuberafin51@gmail.com | A P M & ASSOCIATES LLP [Chartered Accountants & Company Secretaries] | ok=7 fail=1 skip=0
2026-06-21 13:19:02 [INFO   ] PROGRESS | Send 9/50 | SENDING | ankurkapilca@gmail.com | M I S & ASSOCIATES [Chartered Accountants & Company Secretaries] | ok=7 fail=1 skip=0
2026-06-21 13:19:17 [INFO   ] --------------------------------------------------------------
2026-06-21 13:19:17 [INFO   ] PROGRESS | Email content — To: ankurkapilca@gmail.com
2026-06-21 13:19:17 [INFO   ] PROGRESS | Subject: PlacementHub pre-seed intro with M I S & ASSOCIATES
2026-06-21 13:19:17 [INFO   ] PROGRESS | Body:
2026-06-21 13:19:17 [INFO   ] PROGRESS |   Dear Sir/Madam,
2026-06-21 13:19:17 [INFO   ] PROGRESS |   I am reaching out to introduce PlacementHub and explore whether any of your investor, entrepreneur, or
2026-06-21 13:19:17 [INFO   ] PROGRESS |   HNI clients may be open to reviewing a strategic seed opportunity.
2026-06-21 13:19:17 [INFO   ] PROGRESS |   My name is Sandeep Jain. PlacementHub is currently in its pre-seed fundraising stage, and I am
2026-06-21 13:19:17 [INFO   ] PROGRESS |   soliciting strategic seed investment for the same. PlacementHub is a campus placement and employability
2026-06-21 13:19:17 [INFO   ] PROGRESS |   platform connecting students, colleges, and recruiters. The product is built and in early
2026-06-21 13:19:17 [INFO   ] PROGRESS |   commercialization.
2026-06-21 13:19:17 [INFO   ] PROGRESS |   For reference, the detailed business plan, including the business model and go-to-market strategies, is
2026-06-21 13:19:17 [INFO   ] PROGRESS |   available here:
2026-06-21 13:19:17 [INFO   ] PROGRESS |   PlacementHub Business Plan
2026-06-21 13:19:17 [INFO   ] PROGRESS |   For a Chartered Accountant firm, the relevance is mainly professional and strategic:
2026-06-21 13:19:17 [INFO   ] PROGRESS |   PlacementHub may require support across accounting, taxation, compliance, payroll, investor documentation, audit, and related professional services.
2026-06-21 13:19:17 [INFO   ] PROGRESS |   I would naturally be pleased to consider and prioritize firms that support PlacementHub during its early growth phase, subject to suitability and mutual agreement.
2026-06-21 13:19:17 [INFO   ] PROGRESS |   The relationship can begin with a simple review of the investment note and, where appropriate, introductions to suitable investor clients.
2026-06-21 13:19:17 [INFO   ] PROGRESS |   If the opportunity is worth a look, I would be happy to send the note and speak briefly about the round,
2026-06-21 13:19:17 [INFO   ] PROGRESS |   the platform, and the type of strategic investors we are looking for.
2026-06-21 13:19:17 [INFO   ] PROGRESS |   Please reply to this email or call me if you would like to explore it.
2026-06-21 13:19:17 [INFO   ] PROGRESS |   Warm Regards,
2026-06-21 13:19:17 [INFO   ] PROGRESS |   Sandeep Jain
2026-06-21 13:19:17 [INFO   ] PROGRESS |   Founder, PlacementHub
2026-06-21 13:19:17 [INFO   ] PROGRESS |   +91-9860090620
2026-06-21 13:19:17 [INFO   ] PROGRESS |   sandeepjain200019@gmail.com
2026-06-21 13:19:17 [INFO   ] PROGRESS |   Detailed Profile
2026-06-21 13:19:17 [INFO   ] PROGRESS |   Detailed Note on Funding Requirement
2026-06-21 13:19:17 [INFO   ] --------------------------------------------------------------
2026-06-21 13:19:17 [INFO   ] 
2026-06-21 13:19:17 [INFO   ] 
2026-06-21 13:19:17 [INFO   ] PROGRESS | Email preview — To: ankurkapilca@gmail.com | Subject: PlacementHub pre-seed intro with M I S & ASSOCIATES
2026-06-21 13:19:18 [INFO   ] SENT (Brevo) -> ankurkapilca@gmail.com (M I S & ASSOCIATES) | PlacementHub pre-seed intro with M I S & ASSOCIATES | messageId=<202606210749.27401971594@smtp-relay.mailin.fr> (API accepted; run audit-brevo to confirm delivery)
2026-06-21 13:19:18 [INFO   ] Sleeping for 10 seconds
2026-06-21 13:19:28 [INFO   ] PROGRESS | Send 9/50 | SENT | ankurkapilca@gmail.com | M I S & ASSOCIATES [Chartered Accountants & Company Secretaries] | ok=8 fail=1 skip=0
2026-06-21 13:19:28 [INFO   ] PROGRESS | Send 10/50 | SENDING | girishghaisas@gmail.com | GHAISAS & ASSOCIATES [Chartered Accountants & Company Secretaries] | ok=8 fail=1 skip=0
2026-06-21 13:19:29 [INFO   ] --------------------------------------------------------------
2026-06-21 13:19:29 [INFO   ] PROGRESS | Email content — To: girishghaisas@gmail.com
2026-06-21 13:19:29 [INFO   ] PROGRESS | Subject: PlacementHub pre-seed intro with GHAISAS & ASSOCIATES
2026-06-21 13:19:29 [INFO   ] PROGRESS | Body:
2026-06-21 13:19:29 [INFO   ] PROGRESS |   Dear Sir/Madam,
2026-06-21 13:19:29 [INFO   ] PROGRESS |   I am reaching out to introduce PlacementHub and explore whether any of your investor, entrepreneur, or
2026-06-21 13:19:29 [INFO   ] PROGRESS |   HNI clients may be open to reviewing a strategic seed opportunity.
2026-06-21 13:19:29 [INFO   ] PROGRESS |   My name is Sandeep Jain. PlacementHub is currently in its pre-seed fundraising stage, and I am
2026-06-21 13:19:29 [INFO   ] PROGRESS |   soliciting strategic seed investment for the same. PlacementHub is a campus placement and employability
2026-06-21 13:19:29 [INFO   ] PROGRESS |   platform connecting students, colleges, and recruiters. The product is built and in early
2026-06-21 13:19:29 [INFO   ] PROGRESS |   commercialization.
2026-06-21 13:19:29 [INFO   ] PROGRESS |   For reference, the detailed business plan, including the business model and go-to-market strategies, is
2026-06-21 13:19:29 [INFO   ] PROGRESS |   available here:
2026-06-21 13:19:29 [INFO   ] PROGRESS |   PlacementHub Business Plan
2026-06-21 13:19:29 [INFO   ] PROGRESS |   For a Chartered Accountant firm, the relevance is mainly professional and strategic:
2026-06-21 13:19:29 [INFO   ] PROGRESS |   PlacementHub may require support across accounting, taxation, compliance, payroll, investor documentation, audit, and related professional services.
2026-06-21 13:19:29 [INFO   ] PROGRESS |   I would naturally be pleased to consider and prioritize firms that support PlacementHub during its early growth phase, subject to suitability and mutual agreement.
2026-06-21 13:19:29 [INFO   ] PROGRESS |   The relationship can begin with a simple review of the investment note and, where appropriate, introductions to suitable investor clients.
2026-06-21 13:19:29 [INFO   ] PROGRESS |   If the opportunity is worth a look, I would be happy to send the note and speak briefly about the round,
2026-06-21 13:19:29 [INFO   ] PROGRESS |   the platform, and the type of strategic investors we are looking for.
2026-06-21 13:19:29 [INFO   ] PROGRESS |   Please reply to this email or call me if you would like to explore it.
2026-06-21 13:19:29 [INFO   ] PROGRESS |   Warm Regards,
2026-06-21 13:19:29 [INFO   ] PROGRESS |   Sandeep Jain
2026-06-21 13:19:29 [INFO   ] PROGRESS |   Founder, PlacementHub
2026-06-21 13:19:29 [INFO   ] PROGRESS |   +91-9860090620
2026-06-21 13:19:29 [INFO   ] PROGRESS |   sandeepjain200019@gmail.com
2026-06-21 13:19:29 [INFO   ] PROGRESS |   Detailed Profile
2026-06-21 13:19:29 [INFO   ] PROGRESS |   Detailed Note on Funding Requirement
2026-06-21 13:19:29 [INFO   ] --------------------------------------------------------------
2026-06-21 13:19:29 [INFO   ] 
2026-06-21 13:19:29 [INFO   ] 
2026-06-21 13:19:29 [INFO   ] PROGRESS | Email preview — To: girishghaisas@gmail.com | Subject: PlacementHub pre-seed intro with GHAISAS & ASSOCIATES
2026-06-21 13:19:30 [INFO   ] SENT (Brevo) -> girishghaisas@gmail.com (GHAISAS & ASSOCIATES) | PlacementHub pre-seed intro with GHAISAS & ASSOCIATES | messageId=<202606210749.28013925421@smtp-relay.mailin.fr> (API accepted; run audit-brevo to confirm delivery)
2026-06-21 13:19:30 [INFO   ] Sleeping for 10 seconds
2026-06-21 13:19:40 [INFO   ] PROGRESS | Send 10/50 | SENT | girishghaisas@gmail.com | GHAISAS & ASSOCIATES [Chartered Accountants & Company Secretaries] | ok=9 fail=1 skip=0
2026-06-21 13:19:40 [INFO   ] PROGRESS | Send 11/50 | SENDING | gm_achhra@yahoo.co.in | G M ACHHRA & ASSOCIATES [Chartered Accountants & Company Secretaries] | ok=9 fail=1 skip=0
2026-06-21 13:19:41 [INFO   ] --------------------------------------------------------------
2026-06-21 13:19:41 [INFO   ] PROGRESS | Email content — To: gm_achhra@yahoo.co.in
2026-06-21 13:19:41 [INFO   ] PROGRESS | Subject: PlacementHub pre-seed intro with G M ACHHRA & ASSOCIATES
2026-06-21 13:19:41 [INFO   ] PROGRESS | Body:
2026-06-21 13:19:41 [INFO   ] PROGRESS |   Dear Sir/Madam,
2026-06-21 13:19:41 [INFO   ] PROGRESS |   I am reaching out to introduce PlacementHub and explore whether any of your investor, entrepreneur, or
2026-06-21 13:19:41 [INFO   ] PROGRESS |   HNI clients may be open to reviewing a strategic seed opportunity.
2026-06-21 13:19:41 [INFO   ] PROGRESS |   My name is Sandeep Jain. PlacementHub is currently in its pre-seed fundraising stage, and I am
2026-06-21 13:19:41 [INFO   ] PROGRESS |   soliciting strategic seed investment for the same. PlacementHub is a campus placement and employability
2026-06-21 13:19:41 [INFO   ] PROGRESS |   platform connecting students, colleges, and recruiters. The product is built and in early
2026-06-21 13:19:41 [INFO   ] PROGRESS |   commercialization.
2026-06-21 13:19:41 [INFO   ] PROGRESS |   For reference, the detailed business plan, including the business model and go-to-market strategies, is
2026-06-21 13:19:41 [INFO   ] PROGRESS |   available here:
2026-06-21 13:19:41 [INFO   ] PROGRESS |   PlacementHub Business Plan
2026-06-21 13:19:41 [INFO   ] PROGRESS |   For a Chartered Accountant firm, the relevance is mainly professional and strategic:
2026-06-21 13:19:41 [INFO   ] PROGRESS |   PlacementHub may require support across accounting, taxation, compliance, payroll, investor documentation, audit, and related professional services.
2026-06-21 13:19:41 [INFO   ] PROGRESS |   I would naturally be pleased to consider and prioritize firms that support PlacementHub during its early growth phase, subject to suitability and mutual agreement.
2026-06-21 13:19:41 [INFO   ] PROGRESS |   The relationship can begin with a simple review of the investment note and, where appropriate, introductions to suitable investor clients.
2026-06-21 13:19:41 [INFO   ] PROGRESS |   If the opportunity is worth a look, I would be happy to send the note and speak briefly about the round,
2026-06-21 13:19:41 [INFO   ] PROGRESS |   the platform, and the type of strategic investors we are looking for.
2026-06-21 13:19:41 [INFO   ] PROGRESS |   Please reply to this email or call me if you would like to explore it.
2026-06-21 13:19:41 [INFO   ] PROGRESS |   Warm Regards,
2026-06-21 13:19:41 [INFO   ] PROGRESS |   Sandeep Jain
2026-06-21 13:19:41 [INFO   ] PROGRESS |   Founder, PlacementHub
2026-06-21 13:19:41 [INFO   ] PROGRESS |   +91-9860090620
2026-06-21 13:19:41 [INFO   ] PROGRESS |   sandeepjain200019@gmail.com
2026-06-21 13:19:41 [INFO   ] PROGRESS |   Detailed Profile
2026-06-21 13:19:41 [INFO   ] PROGRESS |   Detailed Note on Funding Requirement
2026-06-21 13:19:41 [INFO   ] --------------------------------------------------------------
2026-06-21 13:19:41 [INFO   ] 
2026-06-21 13:19:41 [INFO   ] 
2026-06-21 13:19:41 [INFO   ] PROGRESS | Email preview — To: gm_achhra@yahoo.co.in | Subject: PlacementHub pre-seed intro with G M ACHHRA & ASSOCIATES
2026-06-21 13:19:42 [INFO   ] SENT (Brevo) -> gm_achhra@yahoo.co.in (G M ACHHRA & ASSOCIATES) | PlacementHub pre-seed intro with G M ACHHRA & ASSOCIATES | messageId=<202606210749.37205376437@smtp-relay.mailin.fr> (API accepted; run audit-brevo to confirm delivery)
2026-06-21 13:19:42 [INFO   ] Sleeping for 10 seconds
2026-06-21 13:19:52 [INFO   ] PROGRESS | Send 11/50 | SENT | gm_achhra@yahoo.co.in | G M ACHHRA & ASSOCIATES [Chartered Accountants & Company Secretaries] | ok=10 fail=1 skip=0
2026-06-21 13:19:52 [INFO   ] PROGRESS | Send 12/50 | SENDING | deepak.ahuja@avallp.in | AHUJA VALECHA & ASSOCIATES LLP [Chartered Accountants & Company Secretaries] | ok=10 fail=1 skip=0
2026-06-21 13:19:53 [INFO   ] --------------------------------------------------------------
2026-06-21 13:19:53 [INFO   ] PROGRESS | Email content — To: deepak.ahuja@avallp.in
2026-06-21 13:19:53 [INFO   ] PROGRESS | Subject: PlacementHub pre-seed intro with AHUJA VALECHA & ASSOCIATES LLP
2026-06-21 13:19:53 [INFO   ] PROGRESS | Body:
2026-06-21 13:19:53 [INFO   ] PROGRESS |   Dear Sir/Madam,
2026-06-21 13:19:53 [INFO   ] PROGRESS |   I am reaching out to introduce PlacementHub and explore whether any of your investor, entrepreneur, or
2026-06-21 13:19:53 [INFO   ] PROGRESS |   HNI clients may be open to reviewing a strategic seed opportunity.
2026-06-21 13:19:53 [INFO   ] PROGRESS |   My name is Sandeep Jain. PlacementHub is currently in its pre-seed fundraising stage, and I am
2026-06-21 13:19:53 [INFO   ] PROGRESS |   soliciting strategic seed investment for the same. PlacementHub is a campus placement and employability
2026-06-21 13:19:53 [INFO   ] PROGRESS |   platform connecting students, colleges, and recruiters. The product is built and in early
2026-06-21 13:19:53 [INFO   ] PROGRESS |   commercialization.
2026-06-21 13:19:53 [INFO   ] PROGRESS |   For reference, the detailed business plan, including the business model and go-to-market strategies, is
2026-06-21 13:19:53 [INFO   ] PROGRESS |   available here:
2026-06-21 13:19:53 [INFO   ] PROGRESS |   PlacementHub Business Plan
2026-06-21 13:19:53 [INFO   ] PROGRESS |   For a Chartered Accountant firm, the relevance is mainly professional and strategic:
2026-06-21 13:19:53 [INFO   ] PROGRESS |   PlacementHub may require support across accounting, taxation, compliance, payroll, investor documentation, audit, and related professional services.
2026-06-21 13:19:53 [INFO   ] PROGRESS |   I would naturally be pleased to consider and prioritize firms that support PlacementHub during its early growth phase, subject to suitability and mutual agreement.
2026-06-21 13:19:53 [INFO   ] PROGRESS |   The relationship can begin with a simple review of the investment note and, where appropriate, introductions to suitable investor clients.
2026-06-21 13:19:53 [INFO   ] PROGRESS |   If the opportunity is worth a look, I would be happy to send the note and speak briefly about the round,
2026-06-21 13:19:53 [INFO   ] PROGRESS |   the platform, and the type of strategic investors we are looking for.
2026-06-21 13:19:53 [INFO   ] PROGRESS |   Please reply to this email or call me if you would like to explore it.
2026-06-21 13:19:53 [INFO   ] PROGRESS |   Warm Regards,
2026-06-21 13:19:53 [INFO   ] PROGRESS |   Sandeep Jain
2026-06-21 13:19:53 [INFO   ] PROGRESS |   Founder, PlacementHub
2026-06-21 13:19:53 [INFO   ] PROGRESS |   +91-9860090620
2026-06-21 13:19:53 [INFO   ] PROGRESS |   sandeepjain200019@gmail.com
2026-06-21 13:19:53 [INFO   ] PROGRESS |   Detailed Profile
2026-06-21 13:19:53 [INFO   ] PROGRESS |   Detailed Note on Funding Requirement
2026-06-21 13:19:53 [INFO   ] --------------------------------------------------------------
2026-06-21 13:19:53 [INFO   ] 
2026-06-21 13:19:53 [INFO   ] 
2026-06-21 13:19:53 [INFO   ] PROGRESS | Email preview — To: deepak.ahuja@avallp.in | Subject: PlacementHub pre-seed intro with AHUJA VALECHA & ASSOCIATES LLP
2026-06-21 13:19:55 [INFO   ] SENT (Brevo) -> deepak.ahuja@avallp.in (AHUJA VALECHA & ASSOCIATES LLP) | PlacementHub pre-seed intro with AHUJA VALECHA & ASSOCIATES LLP | messageId=<202606210749.56814765195@smtp-relay.mailin.fr> (API accepted; run audit-brevo to confirm delivery)
2026-06-21 13:19:55 [INFO   ] Sleeping for 10 seconds
2026-06-21 13:20:05 [INFO   ] PROGRESS | Send 12/50 | SENT | deepak.ahuja@avallp.in | AHUJA VALECHA & ASSOCIATES LLP [Chartered Accountants & Company Secretaries] | ok=11 fail=1 skip=0
2026-06-21 13:20:05 [INFO   ] PROGRESS | Send 13/50 | SENDING | pnjoffice@gmail.com | PRAVIN N JAIN & ASSOCIATES [Chartered Accountants & Company Secretaries] | ok=11 fail=1 skip=0
2026-06-21 13:20:06 [INFO   ] --------------------------------------------------------------
2026-06-21 13:20:06 [INFO   ] PROGRESS | Email content — To: pnjoffice@gmail.com
2026-06-21 13:20:06 [INFO   ] PROGRESS | Subject: PlacementHub pre-seed intro with PRAVIN N JAIN & ASSOCIATES
2026-06-21 13:20:06 [INFO   ] PROGRESS | Body:
2026-06-21 13:20:06 [INFO   ] PROGRESS |   Dear Sir/Madam,
2026-06-21 13:20:06 [INFO   ] PROGRESS |   I am reaching out to introduce PlacementHub and explore whether any of your investor, entrepreneur, or
2026-06-21 13:20:06 [INFO   ] PROGRESS |   HNI clients may be open to reviewing a strategic seed opportunity.
2026-06-21 13:20:06 [INFO   ] PROGRESS |   My name is Sandeep Jain. PlacementHub is currently in its pre-seed fundraising stage, and I am
2026-06-21 13:20:06 [INFO   ] PROGRESS |   soliciting strategic seed investment for the same. PlacementHub is a campus placement and employability
2026-06-21 13:20:06 [INFO   ] PROGRESS |   platform connecting students, colleges, and recruiters. The product is built and in early
2026-06-21 13:20:06 [INFO   ] PROGRESS |   commercialization.
2026-06-21 13:20:06 [INFO   ] PROGRESS |   For reference, the detailed business plan, including the business model and go-to-market strategies, is
2026-06-21 13:20:06 [INFO   ] PROGRESS |   available here:
2026-06-21 13:20:06 [INFO   ] PROGRESS |   PlacementHub Business Plan
2026-06-21 13:20:06 [INFO   ] PROGRESS |   For a Chartered Accountant firm, the relevance is mainly professional and strategic:
2026-06-21 13:20:06 [INFO   ] PROGRESS |   PlacementHub may require support across accounting, taxation, compliance, payroll, investor documentation, audit, and related professional services.
2026-06-21 13:20:06 [INFO   ] PROGRESS |   I would naturally be pleased to consider and prioritize firms that support PlacementHub during its early growth phase, subject to suitability and mutual agreement.
2026-06-21 13:20:06 [INFO   ] PROGRESS |   The relationship can begin with a simple review of the investment note and, where appropriate, introductions to suitable investor clients.
2026-06-21 13:20:06 [INFO   ] PROGRESS |   If the opportunity is worth a look, I would be happy to send the note and speak briefly about the round,
2026-06-21 13:20:06 [INFO   ] PROGRESS |   the platform, and the type of strategic investors we are looking for.
2026-06-21 13:20:06 [INFO   ] PROGRESS |   Please reply to this email or call me if you would like to explore it.
2026-06-21 13:20:06 [INFO   ] PROGRESS |   Warm Regards,
2026-06-21 13:20:06 [INFO   ] PROGRESS |   Sandeep Jain
2026-06-21 13:20:06 [INFO   ] PROGRESS |   Founder, PlacementHub
2026-06-21 13:20:06 [INFO   ] PROGRESS |   +91-9860090620
2026-06-21 13:20:06 [INFO   ] PROGRESS |   sandeepjain200019@gmail.com
2026-06-21 13:20:06 [INFO   ] PROGRESS |   Detailed Profile
2026-06-21 13:20:06 [INFO   ] PROGRESS |   Detailed Note on Funding Requirement
2026-06-21 13:20:06 [INFO   ] --------------------------------------------------------------
2026-06-21 13:20:06 [INFO   ] 
2026-06-21 13:20:06 [INFO   ] 
2026-06-21 13:20:06 [INFO   ] PROGRESS | Email preview — To: pnjoffice@gmail.com | Subject: PlacementHub pre-seed intro with PRAVIN N JAIN & ASSOCIATES
2026-06-21 13:20:07 [INFO   ] SENT (Brevo) -> pnjoffice@gmail.com (PRAVIN N JAIN & ASSOCIATES) | PlacementHub pre-seed intro with PRAVIN N JAIN & ASSOCIATES | messageId=<202606210750.85735519098@smtp-relay.mailin.fr> (API accepted; run audit-brevo to confirm delivery)
2026-06-21 13:20:07 [INFO   ] Sleeping for 10 seconds
2026-06-21 13:20:17 [INFO   ] PROGRESS | Send 13/50 | SENT | pnjoffice@gmail.com | PRAVIN N JAIN & ASSOCIATES [Chartered Accountants & Company Secretaries] | ok=12 fail=1 skip=0
2026-06-21 13:20:17 [INFO   ] PROGRESS | Send 14/50 | SENDING | nitin2109@gmail.com | THAKUR N S & ASSOCIATES [Chartered Accountants & Company Secretaries] | ok=12 fail=1 skip=0
2026-06-21 13:20:24 [INFO   ] --------------------------------------------------------------
2026-06-21 13:20:24 [INFO   ] PROGRESS | Email content — To: nitin2109@gmail.com
2026-06-21 13:20:24 [INFO   ] PROGRESS | Subject: PlacementHub pre-seed intro with THAKUR N S & ASSOCIATES
2026-06-21 13:20:24 [INFO   ] PROGRESS | Body:
2026-06-21 13:20:24 [INFO   ] PROGRESS |   Dear Sir/Madam,
2026-06-21 13:20:24 [INFO   ] PROGRESS |   I am reaching out to introduce PlacementHub and explore whether any of your investor, entrepreneur, or
2026-06-21 13:20:24 [INFO   ] PROGRESS |   HNI clients may be open to reviewing a strategic seed opportunity.
2026-06-21 13:20:24 [INFO   ] PROGRESS |   My name is Sandeep Jain. PlacementHub is currently in its pre-seed fundraising stage, and I am
2026-06-21 13:20:24 [INFO   ] PROGRESS |   soliciting strategic seed investment for the same. PlacementHub is a campus placement and employability
2026-06-21 13:20:24 [INFO   ] PROGRESS |   platform connecting students, colleges, and recruiters. The product is built and in early
2026-06-21 13:20:24 [INFO   ] PROGRESS |   commercialization.
2026-06-21 13:20:24 [INFO   ] PROGRESS |   For reference, the detailed business plan, including the business model and go-to-market strategies, is
2026-06-21 13:20:24 [INFO   ] PROGRESS |   available here:
2026-06-21 13:20:24 [INFO   ] PROGRESS |   PlacementHub Business Plan
2026-06-21 13:20:24 [INFO   ] PROGRESS |   For a Chartered Accountant firm, the relevance is mainly professional and strategic:
2026-06-21 13:20:24 [INFO   ] PROGRESS |   PlacementHub may require support across accounting, taxation, compliance, payroll, investor documentation, audit, and related professional services.
2026-06-21 13:20:24 [INFO   ] PROGRESS |   I would naturally be pleased to consider and prioritize firms that support PlacementHub during its early growth phase, subject to suitability and mutual agreement.
2026-06-21 13:20:24 [INFO   ] PROGRESS |   The relationship can begin with a simple review of the investment note and, where appropriate, introductions to suitable investor clients.
2026-06-21 13:20:24 [INFO   ] PROGRESS |   If the opportunity is worth a look, I would be happy to send the note and speak briefly about the round,
2026-06-21 13:20:24 [INFO   ] PROGRESS |   the platform, and the type of strategic investors we are looking for.
2026-06-21 13:20:24 [INFO   ] PROGRESS |   Please reply to this email or call me if you would like to explore it.
2026-06-21 13:20:24 [INFO   ] PROGRESS |   Warm Regards,
2026-06-21 13:20:24 [INFO   ] PROGRESS |   Sandeep Jain
2026-06-21 13:20:24 [INFO   ] PROGRESS |   Founder, PlacementHub
2026-06-21 13:20:24 [INFO   ] PROGRESS |   +91-9860090620
2026-06-21 13:20:24 [INFO   ] PROGRESS |   sandeepjain200019@gmail.com
2026-06-21 13:20:24 [INFO   ] PROGRESS |   Detailed Profile
2026-06-21 13:20:24 [INFO   ] PROGRESS |   Detailed Note on Funding Requirement
2026-06-21 13:20:24 [INFO   ] --------------------------------------------------------------
2026-06-21 13:20:24 [INFO   ] 
2026-06-21 13:20:24 [INFO   ] 
2026-06-21 13:20:24 [INFO   ] PROGRESS | Email preview — To: nitin2109@gmail.com | Subject: PlacementHub pre-seed intro with THAKUR N S & ASSOCIATES
2026-06-21 13:20:25 [INFO   ] SENT (Brevo) -> nitin2109@gmail.com (THAKUR N S & ASSOCIATES) | PlacementHub pre-seed intro with THAKUR N S & ASSOCIATES | messageId=<202606210750.12634537843@smtp-relay.mailin.fr> (API accepted; run audit-brevo to confirm delivery)
2026-06-21 13:20:25 [INFO   ] Sleeping for 10 seconds
2026-06-21 13:20:35 [INFO   ] PROGRESS | Send 14/50 | SENT | nitin2109@gmail.com | THAKUR N S & ASSOCIATES [Chartered Accountants & Company Secretaries] | ok=13 fail=1 skip=0
2026-06-21 13:20:35 [INFO   ] PROGRESS | Send 15/50 | SENDING | cavivekjadhav@gmail.com | VIVEK JADHAV & CO [Chartered Accountants & Company Secretaries] | ok=13 fail=1 skip=0
2026-06-21 13:20:37 [INFO   ] --------------------------------------------------------------
2026-06-21 13:20:37 [INFO   ] PROGRESS | Email content — To: cavivekjadhav@gmail.com
2026-06-21 13:20:37 [INFO   ] PROGRESS | Subject: PlacementHub pre-seed intro with VIVEK JADHAV & CO
2026-06-21 13:20:37 [INFO   ] PROGRESS | Body:
2026-06-21 13:20:37 [INFO   ] PROGRESS |   Dear Sir/Madam,
2026-06-21 13:20:37 [INFO   ] PROGRESS |   I am reaching out to introduce PlacementHub and explore whether any of your investor, entrepreneur, or
2026-06-21 13:20:37 [INFO   ] PROGRESS |   HNI clients may be open to reviewing a strategic seed opportunity.
2026-06-21 13:20:37 [INFO   ] PROGRESS |   My name is Sandeep Jain. PlacementHub is currently in its pre-seed fundraising stage, and I am
2026-06-21 13:20:37 [INFO   ] PROGRESS |   soliciting strategic seed investment for the same. PlacementHub is a campus placement and employability
2026-06-21 13:20:37 [INFO   ] PROGRESS |   platform connecting students, colleges, and recruiters. The product is built and in early
2026-06-21 13:20:37 [INFO   ] PROGRESS |   commercialization.
2026-06-21 13:20:37 [INFO   ] PROGRESS |   For reference, the detailed business plan, including the business model and go-to-market strategies, is
2026-06-21 13:20:37 [INFO   ] PROGRESS |   available here:
2026-06-21 13:20:37 [INFO   ] PROGRESS |   PlacementHub Business Plan
2026-06-21 13:20:37 [INFO   ] PROGRESS |   For a Chartered Accountant firm, the relevance is mainly professional and strategic:
2026-06-21 13:20:37 [INFO   ] PROGRESS |   PlacementHub may require support across accounting, taxation, compliance, payroll, investor documentation, audit, and related professional services.
2026-06-21 13:20:37 [INFO   ] PROGRESS |   I would naturally be pleased to consider and prioritize firms that support PlacementHub during its early growth phase, subject to suitability and mutual agreement.
2026-06-21 13:20:37 [INFO   ] PROGRESS |   The relationship can begin with a simple review of the investment note and, where appropriate, introductions to suitable investor clients.
2026-06-21 13:20:37 [INFO   ] PROGRESS |   If the opportunity is worth a look, I would be happy to send the note and speak briefly about the round,
2026-06-21 13:20:37 [INFO   ] PROGRESS |   the platform, and the type of strategic investors we are looking for.
2026-06-21 13:20:37 [INFO   ] PROGRESS |   Please reply to this email or call me if you would like to explore it.
2026-06-21 13:20:37 [INFO   ] PROGRESS |   Warm Regards,
2026-06-21 13:20:37 [INFO   ] PROGRESS |   Sandeep Jain
2026-06-21 13:20:37 [INFO   ] PROGRESS |   Founder, PlacementHub
2026-06-21 13:20:37 [INFO   ] PROGRESS |   +91-9860090620
2026-06-21 13:20:37 [INFO   ] PROGRESS |   sandeepjain200019@gmail.com
2026-06-21 13:20:37 [INFO   ] PROGRESS |   Detailed Profile
2026-06-21 13:20:37 [INFO   ] PROGRESS |   Detailed Note on Funding Requirement
2026-06-21 13:20:37 [INFO   ] --------------------------------------------------------------
2026-06-21 13:20:37 [INFO   ] 
2026-06-21 13:20:37 [INFO   ] 
2026-06-21 13:20:37 [INFO   ] PROGRESS | Email preview — To: cavivekjadhav@gmail.com | Subject: PlacementHub pre-seed intro with VIVEK JADHAV & CO
2026-06-21 13:20:37 [INFO   ] SENT (Brevo) -> cavivekjadhav@gmail.com (VIVEK JADHAV & CO) | PlacementHub pre-seed intro with VIVEK JADHAV & CO | messageId=<202606210750.31408241912@smtp-relay.mailin.fr> (API accepted; run audit-brevo to confirm delivery)
2026-06-21 13:20:37 [INFO   ] Sleeping for 10 seconds
2026-06-21 13:20:47 [INFO   ] PROGRESS | Send 15/50 | SENT | cavivekjadhav@gmail.com | VIVEK JADHAV & CO [Chartered Accountants & Company Secretaries] | ok=14 fail=1 skip=0
2026-06-21 13:20:47 [INFO   ] PROGRESS | Send 16/50 | SENDING | avdongaonkar@gmail.com | C A H & ASSOCIATES [Chartered Accountants & Company Secretaries] | ok=14 fail=1 skip=0
2026-06-21 13:21:00 [INFO   ] --------------------------------------------------------------
2026-06-21 13:21:00 [INFO   ] PROGRESS | Email content — To: avdongaonkar@gmail.com
2026-06-21 13:21:00 [INFO   ] PROGRESS | Subject: PlacementHub pre-seed intro with C A H & ASSOCIATES
2026-06-21 13:21:00 [INFO   ] PROGRESS | Body:
2026-06-21 13:21:00 [INFO   ] PROGRESS |   Dear Sir/Madam,
2026-06-21 13:21:00 [INFO   ] PROGRESS |   I am reaching out to introduce PlacementHub and explore whether any of your investor, entrepreneur, or
2026-06-21 13:21:00 [INFO   ] PROGRESS |   HNI clients may be open to reviewing a strategic seed opportunity.
2026-06-21 13:21:00 [INFO   ] PROGRESS |   My name is Sandeep Jain. PlacementHub is currently in its pre-seed fundraising stage, and I am
2026-06-21 13:21:00 [INFO   ] PROGRESS |   soliciting strategic seed investment for the same. PlacementHub is a campus placement and employability
2026-06-21 13:21:00 [INFO   ] PROGRESS |   platform connecting students, colleges, and recruiters. The product is built and in early
2026-06-21 13:21:00 [INFO   ] PROGRESS |   commercialization.
2026-06-21 13:21:00 [INFO   ] PROGRESS |   For reference, the detailed business plan, including the business model and go-to-market strategies, is
2026-06-21 13:21:00 [INFO   ] PROGRESS |   available here:
2026-06-21 13:21:00 [INFO   ] PROGRESS |   PlacementHub Business Plan
2026-06-21 13:21:00 [INFO   ] PROGRESS |   For a Chartered Accountant firm, the relevance is mainly professional and strategic:
2026-06-21 13:21:00 [INFO   ] PROGRESS |   PlacementHub may require support across accounting, taxation, compliance, payroll, investor documentation, audit, and related professional services.
2026-06-21 13:21:00 [INFO   ] PROGRESS |   I would naturally be pleased to consider and prioritize firms that support PlacementHub during its early growth phase, subject to suitability and mutual agreement.
2026-06-21 13:21:00 [INFO   ] PROGRESS |   The relationship can begin with a simple review of the investment note and, where appropriate, introductions to suitable investor clients.
2026-06-21 13:21:00 [INFO   ] PROGRESS |   If the opportunity is worth a look, I would be happy to send the note and speak briefly about the round,
2026-06-21 13:21:00 [INFO   ] PROGRESS |   the platform, and the type of strategic investors we are looking for.
2026-06-21 13:21:00 [INFO   ] PROGRESS |   Please reply to this email or call me if you would like to explore it.
2026-06-21 13:21:00 [INFO   ] PROGRESS |   Warm Regards,
2026-06-21 13:21:00 [INFO   ] PROGRESS |   Sandeep Jain
2026-06-21 13:21:00 [INFO   ] PROGRESS |   Founder, PlacementHub
2026-06-21 13:21:00 [INFO   ] PROGRESS |   +91-9860090620
2026-06-21 13:21:00 [INFO   ] PROGRESS |   sandeepjain200019@gmail.com
2026-06-21 13:21:00 [INFO   ] PROGRESS |   Detailed Profile
2026-06-21 13:21:00 [INFO   ] PROGRESS |   Detailed Note on Funding Requirement
2026-06-21 13:21:00 [INFO   ] --------------------------------------------------------------
2026-06-21 13:21:00 [INFO   ] 
2026-06-21 13:21:00 [INFO   ] 
2026-06-21 13:21:00 [INFO   ] PROGRESS | Email preview — To: avdongaonkar@gmail.com | Subject: PlacementHub pre-seed intro with C A H & ASSOCIATES
2026-06-21 13:21:01 [INFO   ] SENT (Brevo) -> avdongaonkar@gmail.com (C A H & ASSOCIATES) | PlacementHub pre-seed intro with C A H & ASSOCIATES | messageId=<202606210751.40063287007@smtp-relay.mailin.fr> (API accepted; run audit-brevo to confirm delivery)
2026-06-21 13:21:01 [INFO   ] Sleeping for 10 seconds
2026-06-21 13:21:11 [INFO   ] PROGRESS | Send 16/50 | SENT | avdongaonkar@gmail.com | C A H & ASSOCIATES [Chartered Accountants & Company Secretaries] | ok=15 fail=1 skip=0
2026-06-21 13:21:11 [INFO   ] PROGRESS | Send 17/50 | SENDING | poonam.ukharde@gmail.com | P R UKHARDE & ASSOCIATES [Chartered Accountants & Company Secretaries] | ok=15 fail=1 skip=0
2026-06-21 13:21:13 [INFO   ] --------------------------------------------------------------
2026-06-21 13:21:13 [INFO   ] PROGRESS | Email content — To: poonam.ukharde@gmail.com
2026-06-21 13:21:13 [INFO   ] PROGRESS | Subject: PlacementHub pre-seed intro with P R UKHARDE & ASSOCIATES
2026-06-21 13:21:13 [INFO   ] PROGRESS | Body:
2026-06-21 13:21:13 [INFO   ] PROGRESS |   Dear Sir/Madam,
2026-06-21 13:21:13 [INFO   ] PROGRESS |   I am reaching out to introduce PlacementHub and explore whether any of your investor, entrepreneur, or
2026-06-21 13:21:13 [INFO   ] PROGRESS |   HNI clients may be open to reviewing a strategic seed opportunity.
2026-06-21 13:21:13 [INFO   ] PROGRESS |   My name is Sandeep Jain. PlacementHub is currently in its pre-seed fundraising stage, and I am
2026-06-21 13:21:13 [INFO   ] PROGRESS |   soliciting strategic seed investment for the same. PlacementHub is a campus placement and employability
2026-06-21 13:21:13 [INFO   ] PROGRESS |   platform connecting students, colleges, and recruiters. The product is built and in early
2026-06-21 13:21:13 [INFO   ] PROGRESS |   commercialization.
2026-06-21 13:21:13 [INFO   ] PROGRESS |   For reference, the detailed business plan, including the business model and go-to-market strategies, is
2026-06-21 13:21:13 [INFO   ] PROGRESS |   available here:
2026-06-21 13:21:13 [INFO   ] PROGRESS |   PlacementHub Business Plan
2026-06-21 13:21:13 [INFO   ] PROGRESS |   For a Chartered Accountant firm, the relevance is mainly professional and strategic:
2026-06-21 13:21:13 [INFO   ] PROGRESS |   PlacementHub may require support across accounting, taxation, compliance, payroll, investor documentation, audit, and related professional services.
2026-06-21 13:21:13 [INFO   ] PROGRESS |   I would naturally be pleased to consider and prioritize firms that support PlacementHub during its early growth phase, subject to suitability and mutual agreement.
2026-06-21 13:21:13 [INFO   ] PROGRESS |   The relationship can begin with a simple review of the investment note and, where appropriate, introductions to suitable investor clients.
2026-06-21 13:21:13 [INFO   ] PROGRESS |   If the opportunity is worth a look, I would be happy to send the note and speak briefly about the round,
2026-06-21 13:21:13 [INFO   ] PROGRESS |   the platform, and the type of strategic investors we are looking for.
2026-06-21 13:21:13 [INFO   ] PROGRESS |   Please reply to this email or call me if you would like to explore it.
2026-06-21 13:21:13 [INFO   ] PROGRESS |   Warm Regards,
2026-06-21 13:21:13 [INFO   ] PROGRESS |   Sandeep Jain
2026-06-21 13:21:13 [INFO   ] PROGRESS |   Founder, PlacementHub
2026-06-21 13:21:13 [INFO   ] PROGRESS |   +91-9860090620
2026-06-21 13:21:13 [INFO   ] PROGRESS |   sandeepjain200019@gmail.com
2026-06-21 13:21:13 [INFO   ] PROGRESS |   Detailed Profile
2026-06-21 13:21:13 [INFO   ] PROGRESS |   Detailed Note on Funding Requirement
2026-06-21 13:21:13 [INFO   ] --------------------------------------------------------------
2026-06-21 13:21:13 [INFO   ] 
2026-06-21 13:21:13 [INFO   ] 
2026-06-21 13:21:13 [INFO   ] PROGRESS | Email preview — To: poonam.ukharde@gmail.com | Subject: PlacementHub pre-seed intro with P R UKHARDE & ASSOCIATES
2026-06-21 13:21:14 [INFO   ] SENT (Brevo) -> poonam.ukharde@gmail.com (P R UKHARDE & ASSOCIATES) | PlacementHub pre-seed intro with P R UKHARDE & ASSOCIATES | messageId=<202606210751.78656232699@smtp-relay.mailin.fr> (API accepted; run audit-brevo to confirm delivery)
2026-06-21 13:21:14 [INFO   ] Sleeping for 10 seconds
2026-06-21 13:21:24 [INFO   ] PROGRESS | Send 17/50 | SENT | poonam.ukharde@gmail.com | P R UKHARDE & ASSOCIATES [Chartered Accountants & Company Secretaries] | ok=16 fail=1 skip=0
2026-06-21 13:21:24 [INFO   ] PROGRESS | Send 18/50 | SENDING | capankajjoshi1991@gmail.com | JOSHI JAJU & ASSOCIATES [Chartered Accountants & Company Secretaries] | ok=16 fail=1 skip=0
2026-06-21 13:21:31 [INFO   ] --------------------------------------------------------------
2026-06-21 13:21:31 [INFO   ] PROGRESS | Email content — To: capankajjoshi1991@gmail.com
2026-06-21 13:21:31 [INFO   ] PROGRESS | Subject: PlacementHub pre-seed intro with JOSHI JAJU & ASSOCIATES
2026-06-21 13:21:31 [INFO   ] PROGRESS | Body:
2026-06-21 13:21:31 [INFO   ] PROGRESS |   Dear Sir/Madam,
2026-06-21 13:21:31 [INFO   ] PROGRESS |   I am reaching out to introduce PlacementHub and explore whether any of your investor, entrepreneur, or
2026-06-21 13:21:31 [INFO   ] PROGRESS |   HNI clients may be open to reviewing a strategic seed opportunity.
2026-06-21 13:21:31 [INFO   ] PROGRESS |   My name is Sandeep Jain. PlacementHub is currently in its pre-seed fundraising stage, and I am
2026-06-21 13:21:31 [INFO   ] PROGRESS |   soliciting strategic seed investment for the same. PlacementHub is a campus placement and employability
2026-06-21 13:21:31 [INFO   ] PROGRESS |   platform connecting students, colleges, and recruiters. The product is built and in early
2026-06-21 13:21:31 [INFO   ] PROGRESS |   commercialization.
2026-06-21 13:21:31 [INFO   ] PROGRESS |   For reference, the detailed business plan, including the business model and go-to-market strategies, is
2026-06-21 13:21:31 [INFO   ] PROGRESS |   available here:
2026-06-21 13:21:31 [INFO   ] PROGRESS |   PlacementHub Business Plan
2026-06-21 13:21:31 [INFO   ] PROGRESS |   For a Chartered Accountant firm, the relevance is mainly professional and strategic:
2026-06-21 13:21:31 [INFO   ] PROGRESS |   PlacementHub may require support across accounting, taxation, compliance, payroll, investor documentation, audit, and related professional services.
2026-06-21 13:21:31 [INFO   ] PROGRESS |   I would naturally be pleased to consider and prioritize firms that support PlacementHub during its early growth phase, subject to suitability and mutual agreement.
2026-06-21 13:21:31 [INFO   ] PROGRESS |   The relationship can begin with a simple review of the investment note and, where appropriate, introductions to suitable investor clients.
2026-06-21 13:21:31 [INFO   ] PROGRESS |   If the opportunity is worth a look, I would be happy to send the note and speak briefly about the round,
2026-06-21 13:21:31 [INFO   ] PROGRESS |   the platform, and the type of strategic investors we are looking for.
2026-06-21 13:21:31 [INFO   ] PROGRESS |   Please reply to this email or call me if you would like to explore it.
2026-06-21 13:21:31 [INFO   ] PROGRESS |   Warm Regards,
2026-06-21 13:21:31 [INFO   ] PROGRESS |   Sandeep Jain
2026-06-21 13:21:31 [INFO   ] PROGRESS |   Founder, PlacementHub
2026-06-21 13:21:31 [INFO   ] PROGRESS |   +91-9860090620
2026-06-21 13:21:31 [INFO   ] PROGRESS |   sandeepjain200019@gmail.com
2026-06-21 13:21:31 [INFO   ] PROGRESS |   Detailed Profile
2026-06-21 13:21:31 [INFO   ] PROGRESS |   Detailed Note on Funding Requirement
2026-06-21 13:21:31 [INFO   ] --------------------------------------------------------------
2026-06-21 13:21:31 [INFO   ] 
2026-06-21 13:21:31 [INFO   ] 
2026-06-21 13:21:31 [INFO   ] PROGRESS | Email preview — To: capankajjoshi1991@gmail.com | Subject: PlacementHub pre-seed intro with JOSHI JAJU & ASSOCIATES
2026-06-21 13:21:32 [INFO   ] SENT (Brevo) -> capankajjoshi1991@gmail.com (JOSHI JAJU & ASSOCIATES) | PlacementHub pre-seed intro with JOSHI JAJU & ASSOCIATES | messageId=<202606210751.61225923312@smtp-relay.mailin.fr> (API accepted; run audit-brevo to confirm delivery)
2026-06-21 13:21:32 [INFO   ] Sleeping for 10 seconds
2026-06-21 13:21:42 [INFO   ] PROGRESS | Send 18/50 | SENT | capankajjoshi1991@gmail.com | JOSHI JAJU & ASSOCIATES [Chartered Accountants & Company Secretaries] | ok=17 fail=1 skip=0
2026-06-21 13:21:42 [INFO   ] PROGRESS | Send 19/50 | SENDING | sharadvaze@gmail.com | SHARAD A VAZE & CO [Chartered Accountants & Company Secretaries] | ok=17 fail=1 skip=0
2026-06-21 13:21:43 [INFO   ] --------------------------------------------------------------
2026-06-21 13:21:43 [INFO   ] PROGRESS | Email content — To: sharadvaze@gmail.com
2026-06-21 13:21:43 [INFO   ] PROGRESS | Subject: PlacementHub pre-seed intro with SHARAD A VAZE & CO
2026-06-21 13:21:43 [INFO   ] PROGRESS | Body:
2026-06-21 13:21:43 [INFO   ] PROGRESS |   Dear Sir/Madam,
2026-06-21 13:21:43 [INFO   ] PROGRESS |   I am reaching out to introduce PlacementHub and explore whether any of your investor, entrepreneur, or
2026-06-21 13:21:43 [INFO   ] PROGRESS |   HNI clients may be open to reviewing a strategic seed opportunity.
2026-06-21 13:21:43 [INFO   ] PROGRESS |   My name is Sandeep Jain. PlacementHub is currently in its pre-seed fundraising stage, and I am
2026-06-21 13:21:43 [INFO   ] PROGRESS |   soliciting strategic seed investment for the same. PlacementHub is a campus placement and employability
2026-06-21 13:21:43 [INFO   ] PROGRESS |   platform connecting students, colleges, and recruiters. The product is built and in early
2026-06-21 13:21:43 [INFO   ] PROGRESS |   commercialization.
2026-06-21 13:21:43 [INFO   ] PROGRESS |   For reference, the detailed business plan, including the business model and go-to-market strategies, is
2026-06-21 13:21:43 [INFO   ] PROGRESS |   available here:
2026-06-21 13:21:43 [INFO   ] PROGRESS |   PlacementHub Business Plan
2026-06-21 13:21:43 [INFO   ] PROGRESS |   For a Chartered Accountant firm, the relevance is mainly professional and strategic:
2026-06-21 13:21:43 [INFO   ] PROGRESS |   PlacementHub may require support across accounting, taxation, compliance, payroll, investor documentation, audit, and related professional services.
2026-06-21 13:21:43 [INFO   ] PROGRESS |   I would naturally be pleased to consider and prioritize firms that support PlacementHub during its early growth phase, subject to suitability and mutual agreement.
2026-06-21 13:21:43 [INFO   ] PROGRESS |   The relationship can begin with a simple review of the investment note and, where appropriate, introductions to suitable investor clients.
2026-06-21 13:21:43 [INFO   ] PROGRESS |   If the opportunity is worth a look, I would be happy to send the note and speak briefly about the round,
2026-06-21 13:21:43 [INFO   ] PROGRESS |   the platform, and the type of strategic investors we are looking for.
2026-06-21 13:21:43 [INFO   ] PROGRESS |   Please reply to this email or call me if you would like to explore it.
2026-06-21 13:21:43 [INFO   ] PROGRESS |   Warm Regards,
2026-06-21 13:21:43 [INFO   ] PROGRESS |   Sandeep Jain
2026-06-21 13:21:43 [INFO   ] PROGRESS |   Founder, PlacementHub
2026-06-21 13:21:43 [INFO   ] PROGRESS |   +91-9860090620
2026-06-21 13:21:43 [INFO   ] PROGRESS |   sandeepjain200019@gmail.com
2026-06-21 13:21:43 [INFO   ] PROGRESS |   Detailed Profile
2026-06-21 13:21:43 [INFO   ] PROGRESS |   Detailed Note on Funding Requirement
2026-06-21 13:21:43 [INFO   ] --------------------------------------------------------------
2026-06-21 13:21:43 [INFO   ] 
2026-06-21 13:21:43 [INFO   ] 
2026-06-21 13:21:43 [INFO   ] PROGRESS | Email preview — To: sharadvaze@gmail.com | Subject: PlacementHub pre-seed intro with SHARAD A VAZE & CO
2026-06-21 13:21:44 [INFO   ] SENT (Brevo) -> sharadvaze@gmail.com (SHARAD A VAZE & CO) | PlacementHub pre-seed intro with SHARAD A VAZE & CO | messageId=<202606210751.19105677401@smtp-relay.mailin.fr> (API accepted; run audit-brevo to confirm delivery)
2026-06-21 13:21:44 [INFO   ] Sleeping for 10 seconds
2026-06-21 13:21:54 [INFO   ] PROGRESS | Send 19/50 | SENT | sharadvaze@gmail.com | SHARAD A VAZE & CO [Chartered Accountants & Company Secretaries] | ok=18 fail=1 skip=0
2026-06-21 13:21:54 [INFO   ] PROGRESS | Send 20/50 | SENDING | modakasso@gmail.com | SHRIKANT MODAK & ASSOCIATES [Chartered Accountants & Company Secretaries] | ok=18 fail=1 skip=0
2026-06-21 13:21:55 [INFO   ] --------------------------------------------------------------
2026-06-21 13:21:55 [INFO   ] PROGRESS | Email content — To: modakasso@gmail.com
2026-06-21 13:21:55 [INFO   ] PROGRESS | Subject: PlacementHub pre-seed intro with SHRIKANT MODAK & ASSOCIATES
2026-06-21 13:21:55 [INFO   ] PROGRESS | Body:
2026-06-21 13:21:55 [INFO   ] PROGRESS |   Dear Sir/Madam,
2026-06-21 13:21:55 [INFO   ] PROGRESS |   I am reaching out to introduce PlacementHub and explore whether any of your investor, entrepreneur, or
2026-06-21 13:21:55 [INFO   ] PROGRESS |   HNI clients may be open to reviewing a strategic seed opportunity.
2026-06-21 13:21:55 [INFO   ] PROGRESS |   My name is Sandeep Jain. PlacementHub is currently in its pre-seed fundraising stage, and I am
2026-06-21 13:21:55 [INFO   ] PROGRESS |   soliciting strategic seed investment for the same. PlacementHub is a campus placement and employability
2026-06-21 13:21:55 [INFO   ] PROGRESS |   platform connecting students, colleges, and recruiters. The product is built and in early
2026-06-21 13:21:55 [INFO   ] PROGRESS |   commercialization.
2026-06-21 13:21:55 [INFO   ] PROGRESS |   For reference, the detailed business plan, including the business model and go-to-market strategies, is
2026-06-21 13:21:55 [INFO   ] PROGRESS |   available here:
2026-06-21 13:21:55 [INFO   ] PROGRESS |   PlacementHub Business Plan
2026-06-21 13:21:55 [INFO   ] PROGRESS |   For a Chartered Accountant firm, the relevance is mainly professional and strategic:
2026-06-21 13:21:55 [INFO   ] PROGRESS |   PlacementHub may require support across accounting, taxation, compliance, payroll, investor documentation, audit, and related professional services.
2026-06-21 13:21:55 [INFO   ] PROGRESS |   I would naturally be pleased to consider and prioritize firms that support PlacementHub during its early growth phase, subject to suitability and mutual agreement.
2026-06-21 13:21:55 [INFO   ] PROGRESS |   The relationship can begin with a simple review of the investment note and, where appropriate, introductions to suitable investor clients.
2026-06-21 13:21:55 [INFO   ] PROGRESS |   If the opportunity is worth a look, I would be happy to send the note and speak briefly about the round,
2026-06-21 13:21:55 [INFO   ] PROGRESS |   the platform, and the type of strategic investors we are looking for.
2026-06-21 13:21:55 [INFO   ] PROGRESS |   Please reply to this email or call me if you would like to explore it.
2026-06-21 13:21:55 [INFO   ] PROGRESS |   Warm Regards,
2026-06-21 13:21:55 [INFO   ] PROGRESS |   Sandeep Jain
2026-06-21 13:21:55 [INFO   ] PROGRESS |   Founder, PlacementHub
2026-06-21 13:21:55 [INFO   ] PROGRESS |   +91-9860090620
2026-06-21 13:21:55 [INFO   ] PROGRESS |   sandeepjain200019@gmail.com
2026-06-21 13:21:55 [INFO   ] PROGRESS |   Detailed Profile
2026-06-21 13:21:55 [INFO   ] PROGRESS |   Detailed Note on Funding Requirement
2026-06-21 13:21:55 [INFO   ] --------------------------------------------------------------
2026-06-21 13:21:55 [INFO   ] 
2026-06-21 13:21:55 [INFO   ] 
2026-06-21 13:21:55 [INFO   ] PROGRESS | Email preview — To: modakasso@gmail.com | Subject: PlacementHub pre-seed intro with SHRIKANT MODAK & ASSOCIATES
2026-06-21 13:21:56 [INFO   ] SENT (Brevo) -> modakasso@gmail.com (SHRIKANT MODAK & ASSOCIATES) | PlacementHub pre-seed intro with SHRIKANT MODAK & ASSOCIATES | messageId=<202606210751.59261563476@smtp-relay.mailin.fr> (API accepted; run audit-brevo to confirm delivery)
2026-06-21 13:21:56 [INFO   ] Sleeping for 10 seconds
2026-06-21 13:22:06 [INFO   ] PROGRESS | Send 20/50 | SENT | modakasso@gmail.com | SHRIKANT MODAK & ASSOCIATES [Chartered Accountants & Company Secretaries] | ok=19 fail=1 skip=0
2026-06-21 13:22:06 [INFO   ] PROGRESS | Send 21/50 | SENDING | mukesh.a.jain@gmail.com | M G M AND COMPANY [Chartered Accountants & Company Secretaries] | ok=19 fail=1 skip=0
2026-06-21 13:22:08 [INFO   ] --------------------------------------------------------------
2026-06-21 13:22:08 [INFO   ] PROGRESS | Email content — To: mukesh.a.jain@gmail.com
2026-06-21 13:22:08 [INFO   ] PROGRESS | Subject: PlacementHub pre-seed intro with M G M AND COMPANY
2026-06-21 13:22:08 [INFO   ] PROGRESS | Body:
2026-06-21 13:22:08 [INFO   ] PROGRESS |   Dear Sir/Madam,
2026-06-21 13:22:08 [INFO   ] PROGRESS |   I am reaching out to introduce PlacementHub and explore whether any of your investor, entrepreneur, or
2026-06-21 13:22:08 [INFO   ] PROGRESS |   HNI clients may be open to reviewing a strategic seed opportunity.
2026-06-21 13:22:08 [INFO   ] PROGRESS |   My name is Sandeep Jain. PlacementHub is currently in its pre-seed fundraising stage, and I am
2026-06-21 13:22:08 [INFO   ] PROGRESS |   soliciting strategic seed investment for the same. PlacementHub is a campus placement and employability
2026-06-21 13:22:08 [INFO   ] PROGRESS |   platform connecting students, colleges, and recruiters. The product is built and in early
2026-06-21 13:22:08 [INFO   ] PROGRESS |   commercialization.
2026-06-21 13:22:08 [INFO   ] PROGRESS |   For reference, the detailed business plan, including the business model and go-to-market strategies, is
2026-06-21 13:22:08 [INFO   ] PROGRESS |   available here:
2026-06-21 13:22:08 [INFO   ] PROGRESS |   PlacementHub Business Plan
2026-06-21 13:22:08 [INFO   ] PROGRESS |   For a Chartered Accountant firm, the relevance is mainly professional and strategic:
2026-06-21 13:22:08 [INFO   ] PROGRESS |   PlacementHub may require support across accounting, taxation, compliance, payroll, investor documentation, audit, and related professional services.
2026-06-21 13:22:08 [INFO   ] PROGRESS |   I would naturally be pleased to consider and prioritize firms that support PlacementHub during its early growth phase, subject to suitability and mutual agreement.
2026-06-21 13:22:08 [INFO   ] PROGRESS |   The relationship can begin with a simple review of the investment note and, where appropriate, introductions to suitable investor clients.
2026-06-21 13:22:08 [INFO   ] PROGRESS |   If the opportunity is worth a look, I would be happy to send the note and speak briefly about the round,
2026-06-21 13:22:08 [INFO   ] PROGRESS |   the platform, and the type of strategic investors we are looking for.
2026-06-21 13:22:08 [INFO   ] PROGRESS |   Please reply to this email or call me if you would like to explore it.
2026-06-21 13:22:08 [INFO   ] PROGRESS |   Warm Regards,
2026-06-21 13:22:08 [INFO   ] PROGRESS |   Sandeep Jain
2026-06-21 13:22:08 [INFO   ] PROGRESS |   Founder, PlacementHub
2026-06-21 13:22:08 [INFO   ] PROGRESS |   +91-9860090620
2026-06-21 13:22:08 [INFO   ] PROGRESS |   sandeepjain200019@gmail.com
2026-06-21 13:22:08 [INFO   ] PROGRESS |   Detailed Profile
2026-06-21 13:22:08 [INFO   ] PROGRESS |   Detailed Note on Funding Requirement
2026-06-21 13:22:08 [INFO   ] --------------------------------------------------------------
2026-06-21 13:22:08 [INFO   ] 
2026-06-21 13:22:08 [INFO   ] 
2026-06-21 13:22:08 [INFO   ] PROGRESS | Email preview — To: mukesh.a.jain@gmail.com | Subject: PlacementHub pre-seed intro with M G M AND COMPANY
2026-06-21 13:22:09 [INFO   ] SENT (Brevo) -> mukesh.a.jain@gmail.com (M G M AND COMPANY) | PlacementHub pre-seed intro with M G M AND COMPANY | messageId=<202606210752.93728165326@smtp-relay.mailin.fr> (API accepted; run audit-brevo to confirm delivery)
2026-06-21 13:22:09 [INFO   ] Sleeping for 10 seconds
2026-06-21 13:22:19 [INFO   ] PROGRESS | Send 21/50 | SENT | mukesh.a.jain@gmail.com | M G M AND COMPANY [Chartered Accountants & Company Secretaries] | ok=20 fail=1 skip=0
2026-06-21 13:22:19 [INFO   ] PROGRESS | Send 22/50 | SENDING | gujarathipriyesh5@gmail.com | PRIYESH GUJARATHI & ASSOCIATES [Chartered Accountants & Company Secretaries] | ok=20 fail=1 skip=0
2026-06-21 13:22:21 [INFO   ] --------------------------------------------------------------
2026-06-21 13:22:21 [INFO   ] PROGRESS | Email content — To: gujarathipriyesh5@gmail.com
2026-06-21 13:22:21 [INFO   ] PROGRESS | Subject: PlacementHub pre-seed intro with PRIYESH GUJARATHI & ASSOCIATES
2026-06-21 13:22:21 [INFO   ] PROGRESS | Body:
2026-06-21 13:22:21 [INFO   ] PROGRESS |   Dear Sir/Madam,
2026-06-21 13:22:21 [INFO   ] PROGRESS |   I am reaching out to introduce PlacementHub and explore whether any of your investor, entrepreneur, or
2026-06-21 13:22:21 [INFO   ] PROGRESS |   HNI clients may be open to reviewing a strategic seed opportunity.
2026-06-21 13:22:21 [INFO   ] PROGRESS |   My name is Sandeep Jain. PlacementHub is currently in its pre-seed fundraising stage, and I am
2026-06-21 13:22:21 [INFO   ] PROGRESS |   soliciting strategic seed investment for the same. PlacementHub is a campus placement and employability
2026-06-21 13:22:21 [INFO   ] PROGRESS |   platform connecting students, colleges, and recruiters. The product is built and in early
2026-06-21 13:22:21 [INFO   ] PROGRESS |   commercialization.
2026-06-21 13:22:21 [INFO   ] PROGRESS |   For reference, the detailed business plan, including the business model and go-to-market strategies, is
2026-06-21 13:22:21 [INFO   ] PROGRESS |   available here:
2026-06-21 13:22:21 [INFO   ] PROGRESS |   PlacementHub Business Plan
2026-06-21 13:22:21 [INFO   ] PROGRESS |   For a Chartered Accountant firm, the relevance is mainly professional and strategic:
2026-06-21 13:22:21 [INFO   ] PROGRESS |   PlacementHub may require support across accounting, taxation, compliance, payroll, investor documentation, audit, and related professional services.
2026-06-21 13:22:21 [INFO   ] PROGRESS |   I would naturally be pleased to consider and prioritize firms that support PlacementHub during its early growth phase, subject to suitability and mutual agreement.
2026-06-21 13:22:21 [INFO   ] PROGRESS |   The relationship can begin with a simple review of the investment note and, where appropriate, introductions to suitable investor clients.
2026-06-21 13:22:21 [INFO   ] PROGRESS |   If the opportunity is worth a look, I would be happy to send the note and speak briefly about the round,
2026-06-21 13:22:21 [INFO   ] PROGRESS |   the platform, and the type of strategic investors we are looking for.
2026-06-21 13:22:21 [INFO   ] PROGRESS |   Please reply to this email or call me if you would like to explore it.
2026-06-21 13:22:21 [INFO   ] PROGRESS |   Warm Regards,
2026-06-21 13:22:21 [INFO   ] PROGRESS |   Sandeep Jain
2026-06-21 13:22:21 [INFO   ] PROGRESS |   Founder, PlacementHub
2026-06-21 13:22:21 [INFO   ] PROGRESS |   +91-9860090620
2026-06-21 13:22:21 [INFO   ] PROGRESS |   sandeepjain200019@gmail.com
2026-06-21 13:22:21 [INFO   ] PROGRESS |   Detailed Profile
2026-06-21 13:22:21 [INFO   ] PROGRESS |   Detailed Note on Funding Requirement
2026-06-21 13:22:21 [INFO   ] --------------------------------------------------------------
2026-06-21 13:22:21 [INFO   ] 
2026-06-21 13:22:21 [INFO   ] 
2026-06-21 13:22:21 [INFO   ] PROGRESS | Email preview — To: gujarathipriyesh5@gmail.com | Subject: PlacementHub pre-seed intro with PRIYESH GUJARATHI & ASSOCIATES
2026-06-21 13:22:22 [INFO   ] SENT (Brevo) -> gujarathipriyesh5@gmail.com (PRIYESH GUJARATHI & ASSOCIATES) | PlacementHub pre-seed intro with PRIYESH GUJARATHI & ASSOCIATES | messageId=<202606210752.73638543339@smtp-relay.mailin.fr> (API accepted; run audit-brevo to confirm delivery)
2026-06-21 13:22:22 [INFO   ] Sleeping for 10 seconds
2026-06-21 13:22:32 [INFO   ] PROGRESS | Send 22/50 | SENT | gujarathipriyesh5@gmail.com | PRIYESH GUJARATHI & ASSOCIATES [Chartered Accountants & Company Secretaries] | ok=21 fail=1 skip=0
2026-06-21 13:22:32 [INFO   ] PROGRESS | Send 23/50 | SENDING | canileshdeo@gmail.com | NILESH DEO & ASSOCIATES [Chartered Accountants & Company Secretaries] | ok=21 fail=1 skip=0
2026-06-21 13:22:33 [INFO   ] --------------------------------------------------------------
2026-06-21 13:22:33 [INFO   ] PROGRESS | Email content — To: canileshdeo@gmail.com
2026-06-21 13:22:33 [INFO   ] PROGRESS | Subject: PlacementHub pre-seed intro with NILESH DEO & ASSOCIATES
2026-06-21 13:22:33 [INFO   ] PROGRESS | Body:
2026-06-21 13:22:33 [INFO   ] PROGRESS |   Dear Sir/Madam,
2026-06-21 13:22:33 [INFO   ] PROGRESS |   I am reaching out to introduce PlacementHub and explore whether any of your investor, entrepreneur, or
2026-06-21 13:22:33 [INFO   ] PROGRESS |   HNI clients may be open to reviewing a strategic seed opportunity.
2026-06-21 13:22:33 [INFO   ] PROGRESS |   My name is Sandeep Jain. PlacementHub is currently in its pre-seed fundraising stage, and I am
2026-06-21 13:22:33 [INFO   ] PROGRESS |   soliciting strategic seed investment for the same. PlacementHub is a campus placement and employability
2026-06-21 13:22:33 [INFO   ] PROGRESS |   platform connecting students, colleges, and recruiters. The product is built and in early
2026-06-21 13:22:33 [INFO   ] PROGRESS |   commercialization.
2026-06-21 13:22:33 [INFO   ] PROGRESS |   For reference, the detailed business plan, including the business model and go-to-market strategies, is
2026-06-21 13:22:33 [INFO   ] PROGRESS |   available here:
2026-06-21 13:22:33 [INFO   ] PROGRESS |   PlacementHub Business Plan
2026-06-21 13:22:33 [INFO   ] PROGRESS |   For a Chartered Accountant firm, the relevance is mainly professional and strategic:
2026-06-21 13:22:33 [INFO   ] PROGRESS |   PlacementHub may require support across accounting, taxation, compliance, payroll, investor documentation, audit, and related professional services.
2026-06-21 13:22:33 [INFO   ] PROGRESS |   I would naturally be pleased to consider and prioritize firms that support PlacementHub during its early growth phase, subject to suitability and mutual agreement.
2026-06-21 13:22:33 [INFO   ] PROGRESS |   The relationship can begin with a simple review of the investment note and, where appropriate, introductions to suitable investor clients.
2026-06-21 13:22:33 [INFO   ] PROGRESS |   If the opportunity is worth a look, I would be happy to send the note and speak briefly about the round,
2026-06-21 13:22:33 [INFO   ] PROGRESS |   the platform, and the type of strategic investors we are looking for.
2026-06-21 13:22:33 [INFO   ] PROGRESS |   Please reply to this email or call me if you would like to explore it.
2026-06-21 13:22:33 [INFO   ] PROGRESS |   Warm Regards,
2026-06-21 13:22:33 [INFO   ] PROGRESS |   Sandeep Jain
2026-06-21 13:22:33 [INFO   ] PROGRESS |   Founder, PlacementHub
2026-06-21 13:22:33 [INFO   ] PROGRESS |   +91-9860090620
2026-06-21 13:22:33 [INFO   ] PROGRESS |   sandeepjain200019@gmail.com
2026-06-21 13:22:33 [INFO   ] PROGRESS |   Detailed Profile
2026-06-21 13:22:33 [INFO   ] PROGRESS |   Detailed Note on Funding Requirement
2026-06-21 13:22:33 [INFO   ] --------------------------------------------------------------
2026-06-21 13:22:33 [INFO   ] 
2026-06-21 13:22:33 [INFO   ] 
2026-06-21 13:22:33 [INFO   ] PROGRESS | Email preview — To: canileshdeo@gmail.com | Subject: PlacementHub pre-seed intro with NILESH DEO & ASSOCIATES
2026-06-21 13:22:34 [INFO   ] SENT (Brevo) -> canileshdeo@gmail.com (NILESH DEO & ASSOCIATES) | PlacementHub pre-seed intro with NILESH DEO & ASSOCIATES | messageId=<202606210752.71054383781@smtp-relay.mailin.fr> (API accepted; run audit-brevo to confirm delivery)
2026-06-21 13:22:34 [INFO   ] Sleeping for 10 seconds
2026-06-21 13:22:44 [INFO   ] PROGRESS | Send 23/50 | SENT | canileshdeo@gmail.com | NILESH DEO & ASSOCIATES [Chartered Accountants & Company Secretaries] | ok=22 fail=1 skip=0
2026-06-21 13:22:44 [INFO   ] PROGRESS | Send 24/50 | SENDING | sagarnilakheca@gmail.com | S M Nilakhe & ASSOCIATES [Chartered Accountants & Company Secretaries] | ok=22 fail=1 skip=0
2026-06-21 13:22:54 [INFO   ] --------------------------------------------------------------
2026-06-21 13:22:54 [INFO   ] PROGRESS | Email content — To: sagarnilakheca@gmail.com
2026-06-21 13:22:54 [INFO   ] PROGRESS | Subject: PlacementHub pre-seed intro with S M Nilakhe & ASSOCIATES
2026-06-21 13:22:54 [INFO   ] PROGRESS | Body:
2026-06-21 13:22:54 [INFO   ] PROGRESS |   Dear Sir/Madam,
2026-06-21 13:22:54 [INFO   ] PROGRESS |   I am reaching out to introduce PlacementHub and explore whether any of your investor, entrepreneur, or
2026-06-21 13:22:54 [INFO   ] PROGRESS |   HNI clients may be open to reviewing a strategic seed opportunity.
2026-06-21 13:22:54 [INFO   ] PROGRESS |   My name is Sandeep Jain. PlacementHub is currently in its pre-seed fundraising stage, and I am
2026-06-21 13:22:54 [INFO   ] PROGRESS |   soliciting strategic seed investment for the same. PlacementHub is a campus placement and employability
2026-06-21 13:22:54 [INFO   ] PROGRESS |   platform connecting students, colleges, and recruiters. The product is built and in early
2026-06-21 13:22:54 [INFO   ] PROGRESS |   commercialization.
2026-06-21 13:22:54 [INFO   ] PROGRESS |   For reference, the detailed business plan, including the business model and go-to-market strategies, is
2026-06-21 13:22:54 [INFO   ] PROGRESS |   available here:
2026-06-21 13:22:54 [INFO   ] PROGRESS |   PlacementHub Business Plan
2026-06-21 13:22:54 [INFO   ] PROGRESS |   For a Chartered Accountant firm, the relevance is mainly professional and strategic:
2026-06-21 13:22:54 [INFO   ] PROGRESS |   PlacementHub may require support across accounting, taxation, compliance, payroll, investor documentation, audit, and related professional services.
2026-06-21 13:22:54 [INFO   ] PROGRESS |   I would naturally be pleased to consider and prioritize firms that support PlacementHub during its early growth phase, subject to suitability and mutual agreement.
2026-06-21 13:22:54 [INFO   ] PROGRESS |   The relationship can begin with a simple review of the investment note and, where appropriate, introductions to suitable investor clients.
2026-06-21 13:22:54 [INFO   ] PROGRESS |   If the opportunity is worth a look, I would be happy to send the note and speak briefly about the round,
2026-06-21 13:22:54 [INFO   ] PROGRESS |   the platform, and the type of strategic investors we are looking for.
2026-06-21 13:22:54 [INFO   ] PROGRESS |   Please reply to this email or call me if you would like to explore it.
2026-06-21 13:22:54 [INFO   ] PROGRESS |   Warm Regards,
2026-06-21 13:22:54 [INFO   ] PROGRESS |   Sandeep Jain
2026-06-21 13:22:54 [INFO   ] PROGRESS |   Founder, PlacementHub
2026-06-21 13:22:54 [INFO   ] PROGRESS |   +91-9860090620
2026-06-21 13:22:54 [INFO   ] PROGRESS |   sandeepjain200019@gmail.com
2026-06-21 13:22:54 [INFO   ] PROGRESS |   Detailed Profile
2026-06-21 13:22:54 [INFO   ] PROGRESS |   Detailed Note on Funding Requirement
2026-06-21 13:22:54 [INFO   ] --------------------------------------------------------------
2026-06-21 13:22:54 [INFO   ] 
2026-06-21 13:22:54 [INFO   ] 
2026-06-21 13:22:54 [INFO   ] PROGRESS | Email preview — To: sagarnilakheca@gmail.com | Subject: PlacementHub pre-seed intro with S M Nilakhe & ASSOCIATES
2026-06-21 13:22:55 [INFO   ] SENT (Brevo) -> sagarnilakheca@gmail.com (S M Nilakhe & ASSOCIATES) | PlacementHub pre-seed intro with S M Nilakhe & ASSOCIATES | messageId=<202606210752.45892954271@smtp-relay.mailin.fr> (API accepted; run audit-brevo to confirm delivery)
2026-06-21 13:22:55 [INFO   ] Sleeping for 10 seconds
2026-06-21 13:23:05 [INFO   ] PROGRESS | Send 24/50 | SENT | sagarnilakheca@gmail.com | S M Nilakhe & ASSOCIATES [Chartered Accountants & Company Secretaries] | ok=23 fail=1 skip=0
2026-06-21 13:23:05 [INFO   ] PROGRESS | Send 25/50 | SENDING | caoswalheda@gmail.com | OSWAL & HEDA [Chartered Accountants & Company Secretaries] | ok=23 fail=1 skip=0
2026-06-21 13:23:06 [INFO   ] --------------------------------------------------------------
2026-06-21 13:23:06 [INFO   ] PROGRESS | Email content — To: caoswalheda@gmail.com
2026-06-21 13:23:06 [INFO   ] PROGRESS | Subject: PlacementHub pre-seed intro with OSWAL & HEDA
2026-06-21 13:23:06 [INFO   ] PROGRESS | Body:
2026-06-21 13:23:06 [INFO   ] PROGRESS |   Dear Sir/Madam,
2026-06-21 13:23:06 [INFO   ] PROGRESS |   I am reaching out to introduce PlacementHub and explore whether any of your investor, entrepreneur, or
2026-06-21 13:23:06 [INFO   ] PROGRESS |   HNI clients may be open to reviewing a strategic seed opportunity.
2026-06-21 13:23:06 [INFO   ] PROGRESS |   My name is Sandeep Jain. PlacementHub is currently in its pre-seed fundraising stage, and I am
2026-06-21 13:23:06 [INFO   ] PROGRESS |   soliciting strategic seed investment for the same. PlacementHub is a campus placement and employability
2026-06-21 13:23:06 [INFO   ] PROGRESS |   platform connecting students, colleges, and recruiters. The product is built and in early
2026-06-21 13:23:06 [INFO   ] PROGRESS |   commercialization.
2026-06-21 13:23:06 [INFO   ] PROGRESS |   For reference, the detailed business plan, including the business model and go-to-market strategies, is
2026-06-21 13:23:06 [INFO   ] PROGRESS |   available here:
2026-06-21 13:23:06 [INFO   ] PROGRESS |   PlacementHub Business Plan
2026-06-21 13:23:06 [INFO   ] PROGRESS |   For a Chartered Accountant firm, the relevance is mainly professional and strategic:
2026-06-21 13:23:06 [INFO   ] PROGRESS |   PlacementHub may require support across accounting, taxation, compliance, payroll, investor documentation, audit, and related professional services.
2026-06-21 13:23:06 [INFO   ] PROGRESS |   I would naturally be pleased to consider and prioritize firms that support PlacementHub during its early growth phase, subject to suitability and mutual agreement.
2026-06-21 13:23:06 [INFO   ] PROGRESS |   The relationship can begin with a simple review of the investment note and, where appropriate, introductions to suitable investor clients.
2026-06-21 13:23:06 [INFO   ] PROGRESS |   If the opportunity is worth a look, I would be happy to send the note and speak briefly about the round,
2026-06-21 13:23:06 [INFO   ] PROGRESS |   the platform, and the type of strategic investors we are looking for.
2026-06-21 13:23:06 [INFO   ] PROGRESS |   Please reply to this email or call me if you would like to explore it.
2026-06-21 13:23:06 [INFO   ] PROGRESS |   Warm Regards,
2026-06-21 13:23:06 [INFO   ] PROGRESS |   Sandeep Jain
2026-06-21 13:23:06 [INFO   ] PROGRESS |   Founder, PlacementHub
2026-06-21 13:23:06 [INFO   ] PROGRESS |   +91-9860090620
2026-06-21 13:23:06 [INFO   ] PROGRESS |   sandeepjain200019@gmail.com
2026-06-21 13:23:06 [INFO   ] PROGRESS |   Detailed Profile
2026-06-21 13:23:06 [INFO   ] PROGRESS |   Detailed Note on Funding Requirement
2026-06-21 13:23:06 [INFO   ] --------------------------------------------------------------
2026-06-21 13:23:06 [INFO   ] 
2026-06-21 13:23:06 [INFO   ] 
2026-06-21 13:23:06 [INFO   ] PROGRESS | Email preview — To: caoswalheda@gmail.com | Subject: PlacementHub pre-seed intro with OSWAL & HEDA
2026-06-21 13:23:07 [INFO   ] SENT (Brevo) -> caoswalheda@gmail.com (OSWAL & HEDA) | PlacementHub pre-seed intro with OSWAL & HEDA | messageId=<202606210753.42212250185@smtp-relay.mailin.fr> (API accepted; run audit-brevo to confirm delivery)
2026-06-21 13:23:07 [INFO   ] Sleeping for 10 seconds
2026-06-21 13:23:17 [INFO   ] PROGRESS | Send 25/50 | SENT | caoswalheda@gmail.com | OSWAL & HEDA [Chartered Accountants & Company Secretaries] | ok=24 fail=1 skip=0
2026-06-21 13:23:17 [INFO   ] PROGRESS | Send 26/50 | SENDING | cashilpatawde@gmail.com | TAWDE & ASSOCIATES [Chartered Accountants & Company Secretaries] | ok=24 fail=1 skip=0
2026-06-21 13:23:20 [INFO   ] --------------------------------------------------------------
2026-06-21 13:23:20 [INFO   ] PROGRESS | Email content — To: cashilpatawde@gmail.com
2026-06-21 13:23:20 [INFO   ] PROGRESS | Subject: PlacementHub pre-seed intro with TAWDE & ASSOCIATES
2026-06-21 13:23:20 [INFO   ] PROGRESS | Body:
2026-06-21 13:23:20 [INFO   ] PROGRESS |   Dear Sir/Madam,
2026-06-21 13:23:20 [INFO   ] PROGRESS |   I am reaching out to introduce PlacementHub and explore whether any of your investor, entrepreneur, or
2026-06-21 13:23:20 [INFO   ] PROGRESS |   HNI clients may be open to reviewing a strategic seed opportunity.
2026-06-21 13:23:20 [INFO   ] PROGRESS |   My name is Sandeep Jain. PlacementHub is currently in its pre-seed fundraising stage, and I am
2026-06-21 13:23:20 [INFO   ] PROGRESS |   soliciting strategic seed investment for the same. PlacementHub is a campus placement and employability
2026-06-21 13:23:20 [INFO   ] PROGRESS |   platform connecting students, colleges, and recruiters. The product is built and in early
2026-06-21 13:23:20 [INFO   ] PROGRESS |   commercialization.
2026-06-21 13:23:20 [INFO   ] PROGRESS |   For reference, the detailed business plan, including the business model and go-to-market strategies, is
2026-06-21 13:23:20 [INFO   ] PROGRESS |   available here:
2026-06-21 13:23:20 [INFO   ] PROGRESS |   PlacementHub Business Plan
2026-06-21 13:23:20 [INFO   ] PROGRESS |   For a Chartered Accountant firm, the relevance is mainly professional and strategic:
2026-06-21 13:23:20 [INFO   ] PROGRESS |   PlacementHub may require support across accounting, taxation, compliance, payroll, investor documentation, audit, and related professional services.
2026-06-21 13:23:20 [INFO   ] PROGRESS |   I would naturally be pleased to consider and prioritize firms that support PlacementHub during its early growth phase, subject to suitability and mutual agreement.
2026-06-21 13:23:20 [INFO   ] PROGRESS |   The relationship can begin with a simple review of the investment note and, where appropriate, introductions to suitable investor clients.
2026-06-21 13:23:20 [INFO   ] PROGRESS |   If the opportunity is worth a look, I would be happy to send the note and speak briefly about the round,
2026-06-21 13:23:20 [INFO   ] PROGRESS |   the platform, and the type of strategic investors we are looking for.
2026-06-21 13:23:20 [INFO   ] PROGRESS |   Please reply to this email or call me if you would like to explore it.
2026-06-21 13:23:20 [INFO   ] PROGRESS |   Warm Regards,
2026-06-21 13:23:20 [INFO   ] PROGRESS |   Sandeep Jain
2026-06-21 13:23:20 [INFO   ] PROGRESS |   Founder, PlacementHub
2026-06-21 13:23:20 [INFO   ] PROGRESS |   +91-9860090620
2026-06-21 13:23:20 [INFO   ] PROGRESS |   sandeepjain200019@gmail.com
2026-06-21 13:23:20 [INFO   ] PROGRESS |   Detailed Profile
2026-06-21 13:23:20 [INFO   ] PROGRESS |   Detailed Note on Funding Requirement
2026-06-21 13:23:20 [INFO   ] --------------------------------------------------------------
2026-06-21 13:23:20 [INFO   ] 
2026-06-21 13:23:20 [INFO   ] 
2026-06-21 13:23:20 [INFO   ] PROGRESS | Email preview — To: cashilpatawde@gmail.com | Subject: PlacementHub pre-seed intro with TAWDE & ASSOCIATES
2026-06-21 13:23:21 [INFO   ] SENT (Brevo) -> cashilpatawde@gmail.com (TAWDE & ASSOCIATES) | PlacementHub pre-seed intro with TAWDE & ASSOCIATES | messageId=<202606210753.30499187802@smtp-relay.mailin.fr> (API accepted; run audit-brevo to confirm delivery)
2026-06-21 13:23:21 [INFO   ] Sleeping for 10 seconds
2026-06-21 13:23:31 [INFO   ] PROGRESS | Send 26/50 | SENT | cashilpatawde@gmail.com | TAWDE & ASSOCIATES [Chartered Accountants & Company Secretaries] | ok=25 fail=1 skip=0
2026-06-21 13:23:31 [INFO   ] PROGRESS | Send 27/50 | SENDING | monika.ca21@gmail.com | MONIKA SHRIWASTAV & CO [Chartered Accountants & Company Secretaries] | ok=25 fail=1 skip=0
2026-06-21 13:23:37 [INFO   ] --------------------------------------------------------------
2026-06-21 13:23:37 [INFO   ] PROGRESS | Email content — To: monika.ca21@gmail.com
2026-06-21 13:23:37 [INFO   ] PROGRESS | Subject: PlacementHub pre-seed intro with MONIKA SHRIWASTAV & CO
2026-06-21 13:23:37 [INFO   ] PROGRESS | Body:
2026-06-21 13:23:37 [INFO   ] PROGRESS |   Dear Sir/Madam,
2026-06-21 13:23:37 [INFO   ] PROGRESS |   I am reaching out to introduce PlacementHub and explore whether any of your investor, entrepreneur, or
2026-06-21 13:23:37 [INFO   ] PROGRESS |   HNI clients may be open to reviewing a strategic seed opportunity.
2026-06-21 13:23:37 [INFO   ] PROGRESS |   My name is Sandeep Jain. PlacementHub is currently in its pre-seed fundraising stage, and I am
2026-06-21 13:23:37 [INFO   ] PROGRESS |   soliciting strategic seed investment for the same. PlacementHub is a campus placement and employability
2026-06-21 13:23:37 [INFO   ] PROGRESS |   platform connecting students, colleges, and recruiters. The product is built and in early
2026-06-21 13:23:37 [INFO   ] PROGRESS |   commercialization.
2026-06-21 13:23:37 [INFO   ] PROGRESS |   For reference, the detailed business plan, including the business model and go-to-market strategies, is
2026-06-21 13:23:37 [INFO   ] PROGRESS |   available here:
2026-06-21 13:23:37 [INFO   ] PROGRESS |   PlacementHub Business Plan
2026-06-21 13:23:37 [INFO   ] PROGRESS |   For a Chartered Accountant firm, the relevance is mainly professional and strategic:
2026-06-21 13:23:37 [INFO   ] PROGRESS |   PlacementHub may require support across accounting, taxation, compliance, payroll, investor documentation, audit, and related professional services.
2026-06-21 13:23:37 [INFO   ] PROGRESS |   I would naturally be pleased to consider and prioritize firms that support PlacementHub during its early growth phase, subject to suitability and mutual agreement.
2026-06-21 13:23:37 [INFO   ] PROGRESS |   The relationship can begin with a simple review of the investment note and, where appropriate, introductions to suitable investor clients.
2026-06-21 13:23:37 [INFO   ] PROGRESS |   If the opportunity is worth a look, I would be happy to send the note and speak briefly about the round,
2026-06-21 13:23:37 [INFO   ] PROGRESS |   the platform, and the type of strategic investors we are looking for.
2026-06-21 13:23:37 [INFO   ] PROGRESS |   Please reply to this email or call me if you would like to explore it.
2026-06-21 13:23:37 [INFO   ] PROGRESS |   Warm Regards,
2026-06-21 13:23:37 [INFO   ] PROGRESS |   Sandeep Jain
2026-06-21 13:23:37 [INFO   ] PROGRESS |   Founder, PlacementHub
2026-06-21 13:23:37 [INFO   ] PROGRESS |   +91-9860090620
2026-06-21 13:23:37 [INFO   ] PROGRESS |   sandeepjain200019@gmail.com
2026-06-21 13:23:37 [INFO   ] PROGRESS |   Detailed Profile
2026-06-21 13:23:37 [INFO   ] PROGRESS |   Detailed Note on Funding Requirement
2026-06-21 13:23:37 [INFO   ] --------------------------------------------------------------
2026-06-21 13:23:37 [INFO   ] 
2026-06-21 13:23:37 [INFO   ] 
2026-06-21 13:23:37 [INFO   ] PROGRESS | Email preview — To: monika.ca21@gmail.com | Subject: PlacementHub pre-seed intro with MONIKA SHRIWASTAV & CO
2026-06-21 13:23:38 [INFO   ] SENT (Brevo) -> monika.ca21@gmail.com (MONIKA SHRIWASTAV & CO) | PlacementHub pre-seed intro with MONIKA SHRIWASTAV & CO | messageId=<202606210753.85059106336@smtp-relay.mailin.fr> (API accepted; run audit-brevo to confirm delivery)
2026-06-21 13:23:38 [INFO   ] Sleeping for 10 seconds
2026-06-21 13:23:48 [INFO   ] PROGRESS | Send 27/50 | SENT | monika.ca21@gmail.com | MONIKA SHRIWASTAV & CO [Chartered Accountants & Company Secretaries] | ok=26 fail=1 skip=0
2026-06-21 13:23:48 [INFO   ] PROGRESS | Send 28/50 | SENDING | klsawant.co@gmail.com | K L SAWANT & CO [Chartered Accountants & Company Secretaries] | ok=26 fail=1 skip=0
2026-06-21 13:23:49 [INFO   ] --------------------------------------------------------------
2026-06-21 13:23:49 [INFO   ] PROGRESS | Email content — To: klsawant.co@gmail.com
2026-06-21 13:23:49 [INFO   ] PROGRESS | Subject: PlacementHub pre-seed intro with K L SAWANT & CO
2026-06-21 13:23:49 [INFO   ] PROGRESS | Body:
2026-06-21 13:23:49 [INFO   ] PROGRESS |   Dear Sir/Madam,
2026-06-21 13:23:49 [INFO   ] PROGRESS |   I am reaching out to introduce PlacementHub and explore whether any of your investor, entrepreneur, or
2026-06-21 13:23:49 [INFO   ] PROGRESS |   HNI clients may be open to reviewing a strategic seed opportunity.
2026-06-21 13:23:49 [INFO   ] PROGRESS |   My name is Sandeep Jain. PlacementHub is currently in its pre-seed fundraising stage, and I am
2026-06-21 13:23:49 [INFO   ] PROGRESS |   soliciting strategic seed investment for the same. PlacementHub is a campus placement and employability
2026-06-21 13:23:49 [INFO   ] PROGRESS |   platform connecting students, colleges, and recruiters. The product is built and in early
2026-06-21 13:23:49 [INFO   ] PROGRESS |   commercialization.
2026-06-21 13:23:49 [INFO   ] PROGRESS |   For reference, the detailed business plan, including the business model and go-to-market strategies, is
2026-06-21 13:23:49 [INFO   ] PROGRESS |   available here:
2026-06-21 13:23:49 [INFO   ] PROGRESS |   PlacementHub Business Plan
2026-06-21 13:23:49 [INFO   ] PROGRESS |   For a Chartered Accountant firm, the relevance is mainly professional and strategic:
2026-06-21 13:23:49 [INFO   ] PROGRESS |   PlacementHub may require support across accounting, taxation, compliance, payroll, investor documentation, audit, and related professional services.
2026-06-21 13:23:49 [INFO   ] PROGRESS |   I would naturally be pleased to consider and prioritize firms that support PlacementHub during its early growth phase, subject to suitability and mutual agreement.
2026-06-21 13:23:49 [INFO   ] PROGRESS |   The relationship can begin with a simple review of the investment note and, where appropriate, introductions to suitable investor clients.
2026-06-21 13:23:49 [INFO   ] PROGRESS |   If the opportunity is worth a look, I would be happy to send the note and speak briefly about the round,
2026-06-21 13:23:49 [INFO   ] PROGRESS |   the platform, and the type of strategic investors we are looking for.
2026-06-21 13:23:49 [INFO   ] PROGRESS |   Please reply to this email or call me if you would like to explore it.
2026-06-21 13:23:49 [INFO   ] PROGRESS |   Warm Regards,
2026-06-21 13:23:49 [INFO   ] PROGRESS |   Sandeep Jain
2026-06-21 13:23:49 [INFO   ] PROGRESS |   Founder, PlacementHub
2026-06-21 13:23:49 [INFO   ] PROGRESS |   +91-9860090620
2026-06-21 13:23:49 [INFO   ] PROGRESS |   sandeepjain200019@gmail.com
2026-06-21 13:23:49 [INFO   ] PROGRESS |   Detailed Profile
2026-06-21 13:23:49 [INFO   ] PROGRESS |   Detailed Note on Funding Requirement
2026-06-21 13:23:49 [INFO   ] --------------------------------------------------------------
2026-06-21 13:23:49 [INFO   ] 
2026-06-21 13:23:49 [INFO   ] 
2026-06-21 13:23:49 [INFO   ] PROGRESS | Email preview — To: klsawant.co@gmail.com | Subject: PlacementHub pre-seed intro with K L SAWANT & CO
2026-06-21 13:23:50 [INFO   ] SENT (Brevo) -> klsawant.co@gmail.com (K L SAWANT & CO) | PlacementHub pre-seed intro with K L SAWANT & CO | messageId=<202606210753.70568470961@smtp-relay.mailin.fr> (API accepted; run audit-brevo to confirm delivery)
2026-06-21 13:23:50 [INFO   ] Sleeping for 10 seconds
2026-06-21 13:24:00 [INFO   ] PROGRESS | Send 28/50 | SENT | klsawant.co@gmail.com | K L SAWANT & CO [Chartered Accountants & Company Secretaries] | ok=27 fail=1 skip=0
2026-06-21 13:24:00 [INFO   ] PROGRESS | Send 29/50 | SENDING | batragarima12@gmail.com | BATRA BAAKE & CO LLP [Chartered Accountants & Company Secretaries] | ok=27 fail=1 skip=0
2026-06-21 13:24:02 [INFO   ] --------------------------------------------------------------
2026-06-21 13:24:02 [INFO   ] PROGRESS | Email content — To: batragarima12@gmail.com
2026-06-21 13:24:02 [INFO   ] PROGRESS | Subject: PlacementHub pre-seed intro with BATRA BAAKE & CO LLP
2026-06-21 13:24:02 [INFO   ] PROGRESS | Body:
2026-06-21 13:24:02 [INFO   ] PROGRESS |   Dear Sir/Madam,
2026-06-21 13:24:02 [INFO   ] PROGRESS |   I am reaching out to introduce PlacementHub and explore whether any of your investor, entrepreneur, or
2026-06-21 13:24:02 [INFO   ] PROGRESS |   HNI clients may be open to reviewing a strategic seed opportunity.
2026-06-21 13:24:02 [INFO   ] PROGRESS |   My name is Sandeep Jain. PlacementHub is currently in its pre-seed fundraising stage, and I am
2026-06-21 13:24:02 [INFO   ] PROGRESS |   soliciting strategic seed investment for the same. PlacementHub is a campus placement and employability
2026-06-21 13:24:02 [INFO   ] PROGRESS |   platform connecting students, colleges, and recruiters. The product is built and in early
2026-06-21 13:24:02 [INFO   ] PROGRESS |   commercialization.
2026-06-21 13:24:02 [INFO   ] PROGRESS |   For reference, the detailed business plan, including the business model and go-to-market strategies, is
2026-06-21 13:24:02 [INFO   ] PROGRESS |   available here:
2026-06-21 13:24:02 [INFO   ] PROGRESS |   PlacementHub Business Plan
2026-06-21 13:24:02 [INFO   ] PROGRESS |   For a Chartered Accountant firm, the relevance is mainly professional and strategic:
2026-06-21 13:24:02 [INFO   ] PROGRESS |   PlacementHub may require support across accounting, taxation, compliance, payroll, investor documentation, audit, and related professional services.
2026-06-21 13:24:02 [INFO   ] PROGRESS |   I would naturally be pleased to consider and prioritize firms that support PlacementHub during its early growth phase, subject to suitability and mutual agreement.
2026-06-21 13:24:02 [INFO   ] PROGRESS |   The relationship can begin with a simple review of the investment note and, where appropriate, introductions to suitable investor clients.
2026-06-21 13:24:02 [INFO   ] PROGRESS |   If the opportunity is worth a look, I would be happy to send the note and speak briefly about the round,
2026-06-21 13:24:02 [INFO   ] PROGRESS |   the platform, and the type of strategic investors we are looking for.
2026-06-21 13:24:02 [INFO   ] PROGRESS |   Please reply to this email or call me if you would like to explore it.
2026-06-21 13:24:02 [INFO   ] PROGRESS |   Warm Regards,
2026-06-21 13:24:02 [INFO   ] PROGRESS |   Sandeep Jain
2026-06-21 13:24:02 [INFO   ] PROGRESS |   Founder, PlacementHub
2026-06-21 13:24:02 [INFO   ] PROGRESS |   +91-9860090620
2026-06-21 13:24:02 [INFO   ] PROGRESS |   sandeepjain200019@gmail.com
2026-06-21 13:24:02 [INFO   ] PROGRESS |   Detailed Profile
2026-06-21 13:24:02 [INFO   ] PROGRESS |   Detailed Note on Funding Requirement
2026-06-21 13:24:02 [INFO   ] --------------------------------------------------------------
2026-06-21 13:24:02 [INFO   ] 
2026-06-21 13:24:02 [INFO   ] 
2026-06-21 13:24:02 [INFO   ] PROGRESS | Email preview — To: batragarima12@gmail.com | Subject: PlacementHub pre-seed intro with BATRA BAAKE & CO LLP
2026-06-21 13:24:02 [INFO   ] SENT (Brevo) -> batragarima12@gmail.com (BATRA BAAKE & CO LLP) | PlacementHub pre-seed intro with BATRA BAAKE & CO LLP | messageId=<202606210754.94259248545@smtp-relay.mailin.fr> (API accepted; run audit-brevo to confirm delivery)
2026-06-21 13:24:02 [INFO   ] Sleeping for 10 seconds
2026-06-21 13:24:12 [INFO   ] PROGRESS | Send 29/50 | SENT | batragarima12@gmail.com | BATRA BAAKE & CO LLP [Chartered Accountants & Company Secretaries] | ok=28 fail=1 skip=0
2026-06-21 13:24:12 [INFO   ] PROGRESS | Send 30/50 | SENDING | cavishal.khedkar@gmail.com | GOKHALE KHEDKAR AND ASSOCIATES [Chartered Accountants & Company Secretaries] | ok=28 fail=1 skip=0
2026-06-21 13:24:16 [INFO   ] --------------------------------------------------------------
2026-06-21 13:24:16 [INFO   ] PROGRESS | Email content — To: cavishal.khedkar@gmail.com
2026-06-21 13:24:16 [INFO   ] PROGRESS | Subject: PlacementHub pre-seed intro with GOKHALE KHEDKAR AND ASSOCIATES
2026-06-21 13:24:16 [INFO   ] PROGRESS | Body:
2026-06-21 13:24:16 [INFO   ] PROGRESS |   Dear Sir/Madam,
2026-06-21 13:24:16 [INFO   ] PROGRESS |   I am reaching out to introduce PlacementHub and explore whether any of your investor, entrepreneur, or
2026-06-21 13:24:16 [INFO   ] PROGRESS |   HNI clients may be open to reviewing a strategic seed opportunity.
2026-06-21 13:24:16 [INFO   ] PROGRESS |   My name is Sandeep Jain. PlacementHub is currently in its pre-seed fundraising stage, and I am
2026-06-21 13:24:16 [INFO   ] PROGRESS |   soliciting strategic seed investment for the same. PlacementHub is a campus placement and employability
2026-06-21 13:24:16 [INFO   ] PROGRESS |   platform connecting students, colleges, and recruiters. The product is built and in early
2026-06-21 13:24:16 [INFO   ] PROGRESS |   commercialization.
2026-06-21 13:24:16 [INFO   ] PROGRESS |   For reference, the detailed business plan, including the business model and go-to-market strategies, is
2026-06-21 13:24:16 [INFO   ] PROGRESS |   available here:
2026-06-21 13:24:16 [INFO   ] PROGRESS |   PlacementHub Business Plan
2026-06-21 13:24:16 [INFO   ] PROGRESS |   For a Chartered Accountant firm, the relevance is mainly professional and strategic:
2026-06-21 13:24:16 [INFO   ] PROGRESS |   PlacementHub may require support across accounting, taxation, compliance, payroll, investor documentation, audit, and related professional services.
2026-06-21 13:24:16 [INFO   ] PROGRESS |   I would naturally be pleased to consider and prioritize firms that support PlacementHub during its early growth phase, subject to suitability and mutual agreement.
2026-06-21 13:24:16 [INFO   ] PROGRESS |   The relationship can begin with a simple review of the investment note and, where appropriate, introductions to suitable investor clients.
2026-06-21 13:24:16 [INFO   ] PROGRESS |   If the opportunity is worth a look, I would be happy to send the note and speak briefly about the round,
2026-06-21 13:24:16 [INFO   ] PROGRESS |   the platform, and the type of strategic investors we are looking for.
2026-06-21 13:24:16 [INFO   ] PROGRESS |   Please reply to this email or call me if you would like to explore it.
2026-06-21 13:24:16 [INFO   ] PROGRESS |   Warm Regards,
2026-06-21 13:24:16 [INFO   ] PROGRESS |   Sandeep Jain
2026-06-21 13:24:16 [INFO   ] PROGRESS |   Founder, PlacementHub
2026-06-21 13:24:16 [INFO   ] PROGRESS |   +91-9860090620
2026-06-21 13:24:16 [INFO   ] PROGRESS |   sandeepjain200019@gmail.com
2026-06-21 13:24:16 [INFO   ] PROGRESS |   Detailed Profile
2026-06-21 13:24:16 [INFO   ] PROGRESS |   Detailed Note on Funding Requirement
2026-06-21 13:24:16 [INFO   ] --------------------------------------------------------------
2026-06-21 13:24:16 [INFO   ] 
2026-06-21 13:24:16 [INFO   ] 
2026-06-21 13:24:16 [INFO   ] PROGRESS | Email preview — To: cavishal.khedkar@gmail.com | Subject: PlacementHub pre-seed intro with GOKHALE KHEDKAR AND ASSOCIATES
2026-06-21 13:24:17 [INFO   ] SENT (Brevo) -> cavishal.khedkar@gmail.com (GOKHALE KHEDKAR AND ASSOCIATES) | PlacementHub pre-seed intro with GOKHALE KHEDKAR AND ASSOCIATES | messageId=<202606210754.11511287788@smtp-relay.mailin.fr> (API accepted; run audit-brevo to confirm delivery)
2026-06-21 13:24:17 [INFO   ] Sleeping for 10 seconds
2026-06-21 13:24:27 [INFO   ] PROGRESS | Send 30/50 | SENT | cavishal.khedkar@gmail.com | GOKHALE KHEDKAR AND ASSOCIATES [Chartered Accountants & Company Secretaries] | ok=29 fail=1 skip=0
2026-06-21 13:24:27 [INFO   ] PROGRESS | Send 31/50 | SENDING | chirag.pipada98@gmail.com | CHIRAG PIPADA & ASSOCIATES [Chartered Accountants & Company Secretaries] | ok=29 fail=1 skip=0
2026-06-21 13:24:28 [INFO   ] --------------------------------------------------------------
2026-06-21 13:24:28 [INFO   ] PROGRESS | Email content — To: chirag.pipada98@gmail.com
2026-06-21 13:24:28 [INFO   ] PROGRESS | Subject: PlacementHub pre-seed intro with CHIRAG PIPADA & ASSOCIATES
2026-06-21 13:24:28 [INFO   ] PROGRESS | Body:
2026-06-21 13:24:28 [INFO   ] PROGRESS |   Dear Sir/Madam,
2026-06-21 13:24:28 [INFO   ] PROGRESS |   I am reaching out to introduce PlacementHub and explore whether any of your investor, entrepreneur, or
2026-06-21 13:24:28 [INFO   ] PROGRESS |   HNI clients may be open to reviewing a strategic seed opportunity.
2026-06-21 13:24:28 [INFO   ] PROGRESS |   My name is Sandeep Jain. PlacementHub is currently in its pre-seed fundraising stage, and I am
2026-06-21 13:24:28 [INFO   ] PROGRESS |   soliciting strategic seed investment for the same. PlacementHub is a campus placement and employability
2026-06-21 13:24:28 [INFO   ] PROGRESS |   platform connecting students, colleges, and recruiters. The product is built and in early
2026-06-21 13:24:28 [INFO   ] PROGRESS |   commercialization.
2026-06-21 13:24:28 [INFO   ] PROGRESS |   For reference, the detailed business plan, including the business model and go-to-market strategies, is
2026-06-21 13:24:28 [INFO   ] PROGRESS |   available here:
2026-06-21 13:24:28 [INFO   ] PROGRESS |   PlacementHub Business Plan
2026-06-21 13:24:28 [INFO   ] PROGRESS |   For a Chartered Accountant firm, the relevance is mainly professional and strategic:
2026-06-21 13:24:28 [INFO   ] PROGRESS |   PlacementHub may require support across accounting, taxation, compliance, payroll, investor documentation, audit, and related professional services.
2026-06-21 13:24:28 [INFO   ] PROGRESS |   I would naturally be pleased to consider and prioritize firms that support PlacementHub during its early growth phase, subject to suitability and mutual agreement.
2026-06-21 13:24:28 [INFO   ] PROGRESS |   The relationship can begin with a simple review of the investment note and, where appropriate, introductions to suitable investor clients.
2026-06-21 13:24:28 [INFO   ] PROGRESS |   If the opportunity is worth a look, I would be happy to send the note and speak briefly about the round,
2026-06-21 13:24:28 [INFO   ] PROGRESS |   the platform, and the type of strategic investors we are looking for.
2026-06-21 13:24:28 [INFO   ] PROGRESS |   Please reply to this email or call me if you would like to explore it.
2026-06-21 13:24:28 [INFO   ] PROGRESS |   Warm Regards,
2026-06-21 13:24:28 [INFO   ] PROGRESS |   Sandeep Jain
2026-06-21 13:24:28 [INFO   ] PROGRESS |   Founder, PlacementHub
2026-06-21 13:24:28 [INFO   ] PROGRESS |   +91-9860090620
2026-06-21 13:24:28 [INFO   ] PROGRESS |   sandeepjain200019@gmail.com
2026-06-21 13:24:28 [INFO   ] PROGRESS |   Detailed Profile
2026-06-21 13:24:28 [INFO   ] PROGRESS |   Detailed Note on Funding Requirement
2026-06-21 13:24:28 [INFO   ] --------------------------------------------------------------
2026-06-21 13:24:28 [INFO   ] 
2026-06-21 13:24:28 [INFO   ] 
2026-06-21 13:24:28 [INFO   ] PROGRESS | Email preview — To: chirag.pipada98@gmail.com | Subject: PlacementHub pre-seed intro with CHIRAG PIPADA & ASSOCIATES
2026-06-21 13:24:29 [INFO   ] SENT (Brevo) -> chirag.pipada98@gmail.com (CHIRAG PIPADA & ASSOCIATES) | PlacementHub pre-seed intro with CHIRAG PIPADA & ASSOCIATES | messageId=<202606210754.91662873725@smtp-relay.mailin.fr> (API accepted; run audit-brevo to confirm delivery)
2026-06-21 13:24:29 [INFO   ] Sleeping for 10 seconds
2026-06-21 13:24:39 [INFO   ] PROGRESS | Send 31/50 | SENT | chirag.pipada98@gmail.com | CHIRAG PIPADA & ASSOCIATES [Chartered Accountants & Company Secretaries] | ok=30 fail=1 skip=0
2026-06-21 13:24:39 [INFO   ] PROGRESS | Send 32/50 | SENDING | cairfanbagwan@gmail.com | IRFAN BAGWAN & ASSOCIATES [Chartered Accountants & Company Secretaries] | ok=30 fail=1 skip=0
2026-06-21 13:24:47 [INFO   ] --------------------------------------------------------------
2026-06-21 13:24:47 [INFO   ] PROGRESS | Email content — To: cairfanbagwan@gmail.com
2026-06-21 13:24:47 [INFO   ] PROGRESS | Subject: PlacementHub pre-seed intro with IRFAN BAGWAN & ASSOCIATES
2026-06-21 13:24:47 [INFO   ] PROGRESS | Body:
2026-06-21 13:24:47 [INFO   ] PROGRESS |   Dear Sir/Madam,
2026-06-21 13:24:47 [INFO   ] PROGRESS |   I am reaching out to introduce PlacementHub and explore whether any of your investor, entrepreneur, or
2026-06-21 13:24:47 [INFO   ] PROGRESS |   HNI clients may be open to reviewing a strategic seed opportunity.
2026-06-21 13:24:47 [INFO   ] PROGRESS |   My name is Sandeep Jain. PlacementHub is currently in its pre-seed fundraising stage, and I am
2026-06-21 13:24:47 [INFO   ] PROGRESS |   soliciting strategic seed investment for the same. PlacementHub is a campus placement and employability
2026-06-21 13:24:47 [INFO   ] PROGRESS |   platform connecting students, colleges, and recruiters. The product is built and in early
2026-06-21 13:24:47 [INFO   ] PROGRESS |   commercialization.
2026-06-21 13:24:47 [INFO   ] PROGRESS |   For reference, the detailed business plan, including the business model and go-to-market strategies, is
2026-06-21 13:24:47 [INFO   ] PROGRESS |   available here:
2026-06-21 13:24:47 [INFO   ] PROGRESS |   PlacementHub Business Plan
2026-06-21 13:24:47 [INFO   ] PROGRESS |   For a Chartered Accountant firm, the relevance is mainly professional and strategic:
2026-06-21 13:24:47 [INFO   ] PROGRESS |   PlacementHub may require support across accounting, taxation, compliance, payroll, investor documentation, audit, and related professional services.
2026-06-21 13:24:47 [INFO   ] PROGRESS |   I would naturally be pleased to consider and prioritize firms that support PlacementHub during its early growth phase, subject to suitability and mutual agreement.
2026-06-21 13:24:47 [INFO   ] PROGRESS |   The relationship can begin with a simple review of the investment note and, where appropriate, introductions to suitable investor clients.
2026-06-21 13:24:47 [INFO   ] PROGRESS |   If the opportunity is worth a look, I would be happy to send the note and speak briefly about the round,
2026-06-21 13:24:47 [INFO   ] PROGRESS |   the platform, and the type of strategic investors we are looking for.
2026-06-21 13:24:47 [INFO   ] PROGRESS |   Please reply to this email or call me if you would like to explore it.
2026-06-21 13:24:47 [INFO   ] PROGRESS |   Warm Regards,
2026-06-21 13:24:47 [INFO   ] PROGRESS |   Sandeep Jain
2026-06-21 13:24:47 [INFO   ] PROGRESS |   Founder, PlacementHub
2026-06-21 13:24:47 [INFO   ] PROGRESS |   +91-9860090620
2026-06-21 13:24:47 [INFO   ] PROGRESS |   sandeepjain200019@gmail.com
2026-06-21 13:24:47 [INFO   ] PROGRESS |   Detailed Profile
2026-06-21 13:24:47 [INFO   ] PROGRESS |   Detailed Note on Funding Requirement
2026-06-21 13:24:47 [INFO   ] --------------------------------------------------------------
2026-06-21 13:24:47 [INFO   ] 
2026-06-21 13:24:47 [INFO   ] 
2026-06-21 13:24:47 [INFO   ] PROGRESS | Email preview — To: cairfanbagwan@gmail.com | Subject: PlacementHub pre-seed intro with IRFAN BAGWAN & ASSOCIATES
2026-06-21 13:24:48 [INFO   ] SENT (Brevo) -> cairfanbagwan@gmail.com (IRFAN BAGWAN & ASSOCIATES) | PlacementHub pre-seed intro with IRFAN BAGWAN & ASSOCIATES | messageId=<202606210754.90396894012@smtp-relay.mailin.fr> (API accepted; run audit-brevo to confirm delivery)
2026-06-21 13:24:48 [INFO   ] Sleeping for 10 seconds
2026-06-21 13:24:58 [INFO   ] PROGRESS | Send 32/50 | SENT | cairfanbagwan@gmail.com | IRFAN BAGWAN & ASSOCIATES [Chartered Accountants & Company Secretaries] | ok=31 fail=1 skip=0
2026-06-21 13:24:58 [INFO   ] PROGRESS | Send 33/50 | SENDING | maniyarlaxmikant@gmail.com | MANIYAR ATTAL & ASSOCIATES [Chartered Accountants & Company Secretaries] | ok=31 fail=1 skip=0
2026-06-21 13:24:59 [INFO   ] --------------------------------------------------------------
2026-06-21 13:24:59 [INFO   ] PROGRESS | Email content — To: maniyarlaxmikant@gmail.com
2026-06-21 13:24:59 [INFO   ] PROGRESS | Subject: PlacementHub pre-seed intro with MANIYAR ATTAL & ASSOCIATES
2026-06-21 13:24:59 [INFO   ] PROGRESS | Body:
2026-06-21 13:24:59 [INFO   ] PROGRESS |   Dear Sir/Madam,
2026-06-21 13:24:59 [INFO   ] PROGRESS |   I am reaching out to introduce PlacementHub and explore whether any of your investor, entrepreneur, or
2026-06-21 13:24:59 [INFO   ] PROGRESS |   HNI clients may be open to reviewing a strategic seed opportunity.
2026-06-21 13:24:59 [INFO   ] PROGRESS |   My name is Sandeep Jain. PlacementHub is currently in its pre-seed fundraising stage, and I am
2026-06-21 13:24:59 [INFO   ] PROGRESS |   soliciting strategic seed investment for the same. PlacementHub is a campus placement and employability
2026-06-21 13:24:59 [INFO   ] PROGRESS |   platform connecting students, colleges, and recruiters. The product is built and in early
2026-06-21 13:24:59 [INFO   ] PROGRESS |   commercialization.
2026-06-21 13:24:59 [INFO   ] PROGRESS |   For reference, the detailed business plan, including the business model and go-to-market strategies, is
2026-06-21 13:24:59 [INFO   ] PROGRESS |   available here:
2026-06-21 13:24:59 [INFO   ] PROGRESS |   PlacementHub Business Plan
2026-06-21 13:24:59 [INFO   ] PROGRESS |   For a Chartered Accountant firm, the relevance is mainly professional and strategic:
2026-06-21 13:24:59 [INFO   ] PROGRESS |   PlacementHub may require support across accounting, taxation, compliance, payroll, investor documentation, audit, and related professional services.
2026-06-21 13:24:59 [INFO   ] PROGRESS |   I would naturally be pleased to consider and prioritize firms that support PlacementHub during its early growth phase, subject to suitability and mutual agreement.
2026-06-21 13:24:59 [INFO   ] PROGRESS |   The relationship can begin with a simple review of the investment note and, where appropriate, introductions to suitable investor clients.
2026-06-21 13:24:59 [INFO   ] PROGRESS |   If the opportunity is worth a look, I would be happy to send the note and speak briefly about the round,
2026-06-21 13:24:59 [INFO   ] PROGRESS |   the platform, and the type of strategic investors we are looking for.
2026-06-21 13:24:59 [INFO   ] PROGRESS |   Please reply to this email or call me if you would like to explore it.
2026-06-21 13:24:59 [INFO   ] PROGRESS |   Warm Regards,
2026-06-21 13:24:59 [INFO   ] PROGRESS |   Sandeep Jain
2026-06-21 13:24:59 [INFO   ] PROGRESS |   Founder, PlacementHub
2026-06-21 13:24:59 [INFO   ] PROGRESS |   +91-9860090620
2026-06-21 13:24:59 [INFO   ] PROGRESS |   sandeepjain200019@gmail.com
2026-06-21 13:24:59 [INFO   ] PROGRESS |   Detailed Profile
2026-06-21 13:24:59 [INFO   ] PROGRESS |   Detailed Note on Funding Requirement
2026-06-21 13:24:59 [INFO   ] --------------------------------------------------------------
2026-06-21 13:24:59 [INFO   ] 
2026-06-21 13:24:59 [INFO   ] 
2026-06-21 13:24:59 [INFO   ] PROGRESS | Email preview — To: maniyarlaxmikant@gmail.com | Subject: PlacementHub pre-seed intro with MANIYAR ATTAL & ASSOCIATES
2026-06-21 13:25:00 [INFO   ] SENT (Brevo) -> maniyarlaxmikant@gmail.com (MANIYAR ATTAL & ASSOCIATES) | PlacementHub pre-seed intro with MANIYAR ATTAL & ASSOCIATES | messageId=<202606210755.50445693582@smtp-relay.mailin.fr> (API accepted; run audit-brevo to confirm delivery)
2026-06-21 13:25:00 [INFO   ] Sleeping for 10 seconds
2026-06-21 13:25:10 [INFO   ] PROGRESS | Send 33/50 | SENT | maniyarlaxmikant@gmail.com | MANIYAR ATTAL & ASSOCIATES [Chartered Accountants & Company Secretaries] | ok=32 fail=1 skip=0
2026-06-21 13:25:10 [INFO   ] PROGRESS | Send 34/50 | SENDING | sarawgi.rahul@gmail.com | A B S B AND ASSOCIATES [Chartered Accountants & Company Secretaries] | ok=32 fail=1 skip=0
2026-06-21 13:25:14 [INFO   ] --------------------------------------------------------------
2026-06-21 13:25:14 [INFO   ] PROGRESS | Email content — To: sarawgi.rahul@gmail.com
2026-06-21 13:25:14 [INFO   ] PROGRESS | Subject: PlacementHub pre-seed intro with A B S B AND ASSOCIATES
2026-06-21 13:25:14 [INFO   ] PROGRESS | Body:
2026-06-21 13:25:14 [INFO   ] PROGRESS |   Dear Sir/Madam,
2026-06-21 13:25:14 [INFO   ] PROGRESS |   I am reaching out to introduce PlacementHub and explore whether any of your investor, entrepreneur, or
2026-06-21 13:25:14 [INFO   ] PROGRESS |   HNI clients may be open to reviewing a strategic seed opportunity.
2026-06-21 13:25:14 [INFO   ] PROGRESS |   My name is Sandeep Jain. PlacementHub is currently in its pre-seed fundraising stage, and I am
2026-06-21 13:25:14 [INFO   ] PROGRESS |   soliciting strategic seed investment for the same. PlacementHub is a campus placement and employability
2026-06-21 13:25:14 [INFO   ] PROGRESS |   platform connecting students, colleges, and recruiters. The product is built and in early
2026-06-21 13:25:14 [INFO   ] PROGRESS |   commercialization.
2026-06-21 13:25:14 [INFO   ] PROGRESS |   For reference, the detailed business plan, including the business model and go-to-market strategies, is
2026-06-21 13:25:14 [INFO   ] PROGRESS |   available here:
2026-06-21 13:25:14 [INFO   ] PROGRESS |   PlacementHub Business Plan
2026-06-21 13:25:14 [INFO   ] PROGRESS |   For a Chartered Accountant firm, the relevance is mainly professional and strategic:
2026-06-21 13:25:14 [INFO   ] PROGRESS |   PlacementHub may require support across accounting, taxation, compliance, payroll, investor documentation, audit, and related professional services.
2026-06-21 13:25:14 [INFO   ] PROGRESS |   I would naturally be pleased to consider and prioritize firms that support PlacementHub during its early growth phase, subject to suitability and mutual agreement.
2026-06-21 13:25:14 [INFO   ] PROGRESS |   The relationship can begin with a simple review of the investment note and, where appropriate, introductions to suitable investor clients.
2026-06-21 13:25:14 [INFO   ] PROGRESS |   If the opportunity is worth a look, I would be happy to send the note and speak briefly about the round,
2026-06-21 13:25:14 [INFO   ] PROGRESS |   the platform, and the type of strategic investors we are looking for.
2026-06-21 13:25:14 [INFO   ] PROGRESS |   Please reply to this email or call me if you would like to explore it.
2026-06-21 13:25:14 [INFO   ] PROGRESS |   Warm Regards,
2026-06-21 13:25:14 [INFO   ] PROGRESS |   Sandeep Jain
2026-06-21 13:25:14 [INFO   ] PROGRESS |   Founder, PlacementHub
2026-06-21 13:25:14 [INFO   ] PROGRESS |   +91-9860090620
2026-06-21 13:25:14 [INFO   ] PROGRESS |   sandeepjain200019@gmail.com
2026-06-21 13:25:14 [INFO   ] PROGRESS |   Detailed Profile
2026-06-21 13:25:14 [INFO   ] PROGRESS |   Detailed Note on Funding Requirement
2026-06-21 13:25:14 [INFO   ] --------------------------------------------------------------
2026-06-21 13:25:14 [INFO   ] 
2026-06-21 13:25:14 [INFO   ] 
2026-06-21 13:25:14 [INFO   ] PROGRESS | Email preview — To: sarawgi.rahul@gmail.com | Subject: PlacementHub pre-seed intro with A B S B AND ASSOCIATES
2026-06-21 13:25:15 [INFO   ] SENT (Brevo) -> sarawgi.rahul@gmail.com (A B S B AND ASSOCIATES) | PlacementHub pre-seed intro with A B S B AND ASSOCIATES | messageId=<202606210755.39401491302@smtp-relay.mailin.fr> (API accepted; run audit-brevo to confirm delivery)
2026-06-21 13:25:15 [INFO   ] Sleeping for 10 seconds
2026-06-21 13:25:25 [INFO   ] PROGRESS | Send 34/50 | SENT | sarawgi.rahul@gmail.com | A B S B AND ASSOCIATES [Chartered Accountants & Company Secretaries] | ok=33 fail=1 skip=0
2026-06-21 13:25:25 [INFO   ] PROGRESS | Send 35/50 | SENDING | casalmanshaikh@gmail.com | SALMAN SHAIKH & ASSOCIATES [Chartered Accountants & Company Secretaries] | ok=33 fail=1 skip=0
2026-06-21 13:25:26 [INFO   ] --------------------------------------------------------------
2026-06-21 13:25:26 [INFO   ] PROGRESS | Email content — To: casalmanshaikh@gmail.com
2026-06-21 13:25:26 [INFO   ] PROGRESS | Subject: PlacementHub pre-seed intro with SALMAN SHAIKH & ASSOCIATES
2026-06-21 13:25:26 [INFO   ] PROGRESS | Body:
2026-06-21 13:25:26 [INFO   ] PROGRESS |   Dear Sir/Madam,
2026-06-21 13:25:26 [INFO   ] PROGRESS |   I am reaching out to introduce PlacementHub and explore whether any of your investor, entrepreneur, or
2026-06-21 13:25:26 [INFO   ] PROGRESS |   HNI clients may be open to reviewing a strategic seed opportunity.
2026-06-21 13:25:26 [INFO   ] PROGRESS |   My name is Sandeep Jain. PlacementHub is currently in its pre-seed fundraising stage, and I am
2026-06-21 13:25:26 [INFO   ] PROGRESS |   soliciting strategic seed investment for the same. PlacementHub is a campus placement and employability
2026-06-21 13:25:26 [INFO   ] PROGRESS |   platform connecting students, colleges, and recruiters. The product is built and in early
2026-06-21 13:25:26 [INFO   ] PROGRESS |   commercialization.
2026-06-21 13:25:26 [INFO   ] PROGRESS |   For reference, the detailed business plan, including the business model and go-to-market strategies, is
2026-06-21 13:25:26 [INFO   ] PROGRESS |   available here:
2026-06-21 13:25:26 [INFO   ] PROGRESS |   PlacementHub Business Plan
2026-06-21 13:25:26 [INFO   ] PROGRESS |   For a Chartered Accountant firm, the relevance is mainly professional and strategic:
2026-06-21 13:25:26 [INFO   ] PROGRESS |   PlacementHub may require support across accounting, taxation, compliance, payroll, investor documentation, audit, and related professional services.
2026-06-21 13:25:26 [INFO   ] PROGRESS |   I would naturally be pleased to consider and prioritize firms that support PlacementHub during its early growth phase, subject to suitability and mutual agreement.
2026-06-21 13:25:26 [INFO   ] PROGRESS |   The relationship can begin with a simple review of the investment note and, where appropriate, introductions to suitable investor clients.
2026-06-21 13:25:26 [INFO   ] PROGRESS |   If the opportunity is worth a look, I would be happy to send the note and speak briefly about the round,
2026-06-21 13:25:26 [INFO   ] PROGRESS |   the platform, and the type of strategic investors we are looking for.
2026-06-21 13:25:26 [INFO   ] PROGRESS |   Please reply to this email or call me if you would like to explore it.
2026-06-21 13:25:26 [INFO   ] PROGRESS |   Warm Regards,
2026-06-21 13:25:26 [INFO   ] PROGRESS |   Sandeep Jain
2026-06-21 13:25:26 [INFO   ] PROGRESS |   Founder, PlacementHub
2026-06-21 13:25:26 [INFO   ] PROGRESS |   +91-9860090620
2026-06-21 13:25:26 [INFO   ] PROGRESS |   sandeepjain200019@gmail.com
2026-06-21 13:25:26 [INFO   ] PROGRESS |   Detailed Profile
2026-06-21 13:25:26 [INFO   ] PROGRESS |   Detailed Note on Funding Requirement
2026-06-21 13:25:26 [INFO   ] --------------------------------------------------------------
2026-06-21 13:25:26 [INFO   ] 
2026-06-21 13:25:26 [INFO   ] 
2026-06-21 13:25:26 [INFO   ] PROGRESS | Email preview — To: casalmanshaikh@gmail.com | Subject: PlacementHub pre-seed intro with SALMAN SHAIKH & ASSOCIATES
2026-06-21 13:25:27 [INFO   ] SENT (Brevo) -> casalmanshaikh@gmail.com (SALMAN SHAIKH & ASSOCIATES) | PlacementHub pre-seed intro with SALMAN SHAIKH & ASSOCIATES | messageId=<202606210755.97147359653@smtp-relay.mailin.fr> (API accepted; run audit-brevo to confirm delivery)
2026-06-21 13:25:27 [INFO   ] Sleeping for 10 seconds
2026-06-21 13:25:37 [INFO   ] PROGRESS | Send 35/50 | SENT | casalmanshaikh@gmail.com | SALMAN SHAIKH & ASSOCIATES [Chartered Accountants & Company Secretaries] | ok=34 fail=1 skip=0
2026-06-21 13:25:37 [INFO   ] PROGRESS | Send 36/50 | SENDING | cavishwaspatil@hotmail.com | VISHWAS D PATIL & ASSOCIATES [Chartered Accountants & Company Secretaries] | ok=34 fail=1 skip=0
2026-06-21 13:25:45 [INFO   ] --------------------------------------------------------------
2026-06-21 13:25:45 [INFO   ] PROGRESS | Email content — To: cavishwaspatil@hotmail.com
2026-06-21 13:25:45 [INFO   ] PROGRESS | Subject: PlacementHub pre-seed intro with VISHWAS D PATIL & ASSOCIATES
2026-06-21 13:25:45 [INFO   ] PROGRESS | Body:
2026-06-21 13:25:45 [INFO   ] PROGRESS |   Dear Sir/Madam,
2026-06-21 13:25:45 [INFO   ] PROGRESS |   I am reaching out to introduce PlacementHub and explore whether any of your investor, entrepreneur, or
2026-06-21 13:25:45 [INFO   ] PROGRESS |   HNI clients may be open to reviewing a strategic seed opportunity.
2026-06-21 13:25:45 [INFO   ] PROGRESS |   My name is Sandeep Jain. PlacementHub is currently in its pre-seed fundraising stage, and I am
2026-06-21 13:25:45 [INFO   ] PROGRESS |   soliciting strategic seed investment for the same. PlacementHub is a campus placement and employability
2026-06-21 13:25:45 [INFO   ] PROGRESS |   platform connecting students, colleges, and recruiters. The product is built and in early
2026-06-21 13:25:45 [INFO   ] PROGRESS |   commercialization.
2026-06-21 13:25:45 [INFO   ] PROGRESS |   For reference, the detailed business plan, including the business model and go-to-market strategies, is
2026-06-21 13:25:45 [INFO   ] PROGRESS |   available here:
2026-06-21 13:25:45 [INFO   ] PROGRESS |   PlacementHub Business Plan
2026-06-21 13:25:45 [INFO   ] PROGRESS |   For a Chartered Accountant firm, the relevance is mainly professional and strategic:
2026-06-21 13:25:45 [INFO   ] PROGRESS |   PlacementHub may require support across accounting, taxation, compliance, payroll, investor documentation, audit, and related professional services.
2026-06-21 13:25:45 [INFO   ] PROGRESS |   I would naturally be pleased to consider and prioritize firms that support PlacementHub during its early growth phase, subject to suitability and mutual agreement.
2026-06-21 13:25:45 [INFO   ] PROGRESS |   The relationship can begin with a simple review of the investment note and, where appropriate, introductions to suitable investor clients.
2026-06-21 13:25:45 [INFO   ] PROGRESS |   If the opportunity is worth a look, I would be happy to send the note and speak briefly about the round,
2026-06-21 13:25:45 [INFO   ] PROGRESS |   the platform, and the type of strategic investors we are looking for.
2026-06-21 13:25:45 [INFO   ] PROGRESS |   Please reply to this email or call me if you would like to explore it.
2026-06-21 13:25:45 [INFO   ] PROGRESS |   Warm Regards,
2026-06-21 13:25:45 [INFO   ] PROGRESS |   Sandeep Jain
2026-06-21 13:25:45 [INFO   ] PROGRESS |   Founder, PlacementHub
2026-06-21 13:25:45 [INFO   ] PROGRESS |   +91-9860090620
2026-06-21 13:25:45 [INFO   ] PROGRESS |   sandeepjain200019@gmail.com
2026-06-21 13:25:45 [INFO   ] PROGRESS |   Detailed Profile
2026-06-21 13:25:45 [INFO   ] PROGRESS |   Detailed Note on Funding Requirement
2026-06-21 13:25:45 [INFO   ] --------------------------------------------------------------
2026-06-21 13:25:45 [INFO   ] 
2026-06-21 13:25:45 [INFO   ] 
2026-06-21 13:25:45 [INFO   ] PROGRESS | Email preview — To: cavishwaspatil@hotmail.com | Subject: PlacementHub pre-seed intro with VISHWAS D PATIL & ASSOCIATES
2026-06-21 13:25:46 [INFO   ] SENT (Brevo) -> cavishwaspatil@hotmail.com (VISHWAS D PATIL & ASSOCIATES) | PlacementHub pre-seed intro with VISHWAS D PATIL & ASSOCIATES | messageId=<202606210755.15469553735@smtp-relay.mailin.fr> (API accepted; run audit-brevo to confirm delivery)
2026-06-21 13:25:46 [INFO   ] Sleeping for 10 seconds
2026-06-21 13:25:56 [INFO   ] PROGRESS | Send 36/50 | SENT | cavishwaspatil@hotmail.com | VISHWAS D PATIL & ASSOCIATES [Chartered Accountants & Company Secretaries] | ok=35 fail=1 skip=0
2026-06-21 13:25:56 [INFO   ] PROGRESS | Send 37/50 | SENDING | rahuldharne@gmail.com | RAHUL S DHARNE & ASSOCIATES [Chartered Accountants & Company Secretaries] | ok=35 fail=1 skip=0
2026-06-21 13:25:57 [INFO   ] --------------------------------------------------------------
2026-06-21 13:25:57 [INFO   ] PROGRESS | Email content — To: rahuldharne@gmail.com
2026-06-21 13:25:57 [INFO   ] PROGRESS | Subject: PlacementHub pre-seed intro with RAHUL S DHARNE & ASSOCIATES
2026-06-21 13:25:57 [INFO   ] PROGRESS | Body:
2026-06-21 13:25:57 [INFO   ] PROGRESS |   Dear Sir/Madam,
2026-06-21 13:25:57 [INFO   ] PROGRESS |   I am reaching out to introduce PlacementHub and explore whether any of your investor, entrepreneur, or
2026-06-21 13:25:57 [INFO   ] PROGRESS |   HNI clients may be open to reviewing a strategic seed opportunity.
2026-06-21 13:25:57 [INFO   ] PROGRESS |   My name is Sandeep Jain. PlacementHub is currently in its pre-seed fundraising stage, and I am
2026-06-21 13:25:57 [INFO   ] PROGRESS |   soliciting strategic seed investment for the same. PlacementHub is a campus placement and employability
2026-06-21 13:25:57 [INFO   ] PROGRESS |   platform connecting students, colleges, and recruiters. The product is built and in early
2026-06-21 13:25:57 [INFO   ] PROGRESS |   commercialization.
2026-06-21 13:25:57 [INFO   ] PROGRESS |   For reference, the detailed business plan, including the business model and go-to-market strategies, is
2026-06-21 13:25:57 [INFO   ] PROGRESS |   available here:
2026-06-21 13:25:57 [INFO   ] PROGRESS |   PlacementHub Business Plan
2026-06-21 13:25:57 [INFO   ] PROGRESS |   For a Chartered Accountant firm, the relevance is mainly professional and strategic:
2026-06-21 13:25:57 [INFO   ] PROGRESS |   PlacementHub may require support across accounting, taxation, compliance, payroll, investor documentation, audit, and related professional services.
2026-06-21 13:25:57 [INFO   ] PROGRESS |   I would naturally be pleased to consider and prioritize firms that support PlacementHub during its early growth phase, subject to suitability and mutual agreement.
2026-06-21 13:25:57 [INFO   ] PROGRESS |   The relationship can begin with a simple review of the investment note and, where appropriate, introductions to suitable investor clients.
2026-06-21 13:25:57 [INFO   ] PROGRESS |   If the opportunity is worth a look, I would be happy to send the note and speak briefly about the round,
2026-06-21 13:25:57 [INFO   ] PROGRESS |   the platform, and the type of strategic investors we are looking for.
2026-06-21 13:25:57 [INFO   ] PROGRESS |   Please reply to this email or call me if you would like to explore it.
2026-06-21 13:25:57 [INFO   ] PROGRESS |   Warm Regards,
2026-06-21 13:25:57 [INFO   ] PROGRESS |   Sandeep Jain
2026-06-21 13:25:57 [INFO   ] PROGRESS |   Founder, PlacementHub
2026-06-21 13:25:57 [INFO   ] PROGRESS |   +91-9860090620
2026-06-21 13:25:57 [INFO   ] PROGRESS |   sandeepjain200019@gmail.com
2026-06-21 13:25:57 [INFO   ] PROGRESS |   Detailed Profile
2026-06-21 13:25:57 [INFO   ] PROGRESS |   Detailed Note on Funding Requirement
2026-06-21 13:25:57 [INFO   ] --------------------------------------------------------------
2026-06-21 13:25:57 [INFO   ] 
2026-06-21 13:25:57 [INFO   ] 
2026-06-21 13:25:57 [INFO   ] PROGRESS | Email preview — To: rahuldharne@gmail.com | Subject: PlacementHub pre-seed intro with RAHUL S DHARNE & ASSOCIATES
2026-06-21 13:25:58 [INFO   ] SENT (Brevo) -> rahuldharne@gmail.com (RAHUL S DHARNE & ASSOCIATES) | PlacementHub pre-seed intro with RAHUL S DHARNE & ASSOCIATES | messageId=<202606210755.99250504378@smtp-relay.mailin.fr> (API accepted; run audit-brevo to confirm delivery)
2026-06-21 13:25:58 [INFO   ] Sleeping for 10 seconds
2026-06-21 13:26:08 [INFO   ] PROGRESS | Send 37/50 | SENT | rahuldharne@gmail.com | RAHUL S DHARNE & ASSOCIATES [Chartered Accountants & Company Secretaries] | ok=36 fail=1 skip=0
2026-06-21 13:26:08 [INFO   ] PROGRESS | Send 38/50 | SENDING | rishabhpatni999@gmail.com | R R PATNI AND ASSOCIATES [Chartered Accountants & Company Secretaries] | ok=36 fail=1 skip=0
2026-06-21 13:26:31 [INFO   ] --------------------------------------------------------------
2026-06-21 13:26:31 [INFO   ] PROGRESS | Email content — To: rishabhpatni999@gmail.com
2026-06-21 13:26:31 [INFO   ] PROGRESS | Subject: PlacementHub pre-seed intro with R R PATNI AND ASSOCIATES
2026-06-21 13:26:31 [INFO   ] PROGRESS | Body:
2026-06-21 13:26:31 [INFO   ] PROGRESS |   Dear Sir/Madam,
2026-06-21 13:26:31 [INFO   ] PROGRESS |   I am reaching out to introduce PlacementHub and explore whether any of your investor, entrepreneur, or
2026-06-21 13:26:31 [INFO   ] PROGRESS |   HNI clients may be open to reviewing a strategic seed opportunity.
2026-06-21 13:26:31 [INFO   ] PROGRESS |   My name is Sandeep Jain. PlacementHub is currently in its pre-seed fundraising stage, and I am
2026-06-21 13:26:31 [INFO   ] PROGRESS |   soliciting strategic seed investment for the same. PlacementHub is a campus placement and employability
2026-06-21 13:26:31 [INFO   ] PROGRESS |   platform connecting students, colleges, and recruiters. The product is built and in early
2026-06-21 13:26:31 [INFO   ] PROGRESS |   commercialization.
2026-06-21 13:26:31 [INFO   ] PROGRESS |   For reference, the detailed business plan, including the business model and go-to-market strategies, is
2026-06-21 13:26:31 [INFO   ] PROGRESS |   available here:
2026-06-21 13:26:31 [INFO   ] PROGRESS |   PlacementHub Business Plan
2026-06-21 13:26:31 [INFO   ] PROGRESS |   For a Chartered Accountant firm, the relevance is mainly professional and strategic:
2026-06-21 13:26:31 [INFO   ] PROGRESS |   PlacementHub may require support across accounting, taxation, compliance, payroll, investor documentation, audit, and related professional services.
2026-06-21 13:26:31 [INFO   ] PROGRESS |   I would naturally be pleased to consider and prioritize firms that support PlacementHub during its early growth phase, subject to suitability and mutual agreement.
2026-06-21 13:26:31 [INFO   ] PROGRESS |   The relationship can begin with a simple review of the investment note and, where appropriate, introductions to suitable investor clients.
2026-06-21 13:26:31 [INFO   ] PROGRESS |   If the opportunity is worth a look, I would be happy to send the note and speak briefly about the round,
2026-06-21 13:26:31 [INFO   ] PROGRESS |   the platform, and the type of strategic investors we are looking for.
2026-06-21 13:26:31 [INFO   ] PROGRESS |   Please reply to this email or call me if you would like to explore it.
2026-06-21 13:26:31 [INFO   ] PROGRESS |   Warm Regards,
2026-06-21 13:26:31 [INFO   ] PROGRESS |   Sandeep Jain
2026-06-21 13:26:31 [INFO   ] PROGRESS |   Founder, PlacementHub
2026-06-21 13:26:31 [INFO   ] PROGRESS |   +91-9860090620
2026-06-21 13:26:31 [INFO   ] PROGRESS |   sandeepjain200019@gmail.com
2026-06-21 13:26:31 [INFO   ] PROGRESS |   Detailed Profile
2026-06-21 13:26:31 [INFO   ] PROGRESS |   Detailed Note on Funding Requirement
2026-06-21 13:26:31 [INFO   ] --------------------------------------------------------------
2026-06-21 13:26:31 [INFO   ] 
2026-06-21 13:26:31 [INFO   ] 
2026-06-21 13:26:31 [INFO   ] PROGRESS | Email preview — To: rishabhpatni999@gmail.com | Subject: PlacementHub pre-seed intro with R R PATNI AND ASSOCIATES
2026-06-21 13:26:32 [INFO   ] SENT (Brevo) -> rishabhpatni999@gmail.com (R R PATNI AND ASSOCIATES) | PlacementHub pre-seed intro with R R PATNI AND ASSOCIATES | messageId=<202606210756.39621993254@smtp-relay.mailin.fr> (API accepted; run audit-brevo to confirm delivery)
2026-06-21 13:26:32 [INFO   ] Sleeping for 10 seconds
2026-06-21 13:26:42 [INFO   ] PROGRESS | Send 38/50 | SENT | rishabhpatni999@gmail.com | R R PATNI AND ASSOCIATES [Chartered Accountants & Company Secretaries] | ok=37 fail=1 skip=0
2026-06-21 13:26:42 [INFO   ] PROGRESS | Send 39/50 | SENDING | casiddharthostwal@gmail.com | SIDDHARTH ANIL OSTWAL & CO [Chartered Accountants & Company Secretaries] | ok=37 fail=1 skip=0
2026-06-21 13:26:43 [INFO   ] --------------------------------------------------------------
2026-06-21 13:26:43 [INFO   ] PROGRESS | Email content — To: casiddharthostwal@gmail.com
2026-06-21 13:26:43 [INFO   ] PROGRESS | Subject: PlacementHub pre-seed intro with SIDDHARTH ANIL OSTWAL & CO
2026-06-21 13:26:43 [INFO   ] PROGRESS | Body:
2026-06-21 13:26:43 [INFO   ] PROGRESS |   Dear Sir/Madam,
2026-06-21 13:26:43 [INFO   ] PROGRESS |   I am reaching out to introduce PlacementHub and explore whether any of your investor, entrepreneur, or
2026-06-21 13:26:43 [INFO   ] PROGRESS |   HNI clients may be open to reviewing a strategic seed opportunity.
2026-06-21 13:26:43 [INFO   ] PROGRESS |   My name is Sandeep Jain. PlacementHub is currently in its pre-seed fundraising stage, and I am
2026-06-21 13:26:43 [INFO   ] PROGRESS |   soliciting strategic seed investment for the same. PlacementHub is a campus placement and employability
2026-06-21 13:26:43 [INFO   ] PROGRESS |   platform connecting students, colleges, and recruiters. The product is built and in early
2026-06-21 13:26:43 [INFO   ] PROGRESS |   commercialization.
2026-06-21 13:26:43 [INFO   ] PROGRESS |   For reference, the detailed business plan, including the business model and go-to-market strategies, is
2026-06-21 13:26:43 [INFO   ] PROGRESS |   available here:
2026-06-21 13:26:43 [INFO   ] PROGRESS |   PlacementHub Business Plan
2026-06-21 13:26:43 [INFO   ] PROGRESS |   For a Chartered Accountant firm, the relevance is mainly professional and strategic:
2026-06-21 13:26:43 [INFO   ] PROGRESS |   PlacementHub may require support across accounting, taxation, compliance, payroll, investor documentation, audit, and related professional services.
2026-06-21 13:26:43 [INFO   ] PROGRESS |   I would naturally be pleased to consider and prioritize firms that support PlacementHub during its early growth phase, subject to suitability and mutual agreement.
2026-06-21 13:26:43 [INFO   ] PROGRESS |   The relationship can begin with a simple review of the investment note and, where appropriate, introductions to suitable investor clients.
2026-06-21 13:26:43 [INFO   ] PROGRESS |   If the opportunity is worth a look, I would be happy to send the note and speak briefly about the round,
2026-06-21 13:26:43 [INFO   ] PROGRESS |   the platform, and the type of strategic investors we are looking for.
2026-06-21 13:26:43 [INFO   ] PROGRESS |   Please reply to this email or call me if you would like to explore it.
2026-06-21 13:26:43 [INFO   ] PROGRESS |   Warm Regards,
2026-06-21 13:26:43 [INFO   ] PROGRESS |   Sandeep Jain
2026-06-21 13:26:43 [INFO   ] PROGRESS |   Founder, PlacementHub
2026-06-21 13:26:43 [INFO   ] PROGRESS |   +91-9860090620
2026-06-21 13:26:43 [INFO   ] PROGRESS |   sandeepjain200019@gmail.com
2026-06-21 13:26:43 [INFO   ] PROGRESS |   Detailed Profile
2026-06-21 13:26:43 [INFO   ] PROGRESS |   Detailed Note on Funding Requirement
2026-06-21 13:26:43 [INFO   ] --------------------------------------------------------------
2026-06-21 13:26:43 [INFO   ] 
2026-06-21 13:26:43 [INFO   ] 
2026-06-21 13:26:43 [INFO   ] PROGRESS | Email preview — To: casiddharthostwal@gmail.com | Subject: PlacementHub pre-seed intro with SIDDHARTH ANIL OSTWAL & CO
2026-06-21 13:26:44 [INFO   ] SENT (Brevo) -> casiddharthostwal@gmail.com (SIDDHARTH ANIL OSTWAL & CO) | PlacementHub pre-seed intro with SIDDHARTH ANIL OSTWAL & CO | messageId=<202606210756.55634547084@smtp-relay.mailin.fr> (API accepted; run audit-brevo to confirm delivery)
2026-06-21 13:26:44 [INFO   ] Sleeping for 10 seconds
2026-06-21 13:26:54 [INFO   ] PROGRESS | Send 39/50 | SENT | casiddharthostwal@gmail.com | SIDDHARTH ANIL OSTWAL & CO [Chartered Accountants & Company Secretaries] | ok=38 fail=1 skip=0
2026-06-21 13:26:54 [INFO   ] PROGRESS | Send 40/50 | SENDING | 33sushil@gmail.com | G R A N D M A R K & ASSOCIATES LLP [Chartered Accountants & Company Secretaries] | ok=38 fail=1 skip=0
2026-06-21 13:26:55 [INFO   ] --------------------------------------------------------------
2026-06-21 13:26:55 [INFO   ] PROGRESS | Email content — To: 33sushil@gmail.com
2026-06-21 13:26:55 [INFO   ] PROGRESS | Subject: PlacementHub pre-seed intro with G R A N D M A R K & ASSOCIATES LLP
2026-06-21 13:26:55 [INFO   ] PROGRESS | Body:
2026-06-21 13:26:55 [INFO   ] PROGRESS |   Dear Sir/Madam,
2026-06-21 13:26:55 [INFO   ] PROGRESS |   I am reaching out to introduce PlacementHub and explore whether any of your investor, entrepreneur, or
2026-06-21 13:26:55 [INFO   ] PROGRESS |   HNI clients may be open to reviewing a strategic seed opportunity.
2026-06-21 13:26:55 [INFO   ] PROGRESS |   My name is Sandeep Jain. PlacementHub is currently in its pre-seed fundraising stage, and I am
2026-06-21 13:26:55 [INFO   ] PROGRESS |   soliciting strategic seed investment for the same. PlacementHub is a campus placement and employability
2026-06-21 13:26:55 [INFO   ] PROGRESS |   platform connecting students, colleges, and recruiters. The product is built and in early
2026-06-21 13:26:55 [INFO   ] PROGRESS |   commercialization.
2026-06-21 13:26:55 [INFO   ] PROGRESS |   For reference, the detailed business plan, including the business model and go-to-market strategies, is
2026-06-21 13:26:55 [INFO   ] PROGRESS |   available here:
2026-06-21 13:26:55 [INFO   ] PROGRESS |   PlacementHub Business Plan
2026-06-21 13:26:55 [INFO   ] PROGRESS |   For a Chartered Accountant firm, the relevance is mainly professional and strategic:
2026-06-21 13:26:55 [INFO   ] PROGRESS |   PlacementHub may require support across accounting, taxation, compliance, payroll, investor documentation, audit, and related professional services.
2026-06-21 13:26:55 [INFO   ] PROGRESS |   I would naturally be pleased to consider and prioritize firms that support PlacementHub during its early growth phase, subject to suitability and mutual agreement.
2026-06-21 13:26:55 [INFO   ] PROGRESS |   The relationship can begin with a simple review of the investment note and, where appropriate, introductions to suitable investor clients.
2026-06-21 13:26:55 [INFO   ] PROGRESS |   If the opportunity is worth a look, I would be happy to send the note and speak briefly about the round,
2026-06-21 13:26:55 [INFO   ] PROGRESS |   the platform, and the type of strategic investors we are looking for.
2026-06-21 13:26:55 [INFO   ] PROGRESS |   Please reply to this email or call me if you would like to explore it.
2026-06-21 13:26:55 [INFO   ] PROGRESS |   Warm Regards,
2026-06-21 13:26:55 [INFO   ] PROGRESS |   Sandeep Jain
2026-06-21 13:26:55 [INFO   ] PROGRESS |   Founder, PlacementHub
2026-06-21 13:26:55 [INFO   ] PROGRESS |   +91-9860090620
2026-06-21 13:26:55 [INFO   ] PROGRESS |   sandeepjain200019@gmail.com
2026-06-21 13:26:55 [INFO   ] PROGRESS |   Detailed Profile
2026-06-21 13:26:55 [INFO   ] PROGRESS |   Detailed Note on Funding Requirement
2026-06-21 13:26:55 [INFO   ] --------------------------------------------------------------
2026-06-21 13:26:55 [INFO   ] 
2026-06-21 13:26:55 [INFO   ] 
2026-06-21 13:26:55 [INFO   ] PROGRESS | Email preview — To: 33sushil@gmail.com | Subject: PlacementHub pre-seed intro with G R A N D M A R K & ASSOCIATES LLP
2026-06-21 13:26:56 [INFO   ] SENT (Brevo) -> 33sushil@gmail.com (G R A N D M A R K & ASSOCIATES LLP) | PlacementHub pre-seed intro with G R A N D M A R K & ASSOCIATES LLP | messageId=<202606210756.25731441404@smtp-relay.mailin.fr> (API accepted; run audit-brevo to confirm delivery)
2026-06-21 13:26:56 [INFO   ] Sleeping for 10 seconds
2026-06-21 13:27:06 [INFO   ] PROGRESS | Send 40/50 | SENT | 33sushil@gmail.com | G R A N D M A R K & ASSOCIATES LLP [Chartered Accountants & Company Secretaries] | ok=39 fail=1 skip=0
2026-06-21 13:27:06 [INFO   ] PROGRESS | Send 41/50 | SENDING | canrkabra@gmail.com | N R KABRA & CO [Chartered Accountants & Company Secretaries] | ok=39 fail=1 skip=0
2026-06-21 13:27:06 [WARNING] NVIDIA call failed (attempt 1/5): HTTP Error 403: Forbidden — rotating key.
2026-06-21 13:27:08 [INFO   ] --------------------------------------------------------------
2026-06-21 13:27:08 [INFO   ] PROGRESS | Email content — To: canrkabra@gmail.com
2026-06-21 13:27:08 [INFO   ] PROGRESS | Subject: PlacementHub pre-seed intro with N R KABRA & CO
2026-06-21 13:27:08 [INFO   ] PROGRESS | Body:
2026-06-21 13:27:08 [INFO   ] PROGRESS |   Dear Sir/Madam,
2026-06-21 13:27:08 [INFO   ] PROGRESS |   I am reaching out to introduce PlacementHub and explore whether any of your investor, entrepreneur, or
2026-06-21 13:27:08 [INFO   ] PROGRESS |   HNI clients may be open to reviewing a strategic seed opportunity.
2026-06-21 13:27:08 [INFO   ] PROGRESS |   My name is Sandeep Jain. PlacementHub is currently in its pre-seed fundraising stage, and I am
2026-06-21 13:27:08 [INFO   ] PROGRESS |   soliciting strategic seed investment for the same. PlacementHub is a campus placement and employability
2026-06-21 13:27:08 [INFO   ] PROGRESS |   platform connecting students, colleges, and recruiters. The product is built and in early
2026-06-21 13:27:08 [INFO   ] PROGRESS |   commercialization.
2026-06-21 13:27:08 [INFO   ] PROGRESS |   For reference, the detailed business plan, including the business model and go-to-market strategies, is
2026-06-21 13:27:08 [INFO   ] PROGRESS |   available here:
2026-06-21 13:27:08 [INFO   ] PROGRESS |   PlacementHub Business Plan
2026-06-21 13:27:08 [INFO   ] PROGRESS |   For a Chartered Accountant firm, the relevance is mainly professional and strategic:
2026-06-21 13:27:08 [INFO   ] PROGRESS |   PlacementHub may require support across accounting, taxation, compliance, payroll, investor documentation, audit, and related professional services.
2026-06-21 13:27:08 [INFO   ] PROGRESS |   I would naturally be pleased to consider and prioritize firms that support PlacementHub during its early growth phase, subject to suitability and mutual agreement.
2026-06-21 13:27:08 [INFO   ] PROGRESS |   The relationship can begin with a simple review of the investment note and, where appropriate, introductions to suitable investor clients.
2026-06-21 13:27:08 [INFO   ] PROGRESS |   If the opportunity is worth a look, I would be happy to send the note and speak briefly about the round,
2026-06-21 13:27:08 [INFO   ] PROGRESS |   the platform, and the type of strategic investors we are looking for.
2026-06-21 13:27:08 [INFO   ] PROGRESS |   Please reply to this email or call me if you would like to explore it.
2026-06-21 13:27:08 [INFO   ] PROGRESS |   Warm Regards,
2026-06-21 13:27:08 [INFO   ] PROGRESS |   Sandeep Jain
2026-06-21 13:27:08 [INFO   ] PROGRESS |   Founder, PlacementHub
2026-06-21 13:27:08 [INFO   ] PROGRESS |   +91-9860090620
2026-06-21 13:27:08 [INFO   ] PROGRESS |   sandeepjain200019@gmail.com
2026-06-21 13:27:08 [INFO   ] PROGRESS |   Detailed Profile
2026-06-21 13:27:08 [INFO   ] PROGRESS |   Detailed Note on Funding Requirement
2026-06-21 13:27:08 [INFO   ] --------------------------------------------------------------
2026-06-21 13:27:08 [INFO   ] 
2026-06-21 13:27:08 [INFO   ] 
2026-06-21 13:27:08 [INFO   ] PROGRESS | Email preview — To: canrkabra@gmail.com | Subject: PlacementHub pre-seed intro with N R KABRA & CO
2026-06-21 13:27:10 [INFO   ] SENT (Brevo) -> canrkabra@gmail.com (N R KABRA & CO) | PlacementHub pre-seed intro with N R KABRA & CO | messageId=<202606210757.67636097392@smtp-relay.mailin.fr> (API accepted; run audit-brevo to confirm delivery)
2026-06-21 13:27:10 [INFO   ] Sleeping for 10 seconds
2026-06-21 13:27:20 [INFO   ] PROGRESS | Send 41/50 | SENT | canrkabra@gmail.com | N R KABRA & CO [Chartered Accountants & Company Secretaries] | ok=40 fail=1 skip=0
2026-06-21 13:27:20 [INFO   ] PROGRESS | Send 42/50 | SENDING | rahulaagnihotri@rediff.com | A R N A & ASSOCIATES [Chartered Accountants & Company Secretaries] | ok=40 fail=1 skip=0
2026-06-21 13:27:21 [INFO   ] --------------------------------------------------------------
2026-06-21 13:27:21 [INFO   ] PROGRESS | Email content — To: rahulaagnihotri@rediff.com
2026-06-21 13:27:21 [INFO   ] PROGRESS | Subject: PlacementHub pre-seed intro with A R N A & ASSOCIATES
2026-06-21 13:27:21 [INFO   ] PROGRESS | Body:
2026-06-21 13:27:21 [INFO   ] PROGRESS |   Dear Sir/Madam,
2026-06-21 13:27:21 [INFO   ] PROGRESS |   I am reaching out to introduce PlacementHub and explore whether any of your investor, entrepreneur, or
2026-06-21 13:27:21 [INFO   ] PROGRESS |   HNI clients may be open to reviewing a strategic seed opportunity.
2026-06-21 13:27:21 [INFO   ] PROGRESS |   My name is Sandeep Jain. PlacementHub is currently in its pre-seed fundraising stage, and I am
2026-06-21 13:27:21 [INFO   ] PROGRESS |   soliciting strategic seed investment for the same. PlacementHub is a campus placement and employability
2026-06-21 13:27:21 [INFO   ] PROGRESS |   platform connecting students, colleges, and recruiters. The product is built and in early
2026-06-21 13:27:21 [INFO   ] PROGRESS |   commercialization.
2026-06-21 13:27:21 [INFO   ] PROGRESS |   For reference, the detailed business plan, including the business model and go-to-market strategies, is
2026-06-21 13:27:21 [INFO   ] PROGRESS |   available here:
2026-06-21 13:27:21 [INFO   ] PROGRESS |   PlacementHub Business Plan
2026-06-21 13:27:21 [INFO   ] PROGRESS |   For a Chartered Accountant firm, the relevance is mainly professional and strategic:
2026-06-21 13:27:21 [INFO   ] PROGRESS |   PlacementHub may require support across accounting, taxation, compliance, payroll, investor documentation, audit, and related professional services.
2026-06-21 13:27:21 [INFO   ] PROGRESS |   I would naturally be pleased to consider and prioritize firms that support PlacementHub during its early growth phase, subject to suitability and mutual agreement.
2026-06-21 13:27:21 [INFO   ] PROGRESS |   The relationship can begin with a simple review of the investment note and, where appropriate, introductions to suitable investor clients.
2026-06-21 13:27:21 [INFO   ] PROGRESS |   If the opportunity is worth a look, I would be happy to send the note and speak briefly about the round,
2026-06-21 13:27:21 [INFO   ] PROGRESS |   the platform, and the type of strategic investors we are looking for.
2026-06-21 13:27:21 [INFO   ] PROGRESS |   Please reply to this email or call me if you would like to explore it.
2026-06-21 13:27:21 [INFO   ] PROGRESS |   Warm Regards,
2026-06-21 13:27:21 [INFO   ] PROGRESS |   Sandeep Jain
2026-06-21 13:27:21 [INFO   ] PROGRESS |   Founder, PlacementHub
2026-06-21 13:27:21 [INFO   ] PROGRESS |   +91-9860090620
2026-06-21 13:27:21 [INFO   ] PROGRESS |   sandeepjain200019@gmail.com
2026-06-21 13:27:21 [INFO   ] PROGRESS |   Detailed Profile
2026-06-21 13:27:21 [INFO   ] PROGRESS |   Detailed Note on Funding Requirement
2026-06-21 13:27:21 [INFO   ] --------------------------------------------------------------
2026-06-21 13:27:21 [INFO   ] 
2026-06-21 13:27:21 [INFO   ] 
2026-06-21 13:27:21 [INFO   ] PROGRESS | Email preview — To: rahulaagnihotri@rediff.com | Subject: PlacementHub pre-seed intro with A R N A & ASSOCIATES
2026-06-21 13:27:22 [INFO   ] SENT (Brevo) -> rahulaagnihotri@rediff.com (A R N A & ASSOCIATES) | PlacementHub pre-seed intro with A R N A & ASSOCIATES | messageId=<202606210757.12150238418@smtp-relay.mailin.fr> (API accepted; run audit-brevo to confirm delivery)
2026-06-21 13:27:22 [INFO   ] Sleeping for 10 seconds
2026-06-21 13:27:32 [INFO   ] PROGRESS | Send 42/50 | SENT | rahulaagnihotri@rediff.com | A R N A & ASSOCIATES [Chartered Accountants & Company Secretaries] | ok=41 fail=1 skip=0
2026-06-21 13:27:32 [INFO   ] PROGRESS | Send 43/50 | SENDING | jkchouhan@gmail.com | J K CHOUHAN & CO [Chartered Accountants & Company Secretaries] | ok=41 fail=1 skip=0
2026-06-21 13:27:36 [INFO   ] --------------------------------------------------------------
2026-06-21 13:27:36 [INFO   ] PROGRESS | Email content — To: jkchouhan@gmail.com
2026-06-21 13:27:36 [INFO   ] PROGRESS | Subject: PlacementHub pre-seed intro with J K CHOUHAN & CO
2026-06-21 13:27:36 [INFO   ] PROGRESS | Body:
2026-06-21 13:27:36 [INFO   ] PROGRESS |   Dear Sir/Madam,
2026-06-21 13:27:36 [INFO   ] PROGRESS |   I am reaching out to introduce PlacementHub and explore whether any of your investor, entrepreneur, or
2026-06-21 13:27:36 [INFO   ] PROGRESS |   HNI clients may be open to reviewing a strategic seed opportunity.
2026-06-21 13:27:36 [INFO   ] PROGRESS |   My name is Sandeep Jain. PlacementHub is currently in its pre-seed fundraising stage, and I am
2026-06-21 13:27:36 [INFO   ] PROGRESS |   soliciting strategic seed investment for the same. PlacementHub is a campus placement and employability
2026-06-21 13:27:36 [INFO   ] PROGRESS |   platform connecting students, colleges, and recruiters. The product is built and in early
2026-06-21 13:27:36 [INFO   ] PROGRESS |   commercialization.
2026-06-21 13:27:36 [INFO   ] PROGRESS |   For reference, the detailed business plan, including the business model and go-to-market strategies, is
2026-06-21 13:27:36 [INFO   ] PROGRESS |   available here:
2026-06-21 13:27:36 [INFO   ] PROGRESS |   PlacementHub Business Plan
2026-06-21 13:27:36 [INFO   ] PROGRESS |   For a Chartered Accountant firm, the relevance is mainly professional and strategic:
2026-06-21 13:27:36 [INFO   ] PROGRESS |   PlacementHub may require support across accounting, taxation, compliance, payroll, investor documentation, audit, and related professional services.
2026-06-21 13:27:36 [INFO   ] PROGRESS |   I would naturally be pleased to consider and prioritize firms that support PlacementHub during its early growth phase, subject to suitability and mutual agreement.
2026-06-21 13:27:36 [INFO   ] PROGRESS |   The relationship can begin with a simple review of the investment note and, where appropriate, introductions to suitable investor clients.
2026-06-21 13:27:36 [INFO   ] PROGRESS |   If the opportunity is worth a look, I would be happy to send the note and speak briefly about the round,
2026-06-21 13:27:36 [INFO   ] PROGRESS |   the platform, and the type of strategic investors we are looking for.
2026-06-21 13:27:36 [INFO   ] PROGRESS |   Please reply to this email or call me if you would like to explore it.
2026-06-21 13:27:36 [INFO   ] PROGRESS |   Warm Regards,
2026-06-21 13:27:36 [INFO   ] PROGRESS |   Sandeep Jain
2026-06-21 13:27:36 [INFO   ] PROGRESS |   Founder, PlacementHub
2026-06-21 13:27:36 [INFO   ] PROGRESS |   +91-9860090620
2026-06-21 13:27:36 [INFO   ] PROGRESS |   sandeepjain200019@gmail.com
2026-06-21 13:27:36 [INFO   ] PROGRESS |   Detailed Profile
2026-06-21 13:27:36 [INFO   ] PROGRESS |   Detailed Note on Funding Requirement
2026-06-21 13:27:36 [INFO   ] --------------------------------------------------------------
2026-06-21 13:27:36 [INFO   ] 
2026-06-21 13:27:36 [INFO   ] 
2026-06-21 13:27:36 [INFO   ] PROGRESS | Email preview — To: jkchouhan@gmail.com | Subject: PlacementHub pre-seed intro with J K CHOUHAN & CO
2026-06-21 13:27:36 [INFO   ] SENT (Brevo) -> jkchouhan@gmail.com (J K CHOUHAN & CO) | PlacementHub pre-seed intro with J K CHOUHAN & CO | messageId=<202606210757.36245138460@smtp-relay.mailin.fr> (API accepted; run audit-brevo to confirm delivery)
2026-06-21 13:27:36 [INFO   ] Sleeping for 10 seconds
2026-06-21 13:27:46 [INFO   ] PROGRESS | Send 43/50 | SENT | jkchouhan@gmail.com | J K CHOUHAN & CO [Chartered Accountants & Company Secretaries] | ok=42 fail=1 skip=0
2026-06-21 13:27:46 [INFO   ] PROGRESS | Send 44/50 | SENDING | ca.rohitkjadhav@gmail.com | ROHIT JADHAV & ASSOCIATES [Chartered Accountants & Company Secretaries] | ok=42 fail=1 skip=0
2026-06-21 13:27:47 [INFO   ] --------------------------------------------------------------
2026-06-21 13:27:47 [INFO   ] PROGRESS | Email content — To: ca.rohitkjadhav@gmail.com
2026-06-21 13:27:47 [INFO   ] PROGRESS | Subject: PlacementHub pre-seed intro with ROHIT JADHAV & ASSOCIATES
2026-06-21 13:27:47 [INFO   ] PROGRESS | Body:
2026-06-21 13:27:47 [INFO   ] PROGRESS |   Dear Sir/Madam,
2026-06-21 13:27:47 [INFO   ] PROGRESS |   I am reaching out to introduce PlacementHub and explore whether any of your investor, entrepreneur, or
2026-06-21 13:27:47 [INFO   ] PROGRESS |   HNI clients may be open to reviewing a strategic seed opportunity.
2026-06-21 13:27:47 [INFO   ] PROGRESS |   My name is Sandeep Jain. PlacementHub is currently in its pre-seed fundraising stage, and I am
2026-06-21 13:27:47 [INFO   ] PROGRESS |   soliciting strategic seed investment for the same. PlacementHub is a campus placement and employability
2026-06-21 13:27:47 [INFO   ] PROGRESS |   platform connecting students, colleges, and recruiters. The product is built and in early
2026-06-21 13:27:47 [INFO   ] PROGRESS |   commercialization.
2026-06-21 13:27:47 [INFO   ] PROGRESS |   For reference, the detailed business plan, including the business model and go-to-market strategies, is
2026-06-21 13:27:47 [INFO   ] PROGRESS |   available here:
2026-06-21 13:27:47 [INFO   ] PROGRESS |   PlacementHub Business Plan
2026-06-21 13:27:47 [INFO   ] PROGRESS |   For a Chartered Accountant firm, the relevance is mainly professional and strategic:
2026-06-21 13:27:47 [INFO   ] PROGRESS |   PlacementHub may require support across accounting, taxation, compliance, payroll, investor documentation, audit, and related professional services.
2026-06-21 13:27:47 [INFO   ] PROGRESS |   I would naturally be pleased to consider and prioritize firms that support PlacementHub during its early growth phase, subject to suitability and mutual agreement.
2026-06-21 13:27:47 [INFO   ] PROGRESS |   The relationship can begin with a simple review of the investment note and, where appropriate, introductions to suitable investor clients.
2026-06-21 13:27:47 [INFO   ] PROGRESS |   If the opportunity is worth a look, I would be happy to send the note and speak briefly about the round,
2026-06-21 13:27:47 [INFO   ] PROGRESS |   the platform, and the type of strategic investors we are looking for.
2026-06-21 13:27:47 [INFO   ] PROGRESS |   Please reply to this email or call me if you would like to explore it.
2026-06-21 13:27:47 [INFO   ] PROGRESS |   Warm Regards,
2026-06-21 13:27:47 [INFO   ] PROGRESS |   Sandeep Jain
2026-06-21 13:27:47 [INFO   ] PROGRESS |   Founder, PlacementHub
2026-06-21 13:27:47 [INFO   ] PROGRESS |   +91-9860090620
2026-06-21 13:27:47 [INFO   ] PROGRESS |   sandeepjain200019@gmail.com
2026-06-21 13:27:47 [INFO   ] PROGRESS |   Detailed Profile
2026-06-21 13:27:47 [INFO   ] PROGRESS |   Detailed Note on Funding Requirement
2026-06-21 13:27:47 [INFO   ] --------------------------------------------------------------
2026-06-21 13:27:47 [INFO   ] 
2026-06-21 13:27:47 [INFO   ] 
2026-06-21 13:27:47 [INFO   ] PROGRESS | Email preview — To: ca.rohitkjadhav@gmail.com | Subject: PlacementHub pre-seed intro with ROHIT JADHAV & ASSOCIATES
2026-06-21 13:27:48 [INFO   ] SENT (Brevo) -> ca.rohitkjadhav@gmail.com (ROHIT JADHAV & ASSOCIATES) | PlacementHub pre-seed intro with ROHIT JADHAV & ASSOCIATES | messageId=<202606210757.31903897737@smtp-relay.mailin.fr> (API accepted; run audit-brevo to confirm delivery)
2026-06-21 13:27:48 [INFO   ] Sleeping for 10 seconds
2026-06-21 13:27:58 [INFO   ] PROGRESS | Send 44/50 | SENT | ca.rohitkjadhav@gmail.com | ROHIT JADHAV & ASSOCIATES [Chartered Accountants & Company Secretaries] | ok=43 fail=1 skip=0
2026-06-21 13:27:58 [INFO   ] PROGRESS | Send 45/50 | SENDING | canikhilwagh@gmail.com | N B WAGH & CO [Chartered Accountants & Company Secretaries] | ok=43 fail=1 skip=0
2026-06-21 13:28:08 [INFO   ] --------------------------------------------------------------
2026-06-21 13:28:08 [INFO   ] PROGRESS | Email content — To: canikhilwagh@gmail.com
2026-06-21 13:28:08 [INFO   ] PROGRESS | Subject: PlacementHub pre-seed intro with N B WAGH & CO
2026-06-21 13:28:08 [INFO   ] PROGRESS | Body:
2026-06-21 13:28:08 [INFO   ] PROGRESS |   Dear Sir/Madam,
2026-06-21 13:28:08 [INFO   ] PROGRESS |   I am reaching out to introduce PlacementHub and explore whether any of your investor, entrepreneur, or
2026-06-21 13:28:08 [INFO   ] PROGRESS |   HNI clients may be open to reviewing a strategic seed opportunity.
2026-06-21 13:28:08 [INFO   ] PROGRESS |   My name is Sandeep Jain. PlacementHub is currently in its pre-seed fundraising stage, and I am
2026-06-21 13:28:08 [INFO   ] PROGRESS |   soliciting strategic seed investment for the same. PlacementHub is a campus placement and employability
2026-06-21 13:28:08 [INFO   ] PROGRESS |   platform connecting students, colleges, and recruiters. The product is built and in early
2026-06-21 13:28:08 [INFO   ] PROGRESS |   commercialization.
2026-06-21 13:28:08 [INFO   ] PROGRESS |   For reference, the detailed business plan, including the business model and go-to-market strategies, is
2026-06-21 13:28:08 [INFO   ] PROGRESS |   available here:
2026-06-21 13:28:08 [INFO   ] PROGRESS |   PlacementHub Business Plan
2026-06-21 13:28:08 [INFO   ] PROGRESS |   For a Chartered Accountant firm, the relevance is mainly professional and strategic:
2026-06-21 13:28:08 [INFO   ] PROGRESS |   PlacementHub may require support across accounting, taxation, compliance, payroll, investor documentation, audit, and related professional services.
2026-06-21 13:28:08 [INFO   ] PROGRESS |   I would naturally be pleased to consider and prioritize firms that support PlacementHub during its early growth phase, subject to suitability and mutual agreement.
2026-06-21 13:28:08 [INFO   ] PROGRESS |   The relationship can begin with a simple review of the investment note and, where appropriate, introductions to suitable investor clients.
2026-06-21 13:28:08 [INFO   ] PROGRESS |   If the opportunity is worth a look, I would be happy to send the note and speak briefly about the round,
2026-06-21 13:28:08 [INFO   ] PROGRESS |   the platform, and the type of strategic investors we are looking for.
2026-06-21 13:28:08 [INFO   ] PROGRESS |   Please reply to this email or call me if you would like to explore it.
2026-06-21 13:28:08 [INFO   ] PROGRESS |   Warm Regards,
2026-06-21 13:28:08 [INFO   ] PROGRESS |   Sandeep Jain
2026-06-21 13:28:08 [INFO   ] PROGRESS |   Founder, PlacementHub
2026-06-21 13:28:08 [INFO   ] PROGRESS |   +91-9860090620
2026-06-21 13:28:08 [INFO   ] PROGRESS |   sandeepjain200019@gmail.com
2026-06-21 13:28:08 [INFO   ] PROGRESS |   Detailed Profile
2026-06-21 13:28:08 [INFO   ] PROGRESS |   Detailed Note on Funding Requirement
2026-06-21 13:28:08 [INFO   ] --------------------------------------------------------------
2026-06-21 13:28:08 [INFO   ] 
2026-06-21 13:28:08 [INFO   ] 
2026-06-21 13:28:08 [INFO   ] PROGRESS | Email preview — To: canikhilwagh@gmail.com | Subject: PlacementHub pre-seed intro with N B WAGH & CO
2026-06-21 13:28:09 [INFO   ] SENT (Brevo) -> canikhilwagh@gmail.com (N B WAGH & CO) | PlacementHub pre-seed intro with N B WAGH & CO | messageId=<202606210758.62734602739@smtp-relay.mailin.fr> (API accepted; run audit-brevo to confirm delivery)
2026-06-21 13:28:09 [INFO   ] Sleeping for 10 seconds
2026-06-21 13:28:19 [INFO   ] PROGRESS | Send 45/50 | SENT | canikhilwagh@gmail.com | N B WAGH & CO [Chartered Accountants & Company Secretaries] | ok=44 fail=1 skip=0
2026-06-21 13:28:19 [INFO   ] PROGRESS | Send 46/50 | SENDING | vipulsahuji@gmail.com | VIPUL J JAIN AND ASSOCIATES [Chartered Accountants & Company Secretaries] | ok=44 fail=1 skip=0
2026-06-21 13:28:27 [INFO   ] --------------------------------------------------------------
2026-06-21 13:28:27 [INFO   ] PROGRESS | Email content — To: vipulsahuji@gmail.com
2026-06-21 13:28:27 [INFO   ] PROGRESS | Subject: PlacementHub pre-seed intro with VIPUL J JAIN AND ASSOCIATES
2026-06-21 13:28:27 [INFO   ] PROGRESS | Body:
2026-06-21 13:28:27 [INFO   ] PROGRESS |   Dear Sir/Madam,
2026-06-21 13:28:27 [INFO   ] PROGRESS |   I am reaching out to introduce PlacementHub and explore whether any of your investor, entrepreneur, or
2026-06-21 13:28:27 [INFO   ] PROGRESS |   HNI clients may be open to reviewing a strategic seed opportunity.
2026-06-21 13:28:27 [INFO   ] PROGRESS |   My name is Sandeep Jain. PlacementHub is currently in its pre-seed fundraising stage, and I am
2026-06-21 13:28:27 [INFO   ] PROGRESS |   soliciting strategic seed investment for the same. PlacementHub is a campus placement and employability
2026-06-21 13:28:27 [INFO   ] PROGRESS |   platform connecting students, colleges, and recruiters. The product is built and in early
2026-06-21 13:28:27 [INFO   ] PROGRESS |   commercialization.
2026-06-21 13:28:27 [INFO   ] PROGRESS |   For reference, the detailed business plan, including the business model and go-to-market strategies, is
2026-06-21 13:28:27 [INFO   ] PROGRESS |   available here:
2026-06-21 13:28:27 [INFO   ] PROGRESS |   PlacementHub Business Plan
2026-06-21 13:28:27 [INFO   ] PROGRESS |   For a Chartered Accountant firm, the relevance is mainly professional and strategic:
2026-06-21 13:28:27 [INFO   ] PROGRESS |   PlacementHub may require support across accounting, taxation, compliance, payroll, investor documentation, audit, and related professional services.
2026-06-21 13:28:27 [INFO   ] PROGRESS |   I would naturally be pleased to consider and prioritize firms that support PlacementHub during its early growth phase, subject to suitability and mutual agreement.
2026-06-21 13:28:27 [INFO   ] PROGRESS |   The relationship can begin with a simple review of the investment note and, where appropriate, introductions to suitable investor clients.
2026-06-21 13:28:27 [INFO   ] PROGRESS |   If the opportunity is worth a look, I would be happy to send the note and speak briefly about the round,
2026-06-21 13:28:27 [INFO   ] PROGRESS |   the platform, and the type of strategic investors we are looking for.
2026-06-21 13:28:27 [INFO   ] PROGRESS |   Please reply to this email or call me if you would like to explore it.
2026-06-21 13:28:27 [INFO   ] PROGRESS |   Warm Regards,
2026-06-21 13:28:27 [INFO   ] PROGRESS |   Sandeep Jain
2026-06-21 13:28:27 [INFO   ] PROGRESS |   Founder, PlacementHub
2026-06-21 13:28:27 [INFO   ] PROGRESS |   +91-9860090620
2026-06-21 13:28:27 [INFO   ] PROGRESS |   sandeepjain200019@gmail.com
2026-06-21 13:28:27 [INFO   ] PROGRESS |   Detailed Profile
2026-06-21 13:28:27 [INFO   ] PROGRESS |   Detailed Note on Funding Requirement
2026-06-21 13:28:27 [INFO   ] --------------------------------------------------------------
2026-06-21 13:28:27 [INFO   ] 
2026-06-21 13:28:27 [INFO   ] 
2026-06-21 13:28:27 [INFO   ] PROGRESS | Email preview — To: vipulsahuji@gmail.com | Subject: PlacementHub pre-seed intro with VIPUL J JAIN AND ASSOCIATES
2026-06-21 13:28:28 [INFO   ] SENT (Brevo) -> vipulsahuji@gmail.com (VIPUL J JAIN AND ASSOCIATES) | PlacementHub pre-seed intro with VIPUL J JAIN AND ASSOCIATES | messageId=<202606210758.71127763979@smtp-relay.mailin.fr> (API accepted; run audit-brevo to confirm delivery)
2026-06-21 13:28:28 [INFO   ] Sleeping for 10 seconds
2026-06-21 13:28:38 [INFO   ] PROGRESS | Send 46/50 | SENT | vipulsahuji@gmail.com | VIPUL J JAIN AND ASSOCIATES [Chartered Accountants & Company Secretaries] | ok=45 fail=1 skip=0
2026-06-21 13:28:38 [INFO   ] PROGRESS | Send 47/50 | SENDING | nrmalani64@gmail.com | MALANI SOMANI CHANDAK & ASSOCIATES [Chartered Accountants & Company Secretaries] | ok=45 fail=1 skip=0
2026-06-21 13:28:39 [INFO   ] --------------------------------------------------------------
2026-06-21 13:28:39 [INFO   ] PROGRESS | Email content — To: nrmalani64@gmail.com
2026-06-21 13:28:39 [INFO   ] PROGRESS | Subject: PlacementHub pre-seed intro with MALANI SOMANI CHANDAK & ASSOCIATES
2026-06-21 13:28:39 [INFO   ] PROGRESS | Body:
2026-06-21 13:28:39 [INFO   ] PROGRESS |   Dear Sir/Madam,
2026-06-21 13:28:39 [INFO   ] PROGRESS |   I am reaching out to introduce PlacementHub and explore whether any of your investor, entrepreneur, or
2026-06-21 13:28:39 [INFO   ] PROGRESS |   HNI clients may be open to reviewing a strategic seed opportunity.
2026-06-21 13:28:39 [INFO   ] PROGRESS |   My name is Sandeep Jain. PlacementHub is currently in its pre-seed fundraising stage, and I am
2026-06-21 13:28:39 [INFO   ] PROGRESS |   soliciting strategic seed investment for the same. PlacementHub is a campus placement and employability
2026-06-21 13:28:39 [INFO   ] PROGRESS |   platform connecting students, colleges, and recruiters. The product is built and in early
2026-06-21 13:28:39 [INFO   ] PROGRESS |   commercialization.
2026-06-21 13:28:39 [INFO   ] PROGRESS |   For reference, the detailed business plan, including the business model and go-to-market strategies, is
2026-06-21 13:28:39 [INFO   ] PROGRESS |   available here:
2026-06-21 13:28:39 [INFO   ] PROGRESS |   PlacementHub Business Plan
2026-06-21 13:28:39 [INFO   ] PROGRESS |   For a Chartered Accountant firm, the relevance is mainly professional and strategic:
2026-06-21 13:28:39 [INFO   ] PROGRESS |   PlacementHub may require support across accounting, taxation, compliance, payroll, investor documentation, audit, and related professional services.
2026-06-21 13:28:39 [INFO   ] PROGRESS |   I would naturally be pleased to consider and prioritize firms that support PlacementHub during its early growth phase, subject to suitability and mutual agreement.
2026-06-21 13:28:39 [INFO   ] PROGRESS |   The relationship can begin with a simple review of the investment note and, where appropriate, introductions to suitable investor clients.
2026-06-21 13:28:39 [INFO   ] PROGRESS |   If the opportunity is worth a look, I would be happy to send the note and speak briefly about the round,
2026-06-21 13:28:39 [INFO   ] PROGRESS |   the platform, and the type of strategic investors we are looking for.
2026-06-21 13:28:39 [INFO   ] PROGRESS |   Please reply to this email or call me if you would like to explore it.
2026-06-21 13:28:39 [INFO   ] PROGRESS |   Warm Regards,
2026-06-21 13:28:39 [INFO   ] PROGRESS |   Sandeep Jain
2026-06-21 13:28:39 [INFO   ] PROGRESS |   Founder, PlacementHub
2026-06-21 13:28:39 [INFO   ] PROGRESS |   +91-9860090620
2026-06-21 13:28:39 [INFO   ] PROGRESS |   sandeepjain200019@gmail.com
2026-06-21 13:28:39 [INFO   ] PROGRESS |   Detailed Profile
2026-06-21 13:28:39 [INFO   ] PROGRESS |   Detailed Note on Funding Requirement
2026-06-21 13:28:39 [INFO   ] --------------------------------------------------------------
2026-06-21 13:28:39 [INFO   ] 
2026-06-21 13:28:39 [INFO   ] 
2026-06-21 13:28:39 [INFO   ] PROGRESS | Email preview — To: nrmalani64@gmail.com | Subject: PlacementHub pre-seed intro with MALANI SOMANI CHANDAK & ASSOCIATES
2026-06-21 13:28:40 [INFO   ] SENT (Brevo) -> nrmalani64@gmail.com (MALANI SOMANI CHANDAK & ASSOCIATES) | PlacementHub pre-seed intro with MALANI SOMANI CHANDAK & ASSOCIATES | messageId=<202606210758.83018618079@smtp-relay.mailin.fr> (API accepted; run audit-brevo to confirm delivery)
2026-06-21 13:28:40 [INFO   ] Sleeping for 10 seconds
2026-06-21 13:28:50 [INFO   ] PROGRESS | Send 47/50 | SENT | nrmalani64@gmail.com | MALANI SOMANI CHANDAK & ASSOCIATES [Chartered Accountants & Company Secretaries] | ok=46 fail=1 skip=0
2026-06-21 13:28:50 [INFO   ] PROGRESS | Send 48/50 | SENDING | akchindhade@gmail.com | A K CHINDHADE & CO [Chartered Accountants & Company Secretaries] | ok=46 fail=1 skip=0
2026-06-21 13:28:51 [INFO   ] --------------------------------------------------------------
2026-06-21 13:28:51 [INFO   ] PROGRESS | Email content — To: akchindhade@gmail.com
2026-06-21 13:28:51 [INFO   ] PROGRESS | Subject: PlacementHub pre-seed intro with A K CHINDHADE & CO
2026-06-21 13:28:51 [INFO   ] PROGRESS | Body:
2026-06-21 13:28:51 [INFO   ] PROGRESS |   Dear Sir/Madam,
2026-06-21 13:28:51 [INFO   ] PROGRESS |   I am reaching out to introduce PlacementHub and explore whether any of your investor, entrepreneur, or
2026-06-21 13:28:51 [INFO   ] PROGRESS |   HNI clients may be open to reviewing a strategic seed opportunity.
2026-06-21 13:28:51 [INFO   ] PROGRESS |   My name is Sandeep Jain. PlacementHub is currently in its pre-seed fundraising stage, and I am
2026-06-21 13:28:51 [INFO   ] PROGRESS |   soliciting strategic seed investment for the same. PlacementHub is a campus placement and employability
2026-06-21 13:28:51 [INFO   ] PROGRESS |   platform connecting students, colleges, and recruiters. The product is built and in early
2026-06-21 13:28:51 [INFO   ] PROGRESS |   commercialization.
2026-06-21 13:28:51 [INFO   ] PROGRESS |   For reference, the detailed business plan, including the business model and go-to-market strategies, is
2026-06-21 13:28:51 [INFO   ] PROGRESS |   available here:
2026-06-21 13:28:51 [INFO   ] PROGRESS |   PlacementHub Business Plan
2026-06-21 13:28:51 [INFO   ] PROGRESS |   For a Chartered Accountant firm, the relevance is mainly professional and strategic:
2026-06-21 13:28:51 [INFO   ] PROGRESS |   PlacementHub may require support across accounting, taxation, compliance, payroll, investor documentation, audit, and related professional services.
2026-06-21 13:28:51 [INFO   ] PROGRESS |   I would naturally be pleased to consider and prioritize firms that support PlacementHub during its early growth phase, subject to suitability and mutual agreement.
2026-06-21 13:28:51 [INFO   ] PROGRESS |   The relationship can begin with a simple review of the investment note and, where appropriate, introductions to suitable investor clients.
2026-06-21 13:28:51 [INFO   ] PROGRESS |   If the opportunity is worth a look, I would be happy to send the note and speak briefly about the round,
2026-06-21 13:28:51 [INFO   ] PROGRESS |   the platform, and the type of strategic investors we are looking for.
2026-06-21 13:28:51 [INFO   ] PROGRESS |   Please reply to this email or call me if you would like to explore it.
2026-06-21 13:28:51 [INFO   ] PROGRESS |   Warm Regards,
2026-06-21 13:28:51 [INFO   ] PROGRESS |   Sandeep Jain
2026-06-21 13:28:51 [INFO   ] PROGRESS |   Founder, PlacementHub
2026-06-21 13:28:51 [INFO   ] PROGRESS |   +91-9860090620
2026-06-21 13:28:51 [INFO   ] PROGRESS |   sandeepjain200019@gmail.com
2026-06-21 13:28:51 [INFO   ] PROGRESS |   Detailed Profile
2026-06-21 13:28:51 [INFO   ] PROGRESS |   Detailed Note on Funding Requirement
2026-06-21 13:28:51 [INFO   ] --------------------------------------------------------------
2026-06-21 13:28:51 [INFO   ] 
2026-06-21 13:28:51 [INFO   ] 
2026-06-21 13:28:51 [INFO   ] PROGRESS | Email preview — To: akchindhade@gmail.com | Subject: PlacementHub pre-seed intro with A K CHINDHADE & CO
2026-06-21 13:28:52 [INFO   ] SENT (Brevo) -> akchindhade@gmail.com (A K CHINDHADE & CO) | PlacementHub pre-seed intro with A K CHINDHADE & CO | messageId=<202606210758.74860386180@smtp-relay.mailin.fr> (API accepted; run audit-brevo to confirm delivery)
2026-06-21 13:28:52 [INFO   ] Sleeping for 10 seconds
2026-06-21 13:29:02 [INFO   ] PROGRESS | Send 48/50 | SENT | akchindhade@gmail.com | A K CHINDHADE & CO [Chartered Accountants & Company Secretaries] | ok=47 fail=1 skip=0
2026-06-21 13:29:02 [INFO   ] PROGRESS | Send 49/50 | SENDING | kishoremehta@ksmca.co.in | KISHORE S MEHTA & ASSOCIATES [Chartered Accountants & Company Secretaries] | ok=47 fail=1 skip=0
2026-06-21 13:29:32 [WARNING] NVIDIA call failed (attempt 1/5): The read operation timed out — rotating key.
2026-06-21 13:29:34 [INFO   ] --------------------------------------------------------------
2026-06-21 13:29:34 [INFO   ] PROGRESS | Email content — To: kishoremehta@ksmca.co.in
2026-06-21 13:29:34 [INFO   ] PROGRESS | Subject: PlacementHub pre-seed intro with KISHORE S MEHTA & ASSOCIATES
2026-06-21 13:29:34 [INFO   ] PROGRESS | Body:
2026-06-21 13:29:34 [INFO   ] PROGRESS |   Dear Sir/Madam,
2026-06-21 13:29:34 [INFO   ] PROGRESS |   I am reaching out to introduce PlacementHub and explore whether any of your investor, entrepreneur, or
2026-06-21 13:29:34 [INFO   ] PROGRESS |   HNI clients may be open to reviewing a strategic seed opportunity.
2026-06-21 13:29:34 [INFO   ] PROGRESS |   My name is Sandeep Jain. PlacementHub is currently in its pre-seed fundraising stage, and I am
2026-06-21 13:29:34 [INFO   ] PROGRESS |   soliciting strategic seed investment for the same. PlacementHub is a campus placement and employability
2026-06-21 13:29:34 [INFO   ] PROGRESS |   platform connecting students, colleges, and recruiters. The product is built and in early
2026-06-21 13:29:34 [INFO   ] PROGRESS |   commercialization.
2026-06-21 13:29:34 [INFO   ] PROGRESS |   For reference, the detailed business plan, including the business model and go-to-market strategies, is
2026-06-21 13:29:34 [INFO   ] PROGRESS |   available here:
2026-06-21 13:29:34 [INFO   ] PROGRESS |   PlacementHub Business Plan
2026-06-21 13:29:34 [INFO   ] PROGRESS |   For a Chartered Accountant firm, the relevance is mainly professional and strategic:
2026-06-21 13:29:34 [INFO   ] PROGRESS |   PlacementHub may require support across accounting, taxation, compliance, payroll, investor documentation, audit, and related professional services.
2026-06-21 13:29:34 [INFO   ] PROGRESS |   I would naturally be pleased to consider and prioritize firms that support PlacementHub during its early growth phase, subject to suitability and mutual agreement.
2026-06-21 13:29:34 [INFO   ] PROGRESS |   The relationship can begin with a simple review of the investment note and, where appropriate, introductions to suitable investor clients.
2026-06-21 13:29:34 [INFO   ] PROGRESS |   If the opportunity is worth a look, I would be happy to send the note and speak briefly about the round,
2026-06-21 13:29:34 [INFO   ] PROGRESS |   the platform, and the type of strategic investors we are looking for.
2026-06-21 13:29:34 [INFO   ] PROGRESS |   Please reply to this email or call me if you would like to explore it.
2026-06-21 13:29:34 [INFO   ] PROGRESS |   Warm Regards,
2026-06-21 13:29:34 [INFO   ] PROGRESS |   Sandeep Jain
2026-06-21 13:29:34 [INFO   ] PROGRESS |   Founder, PlacementHub
2026-06-21 13:29:34 [INFO   ] PROGRESS |   +91-9860090620
2026-06-21 13:29:34 [INFO   ] PROGRESS |   sandeepjain200019@gmail.com
2026-06-21 13:29:34 [INFO   ] PROGRESS |   Detailed Profile
2026-06-21 13:29:34 [INFO   ] PROGRESS |   Detailed Note on Funding Requirement
2026-06-21 13:29:34 [INFO   ] --------------------------------------------------------------
2026-06-21 13:29:34 [INFO   ] 
2026-06-21 13:29:34 [INFO   ] 
2026-06-21 13:29:34 [INFO   ] PROGRESS | Email preview — To: kishoremehta@ksmca.co.in | Subject: PlacementHub pre-seed intro with KISHORE S MEHTA & ASSOCIATES
2026-06-21 13:29:35 [INFO   ] SENT (Brevo) -> kishoremehta@ksmca.co.in (KISHORE S MEHTA & ASSOCIATES) | PlacementHub pre-seed intro with KISHORE S MEHTA & ASSOCIATES | messageId=<202606210759.47324608897@smtp-relay.mailin.fr> (API accepted; run audit-brevo to confirm delivery)
2026-06-21 13:29:35 [INFO   ] Sleeping for 10 seconds
2026-06-21 13:29:45 [INFO   ] PROGRESS | Send 49/50 | SENT | kishoremehta@ksmca.co.in | KISHORE S MEHTA & ASSOCIATES [Chartered Accountants & Company Secretaries] | ok=48 fail=1 skip=0
2026-06-21 13:29:45 [INFO   ] PROGRESS | Send 50/50 | SENDING | shaikhhayedar@gmail.com | HAYEDAR SHAIKH & ASSOCIATES [Chartered Accountants & Company Secretaries] | ok=48 fail=1 skip=0
2026-06-21 13:30:00 [INFO   ] --------------------------------------------------------------
2026-06-21 13:30:00 [INFO   ] PROGRESS | Email content — To: shaikhhayedar@gmail.com
2026-06-21 13:30:00 [INFO   ] PROGRESS | Subject: PlacementHub pre-seed intro with HAYEDAR SHAIKH & ASSOCIATES
2026-06-21 13:30:00 [INFO   ] PROGRESS | Body:
2026-06-21 13:30:00 [INFO   ] PROGRESS |   Dear Sir/Madam,
2026-06-21 13:30:00 [INFO   ] PROGRESS |   I am reaching out to introduce PlacementHub and explore whether any of your investor, entrepreneur, or
2026-06-21 13:30:00 [INFO   ] PROGRESS |   HNI clients may be open to reviewing a strategic seed opportunity.
2026-06-21 13:30:00 [INFO   ] PROGRESS |   My name is Sandeep Jain. PlacementHub is currently in its pre-seed fundraising stage, and I am
2026-06-21 13:30:00 [INFO   ] PROGRESS |   soliciting strategic seed investment for the same. PlacementHub is a campus placement and employability
2026-06-21 13:30:00 [INFO   ] PROGRESS |   platform connecting students, colleges, and recruiters. The product is built and in early
2026-06-21 13:30:00 [INFO   ] PROGRESS |   commercialization.
2026-06-21 13:30:00 [INFO   ] PROGRESS |   For reference, the detailed business plan, including the business model and go-to-market strategies, is
2026-06-21 13:30:00 [INFO   ] PROGRESS |   available here:
2026-06-21 13:30:00 [INFO   ] PROGRESS |   PlacementHub Business Plan
2026-06-21 13:30:00 [INFO   ] PROGRESS |   For a Chartered Accountant firm, the relevance is mainly professional and strategic:
2026-06-21 13:30:00 [INFO   ] PROGRESS |   PlacementHub may require support across accounting, taxation, compliance, payroll, investor documentation, audit, and related professional services.
2026-06-21 13:30:00 [INFO   ] PROGRESS |   I would naturally be pleased to consider and prioritize firms that support PlacementHub during its early growth phase, subject to suitability and mutual agreement.
2026-06-21 13:30:00 [INFO   ] PROGRESS |   The relationship can begin with a simple review of the investment note and, where appropriate, introductions to suitable investor clients.
2026-06-21 13:30:00 [INFO   ] PROGRESS |   If the opportunity is worth a look, I would be happy to send the note and speak briefly about the round,
2026-06-21 13:30:00 [INFO   ] PROGRESS |   the platform, and the type of strategic investors we are looking for.
2026-06-21 13:30:00 [INFO   ] PROGRESS |   Please reply to this email or call me if you would like to explore it.
2026-06-21 13:30:00 [INFO   ] PROGRESS |   Warm Regards,
2026-06-21 13:30:00 [INFO   ] PROGRESS |   Sandeep Jain
2026-06-21 13:30:00 [INFO   ] PROGRESS |   Founder, PlacementHub
2026-06-21 13:30:00 [INFO   ] PROGRESS |   +91-9860090620
2026-06-21 13:30:00 [INFO   ] PROGRESS |   sandeepjain200019@gmail.com
2026-06-21 13:30:00 [INFO   ] PROGRESS |   Detailed Profile
2026-06-21 13:30:00 [INFO   ] PROGRESS |   Detailed Note on Funding Requirement
2026-06-21 13:30:00 [INFO   ] --------------------------------------------------------------
2026-06-21 13:30:00 [INFO   ] 
2026-06-21 13:30:00 [INFO   ] 
2026-06-21 13:30:00 [INFO   ] PROGRESS | Email preview — To: shaikhhayedar@gmail.com | Subject: PlacementHub pre-seed intro with HAYEDAR SHAIKH & ASSOCIATES
2026-06-21 13:30:01 [INFO   ] SENT (Brevo) -> shaikhhayedar@gmail.com (HAYEDAR SHAIKH & ASSOCIATES) | PlacementHub pre-seed intro with HAYEDAR SHAIKH & ASSOCIATES | messageId=<202606210800.97763167273@smtp-relay.mailin.fr> (API accepted; run audit-brevo to confirm delivery)
2026-06-21 13:30:01 [INFO   ] Sleeping for 10 seconds
2026-06-21 13:30:11 [INFO   ] PROGRESS | Send 50/50 | SENT | shaikhhayedar@gmail.com | HAYEDAR SHAIKH & ASSOCIATES [Chartered Accountants & Company Secretaries] | ok=49 fail=1 skip=0
2026-06-21 13:30:17 [INFO   ] CA send complete: {'sent': 49, 'failed': 1, 'skipped': 0, 'queue_size': 50, 'ca_only': True, 'ca_bulk_unsent': 670, 'sent_ca_connect': 49, 'sent_by_industry': {'ca_cs_firms': 49}, 'send_limit': 50}
2026-06-21 13:30:17 [INFO   ] PROGRESS | Done — CA send — 49 sent, 1 failed, 621 unsent in ca_bulk.db
