2026-06-22 12:42:30 [INFO   ] Log file: C:\Users\sandeep\Downloads\Claudes\investment\logs\immigration_2026-06-22_12-42-30.log
2026-06-22 12:42:30 [INFO   ] 
2026-06-22 12:42:30 [INFO   ] ==============================================================
2026-06-22 12:42:30 [INFO   ] PROGRESS | Send — CA emails only (up to 50 from ca_bulk.db)
2026-06-22 12:42:30 [INFO   ] ==============================================================
2026-06-22 12:42:32 [INFO   ] Send transport: Brevo API (config: C:\Users\sandeep\Downloads\Claudes\investment\config\mail_config.json, template: C:\Users\sandeep\Downloads\Claudes\investment\templates\bodies\partnership.html, sender: sandeepjain200019@gmail.com)
2026-06-22 12:42:32 [INFO   ] CA-only send from ca_bulk.db — 572 unsent, up to 50 this run (caconnect.icai.org).
2026-06-22 12:42:38 [INFO   ] PROGRESS | Send plan — 50 recipient(s) in queue
2026-06-22 12:42:38 [INFO   ] PROGRESS | Send 1/50 | SENDING | constitution date | BATTULL AND ASSOCIATES LLP [Chartered Accountants & Company Secretaries] | ok=0 fail=0 skip=0
2026-06-22 12:42:38 [INFO   ] Loaded 41 NVIDIA API key(s) for rotation.
2026-06-22 12:42:40 [INFO   ] --------------------------------------------------------------
2026-06-22 12:42:40 [INFO   ] PROGRESS | Email content — To: constitution date
2026-06-22 12:42:40 [INFO   ] PROGRESS | Subject: PlacementHub pre-seed intro with BATTULL AND ASSOCIATES LLP
2026-06-22 12:42:40 [INFO   ] PROGRESS | Body:
2026-06-22 12:42:40 [INFO   ] PROGRESS |   Dear Sir/Madam,
2026-06-22 12:42:40 [INFO   ] PROGRESS |   I am reaching out to introduce PlacementHub and explore whether any of your investor, entrepreneur, or
2026-06-22 12:42:40 [INFO   ] PROGRESS |   HNI clients may be open to reviewing a strategic seed opportunity.
2026-06-22 12:42:40 [INFO   ] PROGRESS |   My name is Sandeep Jain. PlacementHub is currently in its pre-seed fundraising stage, and I am
2026-06-22 12:42:40 [INFO   ] PROGRESS |   soliciting strategic seed investment for the same. PlacementHub is a campus placement and employability
2026-06-22 12:42:40 [INFO   ] PROGRESS |   platform connecting students, colleges, and recruiters. The product is built and in early
2026-06-22 12:42:40 [INFO   ] PROGRESS |   commercialization.
2026-06-22 12:42:40 [INFO   ] PROGRESS |   For reference, the detailed business plan, including the business model and go-to-market strategies, is
2026-06-22 12:42:40 [INFO   ] PROGRESS |   available here:
2026-06-22 12:42:40 [INFO   ] PROGRESS |   PlacementHub Business Plan
2026-06-22 12:42:40 [INFO   ] PROGRESS |   For a Chartered Accountant firm, the relevance is mainly professional and strategic:
2026-06-22 12:42:40 [INFO   ] PROGRESS |   PlacementHub may require support across accounting, taxation, compliance, payroll, investor documentation, audit, and related professional services.
2026-06-22 12:42:40 [INFO   ] PROGRESS |   I would naturally be pleased to consider and prioritize firms that support PlacementHub during its early growth phase, subject to suitability and mutual agreement.
2026-06-22 12:42:40 [INFO   ] PROGRESS |   The relationship can begin with a simple review of the investment note and, where appropriate, introductions to suitable investor clients.
2026-06-22 12:42:40 [INFO   ] PROGRESS |   If the opportunity is worth a look, I would be happy to send the note and speak briefly about the round,
2026-06-22 12:42:40 [INFO   ] PROGRESS |   the platform, and the type of strategic investors we are looking for.
2026-06-22 12:42:40 [INFO   ] PROGRESS |   Please reply to this email or call me if you would like to explore it.
2026-06-22 12:42:40 [INFO   ] PROGRESS |   Warm Regards,
2026-06-22 12:42:40 [INFO   ] PROGRESS |   Sandeep Jain
2026-06-22 12:42:40 [INFO   ] PROGRESS |   Founder, PlacementHub
2026-06-22 12:42:40 [INFO   ] PROGRESS |   +91-9860090620
2026-06-22 12:42:40 [INFO   ] PROGRESS |   sandeepjain200019@gmail.com
2026-06-22 12:42:40 [INFO   ] PROGRESS |   Detailed Profile
2026-06-22 12:42:40 [INFO   ] PROGRESS |   Detailed Note on Funding Requirement
2026-06-22 12:42:40 [INFO   ] --------------------------------------------------------------
2026-06-22 12:42:40 [INFO   ] 
2026-06-22 12:42:40 [INFO   ] 
2026-06-22 12:42:40 [INFO   ] PROGRESS | Email preview — To: constitution date | Subject: PlacementHub pre-seed intro with BATTULL AND ASSOCIATES LLP
2026-06-22 12:42:42 [ERROR  ] Brevo send failed for constitution date: Brevo API send failed for constitution date: (400)
Reason: Bad Request
HTTP response headers: HTTPHeaderDict({'Date': 'Mon, 22 Jun 2026 07:12:40 GMT', 'Content-Type': 'application/json', 'Content-Length': '66', 'Connection': 'keep-alive', 'CF-RAY': 'a0f9722e2f663d17-CDG', 'x-envoy-upstream-service-time': '72', 'access-control-allow-credentials': 'true', 'sib-request-id': '083c4f45-f68e-9789-892f-b94bcf4a9ab0', 'access-control-allow-origin': '*', 'access-control-allow-headers': '*', 'access-control-allow-methods': 'PUT, POST, GET, DELETE, PATCH, OPTIONS', 'x-sib-ratelimit-limit': '1000', 'x-sib-ratelimit-remaining': '999', 'x-sib-ratelimit-reset': '1', 'cf-cache-status': 'DYNAMIC', 'Set-Cookie': '_cfuvid=rwqzNDzw2LpMJPsRTvhiuVqL10nHbd4VABuaZypnMt4-1782112360761-0.0.1.1-604800000; path=/; domain=.sendinblue.com; HttpOnly; Secure; SameSite=None', 'Server': 'cloudflare'})
HTTP response body: {"code":"invalid_parameter","message":"email is not valid in to"}


2026-06-22 12:42:42 [INFO   ] PROGRESS | Send 1/50 | FAILED | constitution date | BATTULL AND ASSOCIATES LLP [Chartered Accountants & Company Secretaries] | ok=0 fail=1 skip=0
2026-06-22 12:42:42 [INFO   ] PROGRESS | Send 2/50 | SENDING | jadhavaashish1991@gmail.com | AASHISH ANIL JADHAV & ASSOCIATES [Chartered Accountants & Company Secretaries] | ok=0 fail=1 skip=0
2026-06-22 12:42:43 [INFO   ] --------------------------------------------------------------
2026-06-22 12:42:43 [INFO   ] PROGRESS | Email content — To: jadhavaashish1991@gmail.com
2026-06-22 12:42:43 [INFO   ] PROGRESS | Subject: PlacementHub pre-seed intro with AASHISH ANIL JADHAV & ASSOCIATES
2026-06-22 12:42:43 [INFO   ] PROGRESS | Body:
2026-06-22 12:42:43 [INFO   ] PROGRESS |   Dear Sir/Madam,
2026-06-22 12:42:43 [INFO   ] PROGRESS |   I am reaching out to introduce PlacementHub and explore whether any of your investor, entrepreneur, or
2026-06-22 12:42:43 [INFO   ] PROGRESS |   HNI clients may be open to reviewing a strategic seed opportunity.
2026-06-22 12:42:43 [INFO   ] PROGRESS |   My name is Sandeep Jain. PlacementHub is currently in its pre-seed fundraising stage, and I am
2026-06-22 12:42:43 [INFO   ] PROGRESS |   soliciting strategic seed investment for the same. PlacementHub is a campus placement and employability
2026-06-22 12:42:43 [INFO   ] PROGRESS |   platform connecting students, colleges, and recruiters. The product is built and in early
2026-06-22 12:42:43 [INFO   ] PROGRESS |   commercialization.
2026-06-22 12:42:43 [INFO   ] PROGRESS |   For reference, the detailed business plan, including the business model and go-to-market strategies, is
2026-06-22 12:42:43 [INFO   ] PROGRESS |   available here:
2026-06-22 12:42:43 [INFO   ] PROGRESS |   PlacementHub Business Plan
2026-06-22 12:42:43 [INFO   ] PROGRESS |   For a Chartered Accountant firm, the relevance is mainly professional and strategic:
2026-06-22 12:42:43 [INFO   ] PROGRESS |   PlacementHub may require support across accounting, taxation, compliance, payroll, investor documentation, audit, and related professional services.
2026-06-22 12:42:43 [INFO   ] PROGRESS |   I would naturally be pleased to consider and prioritize firms that support PlacementHub during its early growth phase, subject to suitability and mutual agreement.
2026-06-22 12:42:43 [INFO   ] PROGRESS |   The relationship can begin with a simple review of the investment note and, where appropriate, introductions to suitable investor clients.
2026-06-22 12:42:43 [INFO   ] PROGRESS |   If the opportunity is worth a look, I would be happy to send the note and speak briefly about the round,
2026-06-22 12:42:43 [INFO   ] PROGRESS |   the platform, and the type of strategic investors we are looking for.
2026-06-22 12:42:43 [INFO   ] PROGRESS |   Please reply to this email or call me if you would like to explore it.
2026-06-22 12:42:43 [INFO   ] PROGRESS |   Warm Regards,
2026-06-22 12:42:43 [INFO   ] PROGRESS |   Sandeep Jain
2026-06-22 12:42:43 [INFO   ] PROGRESS |   Founder, PlacementHub
2026-06-22 12:42:43 [INFO   ] PROGRESS |   +91-9860090620
2026-06-22 12:42:43 [INFO   ] PROGRESS |   sandeepjain200019@gmail.com
2026-06-22 12:42:43 [INFO   ] PROGRESS |   Detailed Profile
2026-06-22 12:42:43 [INFO   ] PROGRESS |   Detailed Note on Funding Requirement
2026-06-22 12:42:43 [INFO   ] --------------------------------------------------------------
2026-06-22 12:42:43 [INFO   ] 
2026-06-22 12:42:43 [INFO   ] 
2026-06-22 12:42:43 [INFO   ] PROGRESS | Email preview — To: jadhavaashish1991@gmail.com | Subject: PlacementHub pre-seed intro with AASHISH ANIL JADHAV & ASSOCIATES
2026-06-22 12:42:44 [INFO   ] SENT (Brevo) -> jadhavaashish1991@gmail.com (AASHISH ANIL JADHAV & ASSOCIATES) | PlacementHub pre-seed intro with AASHISH ANIL JADHAV & ASSOCIATES | messageId=<202606220712.53926220091@smtp-relay.mailin.fr> (API accepted; run audit-brevo to confirm delivery)
2026-06-22 12:42:44 [INFO   ] Sleeping for 10 seconds
2026-06-22 12:42:54 [INFO   ] PROGRESS | Send 2/50 | SENT | jadhavaashish1991@gmail.com | AASHISH ANIL JADHAV & ASSOCIATES [Chartered Accountants & Company Secretaries] | ok=1 fail=1 skip=0
2026-06-22 12:42:54 [INFO   ] PROGRESS | Send 3/50 | SENDING | caprasadrajpure@gmail.com | S K Y P & CO LLP [Chartered Accountants & Company Secretaries] | ok=1 fail=1 skip=0
2026-06-22 12:43:12 [INFO   ] --------------------------------------------------------------
2026-06-22 12:43:12 [INFO   ] PROGRESS | Email content — To: caprasadrajpure@gmail.com
2026-06-22 12:43:12 [INFO   ] PROGRESS | Subject: PlacementHub pre-seed intro with S K Y P & CO LLP
2026-06-22 12:43:12 [INFO   ] PROGRESS | Body:
2026-06-22 12:43:12 [INFO   ] PROGRESS |   Dear Sir/Madam,
2026-06-22 12:43:12 [INFO   ] PROGRESS |   I am reaching out to introduce PlacementHub and explore whether any of your investor, entrepreneur, or
2026-06-22 12:43:12 [INFO   ] PROGRESS |   HNI clients may be open to reviewing a strategic seed opportunity.
2026-06-22 12:43:12 [INFO   ] PROGRESS |   My name is Sandeep Jain. PlacementHub is currently in its pre-seed fundraising stage, and I am
2026-06-22 12:43:12 [INFO   ] PROGRESS |   soliciting strategic seed investment for the same. PlacementHub is a campus placement and employability
2026-06-22 12:43:12 [INFO   ] PROGRESS |   platform connecting students, colleges, and recruiters. The product is built and in early
2026-06-22 12:43:12 [INFO   ] PROGRESS |   commercialization.
2026-06-22 12:43:12 [INFO   ] PROGRESS |   For reference, the detailed business plan, including the business model and go-to-market strategies, is
2026-06-22 12:43:12 [INFO   ] PROGRESS |   available here:
2026-06-22 12:43:12 [INFO   ] PROGRESS |   PlacementHub Business Plan
2026-06-22 12:43:12 [INFO   ] PROGRESS |   For a Chartered Accountant firm, the relevance is mainly professional and strategic:
2026-06-22 12:43:12 [INFO   ] PROGRESS |   PlacementHub may require support across accounting, taxation, compliance, payroll, investor documentation, audit, and related professional services.
2026-06-22 12:43:12 [INFO   ] PROGRESS |   I would naturally be pleased to consider and prioritize firms that support PlacementHub during its early growth phase, subject to suitability and mutual agreement.
2026-06-22 12:43:12 [INFO   ] PROGRESS |   The relationship can begin with a simple review of the investment note and, where appropriate, introductions to suitable investor clients.
2026-06-22 12:43:12 [INFO   ] PROGRESS |   If the opportunity is worth a look, I would be happy to send the note and speak briefly about the round,
2026-06-22 12:43:12 [INFO   ] PROGRESS |   the platform, and the type of strategic investors we are looking for.
2026-06-22 12:43:12 [INFO   ] PROGRESS |   Please reply to this email or call me if you would like to explore it.
2026-06-22 12:43:12 [INFO   ] PROGRESS |   Warm Regards,
2026-06-22 12:43:12 [INFO   ] PROGRESS |   Sandeep Jain
2026-06-22 12:43:12 [INFO   ] PROGRESS |   Founder, PlacementHub
2026-06-22 12:43:12 [INFO   ] PROGRESS |   +91-9860090620
2026-06-22 12:43:12 [INFO   ] PROGRESS |   sandeepjain200019@gmail.com
2026-06-22 12:43:12 [INFO   ] PROGRESS |   Detailed Profile
2026-06-22 12:43:12 [INFO   ] PROGRESS |   Detailed Note on Funding Requirement
2026-06-22 12:43:12 [INFO   ] --------------------------------------------------------------
2026-06-22 12:43:12 [INFO   ] 
2026-06-22 12:43:12 [INFO   ] 
2026-06-22 12:43:12 [INFO   ] PROGRESS | Email preview — To: caprasadrajpure@gmail.com | Subject: PlacementHub pre-seed intro with S K Y P & CO LLP
2026-06-22 12:43:13 [INFO   ] SENT (Brevo) -> caprasadrajpure@gmail.com (S K Y P & CO LLP) | PlacementHub pre-seed intro with S K Y P & CO LLP | messageId=<202606220713.75079137678@smtp-relay.mailin.fr> (API accepted; run audit-brevo to confirm delivery)
2026-06-22 12:43:13 [INFO   ] Sleeping for 10 seconds
2026-06-22 12:43:23 [INFO   ] PROGRESS | Send 3/50 | SENT | caprasadrajpure@gmail.com | S K Y P & CO LLP [Chartered Accountants & Company Secretaries] | ok=2 fail=1 skip=0
2026-06-22 12:43:23 [INFO   ] PROGRESS | Send 4/50 | SENDING | vivek@kharedeshmukh.com | KHARE DESHMUKH & CO [Chartered Accountants & Company Secretaries] | ok=2 fail=1 skip=0
2026-06-22 12:43:26 [INFO   ] --------------------------------------------------------------
2026-06-22 12:43:26 [INFO   ] PROGRESS | Email content — To: vivek@kharedeshmukh.com
2026-06-22 12:43:26 [INFO   ] PROGRESS | Subject: PlacementHub pre-seed intro with KHARE DESHMUKH & CO
2026-06-22 12:43:26 [INFO   ] PROGRESS | Body:
2026-06-22 12:43:26 [INFO   ] PROGRESS |   Dear Sir/Madam,
2026-06-22 12:43:26 [INFO   ] PROGRESS |   I am reaching out to introduce PlacementHub and explore whether any of your investor, entrepreneur, or
2026-06-22 12:43:26 [INFO   ] PROGRESS |   HNI clients may be open to reviewing a strategic seed opportunity.
2026-06-22 12:43:26 [INFO   ] PROGRESS |   My name is Sandeep Jain. PlacementHub is currently in its pre-seed fundraising stage, and I am
2026-06-22 12:43:26 [INFO   ] PROGRESS |   soliciting strategic seed investment for the same. PlacementHub is a campus placement and employability
2026-06-22 12:43:26 [INFO   ] PROGRESS |   platform connecting students, colleges, and recruiters. The product is built and in early
2026-06-22 12:43:26 [INFO   ] PROGRESS |   commercialization.
2026-06-22 12:43:26 [INFO   ] PROGRESS |   For reference, the detailed business plan, including the business model and go-to-market strategies, is
2026-06-22 12:43:26 [INFO   ] PROGRESS |   available here:
2026-06-22 12:43:26 [INFO   ] PROGRESS |   PlacementHub Business Plan
2026-06-22 12:43:26 [INFO   ] PROGRESS |   For a Chartered Accountant firm, the relevance is mainly professional and strategic:
2026-06-22 12:43:26 [INFO   ] PROGRESS |   PlacementHub may require support across accounting, taxation, compliance, payroll, investor documentation, audit, and related professional services.
2026-06-22 12:43:26 [INFO   ] PROGRESS |   I would naturally be pleased to consider and prioritize firms that support PlacementHub during its early growth phase, subject to suitability and mutual agreement.
2026-06-22 12:43:26 [INFO   ] PROGRESS |   The relationship can begin with a simple review of the investment note and, where appropriate, introductions to suitable investor clients.
2026-06-22 12:43:26 [INFO   ] PROGRESS |   If the opportunity is worth a look, I would be happy to send the note and speak briefly about the round,
2026-06-22 12:43:26 [INFO   ] PROGRESS |   the platform, and the type of strategic investors we are looking for.
2026-06-22 12:43:26 [INFO   ] PROGRESS |   Please reply to this email or call me if you would like to explore it.
2026-06-22 12:43:26 [INFO   ] PROGRESS |   Warm Regards,
2026-06-22 12:43:26 [INFO   ] PROGRESS |   Sandeep Jain
2026-06-22 12:43:26 [INFO   ] PROGRESS |   Founder, PlacementHub
2026-06-22 12:43:26 [INFO   ] PROGRESS |   +91-9860090620
2026-06-22 12:43:26 [INFO   ] PROGRESS |   sandeepjain200019@gmail.com
2026-06-22 12:43:26 [INFO   ] PROGRESS |   Detailed Profile
2026-06-22 12:43:26 [INFO   ] PROGRESS |   Detailed Note on Funding Requirement
2026-06-22 12:43:26 [INFO   ] --------------------------------------------------------------
2026-06-22 12:43:26 [INFO   ] 
2026-06-22 12:43:26 [INFO   ] 
2026-06-22 12:43:26 [INFO   ] PROGRESS | Email preview — To: vivek@kharedeshmukh.com | Subject: PlacementHub pre-seed intro with KHARE DESHMUKH & CO
2026-06-22 12:43:28 [INFO   ] SENT (Brevo) -> vivek@kharedeshmukh.com (KHARE DESHMUKH & CO) | PlacementHub pre-seed intro with KHARE DESHMUKH & CO | messageId=<202606220713.11649772918@smtp-relay.mailin.fr> (API accepted; run audit-brevo to confirm delivery)
2026-06-22 12:43:28 [INFO   ] Sleeping for 10 seconds
2026-06-22 12:43:38 [INFO   ] PROGRESS | Send 4/50 | SENT | vivek@kharedeshmukh.com | KHARE DESHMUKH & CO [Chartered Accountants & Company Secretaries] | ok=3 fail=1 skip=0
2026-06-22 12:43:38 [INFO   ] PROGRESS | Send 5/50 | SENDING | shyamjoshica@gmail.com | SHYAM JOSHI & ASSOCIATES [Chartered Accountants & Company Secretaries] | ok=3 fail=1 skip=0
2026-06-22 12:44:00 [INFO   ] --------------------------------------------------------------
2026-06-22 12:44:00 [INFO   ] PROGRESS | Email content — To: shyamjoshica@gmail.com
2026-06-22 12:44:00 [INFO   ] PROGRESS | Subject: PlacementHub pre-seed intro with SHYAM JOSHI & ASSOCIATES
2026-06-22 12:44:00 [INFO   ] PROGRESS | Body:
2026-06-22 12:44:00 [INFO   ] PROGRESS |   Dear Sir/Madam,
2026-06-22 12:44:00 [INFO   ] PROGRESS |   I am reaching out to introduce PlacementHub and explore whether any of your investor, entrepreneur, or
2026-06-22 12:44:00 [INFO   ] PROGRESS |   HNI clients may be open to reviewing a strategic seed opportunity.
2026-06-22 12:44:00 [INFO   ] PROGRESS |   My name is Sandeep Jain. PlacementHub is currently in its pre-seed fundraising stage, and I am
2026-06-22 12:44:00 [INFO   ] PROGRESS |   soliciting strategic seed investment for the same. PlacementHub is a campus placement and employability
2026-06-22 12:44:00 [INFO   ] PROGRESS |   platform connecting students, colleges, and recruiters. The product is built and in early
2026-06-22 12:44:00 [INFO   ] PROGRESS |   commercialization.
2026-06-22 12:44:00 [INFO   ] PROGRESS |   For reference, the detailed business plan, including the business model and go-to-market strategies, is
2026-06-22 12:44:00 [INFO   ] PROGRESS |   available here:
2026-06-22 12:44:00 [INFO   ] PROGRESS |   PlacementHub Business Plan
2026-06-22 12:44:00 [INFO   ] PROGRESS |   For a Chartered Accountant firm, the relevance is mainly professional and strategic:
2026-06-22 12:44:00 [INFO   ] PROGRESS |   PlacementHub may require support across accounting, taxation, compliance, payroll, investor documentation, audit, and related professional services.
2026-06-22 12:44:00 [INFO   ] PROGRESS |   I would naturally be pleased to consider and prioritize firms that support PlacementHub during its early growth phase, subject to suitability and mutual agreement.
2026-06-22 12:44:00 [INFO   ] PROGRESS |   The relationship can begin with a simple review of the investment note and, where appropriate, introductions to suitable investor clients.
2026-06-22 12:44:00 [INFO   ] PROGRESS |   If the opportunity is worth a look, I would be happy to send the note and speak briefly about the round,
2026-06-22 12:44:00 [INFO   ] PROGRESS |   the platform, and the type of strategic investors we are looking for.
2026-06-22 12:44:00 [INFO   ] PROGRESS |   Please reply to this email or call me if you would like to explore it.
2026-06-22 12:44:00 [INFO   ] PROGRESS |   Warm Regards,
2026-06-22 12:44:00 [INFO   ] PROGRESS |   Sandeep Jain
2026-06-22 12:44:00 [INFO   ] PROGRESS |   Founder, PlacementHub
2026-06-22 12:44:00 [INFO   ] PROGRESS |   +91-9860090620
2026-06-22 12:44:00 [INFO   ] PROGRESS |   sandeepjain200019@gmail.com
2026-06-22 12:44:00 [INFO   ] PROGRESS |   Detailed Profile
2026-06-22 12:44:00 [INFO   ] PROGRESS |   Detailed Note on Funding Requirement
2026-06-22 12:44:00 [INFO   ] --------------------------------------------------------------
2026-06-22 12:44:00 [INFO   ] 
2026-06-22 12:44:00 [INFO   ] 
2026-06-22 12:44:00 [INFO   ] PROGRESS | Email preview — To: shyamjoshica@gmail.com | Subject: PlacementHub pre-seed intro with SHYAM JOSHI & ASSOCIATES
2026-06-22 12:44:01 [INFO   ] SENT (Brevo) -> shyamjoshica@gmail.com (SHYAM JOSHI & ASSOCIATES) | PlacementHub pre-seed intro with SHYAM JOSHI & ASSOCIATES | messageId=<202606220713.52236240691@smtp-relay.mailin.fr> (API accepted; run audit-brevo to confirm delivery)
2026-06-22 12:44:01 [INFO   ] Sleeping for 10 seconds
2026-06-22 12:44:11 [INFO   ] PROGRESS | Send 5/50 | SENT | shyamjoshica@gmail.com | SHYAM JOSHI & ASSOCIATES [Chartered Accountants & Company Secretaries] | ok=4 fail=1 skip=0
2026-06-22 12:44:11 [INFO   ] PROGRESS | Send 6/50 | SENDING | casandeshgundecha@yahoo.com | S N R & ASSOCIATES [Chartered Accountants & Company Secretaries] | ok=4 fail=1 skip=0
2026-06-22 12:44:28 [INFO   ] --------------------------------------------------------------
2026-06-22 12:44:28 [INFO   ] PROGRESS | Email content — To: casandeshgundecha@yahoo.com
2026-06-22 12:44:28 [INFO   ] PROGRESS | Subject: PlacementHub pre-seed intro with S N R & ASSOCIATES
2026-06-22 12:44:28 [INFO   ] PROGRESS | Body:
2026-06-22 12:44:28 [INFO   ] PROGRESS |   Dear Sir/Madam,
2026-06-22 12:44:28 [INFO   ] PROGRESS |   I am reaching out to introduce PlacementHub and explore whether any of your investor, entrepreneur, or
2026-06-22 12:44:28 [INFO   ] PROGRESS |   HNI clients may be open to reviewing a strategic seed opportunity.
2026-06-22 12:44:28 [INFO   ] PROGRESS |   My name is Sandeep Jain. PlacementHub is currently in its pre-seed fundraising stage, and I am
2026-06-22 12:44:28 [INFO   ] PROGRESS |   soliciting strategic seed investment for the same. PlacementHub is a campus placement and employability
2026-06-22 12:44:28 [INFO   ] PROGRESS |   platform connecting students, colleges, and recruiters. The product is built and in early
2026-06-22 12:44:28 [INFO   ] PROGRESS |   commercialization.
2026-06-22 12:44:28 [INFO   ] PROGRESS |   For reference, the detailed business plan, including the business model and go-to-market strategies, is
2026-06-22 12:44:28 [INFO   ] PROGRESS |   available here:
2026-06-22 12:44:28 [INFO   ] PROGRESS |   PlacementHub Business Plan
2026-06-22 12:44:28 [INFO   ] PROGRESS |   For a Chartered Accountant firm, the relevance is mainly professional and strategic:
2026-06-22 12:44:28 [INFO   ] PROGRESS |   PlacementHub may require support across accounting, taxation, compliance, payroll, investor documentation, audit, and related professional services.
2026-06-22 12:44:28 [INFO   ] PROGRESS |   I would naturally be pleased to consider and prioritize firms that support PlacementHub during its early growth phase, subject to suitability and mutual agreement.
2026-06-22 12:44:28 [INFO   ] PROGRESS |   The relationship can begin with a simple review of the investment note and, where appropriate, introductions to suitable investor clients.
2026-06-22 12:44:28 [INFO   ] PROGRESS |   If the opportunity is worth a look, I would be happy to send the note and speak briefly about the round,
2026-06-22 12:44:28 [INFO   ] PROGRESS |   the platform, and the type of strategic investors we are looking for.
2026-06-22 12:44:28 [INFO   ] PROGRESS |   Please reply to this email or call me if you would like to explore it.
2026-06-22 12:44:28 [INFO   ] PROGRESS |   Warm Regards,
2026-06-22 12:44:28 [INFO   ] PROGRESS |   Sandeep Jain
2026-06-22 12:44:28 [INFO   ] PROGRESS |   Founder, PlacementHub
2026-06-22 12:44:28 [INFO   ] PROGRESS |   +91-9860090620
2026-06-22 12:44:28 [INFO   ] PROGRESS |   sandeepjain200019@gmail.com
2026-06-22 12:44:28 [INFO   ] PROGRESS |   Detailed Profile
2026-06-22 12:44:28 [INFO   ] PROGRESS |   Detailed Note on Funding Requirement
2026-06-22 12:44:28 [INFO   ] --------------------------------------------------------------
2026-06-22 12:44:28 [INFO   ] 
2026-06-22 12:44:28 [INFO   ] 
2026-06-22 12:44:28 [INFO   ] PROGRESS | Email preview — To: casandeshgundecha@yahoo.com | Subject: PlacementHub pre-seed intro with S N R & ASSOCIATES
2026-06-22 12:44:29 [INFO   ] SENT (Brevo) -> casandeshgundecha@yahoo.com (S N R & ASSOCIATES) | PlacementHub pre-seed intro with S N R & ASSOCIATES | messageId=<202606220714.27681845995@smtp-relay.mailin.fr> (API accepted; run audit-brevo to confirm delivery)
2026-06-22 12:44:29 [INFO   ] Sleeping for 10 seconds
2026-06-22 12:44:39 [INFO   ] PROGRESS | Send 6/50 | SENT | casandeshgundecha@yahoo.com | S N R & ASSOCIATES [Chartered Accountants & Company Secretaries] | ok=5 fail=1 skip=0
2026-06-22 12:44:39 [INFO   ] PROGRESS | Send 7/50 | SENDING | pashevade@yahoo.com | P A SHEVADE & CO [Chartered Accountants & Company Secretaries] | ok=5 fail=1 skip=0
2026-06-22 12:44:47 [INFO   ] --------------------------------------------------------------
2026-06-22 12:44:47 [INFO   ] PROGRESS | Email content — To: pashevade@yahoo.com
2026-06-22 12:44:47 [INFO   ] PROGRESS | Subject: PlacementHub pre-seed intro with P A SHEVADE & CO
2026-06-22 12:44:47 [INFO   ] PROGRESS | Body:
2026-06-22 12:44:47 [INFO   ] PROGRESS |   Dear Sir/Madam,
2026-06-22 12:44:47 [INFO   ] PROGRESS |   I am reaching out to introduce PlacementHub and explore whether any of your investor, entrepreneur, or
2026-06-22 12:44:47 [INFO   ] PROGRESS |   HNI clients may be open to reviewing a strategic seed opportunity.
2026-06-22 12:44:47 [INFO   ] PROGRESS |   My name is Sandeep Jain. PlacementHub is currently in its pre-seed fundraising stage, and I am
2026-06-22 12:44:47 [INFO   ] PROGRESS |   soliciting strategic seed investment for the same. PlacementHub is a campus placement and employability
2026-06-22 12:44:47 [INFO   ] PROGRESS |   platform connecting students, colleges, and recruiters. The product is built and in early
2026-06-22 12:44:47 [INFO   ] PROGRESS |   commercialization.
2026-06-22 12:44:47 [INFO   ] PROGRESS |   For reference, the detailed business plan, including the business model and go-to-market strategies, is
2026-06-22 12:44:47 [INFO   ] PROGRESS |   available here:
2026-06-22 12:44:47 [INFO   ] PROGRESS |   PlacementHub Business Plan
2026-06-22 12:44:47 [INFO   ] PROGRESS |   For a Chartered Accountant firm, the relevance is mainly professional and strategic:
2026-06-22 12:44:47 [INFO   ] PROGRESS |   PlacementHub may require support across accounting, taxation, compliance, payroll, investor documentation, audit, and related professional services.
2026-06-22 12:44:47 [INFO   ] PROGRESS |   I would naturally be pleased to consider and prioritize firms that support PlacementHub during its early growth phase, subject to suitability and mutual agreement.
2026-06-22 12:44:47 [INFO   ] PROGRESS |   The relationship can begin with a simple review of the investment note and, where appropriate, introductions to suitable investor clients.
2026-06-22 12:44:47 [INFO   ] PROGRESS |   If the opportunity is worth a look, I would be happy to send the note and speak briefly about the round,
2026-06-22 12:44:47 [INFO   ] PROGRESS |   the platform, and the type of strategic investors we are looking for.
2026-06-22 12:44:47 [INFO   ] PROGRESS |   Please reply to this email or call me if you would like to explore it.
2026-06-22 12:44:47 [INFO   ] PROGRESS |   Warm Regards,
2026-06-22 12:44:47 [INFO   ] PROGRESS |   Sandeep Jain
2026-06-22 12:44:47 [INFO   ] PROGRESS |   Founder, PlacementHub
2026-06-22 12:44:47 [INFO   ] PROGRESS |   +91-9860090620
2026-06-22 12:44:47 [INFO   ] PROGRESS |   sandeepjain200019@gmail.com
2026-06-22 12:44:47 [INFO   ] PROGRESS |   Detailed Profile
2026-06-22 12:44:47 [INFO   ] PROGRESS |   Detailed Note on Funding Requirement
2026-06-22 12:44:47 [INFO   ] --------------------------------------------------------------
2026-06-22 12:44:47 [INFO   ] 
2026-06-22 12:44:47 [INFO   ] 
2026-06-22 12:44:47 [INFO   ] PROGRESS | Email preview — To: pashevade@yahoo.com | Subject: PlacementHub pre-seed intro with P A SHEVADE & CO
2026-06-22 12:44:48 [INFO   ] SENT (Brevo) -> pashevade@yahoo.com (P A SHEVADE & CO) | PlacementHub pre-seed intro with P A SHEVADE & CO | messageId=<202606220714.62596952354@smtp-relay.mailin.fr> (API accepted; run audit-brevo to confirm delivery)
2026-06-22 12:44:48 [INFO   ] Sleeping for 10 seconds
2026-06-22 12:44:58 [INFO   ] PROGRESS | Send 7/50 | SENT | pashevade@yahoo.com | P A SHEVADE & CO [Chartered Accountants & Company Secretaries] | ok=6 fail=1 skip=0
2026-06-22 12:44:58 [INFO   ] PROGRESS | Send 8/50 | SENDING | ca.pratikpshah@gmail.com | PRATIK PRAKASH SHAH & ASSOCIATES [Chartered Accountants & Company Secretaries] | ok=6 fail=1 skip=0
2026-06-22 12:45:04 [INFO   ] --------------------------------------------------------------
2026-06-22 12:45:04 [INFO   ] PROGRESS | Email content — To: ca.pratikpshah@gmail.com
2026-06-22 12:45:04 [INFO   ] PROGRESS | Subject: PlacementHub pre-seed intro with PRATIK PRAKASH SHAH & ASSOCIATES
2026-06-22 12:45:04 [INFO   ] PROGRESS | Body:
2026-06-22 12:45:04 [INFO   ] PROGRESS |   Dear Sir/Madam,
2026-06-22 12:45:04 [INFO   ] PROGRESS |   I am reaching out to introduce PlacementHub and explore whether any of your investor, entrepreneur, or
2026-06-22 12:45:04 [INFO   ] PROGRESS |   HNI clients may be open to reviewing a strategic seed opportunity.
2026-06-22 12:45:04 [INFO   ] PROGRESS |   My name is Sandeep Jain. PlacementHub is currently in its pre-seed fundraising stage, and I am
2026-06-22 12:45:04 [INFO   ] PROGRESS |   soliciting strategic seed investment for the same. PlacementHub is a campus placement and employability
2026-06-22 12:45:04 [INFO   ] PROGRESS |   platform connecting students, colleges, and recruiters. The product is built and in early
2026-06-22 12:45:04 [INFO   ] PROGRESS |   commercialization.
2026-06-22 12:45:04 [INFO   ] PROGRESS |   For reference, the detailed business plan, including the business model and go-to-market strategies, is
2026-06-22 12:45:04 [INFO   ] PROGRESS |   available here:
2026-06-22 12:45:04 [INFO   ] PROGRESS |   PlacementHub Business Plan
2026-06-22 12:45:04 [INFO   ] PROGRESS |   For a Chartered Accountant firm, the relevance is mainly professional and strategic:
2026-06-22 12:45:04 [INFO   ] PROGRESS |   PlacementHub may require support across accounting, taxation, compliance, payroll, investor documentation, audit, and related professional services.
2026-06-22 12:45:04 [INFO   ] PROGRESS |   I would naturally be pleased to consider and prioritize firms that support PlacementHub during its early growth phase, subject to suitability and mutual agreement.
2026-06-22 12:45:04 [INFO   ] PROGRESS |   The relationship can begin with a simple review of the investment note and, where appropriate, introductions to suitable investor clients.
2026-06-22 12:45:04 [INFO   ] PROGRESS |   If the opportunity is worth a look, I would be happy to send the note and speak briefly about the round,
2026-06-22 12:45:04 [INFO   ] PROGRESS |   the platform, and the type of strategic investors we are looking for.
2026-06-22 12:45:04 [INFO   ] PROGRESS |   Please reply to this email or call me if you would like to explore it.
2026-06-22 12:45:04 [INFO   ] PROGRESS |   Warm Regards,
2026-06-22 12:45:04 [INFO   ] PROGRESS |   Sandeep Jain
2026-06-22 12:45:04 [INFO   ] PROGRESS |   Founder, PlacementHub
2026-06-22 12:45:04 [INFO   ] PROGRESS |   +91-9860090620
2026-06-22 12:45:04 [INFO   ] PROGRESS |   sandeepjain200019@gmail.com
2026-06-22 12:45:04 [INFO   ] PROGRESS |   Detailed Profile
2026-06-22 12:45:04 [INFO   ] PROGRESS |   Detailed Note on Funding Requirement
2026-06-22 12:45:04 [INFO   ] --------------------------------------------------------------
2026-06-22 12:45:04 [INFO   ] 
2026-06-22 12:45:04 [INFO   ] 
2026-06-22 12:45:04 [INFO   ] PROGRESS | Email preview — To: ca.pratikpshah@gmail.com | Subject: PlacementHub pre-seed intro with PRATIK PRAKASH SHAH & ASSOCIATES
2026-06-22 12:45:05 [INFO   ] SENT (Brevo) -> ca.pratikpshah@gmail.com (PRATIK PRAKASH SHAH & ASSOCIATES) | PlacementHub pre-seed intro with PRATIK PRAKASH SHAH & ASSOCIATES | messageId=<202606220715.23463064252@smtp-relay.mailin.fr> (API accepted; run audit-brevo to confirm delivery)
2026-06-22 12:45:05 [INFO   ] Sleeping for 10 seconds
2026-06-22 12:45:15 [INFO   ] PROGRESS | Send 8/50 | SENT | ca.pratikpshah@gmail.com | PRATIK PRAKASH SHAH & ASSOCIATES [Chartered Accountants & Company Secretaries] | ok=7 fail=1 skip=0
2026-06-22 12:45:15 [INFO   ] PROGRESS | Send 9/50 | SENDING | milind@kkca.co.in | KSHIRSAGAR KULKARNI & CO [Chartered Accountants & Company Secretaries] | ok=7 fail=1 skip=0
2026-06-22 12:45:20 [INFO   ] --------------------------------------------------------------
2026-06-22 12:45:20 [INFO   ] PROGRESS | Email content — To: milind@kkca.co.in
2026-06-22 12:45:20 [INFO   ] PROGRESS | Subject: PlacementHub pre-seed intro with KSHIRSAGAR KULKARNI & CO
2026-06-22 12:45:20 [INFO   ] PROGRESS | Body:
2026-06-22 12:45:20 [INFO   ] PROGRESS |   Dear Sir/Madam,
2026-06-22 12:45:20 [INFO   ] PROGRESS |   I am reaching out to introduce PlacementHub and explore whether any of your investor, entrepreneur, or
2026-06-22 12:45:20 [INFO   ] PROGRESS |   HNI clients may be open to reviewing a strategic seed opportunity.
2026-06-22 12:45:20 [INFO   ] PROGRESS |   My name is Sandeep Jain. PlacementHub is currently in its pre-seed fundraising stage, and I am
2026-06-22 12:45:20 [INFO   ] PROGRESS |   soliciting strategic seed investment for the same. PlacementHub is a campus placement and employability
2026-06-22 12:45:20 [INFO   ] PROGRESS |   platform connecting students, colleges, and recruiters. The product is built and in early
2026-06-22 12:45:20 [INFO   ] PROGRESS |   commercialization.
2026-06-22 12:45:20 [INFO   ] PROGRESS |   For reference, the detailed business plan, including the business model and go-to-market strategies, is
2026-06-22 12:45:20 [INFO   ] PROGRESS |   available here:
2026-06-22 12:45:20 [INFO   ] PROGRESS |   PlacementHub Business Plan
2026-06-22 12:45:20 [INFO   ] PROGRESS |   For a Chartered Accountant firm, the relevance is mainly professional and strategic:
2026-06-22 12:45:20 [INFO   ] PROGRESS |   PlacementHub may require support across accounting, taxation, compliance, payroll, investor documentation, audit, and related professional services.
2026-06-22 12:45:20 [INFO   ] PROGRESS |   I would naturally be pleased to consider and prioritize firms that support PlacementHub during its early growth phase, subject to suitability and mutual agreement.
2026-06-22 12:45:20 [INFO   ] PROGRESS |   The relationship can begin with a simple review of the investment note and, where appropriate, introductions to suitable investor clients.
2026-06-22 12:45:20 [INFO   ] PROGRESS |   If the opportunity is worth a look, I would be happy to send the note and speak briefly about the round,
2026-06-22 12:45:20 [INFO   ] PROGRESS |   the platform, and the type of strategic investors we are looking for.
2026-06-22 12:45:20 [INFO   ] PROGRESS |   Please reply to this email or call me if you would like to explore it.
2026-06-22 12:45:20 [INFO   ] PROGRESS |   Warm Regards,
2026-06-22 12:45:20 [INFO   ] PROGRESS |   Sandeep Jain
2026-06-22 12:45:20 [INFO   ] PROGRESS |   Founder, PlacementHub
2026-06-22 12:45:20 [INFO   ] PROGRESS |   +91-9860090620
2026-06-22 12:45:20 [INFO   ] PROGRESS |   sandeepjain200019@gmail.com
2026-06-22 12:45:20 [INFO   ] PROGRESS |   Detailed Profile
2026-06-22 12:45:20 [INFO   ] PROGRESS |   Detailed Note on Funding Requirement
2026-06-22 12:45:20 [INFO   ] --------------------------------------------------------------
2026-06-22 12:45:20 [INFO   ] 
2026-06-22 12:45:20 [INFO   ] 
2026-06-22 12:45:20 [INFO   ] PROGRESS | Email preview — To: milind@kkca.co.in | Subject: PlacementHub pre-seed intro with KSHIRSAGAR KULKARNI & CO
2026-06-22 12:45:22 [INFO   ] SENT (Brevo) -> milind@kkca.co.in (KSHIRSAGAR KULKARNI & CO) | PlacementHub pre-seed intro with KSHIRSAGAR KULKARNI & CO | messageId=<202606220715.91030928866@smtp-relay.mailin.fr> (API accepted; run audit-brevo to confirm delivery)
2026-06-22 12:45:22 [INFO   ] Sleeping for 10 seconds
2026-06-22 12:45:32 [INFO   ] PROGRESS | Send 9/50 | SENT | milind@kkca.co.in | KSHIRSAGAR KULKARNI & CO [Chartered Accountants & Company Secretaries] | ok=8 fail=1 skip=0
2026-06-22 12:45:32 [INFO   ] PROGRESS | Send 10/50 | SENDING | devendra.sisodiya8@gmail.com | D A SISODIYA & ASSOCIATES [Chartered Accountants & Company Secretaries] | ok=8 fail=1 skip=0
2026-06-22 12:46:02 [WARNING] NVIDIA call failed (attempt 1/5): The read operation timed out — rotating key.
2026-06-22 12:46:04 [INFO   ] --------------------------------------------------------------
2026-06-22 12:46:04 [INFO   ] PROGRESS | Email content — To: devendra.sisodiya8@gmail.com
2026-06-22 12:46:04 [INFO   ] PROGRESS | Subject: PlacementHub pre-seed intro with D A SISODIYA & ASSOCIATES
2026-06-22 12:46:04 [INFO   ] PROGRESS | Body:
2026-06-22 12:46:04 [INFO   ] PROGRESS |   Dear Sir/Madam,
2026-06-22 12:46:04 [INFO   ] PROGRESS |   I am reaching out to introduce PlacementHub and explore whether any of your investor, entrepreneur, or
2026-06-22 12:46:04 [INFO   ] PROGRESS |   HNI clients may be open to reviewing a strategic seed opportunity.
2026-06-22 12:46:04 [INFO   ] PROGRESS |   My name is Sandeep Jain. PlacementHub is currently in its pre-seed fundraising stage, and I am
2026-06-22 12:46:04 [INFO   ] PROGRESS |   soliciting strategic seed investment for the same. PlacementHub is a campus placement and employability
2026-06-22 12:46:04 [INFO   ] PROGRESS |   platform connecting students, colleges, and recruiters. The product is built and in early
2026-06-22 12:46:04 [INFO   ] PROGRESS |   commercialization.
2026-06-22 12:46:04 [INFO   ] PROGRESS |   For reference, the detailed business plan, including the business model and go-to-market strategies, is
2026-06-22 12:46:04 [INFO   ] PROGRESS |   available here:
2026-06-22 12:46:04 [INFO   ] PROGRESS |   PlacementHub Business Plan
2026-06-22 12:46:04 [INFO   ] PROGRESS |   For a Chartered Accountant firm, the relevance is mainly professional and strategic:
2026-06-22 12:46:04 [INFO   ] PROGRESS |   PlacementHub may require support across accounting, taxation, compliance, payroll, investor documentation, audit, and related professional services.
2026-06-22 12:46:04 [INFO   ] PROGRESS |   I would naturally be pleased to consider and prioritize firms that support PlacementHub during its early growth phase, subject to suitability and mutual agreement.
2026-06-22 12:46:04 [INFO   ] PROGRESS |   The relationship can begin with a simple review of the investment note and, where appropriate, introductions to suitable investor clients.
2026-06-22 12:46:04 [INFO   ] PROGRESS |   If the opportunity is worth a look, I would be happy to send the note and speak briefly about the round,
2026-06-22 12:46:04 [INFO   ] PROGRESS |   the platform, and the type of strategic investors we are looking for.
2026-06-22 12:46:04 [INFO   ] PROGRESS |   Please reply to this email or call me if you would like to explore it.
2026-06-22 12:46:04 [INFO   ] PROGRESS |   Warm Regards,
2026-06-22 12:46:04 [INFO   ] PROGRESS |   Sandeep Jain
2026-06-22 12:46:04 [INFO   ] PROGRESS |   Founder, PlacementHub
2026-06-22 12:46:04 [INFO   ] PROGRESS |   +91-9860090620
2026-06-22 12:46:04 [INFO   ] PROGRESS |   sandeepjain200019@gmail.com
2026-06-22 12:46:04 [INFO   ] PROGRESS |   Detailed Profile
2026-06-22 12:46:04 [INFO   ] PROGRESS |   Detailed Note on Funding Requirement
2026-06-22 12:46:04 [INFO   ] --------------------------------------------------------------
2026-06-22 12:46:04 [INFO   ] 
2026-06-22 12:46:04 [INFO   ] 
2026-06-22 12:46:04 [INFO   ] PROGRESS | Email preview — To: devendra.sisodiya8@gmail.com | Subject: PlacementHub pre-seed intro with D A SISODIYA & ASSOCIATES
2026-06-22 12:46:06 [INFO   ] SENT (Brevo) -> devendra.sisodiya8@gmail.com (D A SISODIYA & ASSOCIATES) | PlacementHub pre-seed intro with D A SISODIYA & ASSOCIATES | messageId=<202606220716.36438759157@smtp-relay.mailin.fr> (API accepted; run audit-brevo to confirm delivery)
2026-06-22 12:46:06 [INFO   ] Sleeping for 10 seconds
2026-06-22 12:46:16 [INFO   ] PROGRESS | Send 10/50 | SENT | devendra.sisodiya8@gmail.com | D A SISODIYA & ASSOCIATES [Chartered Accountants & Company Secretaries] | ok=9 fail=1 skip=0
2026-06-22 12:46:16 [INFO   ] PROGRESS | Send 11/50 | SENDING | vicky@jvco.in | JAIN VICKY & CO [Chartered Accountants & Company Secretaries] | ok=9 fail=1 skip=0
2026-06-22 12:46:17 [INFO   ] --------------------------------------------------------------
2026-06-22 12:46:17 [INFO   ] PROGRESS | Email content — To: vicky@jvco.in
2026-06-22 12:46:17 [INFO   ] PROGRESS | Subject: PlacementHub pre-seed intro with JAIN VICKY & CO
2026-06-22 12:46:17 [INFO   ] PROGRESS | Body:
2026-06-22 12:46:17 [INFO   ] PROGRESS |   Dear Sir/Madam,
2026-06-22 12:46:17 [INFO   ] PROGRESS |   I am reaching out to introduce PlacementHub and explore whether any of your investor, entrepreneur, or
2026-06-22 12:46:17 [INFO   ] PROGRESS |   HNI clients may be open to reviewing a strategic seed opportunity.
2026-06-22 12:46:17 [INFO   ] PROGRESS |   My name is Sandeep Jain. PlacementHub is currently in its pre-seed fundraising stage, and I am
2026-06-22 12:46:17 [INFO   ] PROGRESS |   soliciting strategic seed investment for the same. PlacementHub is a campus placement and employability
2026-06-22 12:46:17 [INFO   ] PROGRESS |   platform connecting students, colleges, and recruiters. The product is built and in early
2026-06-22 12:46:17 [INFO   ] PROGRESS |   commercialization.
2026-06-22 12:46:17 [INFO   ] PROGRESS |   For reference, the detailed business plan, including the business model and go-to-market strategies, is
2026-06-22 12:46:17 [INFO   ] PROGRESS |   available here:
2026-06-22 12:46:17 [INFO   ] PROGRESS |   PlacementHub Business Plan
2026-06-22 12:46:17 [INFO   ] PROGRESS |   For a Chartered Accountant firm, the relevance is mainly professional and strategic:
2026-06-22 12:46:17 [INFO   ] PROGRESS |   PlacementHub may require support across accounting, taxation, compliance, payroll, investor documentation, audit, and related professional services.
2026-06-22 12:46:17 [INFO   ] PROGRESS |   I would naturally be pleased to consider and prioritize firms that support PlacementHub during its early growth phase, subject to suitability and mutual agreement.
2026-06-22 12:46:17 [INFO   ] PROGRESS |   The relationship can begin with a simple review of the investment note and, where appropriate, introductions to suitable investor clients.
2026-06-22 12:46:17 [INFO   ] PROGRESS |   If the opportunity is worth a look, I would be happy to send the note and speak briefly about the round,
2026-06-22 12:46:17 [INFO   ] PROGRESS |   the platform, and the type of strategic investors we are looking for.
2026-06-22 12:46:17 [INFO   ] PROGRESS |   Please reply to this email or call me if you would like to explore it.
2026-06-22 12:46:17 [INFO   ] PROGRESS |   Warm Regards,
2026-06-22 12:46:17 [INFO   ] PROGRESS |   Sandeep Jain
2026-06-22 12:46:17 [INFO   ] PROGRESS |   Founder, PlacementHub
2026-06-22 12:46:17 [INFO   ] PROGRESS |   +91-9860090620
2026-06-22 12:46:17 [INFO   ] PROGRESS |   sandeepjain200019@gmail.com
2026-06-22 12:46:17 [INFO   ] PROGRESS |   Detailed Profile
2026-06-22 12:46:17 [INFO   ] PROGRESS |   Detailed Note on Funding Requirement
2026-06-22 12:46:17 [INFO   ] --------------------------------------------------------------
2026-06-22 12:46:17 [INFO   ] 
2026-06-22 12:46:17 [INFO   ] 
2026-06-22 12:46:17 [INFO   ] PROGRESS | Email preview — To: vicky@jvco.in | Subject: PlacementHub pre-seed intro with JAIN VICKY & CO
2026-06-22 12:46:18 [INFO   ] SENT (Brevo) -> vicky@jvco.in (JAIN VICKY & CO) | PlacementHub pre-seed intro with JAIN VICKY & CO | messageId=<202606220716.49325880124@smtp-relay.mailin.fr> (API accepted; run audit-brevo to confirm delivery)
2026-06-22 12:46:18 [INFO   ] Sleeping for 10 seconds
2026-06-22 12:46:28 [INFO   ] PROGRESS | Send 11/50 | SENT | vicky@jvco.in | JAIN VICKY & CO [Chartered Accountants & Company Secretaries] | ok=10 fail=1 skip=0
2026-06-22 12:46:28 [INFO   ] PROGRESS | Send 12/50 | SENDING | sharad.shah@ssandco.com | SHARAD SHAH & CO [Chartered Accountants & Company Secretaries] | ok=10 fail=1 skip=0
2026-06-22 12:46:55 [INFO   ] --------------------------------------------------------------
2026-06-22 12:46:55 [INFO   ] PROGRESS | Email content — To: sharad.shah@ssandco.com
2026-06-22 12:46:55 [INFO   ] PROGRESS | Subject: PlacementHub pre-seed intro with SHARAD SHAH & CO
2026-06-22 12:46:55 [INFO   ] PROGRESS | Body:
2026-06-22 12:46:55 [INFO   ] PROGRESS |   Dear Sir/Madam,
2026-06-22 12:46:55 [INFO   ] PROGRESS |   I am reaching out to introduce PlacementHub and explore whether any of your investor, entrepreneur, or
2026-06-22 12:46:55 [INFO   ] PROGRESS |   HNI clients may be open to reviewing a strategic seed opportunity.
2026-06-22 12:46:55 [INFO   ] PROGRESS |   My name is Sandeep Jain. PlacementHub is currently in its pre-seed fundraising stage, and I am
2026-06-22 12:46:55 [INFO   ] PROGRESS |   soliciting strategic seed investment for the same. PlacementHub is a campus placement and employability
2026-06-22 12:46:55 [INFO   ] PROGRESS |   platform connecting students, colleges, and recruiters. The product is built and in early
2026-06-22 12:46:55 [INFO   ] PROGRESS |   commercialization.
2026-06-22 12:46:55 [INFO   ] PROGRESS |   For reference, the detailed business plan, including the business model and go-to-market strategies, is
2026-06-22 12:46:55 [INFO   ] PROGRESS |   available here:
2026-06-22 12:46:55 [INFO   ] PROGRESS |   PlacementHub Business Plan
2026-06-22 12:46:55 [INFO   ] PROGRESS |   For a Chartered Accountant firm, the relevance is mainly professional and strategic:
2026-06-22 12:46:55 [INFO   ] PROGRESS |   PlacementHub may require support across accounting, taxation, compliance, payroll, investor documentation, audit, and related professional services.
2026-06-22 12:46:55 [INFO   ] PROGRESS |   I would naturally be pleased to consider and prioritize firms that support PlacementHub during its early growth phase, subject to suitability and mutual agreement.
2026-06-22 12:46:55 [INFO   ] PROGRESS |   The relationship can begin with a simple review of the investment note and, where appropriate, introductions to suitable investor clients.
2026-06-22 12:46:55 [INFO   ] PROGRESS |   If the opportunity is worth a look, I would be happy to send the note and speak briefly about the round,
2026-06-22 12:46:55 [INFO   ] PROGRESS |   the platform, and the type of strategic investors we are looking for.
2026-06-22 12:46:55 [INFO   ] PROGRESS |   Please reply to this email or call me if you would like to explore it.
2026-06-22 12:46:55 [INFO   ] PROGRESS |   Warm Regards,
2026-06-22 12:46:55 [INFO   ] PROGRESS |   Sandeep Jain
2026-06-22 12:46:55 [INFO   ] PROGRESS |   Founder, PlacementHub
2026-06-22 12:46:55 [INFO   ] PROGRESS |   +91-9860090620
2026-06-22 12:46:55 [INFO   ] PROGRESS |   sandeepjain200019@gmail.com
2026-06-22 12:46:55 [INFO   ] PROGRESS |   Detailed Profile
2026-06-22 12:46:55 [INFO   ] PROGRESS |   Detailed Note on Funding Requirement
2026-06-22 12:46:55 [INFO   ] --------------------------------------------------------------
2026-06-22 12:46:55 [INFO   ] 
2026-06-22 12:46:55 [INFO   ] 
2026-06-22 12:46:55 [INFO   ] PROGRESS | Email preview — To: sharad.shah@ssandco.com | Subject: PlacementHub pre-seed intro with SHARAD SHAH & CO
2026-06-22 12:46:57 [INFO   ] SENT (Brevo) -> sharad.shah@ssandco.com (SHARAD SHAH & CO) | PlacementHub pre-seed intro with SHARAD SHAH & CO | messageId=<202606220716.14450927194@smtp-relay.mailin.fr> (API accepted; run audit-brevo to confirm delivery)
2026-06-22 12:46:57 [INFO   ] Sleeping for 10 seconds
2026-06-22 12:47:07 [INFO   ] PROGRESS | Send 12/50 | SENT | sharad.shah@ssandco.com | SHARAD SHAH & CO [Chartered Accountants & Company Secretaries] | ok=11 fail=1 skip=0
2026-06-22 12:47:07 [INFO   ] PROGRESS | Send 13/50 | SENDING | girish.katepallewar@gmail.com | KATEPALLEWAR & ASSOCIATES [Chartered Accountants & Company Secretaries] | ok=11 fail=1 skip=0
2026-06-22 12:47:12 [INFO   ] --------------------------------------------------------------
2026-06-22 12:47:12 [INFO   ] PROGRESS | Email content — To: girish.katepallewar@gmail.com
2026-06-22 12:47:12 [INFO   ] PROGRESS | Subject: PlacementHub pre-seed intro with KATEPALLEWAR & ASSOCIATES
2026-06-22 12:47:12 [INFO   ] PROGRESS | Body:
2026-06-22 12:47:12 [INFO   ] PROGRESS |   Dear Sir/Madam,
2026-06-22 12:47:12 [INFO   ] PROGRESS |   I am reaching out to introduce PlacementHub and explore whether any of your investor, entrepreneur, or
2026-06-22 12:47:12 [INFO   ] PROGRESS |   HNI clients may be open to reviewing a strategic seed opportunity.
2026-06-22 12:47:12 [INFO   ] PROGRESS |   My name is Sandeep Jain. PlacementHub is currently in its pre-seed fundraising stage, and I am
2026-06-22 12:47:12 [INFO   ] PROGRESS |   soliciting strategic seed investment for the same. PlacementHub is a campus placement and employability
2026-06-22 12:47:12 [INFO   ] PROGRESS |   platform connecting students, colleges, and recruiters. The product is built and in early
2026-06-22 12:47:12 [INFO   ] PROGRESS |   commercialization.
2026-06-22 12:47:12 [INFO   ] PROGRESS |   For reference, the detailed business plan, including the business model and go-to-market strategies, is
2026-06-22 12:47:12 [INFO   ] PROGRESS |   available here:
2026-06-22 12:47:12 [INFO   ] PROGRESS |   PlacementHub Business Plan
2026-06-22 12:47:12 [INFO   ] PROGRESS |   For a Chartered Accountant firm, the relevance is mainly professional and strategic:
2026-06-22 12:47:12 [INFO   ] PROGRESS |   PlacementHub may require support across accounting, taxation, compliance, payroll, investor documentation, audit, and related professional services.
2026-06-22 12:47:12 [INFO   ] PROGRESS |   I would naturally be pleased to consider and prioritize firms that support PlacementHub during its early growth phase, subject to suitability and mutual agreement.
2026-06-22 12:47:12 [INFO   ] PROGRESS |   The relationship can begin with a simple review of the investment note and, where appropriate, introductions to suitable investor clients.
2026-06-22 12:47:12 [INFO   ] PROGRESS |   If the opportunity is worth a look, I would be happy to send the note and speak briefly about the round,
2026-06-22 12:47:12 [INFO   ] PROGRESS |   the platform, and the type of strategic investors we are looking for.
2026-06-22 12:47:12 [INFO   ] PROGRESS |   Please reply to this email or call me if you would like to explore it.
2026-06-22 12:47:12 [INFO   ] PROGRESS |   Warm Regards,
2026-06-22 12:47:12 [INFO   ] PROGRESS |   Sandeep Jain
2026-06-22 12:47:12 [INFO   ] PROGRESS |   Founder, PlacementHub
2026-06-22 12:47:12 [INFO   ] PROGRESS |   +91-9860090620
2026-06-22 12:47:12 [INFO   ] PROGRESS |   sandeepjain200019@gmail.com
2026-06-22 12:47:12 [INFO   ] PROGRESS |   Detailed Profile
2026-06-22 12:47:12 [INFO   ] PROGRESS |   Detailed Note on Funding Requirement
2026-06-22 12:47:12 [INFO   ] --------------------------------------------------------------
2026-06-22 12:47:12 [INFO   ] 
2026-06-22 12:47:12 [INFO   ] 
2026-06-22 12:47:12 [INFO   ] PROGRESS | Email preview — To: girish.katepallewar@gmail.com | Subject: PlacementHub pre-seed intro with KATEPALLEWAR & ASSOCIATES
2026-06-22 12:47:14 [INFO   ] SENT (Brevo) -> girish.katepallewar@gmail.com (KATEPALLEWAR & ASSOCIATES) | PlacementHub pre-seed intro with KATEPALLEWAR & ASSOCIATES | messageId=<202606220717.19678470489@smtp-relay.mailin.fr> (API accepted; run audit-brevo to confirm delivery)
2026-06-22 12:47:14 [INFO   ] Sleeping for 10 seconds
2026-06-22 12:47:24 [INFO   ] PROGRESS | Send 13/50 | SENT | girish.katepallewar@gmail.com | KATEPALLEWAR & ASSOCIATES [Chartered Accountants & Company Secretaries] | ok=12 fail=1 skip=0
2026-06-22 12:47:24 [INFO   ] PROGRESS | Send 14/50 | SENDING | tanejajugal@gmail.com | Taneja & CO [Chartered Accountants & Company Secretaries] | ok=12 fail=1 skip=0
2026-06-22 12:47:29 [INFO   ] --------------------------------------------------------------
2026-06-22 12:47:29 [INFO   ] PROGRESS | Email content — To: tanejajugal@gmail.com
2026-06-22 12:47:29 [INFO   ] PROGRESS | Subject: PlacementHub pre-seed intro with Taneja & CO
2026-06-22 12:47:29 [INFO   ] PROGRESS | Body:
2026-06-22 12:47:29 [INFO   ] PROGRESS |   Dear Sir/Madam,
2026-06-22 12:47:29 [INFO   ] PROGRESS |   I am reaching out to introduce PlacementHub and explore whether any of your investor, entrepreneur, or
2026-06-22 12:47:29 [INFO   ] PROGRESS |   HNI clients may be open to reviewing a strategic seed opportunity.
2026-06-22 12:47:29 [INFO   ] PROGRESS |   My name is Sandeep Jain. PlacementHub is currently in its pre-seed fundraising stage, and I am
2026-06-22 12:47:29 [INFO   ] PROGRESS |   soliciting strategic seed investment for the same. PlacementHub is a campus placement and employability
2026-06-22 12:47:29 [INFO   ] PROGRESS |   platform connecting students, colleges, and recruiters. The product is built and in early
2026-06-22 12:47:29 [INFO   ] PROGRESS |   commercialization.
2026-06-22 12:47:29 [INFO   ] PROGRESS |   For reference, the detailed business plan, including the business model and go-to-market strategies, is
2026-06-22 12:47:29 [INFO   ] PROGRESS |   available here:
2026-06-22 12:47:29 [INFO   ] PROGRESS |   PlacementHub Business Plan
2026-06-22 12:47:29 [INFO   ] PROGRESS |   For a Chartered Accountant firm, the relevance is mainly professional and strategic:
2026-06-22 12:47:29 [INFO   ] PROGRESS |   PlacementHub may require support across accounting, taxation, compliance, payroll, investor documentation, audit, and related professional services.
2026-06-22 12:47:29 [INFO   ] PROGRESS |   I would naturally be pleased to consider and prioritize firms that support PlacementHub during its early growth phase, subject to suitability and mutual agreement.
2026-06-22 12:47:29 [INFO   ] PROGRESS |   The relationship can begin with a simple review of the investment note and, where appropriate, introductions to suitable investor clients.
2026-06-22 12:47:29 [INFO   ] PROGRESS |   If the opportunity is worth a look, I would be happy to send the note and speak briefly about the round,
2026-06-22 12:47:29 [INFO   ] PROGRESS |   the platform, and the type of strategic investors we are looking for.
2026-06-22 12:47:29 [INFO   ] PROGRESS |   Please reply to this email or call me if you would like to explore it.
2026-06-22 12:47:29 [INFO   ] PROGRESS |   Warm Regards,
2026-06-22 12:47:29 [INFO   ] PROGRESS |   Sandeep Jain
2026-06-22 12:47:29 [INFO   ] PROGRESS |   Founder, PlacementHub
2026-06-22 12:47:29 [INFO   ] PROGRESS |   +91-9860090620
2026-06-22 12:47:29 [INFO   ] PROGRESS |   sandeepjain200019@gmail.com
2026-06-22 12:47:29 [INFO   ] PROGRESS |   Detailed Profile
2026-06-22 12:47:29 [INFO   ] PROGRESS |   Detailed Note on Funding Requirement
2026-06-22 12:47:29 [INFO   ] --------------------------------------------------------------
2026-06-22 12:47:29 [INFO   ] 
2026-06-22 12:47:29 [INFO   ] 
2026-06-22 12:47:29 [INFO   ] PROGRESS | Email preview — To: tanejajugal@gmail.com | Subject: PlacementHub pre-seed intro with Taneja & CO
2026-06-22 12:47:30 [INFO   ] SENT (Brevo) -> tanejajugal@gmail.com (Taneja & CO) | PlacementHub pre-seed intro with Taneja & CO | messageId=<202606220717.26964321132@smtp-relay.mailin.fr> (API accepted; run audit-brevo to confirm delivery)
2026-06-22 12:47:30 [INFO   ] Sleeping for 10 seconds
2026-06-22 12:47:40 [INFO   ] PROGRESS | Send 14/50 | SENT | tanejajugal@gmail.com | Taneja & CO [Chartered Accountants & Company Secretaries] | ok=13 fail=1 skip=0
2026-06-22 12:47:40 [INFO   ] PROGRESS | Send 15/50 | SENDING | parag@rathiandrathi.com | RATHI RATHI AND CO [Chartered Accountants & Company Secretaries] | ok=13 fail=1 skip=0
2026-06-22 12:47:41 [INFO   ] --------------------------------------------------------------
2026-06-22 12:47:41 [INFO   ] PROGRESS | Email content — To: parag@rathiandrathi.com
2026-06-22 12:47:41 [INFO   ] PROGRESS | Subject: PlacementHub pre-seed intro with RATHI RATHI AND CO
2026-06-22 12:47:41 [INFO   ] PROGRESS | Body:
2026-06-22 12:47:41 [INFO   ] PROGRESS |   Dear Sir/Madam,
2026-06-22 12:47:41 [INFO   ] PROGRESS |   I am reaching out to introduce PlacementHub and explore whether any of your investor, entrepreneur, or
2026-06-22 12:47:41 [INFO   ] PROGRESS |   HNI clients may be open to reviewing a strategic seed opportunity.
2026-06-22 12:47:41 [INFO   ] PROGRESS |   My name is Sandeep Jain. PlacementHub is currently in its pre-seed fundraising stage, and I am
2026-06-22 12:47:41 [INFO   ] PROGRESS |   soliciting strategic seed investment for the same. PlacementHub is a campus placement and employability
2026-06-22 12:47:41 [INFO   ] PROGRESS |   platform connecting students, colleges, and recruiters. The product is built and in early
2026-06-22 12:47:41 [INFO   ] PROGRESS |   commercialization.
2026-06-22 12:47:41 [INFO   ] PROGRESS |   For reference, the detailed business plan, including the business model and go-to-market strategies, is
2026-06-22 12:47:41 [INFO   ] PROGRESS |   available here:
2026-06-22 12:47:41 [INFO   ] PROGRESS |   PlacementHub Business Plan
2026-06-22 12:47:41 [INFO   ] PROGRESS |   For a Chartered Accountant firm, the relevance is mainly professional and strategic:
2026-06-22 12:47:41 [INFO   ] PROGRESS |   PlacementHub may require support across accounting, taxation, compliance, payroll, investor documentation, audit, and related professional services.
2026-06-22 12:47:41 [INFO   ] PROGRESS |   I would naturally be pleased to consider and prioritize firms that support PlacementHub during its early growth phase, subject to suitability and mutual agreement.
2026-06-22 12:47:41 [INFO   ] PROGRESS |   The relationship can begin with a simple review of the investment note and, where appropriate, introductions to suitable investor clients.
2026-06-22 12:47:41 [INFO   ] PROGRESS |   If the opportunity is worth a look, I would be happy to send the note and speak briefly about the round,
2026-06-22 12:47:41 [INFO   ] PROGRESS |   the platform, and the type of strategic investors we are looking for.
2026-06-22 12:47:41 [INFO   ] PROGRESS |   Please reply to this email or call me if you would like to explore it.
2026-06-22 12:47:41 [INFO   ] PROGRESS |   Warm Regards,
2026-06-22 12:47:41 [INFO   ] PROGRESS |   Sandeep Jain
2026-06-22 12:47:41 [INFO   ] PROGRESS |   Founder, PlacementHub
2026-06-22 12:47:41 [INFO   ] PROGRESS |   +91-9860090620
2026-06-22 12:47:41 [INFO   ] PROGRESS |   sandeepjain200019@gmail.com
2026-06-22 12:47:41 [INFO   ] PROGRESS |   Detailed Profile
2026-06-22 12:47:41 [INFO   ] PROGRESS |   Detailed Note on Funding Requirement
2026-06-22 12:47:41 [INFO   ] --------------------------------------------------------------
2026-06-22 12:47:41 [INFO   ] 
2026-06-22 12:47:41 [INFO   ] 
2026-06-22 12:47:41 [INFO   ] PROGRESS | Email preview — To: parag@rathiandrathi.com | Subject: PlacementHub pre-seed intro with RATHI RATHI AND CO
2026-06-22 12:47:43 [INFO   ] SENT (Brevo) -> parag@rathiandrathi.com (RATHI RATHI AND CO) | PlacementHub pre-seed intro with RATHI RATHI AND CO | messageId=<202606220717.89074098371@smtp-relay.mailin.fr> (API accepted; run audit-brevo to confirm delivery)
2026-06-22 12:47:43 [INFO   ] Sleeping for 10 seconds
2026-06-22 12:47:53 [INFO   ] PROGRESS | Send 15/50 | SENT | parag@rathiandrathi.com | RATHI RATHI AND CO [Chartered Accountants & Company Secretaries] | ok=14 fail=1 skip=0
2026-06-22 12:47:53 [INFO   ] PROGRESS | Send 16/50 | SENDING | samparth@gmail.com | S P LADDA AND ASSOCIATES [Chartered Accountants & Company Secretaries] | ok=14 fail=1 skip=0
2026-06-22 12:47:57 [INFO   ] --------------------------------------------------------------
2026-06-22 12:47:57 [INFO   ] PROGRESS | Email content — To: samparth@gmail.com
2026-06-22 12:47:57 [INFO   ] PROGRESS | Subject: PlacementHub pre-seed intro with S P LADDA AND ASSOCIATES
2026-06-22 12:47:57 [INFO   ] PROGRESS | Body:
2026-06-22 12:47:57 [INFO   ] PROGRESS |   Dear Sir/Madam,
2026-06-22 12:47:57 [INFO   ] PROGRESS |   I am reaching out to introduce PlacementHub and explore whether any of your investor, entrepreneur, or
2026-06-22 12:47:57 [INFO   ] PROGRESS |   HNI clients may be open to reviewing a strategic seed opportunity.
2026-06-22 12:47:57 [INFO   ] PROGRESS |   My name is Sandeep Jain. PlacementHub is currently in its pre-seed fundraising stage, and I am
2026-06-22 12:47:57 [INFO   ] PROGRESS |   soliciting strategic seed investment for the same. PlacementHub is a campus placement and employability
2026-06-22 12:47:57 [INFO   ] PROGRESS |   platform connecting students, colleges, and recruiters. The product is built and in early
2026-06-22 12:47:57 [INFO   ] PROGRESS |   commercialization.
2026-06-22 12:47:57 [INFO   ] PROGRESS |   For reference, the detailed business plan, including the business model and go-to-market strategies, is
2026-06-22 12:47:57 [INFO   ] PROGRESS |   available here:
2026-06-22 12:47:57 [INFO   ] PROGRESS |   PlacementHub Business Plan
2026-06-22 12:47:57 [INFO   ] PROGRESS |   For a Chartered Accountant firm, the relevance is mainly professional and strategic:
2026-06-22 12:47:57 [INFO   ] PROGRESS |   PlacementHub may require support across accounting, taxation, compliance, payroll, investor documentation, audit, and related professional services.
2026-06-22 12:47:57 [INFO   ] PROGRESS |   I would naturally be pleased to consider and prioritize firms that support PlacementHub during its early growth phase, subject to suitability and mutual agreement.
2026-06-22 12:47:57 [INFO   ] PROGRESS |   The relationship can begin with a simple review of the investment note and, where appropriate, introductions to suitable investor clients.
2026-06-22 12:47:57 [INFO   ] PROGRESS |   If the opportunity is worth a look, I would be happy to send the note and speak briefly about the round,
2026-06-22 12:47:57 [INFO   ] PROGRESS |   the platform, and the type of strategic investors we are looking for.
2026-06-22 12:47:57 [INFO   ] PROGRESS |   Please reply to this email or call me if you would like to explore it.
2026-06-22 12:47:57 [INFO   ] PROGRESS |   Warm Regards,
2026-06-22 12:47:57 [INFO   ] PROGRESS |   Sandeep Jain
2026-06-22 12:47:57 [INFO   ] PROGRESS |   Founder, PlacementHub
2026-06-22 12:47:57 [INFO   ] PROGRESS |   +91-9860090620
2026-06-22 12:47:57 [INFO   ] PROGRESS |   sandeepjain200019@gmail.com
2026-06-22 12:47:57 [INFO   ] PROGRESS |   Detailed Profile
2026-06-22 12:47:57 [INFO   ] PROGRESS |   Detailed Note on Funding Requirement
2026-06-22 12:47:57 [INFO   ] --------------------------------------------------------------
2026-06-22 12:47:57 [INFO   ] 
2026-06-22 12:47:57 [INFO   ] 
2026-06-22 12:47:57 [INFO   ] PROGRESS | Email preview — To: samparth@gmail.com | Subject: PlacementHub pre-seed intro with S P LADDA AND ASSOCIATES
2026-06-22 12:47:58 [INFO   ] SENT (Brevo) -> samparth@gmail.com (S P LADDA AND ASSOCIATES) | PlacementHub pre-seed intro with S P LADDA AND ASSOCIATES | messageId=<202606220717.84248497996@smtp-relay.mailin.fr> (API accepted; run audit-brevo to confirm delivery)
2026-06-22 12:47:59 [INFO   ] Sleeping for 10 seconds
2026-06-22 12:48:09 [INFO   ] PROGRESS | Send 16/50 | SENT | samparth@gmail.com | S P LADDA AND ASSOCIATES [Chartered Accountants & Company Secretaries] | ok=15 fail=1 skip=0
2026-06-22 12:48:09 [INFO   ] PROGRESS | Send 17/50 | SENDING | nadesatish@yahoo.co.in | S U N S V G & ASSOCIATES [Chartered Accountants & Company Secretaries] | ok=15 fail=1 skip=0
2026-06-22 12:48:13 [INFO   ] --------------------------------------------------------------
2026-06-22 12:48:13 [INFO   ] PROGRESS | Email content — To: nadesatish@yahoo.co.in
2026-06-22 12:48:13 [INFO   ] PROGRESS | Subject: PlacementHub pre-seed intro with S U N S V G & ASSOCIATES
2026-06-22 12:48:13 [INFO   ] PROGRESS | Body:
2026-06-22 12:48:13 [INFO   ] PROGRESS |   Dear Sir/Madam,
2026-06-22 12:48:13 [INFO   ] PROGRESS |   I am reaching out to introduce PlacementHub and explore whether any of your investor, entrepreneur, or
2026-06-22 12:48:13 [INFO   ] PROGRESS |   HNI clients may be open to reviewing a strategic seed opportunity.
2026-06-22 12:48:13 [INFO   ] PROGRESS |   My name is Sandeep Jain. PlacementHub is currently in its pre-seed fundraising stage, and I am
2026-06-22 12:48:13 [INFO   ] PROGRESS |   soliciting strategic seed investment for the same. PlacementHub is a campus placement and employability
2026-06-22 12:48:13 [INFO   ] PROGRESS |   platform connecting students, colleges, and recruiters. The product is built and in early
2026-06-22 12:48:13 [INFO   ] PROGRESS |   commercialization.
2026-06-22 12:48:13 [INFO   ] PROGRESS |   For reference, the detailed business plan, including the business model and go-to-market strategies, is
2026-06-22 12:48:13 [INFO   ] PROGRESS |   available here:
2026-06-22 12:48:13 [INFO   ] PROGRESS |   PlacementHub Business Plan
2026-06-22 12:48:13 [INFO   ] PROGRESS |   For a Chartered Accountant firm, the relevance is mainly professional and strategic:
2026-06-22 12:48:13 [INFO   ] PROGRESS |   PlacementHub may require support across accounting, taxation, compliance, payroll, investor documentation, audit, and related professional services.
2026-06-22 12:48:13 [INFO   ] PROGRESS |   I would naturally be pleased to consider and prioritize firms that support PlacementHub during its early growth phase, subject to suitability and mutual agreement.
2026-06-22 12:48:13 [INFO   ] PROGRESS |   The relationship can begin with a simple review of the investment note and, where appropriate, introductions to suitable investor clients.
2026-06-22 12:48:13 [INFO   ] PROGRESS |   If the opportunity is worth a look, I would be happy to send the note and speak briefly about the round,
2026-06-22 12:48:13 [INFO   ] PROGRESS |   the platform, and the type of strategic investors we are looking for.
2026-06-22 12:48:13 [INFO   ] PROGRESS |   Please reply to this email or call me if you would like to explore it.
2026-06-22 12:48:13 [INFO   ] PROGRESS |   Warm Regards,
2026-06-22 12:48:13 [INFO   ] PROGRESS |   Sandeep Jain
2026-06-22 12:48:13 [INFO   ] PROGRESS |   Founder, PlacementHub
2026-06-22 12:48:13 [INFO   ] PROGRESS |   +91-9860090620
2026-06-22 12:48:13 [INFO   ] PROGRESS |   sandeepjain200019@gmail.com
2026-06-22 12:48:13 [INFO   ] PROGRESS |   Detailed Profile
2026-06-22 12:48:13 [INFO   ] PROGRESS |   Detailed Note on Funding Requirement
2026-06-22 12:48:13 [INFO   ] --------------------------------------------------------------
2026-06-22 12:48:13 [INFO   ] 
2026-06-22 12:48:13 [INFO   ] 
2026-06-22 12:48:13 [INFO   ] PROGRESS | Email preview — To: nadesatish@yahoo.co.in | Subject: PlacementHub pre-seed intro with S U N S V G & ASSOCIATES
2026-06-22 12:48:15 [INFO   ] SENT (Brevo) -> nadesatish@yahoo.co.in (S U N S V G & ASSOCIATES) | PlacementHub pre-seed intro with S U N S V G & ASSOCIATES | messageId=<202606220718.78925354074@smtp-relay.mailin.fr> (API accepted; run audit-brevo to confirm delivery)
2026-06-22 12:48:15 [INFO   ] Sleeping for 10 seconds
2026-06-22 12:48:25 [INFO   ] PROGRESS | Send 17/50 | SENT | nadesatish@yahoo.co.in | S U N S V G & ASSOCIATES [Chartered Accountants & Company Secretaries] | ok=16 fail=1 skip=0
2026-06-22 12:48:25 [INFO   ] PROGRESS | Send 18/50 | SENDING | amitmehraca@gmail.com | MEHRA AMIT & CO [Chartered Accountants & Company Secretaries] | ok=16 fail=1 skip=0
2026-06-22 12:48:28 [INFO   ] --------------------------------------------------------------
2026-06-22 12:48:28 [INFO   ] PROGRESS | Email content — To: amitmehraca@gmail.com
2026-06-22 12:48:28 [INFO   ] PROGRESS | Subject: PlacementHub pre-seed intro with MEHRA AMIT & CO
2026-06-22 12:48:28 [INFO   ] PROGRESS | Body:
2026-06-22 12:48:28 [INFO   ] PROGRESS |   Dear Sir/Madam,
2026-06-22 12:48:28 [INFO   ] PROGRESS |   I am reaching out to introduce PlacementHub and explore whether any of your investor, entrepreneur, or
2026-06-22 12:48:28 [INFO   ] PROGRESS |   HNI clients may be open to reviewing a strategic seed opportunity.
2026-06-22 12:48:28 [INFO   ] PROGRESS |   My name is Sandeep Jain. PlacementHub is currently in its pre-seed fundraising stage, and I am
2026-06-22 12:48:28 [INFO   ] PROGRESS |   soliciting strategic seed investment for the same. PlacementHub is a campus placement and employability
2026-06-22 12:48:28 [INFO   ] PROGRESS |   platform connecting students, colleges, and recruiters. The product is built and in early
2026-06-22 12:48:28 [INFO   ] PROGRESS |   commercialization.
2026-06-22 12:48:28 [INFO   ] PROGRESS |   For reference, the detailed business plan, including the business model and go-to-market strategies, is
2026-06-22 12:48:28 [INFO   ] PROGRESS |   available here:
2026-06-22 12:48:28 [INFO   ] PROGRESS |   PlacementHub Business Plan
2026-06-22 12:48:28 [INFO   ] PROGRESS |   For a Chartered Accountant firm, the relevance is mainly professional and strategic:
2026-06-22 12:48:28 [INFO   ] PROGRESS |   PlacementHub may require support across accounting, taxation, compliance, payroll, investor documentation, audit, and related professional services.
2026-06-22 12:48:28 [INFO   ] PROGRESS |   I would naturally be pleased to consider and prioritize firms that support PlacementHub during its early growth phase, subject to suitability and mutual agreement.
2026-06-22 12:48:28 [INFO   ] PROGRESS |   The relationship can begin with a simple review of the investment note and, where appropriate, introductions to suitable investor clients.
2026-06-22 12:48:28 [INFO   ] PROGRESS |   If the opportunity is worth a look, I would be happy to send the note and speak briefly about the round,
2026-06-22 12:48:28 [INFO   ] PROGRESS |   the platform, and the type of strategic investors we are looking for.
2026-06-22 12:48:28 [INFO   ] PROGRESS |   Please reply to this email or call me if you would like to explore it.
2026-06-22 12:48:28 [INFO   ] PROGRESS |   Warm Regards,
2026-06-22 12:48:28 [INFO   ] PROGRESS |   Sandeep Jain
2026-06-22 12:48:28 [INFO   ] PROGRESS |   Founder, PlacementHub
2026-06-22 12:48:28 [INFO   ] PROGRESS |   +91-9860090620
2026-06-22 12:48:28 [INFO   ] PROGRESS |   sandeepjain200019@gmail.com
2026-06-22 12:48:28 [INFO   ] PROGRESS |   Detailed Profile
2026-06-22 12:48:28 [INFO   ] PROGRESS |   Detailed Note on Funding Requirement
2026-06-22 12:48:28 [INFO   ] --------------------------------------------------------------
2026-06-22 12:48:28 [INFO   ] 
2026-06-22 12:48:28 [INFO   ] 
2026-06-22 12:48:28 [INFO   ] PROGRESS | Email preview — To: amitmehraca@gmail.com | Subject: PlacementHub pre-seed intro with MEHRA AMIT & CO
2026-06-22 12:48:30 [INFO   ] SENT (Brevo) -> amitmehraca@gmail.com (MEHRA AMIT & CO) | PlacementHub pre-seed intro with MEHRA AMIT & CO | messageId=<202606220718.25489350370@smtp-relay.mailin.fr> (API accepted; run audit-brevo to confirm delivery)
2026-06-22 12:48:30 [INFO   ] Sleeping for 10 seconds
2026-06-22 12:48:40 [INFO   ] PROGRESS | Send 18/50 | SENT | amitmehraca@gmail.com | MEHRA AMIT & CO [Chartered Accountants & Company Secretaries] | ok=17 fail=1 skip=0
2026-06-22 12:48:40 [INFO   ] PROGRESS | Send 19/50 | SENDING | carajeevkr646@gmail.com | RAJEEV K R & ASSOCIATES [Chartered Accountants & Company Secretaries] | ok=17 fail=1 skip=0
2026-06-22 12:48:42 [INFO   ] --------------------------------------------------------------
2026-06-22 12:48:42 [INFO   ] PROGRESS | Email content — To: carajeevkr646@gmail.com
2026-06-22 12:48:42 [INFO   ] PROGRESS | Subject: PlacementHub pre-seed intro with RAJEEV K R & ASSOCIATES
2026-06-22 12:48:42 [INFO   ] PROGRESS | Body:
2026-06-22 12:48:42 [INFO   ] PROGRESS |   Dear Sir/Madam,
2026-06-22 12:48:42 [INFO   ] PROGRESS |   I am reaching out to introduce PlacementHub and explore whether any of your investor, entrepreneur, or
2026-06-22 12:48:42 [INFO   ] PROGRESS |   HNI clients may be open to reviewing a strategic seed opportunity.
2026-06-22 12:48:42 [INFO   ] PROGRESS |   My name is Sandeep Jain. PlacementHub is currently in its pre-seed fundraising stage, and I am
2026-06-22 12:48:42 [INFO   ] PROGRESS |   soliciting strategic seed investment for the same. PlacementHub is a campus placement and employability
2026-06-22 12:48:42 [INFO   ] PROGRESS |   platform connecting students, colleges, and recruiters. The product is built and in early
2026-06-22 12:48:42 [INFO   ] PROGRESS |   commercialization.
2026-06-22 12:48:42 [INFO   ] PROGRESS |   For reference, the detailed business plan, including the business model and go-to-market strategies, is
2026-06-22 12:48:42 [INFO   ] PROGRESS |   available here:
2026-06-22 12:48:42 [INFO   ] PROGRESS |   PlacementHub Business Plan
2026-06-22 12:48:42 [INFO   ] PROGRESS |   For a Chartered Accountant firm, the relevance is mainly professional and strategic:
2026-06-22 12:48:42 [INFO   ] PROGRESS |   PlacementHub may require support across accounting, taxation, compliance, payroll, investor documentation, audit, and related professional services.
2026-06-22 12:48:42 [INFO   ] PROGRESS |   I would naturally be pleased to consider and prioritize firms that support PlacementHub during its early growth phase, subject to suitability and mutual agreement.
2026-06-22 12:48:42 [INFO   ] PROGRESS |   The relationship can begin with a simple review of the investment note and, where appropriate, introductions to suitable investor clients.
2026-06-22 12:48:42 [INFO   ] PROGRESS |   If the opportunity is worth a look, I would be happy to send the note and speak briefly about the round,
2026-06-22 12:48:42 [INFO   ] PROGRESS |   the platform, and the type of strategic investors we are looking for.
2026-06-22 12:48:42 [INFO   ] PROGRESS |   Please reply to this email or call me if you would like to explore it.
2026-06-22 12:48:42 [INFO   ] PROGRESS |   Warm Regards,
2026-06-22 12:48:42 [INFO   ] PROGRESS |   Sandeep Jain
2026-06-22 12:48:42 [INFO   ] PROGRESS |   Founder, PlacementHub
2026-06-22 12:48:42 [INFO   ] PROGRESS |   +91-9860090620
2026-06-22 12:48:42 [INFO   ] PROGRESS |   sandeepjain200019@gmail.com
2026-06-22 12:48:42 [INFO   ] PROGRESS |   Detailed Profile
2026-06-22 12:48:42 [INFO   ] PROGRESS |   Detailed Note on Funding Requirement
2026-06-22 12:48:42 [INFO   ] --------------------------------------------------------------
2026-06-22 12:48:42 [INFO   ] 
2026-06-22 12:48:42 [INFO   ] 
2026-06-22 12:48:42 [INFO   ] PROGRESS | Email preview — To: carajeevkr646@gmail.com | Subject: PlacementHub pre-seed intro with RAJEEV K R & ASSOCIATES
2026-06-22 12:48:44 [INFO   ] SENT (Brevo) -> carajeevkr646@gmail.com (RAJEEV K R & ASSOCIATES) | PlacementHub pre-seed intro with RAJEEV K R & ASSOCIATES | messageId=<202606220718.40166904427@smtp-relay.mailin.fr> (API accepted; run audit-brevo to confirm delivery)
2026-06-22 12:48:44 [INFO   ] Sleeping for 10 seconds
2026-06-22 12:48:54 [INFO   ] PROGRESS | Send 19/50 | SENT | carajeevkr646@gmail.com | RAJEEV K R & ASSOCIATES [Chartered Accountants & Company Secretaries] | ok=18 fail=1 skip=0
2026-06-22 12:48:54 [INFO   ] PROGRESS | Send 20/50 | SENDING | madhuri.saste@gmail.com | MADHURI SASTE & ASSOCIATES [Chartered Accountants & Company Secretaries] | ok=18 fail=1 skip=0
2026-06-22 12:48:55 [INFO   ] --------------------------------------------------------------
2026-06-22 12:48:55 [INFO   ] PROGRESS | Email content — To: madhuri.saste@gmail.com
2026-06-22 12:48:55 [INFO   ] PROGRESS | Subject: PlacementHub pre-seed intro with MADHURI SASTE & ASSOCIATES
2026-06-22 12:48:55 [INFO   ] PROGRESS | Body:
2026-06-22 12:48:55 [INFO   ] PROGRESS |   Dear Sir/Madam,
2026-06-22 12:48:55 [INFO   ] PROGRESS |   I am reaching out to introduce PlacementHub and explore whether any of your investor, entrepreneur, or
2026-06-22 12:48:55 [INFO   ] PROGRESS |   HNI clients may be open to reviewing a strategic seed opportunity.
2026-06-22 12:48:55 [INFO   ] PROGRESS |   My name is Sandeep Jain. PlacementHub is currently in its pre-seed fundraising stage, and I am
2026-06-22 12:48:55 [INFO   ] PROGRESS |   soliciting strategic seed investment for the same. PlacementHub is a campus placement and employability
2026-06-22 12:48:55 [INFO   ] PROGRESS |   platform connecting students, colleges, and recruiters. The product is built and in early
2026-06-22 12:48:55 [INFO   ] PROGRESS |   commercialization.
2026-06-22 12:48:55 [INFO   ] PROGRESS |   For reference, the detailed business plan, including the business model and go-to-market strategies, is
2026-06-22 12:48:55 [INFO   ] PROGRESS |   available here:
2026-06-22 12:48:55 [INFO   ] PROGRESS |   PlacementHub Business Plan
2026-06-22 12:48:55 [INFO   ] PROGRESS |   For a Chartered Accountant firm, the relevance is mainly professional and strategic:
2026-06-22 12:48:55 [INFO   ] PROGRESS |   PlacementHub may require support across accounting, taxation, compliance, payroll, investor documentation, audit, and related professional services.
2026-06-22 12:48:55 [INFO   ] PROGRESS |   I would naturally be pleased to consider and prioritize firms that support PlacementHub during its early growth phase, subject to suitability and mutual agreement.
2026-06-22 12:48:55 [INFO   ] PROGRESS |   The relationship can begin with a simple review of the investment note and, where appropriate, introductions to suitable investor clients.
2026-06-22 12:48:55 [INFO   ] PROGRESS |   If the opportunity is worth a look, I would be happy to send the note and speak briefly about the round,
2026-06-22 12:48:55 [INFO   ] PROGRESS |   the platform, and the type of strategic investors we are looking for.
2026-06-22 12:48:55 [INFO   ] PROGRESS |   Please reply to this email or call me if you would like to explore it.
2026-06-22 12:48:55 [INFO   ] PROGRESS |   Warm Regards,
2026-06-22 12:48:55 [INFO   ] PROGRESS |   Sandeep Jain
2026-06-22 12:48:55 [INFO   ] PROGRESS |   Founder, PlacementHub
2026-06-22 12:48:55 [INFO   ] PROGRESS |   +91-9860090620
2026-06-22 12:48:55 [INFO   ] PROGRESS |   sandeepjain200019@gmail.com
2026-06-22 12:48:55 [INFO   ] PROGRESS |   Detailed Profile
2026-06-22 12:48:55 [INFO   ] PROGRESS |   Detailed Note on Funding Requirement
2026-06-22 12:48:55 [INFO   ] --------------------------------------------------------------
2026-06-22 12:48:55 [INFO   ] 
2026-06-22 12:48:55 [INFO   ] 
2026-06-22 12:48:55 [INFO   ] PROGRESS | Email preview — To: madhuri.saste@gmail.com | Subject: PlacementHub pre-seed intro with MADHURI SASTE & ASSOCIATES
2026-06-22 12:48:57 [INFO   ] SENT (Brevo) -> madhuri.saste@gmail.com (MADHURI SASTE & ASSOCIATES) | PlacementHub pre-seed intro with MADHURI SASTE & ASSOCIATES | messageId=<202606220718.67106006022@smtp-relay.mailin.fr> (API accepted; run audit-brevo to confirm delivery)
2026-06-22 12:48:57 [INFO   ] Sleeping for 10 seconds
2026-06-22 12:49:07 [INFO   ] PROGRESS | Send 20/50 | SENT | madhuri.saste@gmail.com | MADHURI SASTE & ASSOCIATES [Chartered Accountants & Company Secretaries] | ok=19 fail=1 skip=0
2026-06-22 12:49:07 [INFO   ] PROGRESS | Send 21/50 | SENDING | constitution date | BATTULL AND ASSOCIATES LLP [Chartered Accountants & Company Secretaries] | ok=19 fail=1 skip=0
2026-06-22 12:49:19 [INFO   ] --------------------------------------------------------------
2026-06-22 12:49:19 [INFO   ] PROGRESS | Email content — To: constitution date
2026-06-22 12:49:19 [INFO   ] PROGRESS | Subject: PlacementHub pre-seed intro with BATTULL AND ASSOCIATES LLP
2026-06-22 12:49:19 [INFO   ] PROGRESS | Body:
2026-06-22 12:49:19 [INFO   ] PROGRESS |   Dear Sir/Madam,
2026-06-22 12:49:19 [INFO   ] PROGRESS |   I am reaching out to introduce PlacementHub and explore whether any of your investor, entrepreneur, or
2026-06-22 12:49:19 [INFO   ] PROGRESS |   HNI clients may be open to reviewing a strategic seed opportunity.
2026-06-22 12:49:19 [INFO   ] PROGRESS |   My name is Sandeep Jain. PlacementHub is currently in its pre-seed fundraising stage, and I am
2026-06-22 12:49:19 [INFO   ] PROGRESS |   soliciting strategic seed investment for the same. PlacementHub is a campus placement and employability
2026-06-22 12:49:19 [INFO   ] PROGRESS |   platform connecting students, colleges, and recruiters. The product is built and in early
2026-06-22 12:49:19 [INFO   ] PROGRESS |   commercialization.
2026-06-22 12:49:19 [INFO   ] PROGRESS |   For reference, the detailed business plan, including the business model and go-to-market strategies, is
2026-06-22 12:49:19 [INFO   ] PROGRESS |   available here:
2026-06-22 12:49:19 [INFO   ] PROGRESS |   PlacementHub Business Plan
2026-06-22 12:49:19 [INFO   ] PROGRESS |   For a Chartered Accountant firm, the relevance is mainly professional and strategic:
2026-06-22 12:49:19 [INFO   ] PROGRESS |   PlacementHub may require support across accounting, taxation, compliance, payroll, investor documentation, audit, and related professional services.
2026-06-22 12:49:19 [INFO   ] PROGRESS |   I would naturally be pleased to consider and prioritize firms that support PlacementHub during its early growth phase, subject to suitability and mutual agreement.
2026-06-22 12:49:19 [INFO   ] PROGRESS |   The relationship can begin with a simple review of the investment note and, where appropriate, introductions to suitable investor clients.
2026-06-22 12:49:19 [INFO   ] PROGRESS |   If the opportunity is worth a look, I would be happy to send the note and speak briefly about the round,
2026-06-22 12:49:19 [INFO   ] PROGRESS |   the platform, and the type of strategic investors we are looking for.
2026-06-22 12:49:19 [INFO   ] PROGRESS |   Please reply to this email or call me if you would like to explore it.
2026-06-22 12:49:19 [INFO   ] PROGRESS |   Warm Regards,
2026-06-22 12:49:19 [INFO   ] PROGRESS |   Sandeep Jain
2026-06-22 12:49:19 [INFO   ] PROGRESS |   Founder, PlacementHub
2026-06-22 12:49:19 [INFO   ] PROGRESS |   +91-9860090620
2026-06-22 12:49:19 [INFO   ] PROGRESS |   sandeepjain200019@gmail.com
2026-06-22 12:49:19 [INFO   ] PROGRESS |   Detailed Profile
2026-06-22 12:49:19 [INFO   ] PROGRESS |   Detailed Note on Funding Requirement
2026-06-22 12:49:19 [INFO   ] --------------------------------------------------------------
2026-06-22 12:49:19 [INFO   ] 
2026-06-22 12:49:19 [INFO   ] 
2026-06-22 12:49:19 [INFO   ] PROGRESS | Email preview — To: constitution date | Subject: PlacementHub pre-seed intro with BATTULL AND ASSOCIATES LLP
2026-06-22 12:49:20 [ERROR  ] Brevo send failed for constitution date: Brevo API send failed for constitution date: (400)
Reason: Bad Request
HTTP response headers: HTTPHeaderDict({'Date': 'Mon, 22 Jun 2026 07:19:19 GMT', 'Content-Type': 'application/json', 'Content-Length': '66', 'Connection': 'keep-alive', 'CF-RAY': 'a0f97be8aa9b4ffb-BCN', 'x-envoy-upstream-service-time': '17', 'access-control-allow-credentials': 'true', 'sib-request-id': 'b7f7d97b-c7cc-94ba-89f8-096599c4bdea', 'access-control-allow-origin': '*', 'access-control-allow-headers': '*', 'access-control-allow-methods': 'PUT, POST, GET, DELETE, PATCH, OPTIONS', 'x-sib-ratelimit-limit': '1000', 'x-sib-ratelimit-remaining': '999', 'x-sib-ratelimit-reset': '1', 'cf-cache-status': 'DYNAMIC', 'Set-Cookie': '_cfuvid=5ZuoZVd5R5SN2On94Da6Y3IyCV1bVKOV54pQ1byhcQg-1782112759197-0.0.1.1-604800000; path=/; domain=.sendinblue.com; HttpOnly; Secure; SameSite=None', 'Server': 'cloudflare'})
HTTP response body: {"code":"invalid_parameter","message":"email is not valid in to"}


2026-06-22 12:49:20 [INFO   ] PROGRESS | Send 21/50 | FAILED | constitution date | BATTULL AND ASSOCIATES LLP [Chartered Accountants & Company Secretaries] | ok=19 fail=2 skip=0
2026-06-22 12:49:20 [INFO   ] PROGRESS | Send 22/50 | SENDING | capornima@yahoo.com | PORNIMA S NAIK & ASSOCIATES [Chartered Accountants & Company Secretaries] | ok=19 fail=2 skip=0
2026-06-22 12:49:25 [INFO   ] --------------------------------------------------------------
2026-06-22 12:49:25 [INFO   ] PROGRESS | Email content — To: capornima@yahoo.com
2026-06-22 12:49:25 [INFO   ] PROGRESS | Subject: PlacementHub pre-seed intro with PORNIMA S NAIK & ASSOCIATES
2026-06-22 12:49:25 [INFO   ] PROGRESS | Body:
2026-06-22 12:49:25 [INFO   ] PROGRESS |   Dear Sir/Madam,
2026-06-22 12:49:25 [INFO   ] PROGRESS |   I am reaching out to introduce PlacementHub and explore whether any of your investor, entrepreneur, or
2026-06-22 12:49:25 [INFO   ] PROGRESS |   HNI clients may be open to reviewing a strategic seed opportunity.
2026-06-22 12:49:25 [INFO   ] PROGRESS |   My name is Sandeep Jain. PlacementHub is currently in its pre-seed fundraising stage, and I am
2026-06-22 12:49:25 [INFO   ] PROGRESS |   soliciting strategic seed investment for the same. PlacementHub is a campus placement and employability
2026-06-22 12:49:25 [INFO   ] PROGRESS |   platform connecting students, colleges, and recruiters. The product is built and in early
2026-06-22 12:49:25 [INFO   ] PROGRESS |   commercialization.
2026-06-22 12:49:25 [INFO   ] PROGRESS |   For reference, the detailed business plan, including the business model and go-to-market strategies, is
2026-06-22 12:49:25 [INFO   ] PROGRESS |   available here:
2026-06-22 12:49:25 [INFO   ] PROGRESS |   PlacementHub Business Plan
2026-06-22 12:49:25 [INFO   ] PROGRESS |   For a Chartered Accountant firm, the relevance is mainly professional and strategic:
2026-06-22 12:49:25 [INFO   ] PROGRESS |   PlacementHub may require support across accounting, taxation, compliance, payroll, investor documentation, audit, and related professional services.
2026-06-22 12:49:25 [INFO   ] PROGRESS |   I would naturally be pleased to consider and prioritize firms that support PlacementHub during its early growth phase, subject to suitability and mutual agreement.
2026-06-22 12:49:25 [INFO   ] PROGRESS |   The relationship can begin with a simple review of the investment note and, where appropriate, introductions to suitable investor clients.
2026-06-22 12:49:25 [INFO   ] PROGRESS |   If the opportunity is worth a look, I would be happy to send the note and speak briefly about the round,
2026-06-22 12:49:25 [INFO   ] PROGRESS |   the platform, and the type of strategic investors we are looking for.
2026-06-22 12:49:25 [INFO   ] PROGRESS |   Please reply to this email or call me if you would like to explore it.
2026-06-22 12:49:25 [INFO   ] PROGRESS |   Warm Regards,
2026-06-22 12:49:25 [INFO   ] PROGRESS |   Sandeep Jain
2026-06-22 12:49:25 [INFO   ] PROGRESS |   Founder, PlacementHub
2026-06-22 12:49:25 [INFO   ] PROGRESS |   +91-9860090620
2026-06-22 12:49:25 [INFO   ] PROGRESS |   sandeepjain200019@gmail.com
2026-06-22 12:49:25 [INFO   ] PROGRESS |   Detailed Profile
2026-06-22 12:49:25 [INFO   ] PROGRESS |   Detailed Note on Funding Requirement
2026-06-22 12:49:25 [INFO   ] --------------------------------------------------------------
2026-06-22 12:49:25 [INFO   ] 
2026-06-22 12:49:25 [INFO   ] 
2026-06-22 12:49:25 [INFO   ] PROGRESS | Email preview — To: capornima@yahoo.com | Subject: PlacementHub pre-seed intro with PORNIMA S NAIK & ASSOCIATES
2026-06-22 12:49:27 [INFO   ] SENT (Brevo) -> capornima@yahoo.com (PORNIMA S NAIK & ASSOCIATES) | PlacementHub pre-seed intro with PORNIMA S NAIK & ASSOCIATES | messageId=<202606220719.93005308511@smtp-relay.mailin.fr> (API accepted; run audit-brevo to confirm delivery)
2026-06-22 12:49:27 [INFO   ] Sleeping for 10 seconds
2026-06-22 12:49:37 [INFO   ] PROGRESS | Send 22/50 | SENT | capornima@yahoo.com | PORNIMA S NAIK & ASSOCIATES [Chartered Accountants & Company Secretaries] | ok=20 fail=2 skip=0
2026-06-22 12:49:37 [INFO   ] PROGRESS | Send 23/50 | SENDING | jashvant@gmail.com | J C R & CO [Chartered Accountants & Company Secretaries] | ok=20 fail=2 skip=0
2026-06-22 12:49:39 [INFO   ] --------------------------------------------------------------
2026-06-22 12:49:39 [INFO   ] PROGRESS | Email content — To: jashvant@gmail.com
2026-06-22 12:49:39 [INFO   ] PROGRESS | Subject: PlacementHub pre-seed intro with J C R & CO
2026-06-22 12:49:39 [INFO   ] PROGRESS | Body:
2026-06-22 12:49:39 [INFO   ] PROGRESS |   Dear Sir/Madam,
2026-06-22 12:49:39 [INFO   ] PROGRESS |   I am reaching out to introduce PlacementHub and explore whether any of your investor, entrepreneur, or
2026-06-22 12:49:39 [INFO   ] PROGRESS |   HNI clients may be open to reviewing a strategic seed opportunity.
2026-06-22 12:49:39 [INFO   ] PROGRESS |   My name is Sandeep Jain. PlacementHub is currently in its pre-seed fundraising stage, and I am
2026-06-22 12:49:39 [INFO   ] PROGRESS |   soliciting strategic seed investment for the same. PlacementHub is a campus placement and employability
2026-06-22 12:49:39 [INFO   ] PROGRESS |   platform connecting students, colleges, and recruiters. The product is built and in early
2026-06-22 12:49:39 [INFO   ] PROGRESS |   commercialization.
2026-06-22 12:49:39 [INFO   ] PROGRESS |   For reference, the detailed business plan, including the business model and go-to-market strategies, is
2026-06-22 12:49:39 [INFO   ] PROGRESS |   available here:
2026-06-22 12:49:39 [INFO   ] PROGRESS |   PlacementHub Business Plan
2026-06-22 12:49:39 [INFO   ] PROGRESS |   For a Chartered Accountant firm, the relevance is mainly professional and strategic:
2026-06-22 12:49:39 [INFO   ] PROGRESS |   PlacementHub may require support across accounting, taxation, compliance, payroll, investor documentation, audit, and related professional services.
2026-06-22 12:49:39 [INFO   ] PROGRESS |   I would naturally be pleased to consider and prioritize firms that support PlacementHub during its early growth phase, subject to suitability and mutual agreement.
2026-06-22 12:49:39 [INFO   ] PROGRESS |   The relationship can begin with a simple review of the investment note and, where appropriate, introductions to suitable investor clients.
2026-06-22 12:49:39 [INFO   ] PROGRESS |   If the opportunity is worth a look, I would be happy to send the note and speak briefly about the round,
2026-06-22 12:49:39 [INFO   ] PROGRESS |   the platform, and the type of strategic investors we are looking for.
2026-06-22 12:49:39 [INFO   ] PROGRESS |   Please reply to this email or call me if you would like to explore it.
2026-06-22 12:49:39 [INFO   ] PROGRESS |   Warm Regards,
2026-06-22 12:49:39 [INFO   ] PROGRESS |   Sandeep Jain
2026-06-22 12:49:39 [INFO   ] PROGRESS |   Founder, PlacementHub
2026-06-22 12:49:39 [INFO   ] PROGRESS |   +91-9860090620
2026-06-22 12:49:39 [INFO   ] PROGRESS |   sandeepjain200019@gmail.com
2026-06-22 12:49:39 [INFO   ] PROGRESS |   Detailed Profile
2026-06-22 12:49:39 [INFO   ] PROGRESS |   Detailed Note on Funding Requirement
2026-06-22 12:49:39 [INFO   ] --------------------------------------------------------------
2026-06-22 12:49:39 [INFO   ] 
2026-06-22 12:49:39 [INFO   ] 
2026-06-22 12:49:39 [INFO   ] PROGRESS | Email preview — To: jashvant@gmail.com | Subject: PlacementHub pre-seed intro with J C R & CO
2026-06-22 12:49:40 [INFO   ] SENT (Brevo) -> jashvant@gmail.com (J C R & CO) | PlacementHub pre-seed intro with J C R & CO | messageId=<202606220719.88794927541@smtp-relay.mailin.fr> (API accepted; run audit-brevo to confirm delivery)
2026-06-22 12:49:40 [INFO   ] Sleeping for 10 seconds
2026-06-22 12:49:50 [INFO   ] PROGRESS | Send 23/50 | SENT | jashvant@gmail.com | J C R & CO [Chartered Accountants & Company Secretaries] | ok=21 fail=2 skip=0
2026-06-22 12:49:50 [INFO   ] PROGRESS | Send 24/50 | SENDING | ghkumbhar@gmail.com | GANESH KUMBHAR AND ASSOCIATES [Chartered Accountants & Company Secretaries] | ok=21 fail=2 skip=0
2026-06-22 12:49:54 [INFO   ] --------------------------------------------------------------
2026-06-22 12:49:54 [INFO   ] PROGRESS | Email content — To: ghkumbhar@gmail.com
2026-06-22 12:49:54 [INFO   ] PROGRESS | Subject: PlacementHub pre-seed intro with GANESH KUMBHAR AND ASSOCIATES
2026-06-22 12:49:54 [INFO   ] PROGRESS | Body:
2026-06-22 12:49:54 [INFO   ] PROGRESS |   Dear Sir/Madam,
2026-06-22 12:49:54 [INFO   ] PROGRESS |   I am reaching out to introduce PlacementHub and explore whether any of your investor, entrepreneur, or
2026-06-22 12:49:54 [INFO   ] PROGRESS |   HNI clients may be open to reviewing a strategic seed opportunity.
2026-06-22 12:49:54 [INFO   ] PROGRESS |   My name is Sandeep Jain. PlacementHub is currently in its pre-seed fundraising stage, and I am
2026-06-22 12:49:54 [INFO   ] PROGRESS |   soliciting strategic seed investment for the same. PlacementHub is a campus placement and employability
2026-06-22 12:49:54 [INFO   ] PROGRESS |   platform connecting students, colleges, and recruiters. The product is built and in early
2026-06-22 12:49:54 [INFO   ] PROGRESS |   commercialization.
2026-06-22 12:49:54 [INFO   ] PROGRESS |   For reference, the detailed business plan, including the business model and go-to-market strategies, is
2026-06-22 12:49:54 [INFO   ] PROGRESS |   available here:
2026-06-22 12:49:54 [INFO   ] PROGRESS |   PlacementHub Business Plan
2026-06-22 12:49:54 [INFO   ] PROGRESS |   For a Chartered Accountant firm, the relevance is mainly professional and strategic:
2026-06-22 12:49:54 [INFO   ] PROGRESS |   PlacementHub may require support across accounting, taxation, compliance, payroll, investor documentation, audit, and related professional services.
2026-06-22 12:49:54 [INFO   ] PROGRESS |   I would naturally be pleased to consider and prioritize firms that support PlacementHub during its early growth phase, subject to suitability and mutual agreement.
2026-06-22 12:49:54 [INFO   ] PROGRESS |   The relationship can begin with a simple review of the investment note and, where appropriate, introductions to suitable investor clients.
2026-06-22 12:49:54 [INFO   ] PROGRESS |   If the opportunity is worth a look, I would be happy to send the note and speak briefly about the round,
2026-06-22 12:49:54 [INFO   ] PROGRESS |   the platform, and the type of strategic investors we are looking for.
2026-06-22 12:49:54 [INFO   ] PROGRESS |   Please reply to this email or call me if you would like to explore it.
2026-06-22 12:49:54 [INFO   ] PROGRESS |   Warm Regards,
2026-06-22 12:49:54 [INFO   ] PROGRESS |   Sandeep Jain
2026-06-22 12:49:54 [INFO   ] PROGRESS |   Founder, PlacementHub
2026-06-22 12:49:54 [INFO   ] PROGRESS |   +91-9860090620
2026-06-22 12:49:54 [INFO   ] PROGRESS |   sandeepjain200019@gmail.com
2026-06-22 12:49:54 [INFO   ] PROGRESS |   Detailed Profile
2026-06-22 12:49:54 [INFO   ] PROGRESS |   Detailed Note on Funding Requirement
2026-06-22 12:49:54 [INFO   ] --------------------------------------------------------------
2026-06-22 12:49:54 [INFO   ] 
2026-06-22 12:49:54 [INFO   ] 
2026-06-22 12:49:54 [INFO   ] PROGRESS | Email preview — To: ghkumbhar@gmail.com | Subject: PlacementHub pre-seed intro with GANESH KUMBHAR AND ASSOCIATES
2026-06-22 12:49:55 [INFO   ] SENT (Brevo) -> ghkumbhar@gmail.com (GANESH KUMBHAR AND ASSOCIATES) | PlacementHub pre-seed intro with GANESH KUMBHAR AND ASSOCIATES | messageId=<202606220719.49083652551@smtp-relay.mailin.fr> (API accepted; run audit-brevo to confirm delivery)
2026-06-22 12:49:55 [INFO   ] Sleeping for 10 seconds
2026-06-22 12:50:05 [INFO   ] PROGRESS | Send 24/50 | SENT | ghkumbhar@gmail.com | GANESH KUMBHAR AND ASSOCIATES [Chartered Accountants & Company Secretaries] | ok=22 fail=2 skip=0
2026-06-22 12:50:05 [INFO   ] PROGRESS | Send 25/50 | SENDING | cayogeshreddy33@gmail.com | Y S B & CO [Chartered Accountants & Company Secretaries] | ok=22 fail=2 skip=0
2026-06-22 12:50:19 [INFO   ] --------------------------------------------------------------
2026-06-22 12:50:19 [INFO   ] PROGRESS | Email content — To: cayogeshreddy33@gmail.com
2026-06-22 12:50:19 [INFO   ] PROGRESS | Subject: PlacementHub pre-seed intro with Y S B & CO
2026-06-22 12:50:19 [INFO   ] PROGRESS | Body:
2026-06-22 12:50:19 [INFO   ] PROGRESS |   Dear Sir/Madam,
2026-06-22 12:50:19 [INFO   ] PROGRESS |   I am reaching out to introduce PlacementHub and explore whether any of your investor, entrepreneur, or
2026-06-22 12:50:19 [INFO   ] PROGRESS |   HNI clients may be open to reviewing a strategic seed opportunity.
2026-06-22 12:50:19 [INFO   ] PROGRESS |   My name is Sandeep Jain. PlacementHub is currently in its pre-seed fundraising stage, and I am
2026-06-22 12:50:19 [INFO   ] PROGRESS |   soliciting strategic seed investment for the same. PlacementHub is a campus placement and employability
2026-06-22 12:50:19 [INFO   ] PROGRESS |   platform connecting students, colleges, and recruiters. The product is built and in early
2026-06-22 12:50:19 [INFO   ] PROGRESS |   commercialization.
2026-06-22 12:50:19 [INFO   ] PROGRESS |   For reference, the detailed business plan, including the business model and go-to-market strategies, is
2026-06-22 12:50:19 [INFO   ] PROGRESS |   available here:
2026-06-22 12:50:19 [INFO   ] PROGRESS |   PlacementHub Business Plan
2026-06-22 12:50:19 [INFO   ] PROGRESS |   For a Chartered Accountant firm, the relevance is mainly professional and strategic:
2026-06-22 12:50:19 [INFO   ] PROGRESS |   PlacementHub may require support across accounting, taxation, compliance, payroll, investor documentation, audit, and related professional services.
2026-06-22 12:50:19 [INFO   ] PROGRESS |   I would naturally be pleased to consider and prioritize firms that support PlacementHub during its early growth phase, subject to suitability and mutual agreement.
2026-06-22 12:50:19 [INFO   ] PROGRESS |   The relationship can begin with a simple review of the investment note and, where appropriate, introductions to suitable investor clients.
2026-06-22 12:50:19 [INFO   ] PROGRESS |   If the opportunity is worth a look, I would be happy to send the note and speak briefly about the round,
2026-06-22 12:50:19 [INFO   ] PROGRESS |   the platform, and the type of strategic investors we are looking for.
2026-06-22 12:50:19 [INFO   ] PROGRESS |   Please reply to this email or call me if you would like to explore it.
2026-06-22 12:50:19 [INFO   ] PROGRESS |   Warm Regards,
2026-06-22 12:50:19 [INFO   ] PROGRESS |   Sandeep Jain
2026-06-22 12:50:19 [INFO   ] PROGRESS |   Founder, PlacementHub
2026-06-22 12:50:19 [INFO   ] PROGRESS |   +91-9860090620
2026-06-22 12:50:19 [INFO   ] PROGRESS |   sandeepjain200019@gmail.com
2026-06-22 12:50:19 [INFO   ] PROGRESS |   Detailed Profile
2026-06-22 12:50:19 [INFO   ] PROGRESS |   Detailed Note on Funding Requirement
2026-06-22 12:50:19 [INFO   ] --------------------------------------------------------------
2026-06-22 12:50:19 [INFO   ] 
2026-06-22 12:50:19 [INFO   ] 
2026-06-22 12:50:19 [INFO   ] PROGRESS | Email preview — To: cayogeshreddy33@gmail.com | Subject: PlacementHub pre-seed intro with Y S B & CO
2026-06-22 12:50:20 [INFO   ] SENT (Brevo) -> cayogeshreddy33@gmail.com (Y S B & CO) | PlacementHub pre-seed intro with Y S B & CO | messageId=<202606220720.96057497407@smtp-relay.mailin.fr> (API accepted; run audit-brevo to confirm delivery)
2026-06-22 12:50:20 [INFO   ] Sleeping for 10 seconds
2026-06-22 12:50:30 [INFO   ] PROGRESS | Send 25/50 | SENT | cayogeshreddy33@gmail.com | Y S B & CO [Chartered Accountants & Company Secretaries] | ok=23 fail=2 skip=0
2026-06-22 12:50:30 [INFO   ] PROGRESS | Send 26/50 | SENDING | vaidyamanthan9@gmail.com | MANTHAN VAIDYA & ASSOCIATES [Chartered Accountants & Company Secretaries] | ok=23 fail=2 skip=0
2026-06-22 12:50:46 [INFO   ] --------------------------------------------------------------
2026-06-22 12:50:46 [INFO   ] PROGRESS | Email content — To: vaidyamanthan9@gmail.com
2026-06-22 12:50:46 [INFO   ] PROGRESS | Subject: PlacementHub pre-seed intro with MANTHAN VAIDYA & ASSOCIATES
2026-06-22 12:50:46 [INFO   ] PROGRESS | Body:
2026-06-22 12:50:46 [INFO   ] PROGRESS |   Dear Sir/Madam,
2026-06-22 12:50:46 [INFO   ] PROGRESS |   I am reaching out to introduce PlacementHub and explore whether any of your investor, entrepreneur, or
2026-06-22 12:50:46 [INFO   ] PROGRESS |   HNI clients may be open to reviewing a strategic seed opportunity.
2026-06-22 12:50:46 [INFO   ] PROGRESS |   My name is Sandeep Jain. PlacementHub is currently in its pre-seed fundraising stage, and I am
2026-06-22 12:50:46 [INFO   ] PROGRESS |   soliciting strategic seed investment for the same. PlacementHub is a campus placement and employability
2026-06-22 12:50:46 [INFO   ] PROGRESS |   platform connecting students, colleges, and recruiters. The product is built and in early
2026-06-22 12:50:46 [INFO   ] PROGRESS |   commercialization.
2026-06-22 12:50:46 [INFO   ] PROGRESS |   For reference, the detailed business plan, including the business model and go-to-market strategies, is
2026-06-22 12:50:46 [INFO   ] PROGRESS |   available here:
2026-06-22 12:50:46 [INFO   ] PROGRESS |   PlacementHub Business Plan
2026-06-22 12:50:46 [INFO   ] PROGRESS |   For a Chartered Accountant firm, the relevance is mainly professional and strategic:
2026-06-22 12:50:46 [INFO   ] PROGRESS |   PlacementHub may require support across accounting, taxation, compliance, payroll, investor documentation, audit, and related professional services.
2026-06-22 12:50:46 [INFO   ] PROGRESS |   I would naturally be pleased to consider and prioritize firms that support PlacementHub during its early growth phase, subject to suitability and mutual agreement.
2026-06-22 12:50:46 [INFO   ] PROGRESS |   The relationship can begin with a simple review of the investment note and, where appropriate, introductions to suitable investor clients.
2026-06-22 12:50:46 [INFO   ] PROGRESS |   If the opportunity is worth a look, I would be happy to send the note and speak briefly about the round,
2026-06-22 12:50:46 [INFO   ] PROGRESS |   the platform, and the type of strategic investors we are looking for.
2026-06-22 12:50:46 [INFO   ] PROGRESS |   Please reply to this email or call me if you would like to explore it.
2026-06-22 12:50:46 [INFO   ] PROGRESS |   Warm Regards,
2026-06-22 12:50:46 [INFO   ] PROGRESS |   Sandeep Jain
2026-06-22 12:50:46 [INFO   ] PROGRESS |   Founder, PlacementHub
2026-06-22 12:50:46 [INFO   ] PROGRESS |   +91-9860090620
2026-06-22 12:50:46 [INFO   ] PROGRESS |   sandeepjain200019@gmail.com
2026-06-22 12:50:46 [INFO   ] PROGRESS |   Detailed Profile
2026-06-22 12:50:46 [INFO   ] PROGRESS |   Detailed Note on Funding Requirement
2026-06-22 12:50:46 [INFO   ] --------------------------------------------------------------
2026-06-22 12:50:46 [INFO   ] 
2026-06-22 12:50:46 [INFO   ] 
2026-06-22 12:50:46 [INFO   ] PROGRESS | Email preview — To: vaidyamanthan9@gmail.com | Subject: PlacementHub pre-seed intro with MANTHAN VAIDYA & ASSOCIATES
2026-06-22 12:50:48 [INFO   ] SENT (Brevo) -> vaidyamanthan9@gmail.com (MANTHAN VAIDYA & ASSOCIATES) | PlacementHub pre-seed intro with MANTHAN VAIDYA & ASSOCIATES | messageId=<202606220720.79538738650@smtp-relay.mailin.fr> (API accepted; run audit-brevo to confirm delivery)
2026-06-22 12:50:48 [INFO   ] Sleeping for 10 seconds
2026-06-22 12:50:58 [INFO   ] PROGRESS | Send 26/50 | SENT | vaidyamanthan9@gmail.com | MANTHAN VAIDYA & ASSOCIATES [Chartered Accountants & Company Secretaries] | ok=24 fail=2 skip=0
2026-06-22 12:50:58 [INFO   ] PROGRESS | Send 27/50 | SENDING | shreyasi1510@gmail.com | M M N & CO [Chartered Accountants & Company Secretaries] | ok=24 fail=2 skip=0
2026-06-22 12:51:11 [INFO   ] --------------------------------------------------------------
2026-06-22 12:51:11 [INFO   ] PROGRESS | Email content — To: shreyasi1510@gmail.com
2026-06-22 12:51:11 [INFO   ] PROGRESS | Subject: PlacementHub pre-seed intro with M M N & CO
2026-06-22 12:51:11 [INFO   ] PROGRESS | Body:
2026-06-22 12:51:11 [INFO   ] PROGRESS |   Dear Sir/Madam,
2026-06-22 12:51:11 [INFO   ] PROGRESS |   I am reaching out to introduce PlacementHub and explore whether any of your investor, entrepreneur, or
2026-06-22 12:51:11 [INFO   ] PROGRESS |   HNI clients may be open to reviewing a strategic seed opportunity.
2026-06-22 12:51:11 [INFO   ] PROGRESS |   My name is Sandeep Jain. PlacementHub is currently in its pre-seed fundraising stage, and I am
2026-06-22 12:51:11 [INFO   ] PROGRESS |   soliciting strategic seed investment for the same. PlacementHub is a campus placement and employability
2026-06-22 12:51:11 [INFO   ] PROGRESS |   platform connecting students, colleges, and recruiters. The product is built and in early
2026-06-22 12:51:11 [INFO   ] PROGRESS |   commercialization.
2026-06-22 12:51:11 [INFO   ] PROGRESS |   For reference, the detailed business plan, including the business model and go-to-market strategies, is
2026-06-22 12:51:11 [INFO   ] PROGRESS |   available here:
2026-06-22 12:51:11 [INFO   ] PROGRESS |   PlacementHub Business Plan
2026-06-22 12:51:11 [INFO   ] PROGRESS |   For a Chartered Accountant firm, the relevance is mainly professional and strategic:
2026-06-22 12:51:11 [INFO   ] PROGRESS |   PlacementHub may require support across accounting, taxation, compliance, payroll, investor documentation, audit, and related professional services.
2026-06-22 12:51:11 [INFO   ] PROGRESS |   I would naturally be pleased to consider and prioritize firms that support PlacementHub during its early growth phase, subject to suitability and mutual agreement.
2026-06-22 12:51:11 [INFO   ] PROGRESS |   The relationship can begin with a simple review of the investment note and, where appropriate, introductions to suitable investor clients.
2026-06-22 12:51:11 [INFO   ] PROGRESS |   If the opportunity is worth a look, I would be happy to send the note and speak briefly about the round,
2026-06-22 12:51:11 [INFO   ] PROGRESS |   the platform, and the type of strategic investors we are looking for.
2026-06-22 12:51:11 [INFO   ] PROGRESS |   Please reply to this email or call me if you would like to explore it.
2026-06-22 12:51:11 [INFO   ] PROGRESS |   Warm Regards,
2026-06-22 12:51:11 [INFO   ] PROGRESS |   Sandeep Jain
2026-06-22 12:51:11 [INFO   ] PROGRESS |   Founder, PlacementHub
2026-06-22 12:51:11 [INFO   ] PROGRESS |   +91-9860090620
2026-06-22 12:51:11 [INFO   ] PROGRESS |   sandeepjain200019@gmail.com
2026-06-22 12:51:11 [INFO   ] PROGRESS |   Detailed Profile
2026-06-22 12:51:11 [INFO   ] PROGRESS |   Detailed Note on Funding Requirement
2026-06-22 12:51:11 [INFO   ] --------------------------------------------------------------
2026-06-22 12:51:11 [INFO   ] 
2026-06-22 12:51:11 [INFO   ] 
2026-06-22 12:51:11 [INFO   ] PROGRESS | Email preview — To: shreyasi1510@gmail.com | Subject: PlacementHub pre-seed intro with M M N & CO
2026-06-22 12:51:13 [INFO   ] SENT (Brevo) -> shreyasi1510@gmail.com (M M N & CO) | PlacementHub pre-seed intro with M M N & CO | messageId=<202606220721.64248613308@smtp-relay.mailin.fr> (API accepted; run audit-brevo to confirm delivery)
2026-06-22 12:51:13 [INFO   ] Sleeping for 10 seconds
2026-06-22 12:51:23 [INFO   ] PROGRESS | Send 27/50 | SENT | shreyasi1510@gmail.com | M M N & CO [Chartered Accountants & Company Secretaries] | ok=25 fail=2 skip=0
2026-06-22 12:51:23 [INFO   ] PROGRESS | Send 28/50 | SENDING | cacsvpshaha@gmail.com | MUNDHE SHAHA & CO [Chartered Accountants & Company Secretaries] | ok=25 fail=2 skip=0
2026-06-22 12:51:26 [INFO   ] --------------------------------------------------------------
2026-06-22 12:51:26 [INFO   ] PROGRESS | Email content — To: cacsvpshaha@gmail.com
2026-06-22 12:51:26 [INFO   ] PROGRESS | Subject: PlacementHub pre-seed intro with MUNDHE SHAHA & CO
2026-06-22 12:51:26 [INFO   ] PROGRESS | Body:
2026-06-22 12:51:26 [INFO   ] PROGRESS |   Dear Sir/Madam,
2026-06-22 12:51:26 [INFO   ] PROGRESS |   I am reaching out to introduce PlacementHub and explore whether any of your investor, entrepreneur, or
2026-06-22 12:51:26 [INFO   ] PROGRESS |   HNI clients may be open to reviewing a strategic seed opportunity.
2026-06-22 12:51:26 [INFO   ] PROGRESS |   My name is Sandeep Jain. PlacementHub is currently in its pre-seed fundraising stage, and I am
2026-06-22 12:51:26 [INFO   ] PROGRESS |   soliciting strategic seed investment for the same. PlacementHub is a campus placement and employability
2026-06-22 12:51:26 [INFO   ] PROGRESS |   platform connecting students, colleges, and recruiters. The product is built and in early
2026-06-22 12:51:26 [INFO   ] PROGRESS |   commercialization.
2026-06-22 12:51:26 [INFO   ] PROGRESS |   For reference, the detailed business plan, including the business model and go-to-market strategies, is
2026-06-22 12:51:26 [INFO   ] PROGRESS |   available here:
2026-06-22 12:51:26 [INFO   ] PROGRESS |   PlacementHub Business Plan
2026-06-22 12:51:26 [INFO   ] PROGRESS |   For a Chartered Accountant firm, the relevance is mainly professional and strategic:
2026-06-22 12:51:26 [INFO   ] PROGRESS |   PlacementHub may require support across accounting, taxation, compliance, payroll, investor documentation, audit, and related professional services.
2026-06-22 12:51:26 [INFO   ] PROGRESS |   I would naturally be pleased to consider and prioritize firms that support PlacementHub during its early growth phase, subject to suitability and mutual agreement.
2026-06-22 12:51:26 [INFO   ] PROGRESS |   The relationship can begin with a simple review of the investment note and, where appropriate, introductions to suitable investor clients.
2026-06-22 12:51:26 [INFO   ] PROGRESS |   If the opportunity is worth a look, I would be happy to send the note and speak briefly about the round,
2026-06-22 12:51:26 [INFO   ] PROGRESS |   the platform, and the type of strategic investors we are looking for.
2026-06-22 12:51:26 [INFO   ] PROGRESS |   Please reply to this email or call me if you would like to explore it.
2026-06-22 12:51:26 [INFO   ] PROGRESS |   Warm Regards,
2026-06-22 12:51:26 [INFO   ] PROGRESS |   Sandeep Jain
2026-06-22 12:51:26 [INFO   ] PROGRESS |   Founder, PlacementHub
2026-06-22 12:51:26 [INFO   ] PROGRESS |   +91-9860090620
2026-06-22 12:51:26 [INFO   ] PROGRESS |   sandeepjain200019@gmail.com
2026-06-22 12:51:26 [INFO   ] PROGRESS |   Detailed Profile
2026-06-22 12:51:26 [INFO   ] PROGRESS |   Detailed Note on Funding Requirement
2026-06-22 12:51:26 [INFO   ] --------------------------------------------------------------
2026-06-22 12:51:26 [INFO   ] 
2026-06-22 12:51:26 [INFO   ] 
2026-06-22 12:51:26 [INFO   ] PROGRESS | Email preview — To: cacsvpshaha@gmail.com | Subject: PlacementHub pre-seed intro with MUNDHE SHAHA & CO
2026-06-22 12:51:28 [INFO   ] SENT (Brevo) -> cacsvpshaha@gmail.com (MUNDHE SHAHA & CO) | PlacementHub pre-seed intro with MUNDHE SHAHA & CO | messageId=<202606220721.84859802591@smtp-relay.mailin.fr> (API accepted; run audit-brevo to confirm delivery)
2026-06-22 12:51:28 [INFO   ] Sleeping for 10 seconds
2026-06-22 12:51:38 [INFO   ] PROGRESS | Send 28/50 | SENT | cacsvpshaha@gmail.com | MUNDHE SHAHA & CO [Chartered Accountants & Company Secretaries] | ok=26 fail=2 skip=0
2026-06-22 12:51:38 [INFO   ] PROGRESS | Send 29/50 | SENDING | caridhimashroff@gmail.com | SHROFF & COMPANY [Chartered Accountants & Company Secretaries] | ok=26 fail=2 skip=0
2026-06-22 12:51:43 [INFO   ] --------------------------------------------------------------
2026-06-22 12:51:43 [INFO   ] PROGRESS | Email content — To: caridhimashroff@gmail.com
2026-06-22 12:51:43 [INFO   ] PROGRESS | Subject: PlacementHub pre-seed intro with SHROFF & COMPANY
2026-06-22 12:51:43 [INFO   ] PROGRESS | Body:
2026-06-22 12:51:43 [INFO   ] PROGRESS |   Dear Sir/Madam,
2026-06-22 12:51:43 [INFO   ] PROGRESS |   I am reaching out to introduce PlacementHub and explore whether any of your investor, entrepreneur, or
2026-06-22 12:51:43 [INFO   ] PROGRESS |   HNI clients may be open to reviewing a strategic seed opportunity.
2026-06-22 12:51:43 [INFO   ] PROGRESS |   My name is Sandeep Jain. PlacementHub is currently in its pre-seed fundraising stage, and I am
2026-06-22 12:51:43 [INFO   ] PROGRESS |   soliciting strategic seed investment for the same. PlacementHub is a campus placement and employability
2026-06-22 12:51:43 [INFO   ] PROGRESS |   platform connecting students, colleges, and recruiters. The product is built and in early
2026-06-22 12:51:43 [INFO   ] PROGRESS |   commercialization.
2026-06-22 12:51:43 [INFO   ] PROGRESS |   For reference, the detailed business plan, including the business model and go-to-market strategies, is
2026-06-22 12:51:43 [INFO   ] PROGRESS |   available here:
2026-06-22 12:51:43 [INFO   ] PROGRESS |   PlacementHub Business Plan
2026-06-22 12:51:43 [INFO   ] PROGRESS |   For a Chartered Accountant firm, the relevance is mainly professional and strategic:
2026-06-22 12:51:43 [INFO   ] PROGRESS |   PlacementHub may require support across accounting, taxation, compliance, payroll, investor documentation, audit, and related professional services.
2026-06-22 12:51:43 [INFO   ] PROGRESS |   I would naturally be pleased to consider and prioritize firms that support PlacementHub during its early growth phase, subject to suitability and mutual agreement.
2026-06-22 12:51:43 [INFO   ] PROGRESS |   The relationship can begin with a simple review of the investment note and, where appropriate, introductions to suitable investor clients.
2026-06-22 12:51:43 [INFO   ] PROGRESS |   If the opportunity is worth a look, I would be happy to send the note and speak briefly about the round,
2026-06-22 12:51:43 [INFO   ] PROGRESS |   the platform, and the type of strategic investors we are looking for.
2026-06-22 12:51:43 [INFO   ] PROGRESS |   Please reply to this email or call me if you would like to explore it.
2026-06-22 12:51:43 [INFO   ] PROGRESS |   Warm Regards,
2026-06-22 12:51:43 [INFO   ] PROGRESS |   Sandeep Jain
2026-06-22 12:51:43 [INFO   ] PROGRESS |   Founder, PlacementHub
2026-06-22 12:51:43 [INFO   ] PROGRESS |   +91-9860090620
2026-06-22 12:51:43 [INFO   ] PROGRESS |   sandeepjain200019@gmail.com
2026-06-22 12:51:43 [INFO   ] PROGRESS |   Detailed Profile
2026-06-22 12:51:43 [INFO   ] PROGRESS |   Detailed Note on Funding Requirement
2026-06-22 12:51:43 [INFO   ] --------------------------------------------------------------
2026-06-22 12:51:43 [INFO   ] 
2026-06-22 12:51:43 [INFO   ] 
2026-06-22 12:51:43 [INFO   ] PROGRESS | Email preview — To: caridhimashroff@gmail.com | Subject: PlacementHub pre-seed intro with SHROFF & COMPANY
2026-06-22 12:51:44 [INFO   ] SENT (Brevo) -> caridhimashroff@gmail.com (SHROFF & COMPANY) | PlacementHub pre-seed intro with SHROFF & COMPANY | messageId=<202606220721.65511589873@smtp-relay.mailin.fr> (API accepted; run audit-brevo to confirm delivery)
2026-06-22 12:51:44 [INFO   ] Sleeping for 10 seconds
2026-06-22 12:51:54 [INFO   ] PROGRESS | Send 29/50 | SENT | caridhimashroff@gmail.com | SHROFF & COMPANY [Chartered Accountants & Company Secretaries] | ok=27 fail=2 skip=0
2026-06-22 12:51:54 [INFO   ] PROGRESS | Send 30/50 | SENDING | cagopalkv@gmail.com | GOPAL K VERMA & CO [Chartered Accountants & Company Secretaries] | ok=27 fail=2 skip=0
2026-06-22 12:52:02 [INFO   ] --------------------------------------------------------------
2026-06-22 12:52:02 [INFO   ] PROGRESS | Email content — To: cagopalkv@gmail.com
2026-06-22 12:52:02 [INFO   ] PROGRESS | Subject: PlacementHub pre-seed intro with GOPAL K VERMA & CO
2026-06-22 12:52:02 [INFO   ] PROGRESS | Body:
2026-06-22 12:52:02 [INFO   ] PROGRESS |   Dear Sir/Madam,
2026-06-22 12:52:02 [INFO   ] PROGRESS |   I am reaching out to introduce PlacementHub and explore whether any of your investor, entrepreneur, or
2026-06-22 12:52:02 [INFO   ] PROGRESS |   HNI clients may be open to reviewing a strategic seed opportunity.
2026-06-22 12:52:02 [INFO   ] PROGRESS |   My name is Sandeep Jain. PlacementHub is currently in its pre-seed fundraising stage, and I am
2026-06-22 12:52:02 [INFO   ] PROGRESS |   soliciting strategic seed investment for the same. PlacementHub is a campus placement and employability
2026-06-22 12:52:02 [INFO   ] PROGRESS |   platform connecting students, colleges, and recruiters. The product is built and in early
2026-06-22 12:52:02 [INFO   ] PROGRESS |   commercialization.
2026-06-22 12:52:02 [INFO   ] PROGRESS |   For reference, the detailed business plan, including the business model and go-to-market strategies, is
2026-06-22 12:52:02 [INFO   ] PROGRESS |   available here:
2026-06-22 12:52:02 [INFO   ] PROGRESS |   PlacementHub Business Plan
2026-06-22 12:52:02 [INFO   ] PROGRESS |   For a Chartered Accountant firm, the relevance is mainly professional and strategic:
2026-06-22 12:52:02 [INFO   ] PROGRESS |   PlacementHub may require support across accounting, taxation, compliance, payroll, investor documentation, audit, and related professional services.
2026-06-22 12:52:02 [INFO   ] PROGRESS |   I would naturally be pleased to consider and prioritize firms that support PlacementHub during its early growth phase, subject to suitability and mutual agreement.
2026-06-22 12:52:02 [INFO   ] PROGRESS |   The relationship can begin with a simple review of the investment note and, where appropriate, introductions to suitable investor clients.
2026-06-22 12:52:02 [INFO   ] PROGRESS |   If the opportunity is worth a look, I would be happy to send the note and speak briefly about the round,
2026-06-22 12:52:02 [INFO   ] PROGRESS |   the platform, and the type of strategic investors we are looking for.
2026-06-22 12:52:02 [INFO   ] PROGRESS |   Please reply to this email or call me if you would like to explore it.
2026-06-22 12:52:02 [INFO   ] PROGRESS |   Warm Regards,
2026-06-22 12:52:02 [INFO   ] PROGRESS |   Sandeep Jain
2026-06-22 12:52:02 [INFO   ] PROGRESS |   Founder, PlacementHub
2026-06-22 12:52:02 [INFO   ] PROGRESS |   +91-9860090620
2026-06-22 12:52:02 [INFO   ] PROGRESS |   sandeepjain200019@gmail.com
2026-06-22 12:52:02 [INFO   ] PROGRESS |   Detailed Profile
2026-06-22 12:52:02 [INFO   ] PROGRESS |   Detailed Note on Funding Requirement
2026-06-22 12:52:02 [INFO   ] --------------------------------------------------------------
2026-06-22 12:52:02 [INFO   ] 
2026-06-22 12:52:02 [INFO   ] 
2026-06-22 12:52:02 [INFO   ] PROGRESS | Email preview — To: cagopalkv@gmail.com | Subject: PlacementHub pre-seed intro with GOPAL K VERMA & CO
2026-06-22 12:52:03 [INFO   ] SENT (Brevo) -> cagopalkv@gmail.com (GOPAL K VERMA & CO) | PlacementHub pre-seed intro with GOPAL K VERMA & CO | messageId=<202606220722.68389949556@smtp-relay.mailin.fr> (API accepted; run audit-brevo to confirm delivery)
2026-06-22 12:52:03 [INFO   ] Sleeping for 10 seconds
2026-06-22 12:52:13 [INFO   ] PROGRESS | Send 30/50 | SENT | cagopalkv@gmail.com | GOPAL K VERMA & CO [Chartered Accountants & Company Secretaries] | ok=28 fail=2 skip=0
2026-06-22 12:52:13 [INFO   ] PROGRESS | Send 31/50 | SENDING | ravi007kamthe@gmail.com | H T R & ASSOCIATES [Chartered Accountants & Company Secretaries] | ok=28 fail=2 skip=0
2026-06-22 12:52:25 [INFO   ] --------------------------------------------------------------
2026-06-22 12:52:25 [INFO   ] PROGRESS | Email content — To: ravi007kamthe@gmail.com
2026-06-22 12:52:25 [INFO   ] PROGRESS | Subject: PlacementHub pre-seed intro with H T R & ASSOCIATES
2026-06-22 12:52:25 [INFO   ] PROGRESS | Body:
2026-06-22 12:52:25 [INFO   ] PROGRESS |   Dear Sir/Madam,
2026-06-22 12:52:25 [INFO   ] PROGRESS |   I am reaching out to introduce PlacementHub and explore whether any of your investor, entrepreneur, or
2026-06-22 12:52:25 [INFO   ] PROGRESS |   HNI clients may be open to reviewing a strategic seed opportunity.
2026-06-22 12:52:25 [INFO   ] PROGRESS |   My name is Sandeep Jain. PlacementHub is currently in its pre-seed fundraising stage, and I am
2026-06-22 12:52:25 [INFO   ] PROGRESS |   soliciting strategic seed investment for the same. PlacementHub is a campus placement and employability
2026-06-22 12:52:25 [INFO   ] PROGRESS |   platform connecting students, colleges, and recruiters. The product is built and in early
2026-06-22 12:52:25 [INFO   ] PROGRESS |   commercialization.
2026-06-22 12:52:25 [INFO   ] PROGRESS |   For reference, the detailed business plan, including the business model and go-to-market strategies, is
2026-06-22 12:52:25 [INFO   ] PROGRESS |   available here:
2026-06-22 12:52:25 [INFO   ] PROGRESS |   PlacementHub Business Plan
2026-06-22 12:52:25 [INFO   ] PROGRESS |   For a Chartered Accountant firm, the relevance is mainly professional and strategic:
2026-06-22 12:52:25 [INFO   ] PROGRESS |   PlacementHub may require support across accounting, taxation, compliance, payroll, investor documentation, audit, and related professional services.
2026-06-22 12:52:25 [INFO   ] PROGRESS |   I would naturally be pleased to consider and prioritize firms that support PlacementHub during its early growth phase, subject to suitability and mutual agreement.
2026-06-22 12:52:25 [INFO   ] PROGRESS |   The relationship can begin with a simple review of the investment note and, where appropriate, introductions to suitable investor clients.
2026-06-22 12:52:25 [INFO   ] PROGRESS |   If the opportunity is worth a look, I would be happy to send the note and speak briefly about the round,
2026-06-22 12:52:25 [INFO   ] PROGRESS |   the platform, and the type of strategic investors we are looking for.
2026-06-22 12:52:25 [INFO   ] PROGRESS |   Please reply to this email or call me if you would like to explore it.
2026-06-22 12:52:25 [INFO   ] PROGRESS |   Warm Regards,
2026-06-22 12:52:25 [INFO   ] PROGRESS |   Sandeep Jain
2026-06-22 12:52:25 [INFO   ] PROGRESS |   Founder, PlacementHub
2026-06-22 12:52:25 [INFO   ] PROGRESS |   +91-9860090620
2026-06-22 12:52:25 [INFO   ] PROGRESS |   sandeepjain200019@gmail.com
2026-06-22 12:52:25 [INFO   ] PROGRESS |   Detailed Profile
2026-06-22 12:52:25 [INFO   ] PROGRESS |   Detailed Note on Funding Requirement
2026-06-22 12:52:25 [INFO   ] --------------------------------------------------------------
2026-06-22 12:52:25 [INFO   ] 
2026-06-22 12:52:25 [INFO   ] 
2026-06-22 12:52:25 [INFO   ] PROGRESS | Email preview — To: ravi007kamthe@gmail.com | Subject: PlacementHub pre-seed intro with H T R & ASSOCIATES
2026-06-22 12:52:27 [INFO   ] SENT (Brevo) -> ravi007kamthe@gmail.com (H T R & ASSOCIATES) | PlacementHub pre-seed intro with H T R & ASSOCIATES | messageId=<202606220722.83909818160@smtp-relay.mailin.fr> (API accepted; run audit-brevo to confirm delivery)
2026-06-22 12:52:27 [INFO   ] Sleeping for 10 seconds
2026-06-22 12:52:37 [INFO   ] PROGRESS | Send 31/50 | SENT | ravi007kamthe@gmail.com | H T R & ASSOCIATES [Chartered Accountants & Company Secretaries] | ok=29 fail=2 skip=0
2026-06-22 12:52:37 [INFO   ] PROGRESS | Send 32/50 | SENDING | gokulrathi007@yahoo.co.in | G B RATHI & CO [Chartered Accountants & Company Secretaries] | ok=29 fail=2 skip=0
2026-06-22 12:52:42 [INFO   ] --------------------------------------------------------------
2026-06-22 12:52:42 [INFO   ] PROGRESS | Email content — To: gokulrathi007@yahoo.co.in
2026-06-22 12:52:42 [INFO   ] PROGRESS | Subject: PlacementHub pre-seed intro with G B RATHI & CO
2026-06-22 12:52:42 [INFO   ] PROGRESS | Body:
2026-06-22 12:52:42 [INFO   ] PROGRESS |   Dear Sir/Madam,
2026-06-22 12:52:42 [INFO   ] PROGRESS |   I am reaching out to introduce PlacementHub and explore whether any of your investor, entrepreneur, or
2026-06-22 12:52:42 [INFO   ] PROGRESS |   HNI clients may be open to reviewing a strategic seed opportunity.
2026-06-22 12:52:42 [INFO   ] PROGRESS |   My name is Sandeep Jain. PlacementHub is currently in its pre-seed fundraising stage, and I am
2026-06-22 12:52:42 [INFO   ] PROGRESS |   soliciting strategic seed investment for the same. PlacementHub is a campus placement and employability
2026-06-22 12:52:43 [INFO   ] PROGRESS |   platform connecting students, colleges, and recruiters. The product is built and in early
2026-06-22 12:52:43 [INFO   ] PROGRESS |   commercialization.
2026-06-22 12:52:43 [INFO   ] PROGRESS |   For reference, the detailed business plan, including the business model and go-to-market strategies, is
2026-06-22 12:52:43 [INFO   ] PROGRESS |   available here:
2026-06-22 12:52:43 [INFO   ] PROGRESS |   PlacementHub Business Plan
2026-06-22 12:52:43 [INFO   ] PROGRESS |   For a Chartered Accountant firm, the relevance is mainly professional and strategic:
2026-06-22 12:52:43 [INFO   ] PROGRESS |   PlacementHub may require support across accounting, taxation, compliance, payroll, investor documentation, audit, and related professional services.
2026-06-22 12:52:43 [INFO   ] PROGRESS |   I would naturally be pleased to consider and prioritize firms that support PlacementHub during its early growth phase, subject to suitability and mutual agreement.
2026-06-22 12:52:43 [INFO   ] PROGRESS |   The relationship can begin with a simple review of the investment note and, where appropriate, introductions to suitable investor clients.
2026-06-22 12:52:43 [INFO   ] PROGRESS |   If the opportunity is worth a look, I would be happy to send the note and speak briefly about the round,
2026-06-22 12:52:43 [INFO   ] PROGRESS |   the platform, and the type of strategic investors we are looking for.
2026-06-22 12:52:43 [INFO   ] PROGRESS |   Please reply to this email or call me if you would like to explore it.
2026-06-22 12:52:43 [INFO   ] PROGRESS |   Warm Regards,
2026-06-22 12:52:43 [INFO   ] PROGRESS |   Sandeep Jain
2026-06-22 12:52:43 [INFO   ] PROGRESS |   Founder, PlacementHub
2026-06-22 12:52:43 [INFO   ] PROGRESS |   +91-9860090620
2026-06-22 12:52:43 [INFO   ] PROGRESS |   sandeepjain200019@gmail.com
2026-06-22 12:52:43 [INFO   ] PROGRESS |   Detailed Profile
2026-06-22 12:52:43 [INFO   ] PROGRESS |   Detailed Note on Funding Requirement
2026-06-22 12:52:43 [INFO   ] --------------------------------------------------------------
2026-06-22 12:52:43 [INFO   ] 
2026-06-22 12:52:43 [INFO   ] 
2026-06-22 12:52:43 [INFO   ] PROGRESS | Email preview — To: gokulrathi007@yahoo.co.in | Subject: PlacementHub pre-seed intro with G B RATHI & CO
2026-06-22 12:52:44 [INFO   ] SENT (Brevo) -> gokulrathi007@yahoo.co.in (G B RATHI & CO) | PlacementHub pre-seed intro with G B RATHI & CO | messageId=<202606220722.28851950399@smtp-relay.mailin.fr> (API accepted; run audit-brevo to confirm delivery)
2026-06-22 12:52:44 [INFO   ] Sleeping for 10 seconds
2026-06-22 12:52:54 [INFO   ] PROGRESS | Send 32/50 | SENT | gokulrathi007@yahoo.co.in | G B RATHI & CO [Chartered Accountants & Company Secretaries] | ok=30 fail=2 skip=0
2026-06-22 12:52:54 [INFO   ] PROGRESS | Send 33/50 | SENDING | parneet.hora@gmail.com | P N HORA & CO [Chartered Accountants & Company Secretaries] | ok=30 fail=2 skip=0
2026-06-22 12:53:24 [WARNING] NVIDIA call failed (attempt 1/5): The read operation timed out — rotating key.
2026-06-22 12:53:36 [INFO   ] --------------------------------------------------------------
2026-06-22 12:53:36 [INFO   ] PROGRESS | Email content — To: parneet.hora@gmail.com
2026-06-22 12:53:36 [INFO   ] PROGRESS | Subject: PlacementHub pre-seed intro with P N HORA & CO
2026-06-22 12:53:36 [INFO   ] PROGRESS | Body:
2026-06-22 12:53:36 [INFO   ] PROGRESS |   Dear Sir/Madam,
2026-06-22 12:53:36 [INFO   ] PROGRESS |   I am reaching out to introduce PlacementHub and explore whether any of your investor, entrepreneur, or
2026-06-22 12:53:36 [INFO   ] PROGRESS |   HNI clients may be open to reviewing a strategic seed opportunity.
2026-06-22 12:53:36 [INFO   ] PROGRESS |   My name is Sandeep Jain. PlacementHub is currently in its pre-seed fundraising stage, and I am
2026-06-22 12:53:36 [INFO   ] PROGRESS |   soliciting strategic seed investment for the same. PlacementHub is a campus placement and employability
2026-06-22 12:53:36 [INFO   ] PROGRESS |   platform connecting students, colleges, and recruiters. The product is built and in early
2026-06-22 12:53:36 [INFO   ] PROGRESS |   commercialization.
2026-06-22 12:53:36 [INFO   ] PROGRESS |   For reference, the detailed business plan, including the business model and go-to-market strategies, is
2026-06-22 12:53:36 [INFO   ] PROGRESS |   available here:
2026-06-22 12:53:36 [INFO   ] PROGRESS |   PlacementHub Business Plan
2026-06-22 12:53:36 [INFO   ] PROGRESS |   For a Chartered Accountant firm, the relevance is mainly professional and strategic:
2026-06-22 12:53:36 [INFO   ] PROGRESS |   PlacementHub may require support across accounting, taxation, compliance, payroll, investor documentation, audit, and related professional services.
2026-06-22 12:53:36 [INFO   ] PROGRESS |   I would naturally be pleased to consider and prioritize firms that support PlacementHub during its early growth phase, subject to suitability and mutual agreement.
2026-06-22 12:53:36 [INFO   ] PROGRESS |   The relationship can begin with a simple review of the investment note and, where appropriate, introductions to suitable investor clients.
2026-06-22 12:53:36 [INFO   ] PROGRESS |   If the opportunity is worth a look, I would be happy to send the note and speak briefly about the round,
2026-06-22 12:53:36 [INFO   ] PROGRESS |   the platform, and the type of strategic investors we are looking for.
2026-06-22 12:53:36 [INFO   ] PROGRESS |   Please reply to this email or call me if you would like to explore it.
2026-06-22 12:53:36 [INFO   ] PROGRESS |   Warm Regards,
2026-06-22 12:53:36 [INFO   ] PROGRESS |   Sandeep Jain
2026-06-22 12:53:36 [INFO   ] PROGRESS |   Founder, PlacementHub
2026-06-22 12:53:36 [INFO   ] PROGRESS |   +91-9860090620
2026-06-22 12:53:36 [INFO   ] PROGRESS |   sandeepjain200019@gmail.com
2026-06-22 12:53:36 [INFO   ] PROGRESS |   Detailed Profile
2026-06-22 12:53:36 [INFO   ] PROGRESS |   Detailed Note on Funding Requirement
2026-06-22 12:53:36 [INFO   ] --------------------------------------------------------------
2026-06-22 12:53:36 [INFO   ] 
2026-06-22 12:53:36 [INFO   ] 
2026-06-22 12:53:36 [INFO   ] PROGRESS | Email preview — To: parneet.hora@gmail.com | Subject: PlacementHub pre-seed intro with P N HORA & CO
2026-06-22 12:53:37 [INFO   ] SENT (Brevo) -> parneet.hora@gmail.com (P N HORA & CO) | PlacementHub pre-seed intro with P N HORA & CO | messageId=<202606220723.38583512077@smtp-relay.mailin.fr> (API accepted; run audit-brevo to confirm delivery)
2026-06-22 12:53:37 [INFO   ] Sleeping for 10 seconds
2026-06-22 12:53:47 [INFO   ] PROGRESS | Send 33/50 | SENT | parneet.hora@gmail.com | P N HORA & CO [Chartered Accountants & Company Secretaries] | ok=31 fail=2 skip=0
2026-06-22 12:53:47 [INFO   ] PROGRESS | Send 34/50 | SENDING | carsontakke@gmail.com | RAHUL SONTAKKE & CO [Chartered Accountants & Company Secretaries] | ok=31 fail=2 skip=0
2026-06-22 12:53:53 [INFO   ] --------------------------------------------------------------
2026-06-22 12:53:53 [INFO   ] PROGRESS | Email content — To: carsontakke@gmail.com
2026-06-22 12:53:53 [INFO   ] PROGRESS | Subject: PlacementHub pre-seed intro with RAHUL SONTAKKE & CO
2026-06-22 12:53:53 [INFO   ] PROGRESS | Body:
2026-06-22 12:53:53 [INFO   ] PROGRESS |   Dear Sir/Madam,
2026-06-22 12:53:53 [INFO   ] PROGRESS |   I am reaching out to introduce PlacementHub and explore whether any of your investor, entrepreneur, or
2026-06-22 12:53:53 [INFO   ] PROGRESS |   HNI clients may be open to reviewing a strategic seed opportunity.
2026-06-22 12:53:53 [INFO   ] PROGRESS |   My name is Sandeep Jain. PlacementHub is currently in its pre-seed fundraising stage, and I am
2026-06-22 12:53:53 [INFO   ] PROGRESS |   soliciting strategic seed investment for the same. PlacementHub is a campus placement and employability
2026-06-22 12:53:53 [INFO   ] PROGRESS |   platform connecting students, colleges, and recruiters. The product is built and in early
2026-06-22 12:53:53 [INFO   ] PROGRESS |   commercialization.
2026-06-22 12:53:53 [INFO   ] PROGRESS |   For reference, the detailed business plan, including the business model and go-to-market strategies, is
2026-06-22 12:53:53 [INFO   ] PROGRESS |   available here:
2026-06-22 12:53:53 [INFO   ] PROGRESS |   PlacementHub Business Plan
2026-06-22 12:53:53 [INFO   ] PROGRESS |   For a Chartered Accountant firm, the relevance is mainly professional and strategic:
2026-06-22 12:53:53 [INFO   ] PROGRESS |   PlacementHub may require support across accounting, taxation, compliance, payroll, investor documentation, audit, and related professional services.
2026-06-22 12:53:53 [INFO   ] PROGRESS |   I would naturally be pleased to consider and prioritize firms that support PlacementHub during its early growth phase, subject to suitability and mutual agreement.
2026-06-22 12:53:53 [INFO   ] PROGRESS |   The relationship can begin with a simple review of the investment note and, where appropriate, introductions to suitable investor clients.
2026-06-22 12:53:53 [INFO   ] PROGRESS |   If the opportunity is worth a look, I would be happy to send the note and speak briefly about the round,
2026-06-22 12:53:53 [INFO   ] PROGRESS |   the platform, and the type of strategic investors we are looking for.
2026-06-22 12:53:53 [INFO   ] PROGRESS |   Please reply to this email or call me if you would like to explore it.
2026-06-22 12:53:53 [INFO   ] PROGRESS |   Warm Regards,
2026-06-22 12:53:53 [INFO   ] PROGRESS |   Sandeep Jain
2026-06-22 12:53:53 [INFO   ] PROGRESS |   Founder, PlacementHub
2026-06-22 12:53:53 [INFO   ] PROGRESS |   +91-9860090620
2026-06-22 12:53:53 [INFO   ] PROGRESS |   sandeepjain200019@gmail.com
2026-06-22 12:53:53 [INFO   ] PROGRESS |   Detailed Profile
2026-06-22 12:53:53 [INFO   ] PROGRESS |   Detailed Note on Funding Requirement
2026-06-22 12:53:53 [INFO   ] --------------------------------------------------------------
2026-06-22 12:53:53 [INFO   ] 
2026-06-22 12:53:53 [INFO   ] 
2026-06-22 12:53:53 [INFO   ] PROGRESS | Email preview — To: carsontakke@gmail.com | Subject: PlacementHub pre-seed intro with RAHUL SONTAKKE & CO
2026-06-22 12:53:55 [INFO   ] SENT (Brevo) -> carsontakke@gmail.com (RAHUL SONTAKKE & CO) | PlacementHub pre-seed intro with RAHUL SONTAKKE & CO | messageId=<202606220723.39414705690@smtp-relay.mailin.fr> (API accepted; run audit-brevo to confirm delivery)
2026-06-22 12:53:55 [INFO   ] Sleeping for 10 seconds
2026-06-22 12:54:05 [INFO   ] PROGRESS | Send 34/50 | SENT | carsontakke@gmail.com | RAHUL SONTAKKE & CO [Chartered Accountants & Company Secretaries] | ok=32 fail=2 skip=0
2026-06-22 12:54:05 [INFO   ] PROGRESS | Send 35/50 | SENDING | capratikbora@gmail.com | PRATIK BORA & ASSOCIATES [Chartered Accountants & Company Secretaries] | ok=32 fail=2 skip=0
2026-06-22 12:54:35 [WARNING] NVIDIA call failed (attempt 1/5): The read operation timed out — rotating key.
2026-06-22 12:54:40 [INFO   ] --------------------------------------------------------------
2026-06-22 12:54:40 [INFO   ] PROGRESS | Email content — To: capratikbora@gmail.com
2026-06-22 12:54:40 [INFO   ] PROGRESS | Subject: PlacementHub pre-seed intro with PRATIK BORA & ASSOCIATES
2026-06-22 12:54:40 [INFO   ] PROGRESS | Body:
2026-06-22 12:54:40 [INFO   ] PROGRESS |   Dear Sir/Madam,
2026-06-22 12:54:40 [INFO   ] PROGRESS |   I am reaching out to introduce PlacementHub and explore whether any of your investor, entrepreneur, or
2026-06-22 12:54:40 [INFO   ] PROGRESS |   HNI clients may be open to reviewing a strategic seed opportunity.
2026-06-22 12:54:40 [INFO   ] PROGRESS |   My name is Sandeep Jain. PlacementHub is currently in its pre-seed fundraising stage, and I am
2026-06-22 12:54:40 [INFO   ] PROGRESS |   soliciting strategic seed investment for the same. PlacementHub is a campus placement and employability
2026-06-22 12:54:40 [INFO   ] PROGRESS |   platform connecting students, colleges, and recruiters. The product is built and in early
2026-06-22 12:54:40 [INFO   ] PROGRESS |   commercialization.
2026-06-22 12:54:40 [INFO   ] PROGRESS |   For reference, the detailed business plan, including the business model and go-to-market strategies, is
2026-06-22 12:54:40 [INFO   ] PROGRESS |   available here:
2026-06-22 12:54:40 [INFO   ] PROGRESS |   PlacementHub Business Plan
2026-06-22 12:54:40 [INFO   ] PROGRESS |   For a Chartered Accountant firm, the relevance is mainly professional and strategic:
2026-06-22 12:54:40 [INFO   ] PROGRESS |   PlacementHub may require support across accounting, taxation, compliance, payroll, investor documentation, audit, and related professional services.
2026-06-22 12:54:40 [INFO   ] PROGRESS |   I would naturally be pleased to consider and prioritize firms that support PlacementHub during its early growth phase, subject to suitability and mutual agreement.
2026-06-22 12:54:40 [INFO   ] PROGRESS |   The relationship can begin with a simple review of the investment note and, where appropriate, introductions to suitable investor clients.
2026-06-22 12:54:40 [INFO   ] PROGRESS |   If the opportunity is worth a look, I would be happy to send the note and speak briefly about the round,
2026-06-22 12:54:40 [INFO   ] PROGRESS |   the platform, and the type of strategic investors we are looking for.
2026-06-22 12:54:40 [INFO   ] PROGRESS |   Please reply to this email or call me if you would like to explore it.
2026-06-22 12:54:40 [INFO   ] PROGRESS |   Warm Regards,
2026-06-22 12:54:40 [INFO   ] PROGRESS |   Sandeep Jain
2026-06-22 12:54:40 [INFO   ] PROGRESS |   Founder, PlacementHub
2026-06-22 12:54:40 [INFO   ] PROGRESS |   +91-9860090620
2026-06-22 12:54:40 [INFO   ] PROGRESS |   sandeepjain200019@gmail.com
2026-06-22 12:54:40 [INFO   ] PROGRESS |   Detailed Profile
2026-06-22 12:54:40 [INFO   ] PROGRESS |   Detailed Note on Funding Requirement
2026-06-22 12:54:40 [INFO   ] --------------------------------------------------------------
2026-06-22 12:54:40 [INFO   ] 
2026-06-22 12:54:40 [INFO   ] 
2026-06-22 12:54:40 [INFO   ] PROGRESS | Email preview — To: capratikbora@gmail.com | Subject: PlacementHub pre-seed intro with PRATIK BORA & ASSOCIATES
2026-06-22 12:54:42 [INFO   ] SENT (Brevo) -> capratikbora@gmail.com (PRATIK BORA & ASSOCIATES) | PlacementHub pre-seed intro with PRATIK BORA & ASSOCIATES | messageId=<202606220724.18172692243@smtp-relay.mailin.fr> (API accepted; run audit-brevo to confirm delivery)
2026-06-22 12:54:42 [INFO   ] Sleeping for 10 seconds
2026-06-22 12:54:52 [INFO   ] PROGRESS | Send 35/50 | SENT | capratikbora@gmail.com | PRATIK BORA & ASSOCIATES [Chartered Accountants & Company Secretaries] | ok=33 fail=2 skip=0
2026-06-22 12:54:52 [INFO   ] PROGRESS | Send 36/50 | SENDING | rutachitale@rediffmail.com | SHASHANK PATKI & ASSOCIATES [Chartered Accountants & Company Secretaries] | ok=33 fail=2 skip=0
2026-06-22 12:54:56 [INFO   ] --------------------------------------------------------------
2026-06-22 12:54:56 [INFO   ] PROGRESS | Email content — To: rutachitale@rediffmail.com
2026-06-22 12:54:56 [INFO   ] PROGRESS | Subject: PlacementHub pre-seed intro with SHASHANK PATKI & ASSOCIATES
2026-06-22 12:54:56 [INFO   ] PROGRESS | Body:
2026-06-22 12:54:56 [INFO   ] PROGRESS |   Dear Sir/Madam,
2026-06-22 12:54:56 [INFO   ] PROGRESS |   I am reaching out to introduce PlacementHub and explore whether any of your investor, entrepreneur, or
2026-06-22 12:54:56 [INFO   ] PROGRESS |   HNI clients may be open to reviewing a strategic seed opportunity.
2026-06-22 12:54:56 [INFO   ] PROGRESS |   My name is Sandeep Jain. PlacementHub is currently in its pre-seed fundraising stage, and I am
2026-06-22 12:54:56 [INFO   ] PROGRESS |   soliciting strategic seed investment for the same. PlacementHub is a campus placement and employability
2026-06-22 12:54:56 [INFO   ] PROGRESS |   platform connecting students, colleges, and recruiters. The product is built and in early
2026-06-22 12:54:56 [INFO   ] PROGRESS |   commercialization.
2026-06-22 12:54:56 [INFO   ] PROGRESS |   For reference, the detailed business plan, including the business model and go-to-market strategies, is
2026-06-22 12:54:56 [INFO   ] PROGRESS |   available here:
2026-06-22 12:54:56 [INFO   ] PROGRESS |   PlacementHub Business Plan
2026-06-22 12:54:56 [INFO   ] PROGRESS |   For a Chartered Accountant firm, the relevance is mainly professional and strategic:
2026-06-22 12:54:56 [INFO   ] PROGRESS |   PlacementHub may require support across accounting, taxation, compliance, payroll, investor documentation, audit, and related professional services.
2026-06-22 12:54:56 [INFO   ] PROGRESS |   I would naturally be pleased to consider and prioritize firms that support PlacementHub during its early growth phase, subject to suitability and mutual agreement.
2026-06-22 12:54:56 [INFO   ] PROGRESS |   The relationship can begin with a simple review of the investment note and, where appropriate, introductions to suitable investor clients.
2026-06-22 12:54:56 [INFO   ] PROGRESS |   If the opportunity is worth a look, I would be happy to send the note and speak briefly about the round,
2026-06-22 12:54:56 [INFO   ] PROGRESS |   the platform, and the type of strategic investors we are looking for.
2026-06-22 12:54:56 [INFO   ] PROGRESS |   Please reply to this email or call me if you would like to explore it.
2026-06-22 12:54:56 [INFO   ] PROGRESS |   Warm Regards,
2026-06-22 12:54:56 [INFO   ] PROGRESS |   Sandeep Jain
2026-06-22 12:54:56 [INFO   ] PROGRESS |   Founder, PlacementHub
2026-06-22 12:54:56 [INFO   ] PROGRESS |   +91-9860090620
2026-06-22 12:54:56 [INFO   ] PROGRESS |   sandeepjain200019@gmail.com
2026-06-22 12:54:56 [INFO   ] PROGRESS |   Detailed Profile
2026-06-22 12:54:56 [INFO   ] PROGRESS |   Detailed Note on Funding Requirement
2026-06-22 12:54:56 [INFO   ] --------------------------------------------------------------
2026-06-22 12:54:56 [INFO   ] 
2026-06-22 12:54:56 [INFO   ] 
2026-06-22 12:54:56 [INFO   ] PROGRESS | Email preview — To: rutachitale@rediffmail.com | Subject: PlacementHub pre-seed intro with SHASHANK PATKI & ASSOCIATES
2026-06-22 12:54:57 [INFO   ] SENT (Brevo) -> rutachitale@rediffmail.com (SHASHANK PATKI & ASSOCIATES) | PlacementHub pre-seed intro with SHASHANK PATKI & ASSOCIATES | messageId=<202606220724.28050395464@smtp-relay.mailin.fr> (API accepted; run audit-brevo to confirm delivery)
2026-06-22 12:54:57 [INFO   ] Sleeping for 10 seconds
2026-06-22 12:55:07 [INFO   ] PROGRESS | Send 36/50 | SENT | rutachitale@rediffmail.com | SHASHANK PATKI & ASSOCIATES [Chartered Accountants & Company Secretaries] | ok=34 fail=2 skip=0
2026-06-22 12:55:07 [INFO   ] PROGRESS | Send 37/50 | SENDING | ca.akashkhinvasara@gmail.com | KHINVASARA AND ASSOCIATES [Chartered Accountants & Company Secretaries] | ok=34 fail=2 skip=0
2026-06-22 12:55:10 [INFO   ] --------------------------------------------------------------
2026-06-22 12:55:10 [INFO   ] PROGRESS | Email content — To: ca.akashkhinvasara@gmail.com
2026-06-22 12:55:10 [INFO   ] PROGRESS | Subject: PlacementHub pre-seed intro with KHINVASARA AND ASSOCIATES
2026-06-22 12:55:10 [INFO   ] PROGRESS | Body:
2026-06-22 12:55:10 [INFO   ] PROGRESS |   Dear Sir/Madam,
2026-06-22 12:55:10 [INFO   ] PROGRESS |   I am reaching out to introduce PlacementHub and explore whether any of your investor, entrepreneur, or
2026-06-22 12:55:10 [INFO   ] PROGRESS |   HNI clients may be open to reviewing a strategic seed opportunity.
2026-06-22 12:55:10 [INFO   ] PROGRESS |   My name is Sandeep Jain. PlacementHub is currently in its pre-seed fundraising stage, and I am
2026-06-22 12:55:10 [INFO   ] PROGRESS |   soliciting strategic seed investment for the same. PlacementHub is a campus placement and employability
2026-06-22 12:55:10 [INFO   ] PROGRESS |   platform connecting students, colleges, and recruiters. The product is built and in early
2026-06-22 12:55:10 [INFO   ] PROGRESS |   commercialization.
2026-06-22 12:55:10 [INFO   ] PROGRESS |   For reference, the detailed business plan, including the business model and go-to-market strategies, is
2026-06-22 12:55:10 [INFO   ] PROGRESS |   available here:
2026-06-22 12:55:10 [INFO   ] PROGRESS |   PlacementHub Business Plan
2026-06-22 12:55:10 [INFO   ] PROGRESS |   For a Chartered Accountant firm, the relevance is mainly professional and strategic:
2026-06-22 12:55:10 [INFO   ] PROGRESS |   PlacementHub may require support across accounting, taxation, compliance, payroll, investor documentation, audit, and related professional services.
2026-06-22 12:55:10 [INFO   ] PROGRESS |   I would naturally be pleased to consider and prioritize firms that support PlacementHub during its early growth phase, subject to suitability and mutual agreement.
2026-06-22 12:55:10 [INFO   ] PROGRESS |   The relationship can begin with a simple review of the investment note and, where appropriate, introductions to suitable investor clients.
2026-06-22 12:55:10 [INFO   ] PROGRESS |   If the opportunity is worth a look, I would be happy to send the note and speak briefly about the round,
2026-06-22 12:55:10 [INFO   ] PROGRESS |   the platform, and the type of strategic investors we are looking for.
2026-06-22 12:55:10 [INFO   ] PROGRESS |   Please reply to this email or call me if you would like to explore it.
2026-06-22 12:55:10 [INFO   ] PROGRESS |   Warm Regards,
2026-06-22 12:55:10 [INFO   ] PROGRESS |   Sandeep Jain
2026-06-22 12:55:10 [INFO   ] PROGRESS |   Founder, PlacementHub
2026-06-22 12:55:10 [INFO   ] PROGRESS |   +91-9860090620
2026-06-22 12:55:10 [INFO   ] PROGRESS |   sandeepjain200019@gmail.com
2026-06-22 12:55:10 [INFO   ] PROGRESS |   Detailed Profile
2026-06-22 12:55:10 [INFO   ] PROGRESS |   Detailed Note on Funding Requirement
2026-06-22 12:55:10 [INFO   ] --------------------------------------------------------------
2026-06-22 12:55:10 [INFO   ] 
2026-06-22 12:55:10 [INFO   ] 
2026-06-22 12:55:10 [INFO   ] PROGRESS | Email preview — To: ca.akashkhinvasara@gmail.com | Subject: PlacementHub pre-seed intro with KHINVASARA AND ASSOCIATES
2026-06-22 12:55:12 [INFO   ] SENT (Brevo) -> ca.akashkhinvasara@gmail.com (KHINVASARA AND ASSOCIATES) | PlacementHub pre-seed intro with KHINVASARA AND ASSOCIATES | messageId=<202606220725.87957888169@smtp-relay.mailin.fr> (API accepted; run audit-brevo to confirm delivery)
2026-06-22 12:55:12 [INFO   ] Sleeping for 10 seconds
2026-06-22 12:55:22 [INFO   ] PROGRESS | Send 37/50 | SENT | ca.akashkhinvasara@gmail.com | KHINVASARA AND ASSOCIATES [Chartered Accountants & Company Secretaries] | ok=35 fail=2 skip=0
2026-06-22 12:55:22 [INFO   ] PROGRESS | Send 38/50 | SENDING | caamol.ingle@gmail.com | INGLE ZAMBARE & CO [Chartered Accountants & Company Secretaries] | ok=35 fail=2 skip=0
2026-06-22 12:55:22 [WARNING] NVIDIA call failed (attempt 1/5): HTTP Error 403: Forbidden — rotating key.
2026-06-22 12:55:27 [INFO   ] --------------------------------------------------------------
2026-06-22 12:55:27 [INFO   ] PROGRESS | Email content — To: caamol.ingle@gmail.com
2026-06-22 12:55:27 [INFO   ] PROGRESS | Subject: PlacementHub pre-seed intro with INGLE ZAMBARE & CO
2026-06-22 12:55:27 [INFO   ] PROGRESS | Body:
2026-06-22 12:55:27 [INFO   ] PROGRESS |   Dear Sir/Madam,
2026-06-22 12:55:27 [INFO   ] PROGRESS |   I am reaching out to introduce PlacementHub and explore whether any of your investor, entrepreneur, or
2026-06-22 12:55:27 [INFO   ] PROGRESS |   HNI clients may be open to reviewing a strategic seed opportunity.
2026-06-22 12:55:27 [INFO   ] PROGRESS |   My name is Sandeep Jain. PlacementHub is currently in its pre-seed fundraising stage, and I am
2026-06-22 12:55:27 [INFO   ] PROGRESS |   soliciting strategic seed investment for the same. PlacementHub is a campus placement and employability
2026-06-22 12:55:27 [INFO   ] PROGRESS |   platform connecting students, colleges, and recruiters. The product is built and in early
2026-06-22 12:55:27 [INFO   ] PROGRESS |   commercialization.
2026-06-22 12:55:27 [INFO   ] PROGRESS |   For reference, the detailed business plan, including the business model and go-to-market strategies, is
2026-06-22 12:55:27 [INFO   ] PROGRESS |   available here:
2026-06-22 12:55:27 [INFO   ] PROGRESS |   PlacementHub Business Plan
2026-06-22 12:55:27 [INFO   ] PROGRESS |   For a Chartered Accountant firm, the relevance is mainly professional and strategic:
2026-06-22 12:55:27 [INFO   ] PROGRESS |   PlacementHub may require support across accounting, taxation, compliance, payroll, investor documentation, audit, and related professional services.
2026-06-22 12:55:27 [INFO   ] PROGRESS |   I would naturally be pleased to consider and prioritize firms that support PlacementHub during its early growth phase, subject to suitability and mutual agreement.
2026-06-22 12:55:27 [INFO   ] PROGRESS |   The relationship can begin with a simple review of the investment note and, where appropriate, introductions to suitable investor clients.
2026-06-22 12:55:27 [INFO   ] PROGRESS |   If the opportunity is worth a look, I would be happy to send the note and speak briefly about the round,
2026-06-22 12:55:27 [INFO   ] PROGRESS |   the platform, and the type of strategic investors we are looking for.
2026-06-22 12:55:27 [INFO   ] PROGRESS |   Please reply to this email or call me if you would like to explore it.
2026-06-22 12:55:27 [INFO   ] PROGRESS |   Warm Regards,
2026-06-22 12:55:27 [INFO   ] PROGRESS |   Sandeep Jain
2026-06-22 12:55:27 [INFO   ] PROGRESS |   Founder, PlacementHub
2026-06-22 12:55:27 [INFO   ] PROGRESS |   +91-9860090620
2026-06-22 12:55:27 [INFO   ] PROGRESS |   sandeepjain200019@gmail.com
2026-06-22 12:55:27 [INFO   ] PROGRESS |   Detailed Profile
2026-06-22 12:55:27 [INFO   ] PROGRESS |   Detailed Note on Funding Requirement
2026-06-22 12:55:27 [INFO   ] --------------------------------------------------------------
2026-06-22 12:55:27 [INFO   ] 
2026-06-22 12:55:27 [INFO   ] 
2026-06-22 12:55:27 [INFO   ] PROGRESS | Email preview — To: caamol.ingle@gmail.com | Subject: PlacementHub pre-seed intro with INGLE ZAMBARE & CO
2026-06-22 12:55:28 [INFO   ] SENT (Brevo) -> caamol.ingle@gmail.com (INGLE ZAMBARE & CO) | PlacementHub pre-seed intro with INGLE ZAMBARE & CO | messageId=<202606220725.73184309121@smtp-relay.mailin.fr> (API accepted; run audit-brevo to confirm delivery)
2026-06-22 12:55:28 [INFO   ] Sleeping for 10 seconds
2026-06-22 12:55:38 [INFO   ] PROGRESS | Send 38/50 | SENT | caamol.ingle@gmail.com | INGLE ZAMBARE & CO [Chartered Accountants & Company Secretaries] | ok=36 fail=2 skip=0
2026-06-22 12:55:38 [INFO   ] PROGRESS | Send 39/50 | SENDING | santosh@kdco.in | KHUTWAD DEVKAR & CO [Chartered Accountants & Company Secretaries] | ok=36 fail=2 skip=0
2026-06-22 12:55:41 [INFO   ] --------------------------------------------------------------
2026-06-22 12:55:41 [INFO   ] PROGRESS | Email content — To: santosh@kdco.in
2026-06-22 12:55:41 [INFO   ] PROGRESS | Subject: PlacementHub pre-seed intro with KHUTWAD DEVKAR & CO
2026-06-22 12:55:41 [INFO   ] PROGRESS | Body:
2026-06-22 12:55:41 [INFO   ] PROGRESS |   Dear Sir/Madam,
2026-06-22 12:55:41 [INFO   ] PROGRESS |   I am reaching out to introduce PlacementHub and explore whether any of your investor, entrepreneur, or
2026-06-22 12:55:41 [INFO   ] PROGRESS |   HNI clients may be open to reviewing a strategic seed opportunity.
2026-06-22 12:55:41 [INFO   ] PROGRESS |   My name is Sandeep Jain. PlacementHub is currently in its pre-seed fundraising stage, and I am
2026-06-22 12:55:41 [INFO   ] PROGRESS |   soliciting strategic seed investment for the same. PlacementHub is a campus placement and employability
2026-06-22 12:55:41 [INFO   ] PROGRESS |   platform connecting students, colleges, and recruiters. The product is built and in early
2026-06-22 12:55:41 [INFO   ] PROGRESS |   commercialization.
2026-06-22 12:55:41 [INFO   ] PROGRESS |   For reference, the detailed business plan, including the business model and go-to-market strategies, is
2026-06-22 12:55:41 [INFO   ] PROGRESS |   available here:
2026-06-22 12:55:41 [INFO   ] PROGRESS |   PlacementHub Business Plan
2026-06-22 12:55:41 [INFO   ] PROGRESS |   For a Chartered Accountant firm, the relevance is mainly professional and strategic:
2026-06-22 12:55:41 [INFO   ] PROGRESS |   PlacementHub may require support across accounting, taxation, compliance, payroll, investor documentation, audit, and related professional services.
2026-06-22 12:55:41 [INFO   ] PROGRESS |   I would naturally be pleased to consider and prioritize firms that support PlacementHub during its early growth phase, subject to suitability and mutual agreement.
2026-06-22 12:55:41 [INFO   ] PROGRESS |   The relationship can begin with a simple review of the investment note and, where appropriate, introductions to suitable investor clients.
2026-06-22 12:55:41 [INFO   ] PROGRESS |   If the opportunity is worth a look, I would be happy to send the note and speak briefly about the round,
2026-06-22 12:55:41 [INFO   ] PROGRESS |   the platform, and the type of strategic investors we are looking for.
2026-06-22 12:55:41 [INFO   ] PROGRESS |   Please reply to this email or call me if you would like to explore it.
2026-06-22 12:55:41 [INFO   ] PROGRESS |   Warm Regards,
2026-06-22 12:55:41 [INFO   ] PROGRESS |   Sandeep Jain
2026-06-22 12:55:41 [INFO   ] PROGRESS |   Founder, PlacementHub
2026-06-22 12:55:41 [INFO   ] PROGRESS |   +91-9860090620
2026-06-22 12:55:41 [INFO   ] PROGRESS |   sandeepjain200019@gmail.com
2026-06-22 12:55:41 [INFO   ] PROGRESS |   Detailed Profile
2026-06-22 12:55:41 [INFO   ] PROGRESS |   Detailed Note on Funding Requirement
2026-06-22 12:55:41 [INFO   ] --------------------------------------------------------------
2026-06-22 12:55:41 [INFO   ] 
2026-06-22 12:55:41 [INFO   ] 
2026-06-22 12:55:41 [INFO   ] PROGRESS | Email preview — To: santosh@kdco.in | Subject: PlacementHub pre-seed intro with KHUTWAD DEVKAR & CO
2026-06-22 12:55:42 [INFO   ] SENT (Brevo) -> santosh@kdco.in (KHUTWAD DEVKAR & CO) | PlacementHub pre-seed intro with KHUTWAD DEVKAR & CO | messageId=<202606220725.33646018377@smtp-relay.mailin.fr> (API accepted; run audit-brevo to confirm delivery)
2026-06-22 12:55:42 [INFO   ] Sleeping for 10 seconds
2026-06-22 12:55:52 [INFO   ] PROGRESS | Send 39/50 | SENT | santosh@kdco.in | KHUTWAD DEVKAR & CO [Chartered Accountants & Company Secretaries] | ok=37 fail=2 skip=0
2026-06-22 12:55:52 [INFO   ] PROGRESS | Send 40/50 | SENDING | cabhupendraharshe@gmail.com | BHUPENDRA HARSHE AND CO [Chartered Accountants & Company Secretaries] | ok=37 fail=2 skip=0
2026-06-22 12:56:03 [INFO   ] --------------------------------------------------------------
2026-06-22 12:56:03 [INFO   ] PROGRESS | Email content — To: cabhupendraharshe@gmail.com
2026-06-22 12:56:03 [INFO   ] PROGRESS | Subject: PlacementHub pre-seed intro with BHUPENDRA HARSHE AND CO
2026-06-22 12:56:03 [INFO   ] PROGRESS | Body:
2026-06-22 12:56:03 [INFO   ] PROGRESS |   Dear Sir/Madam,
2026-06-22 12:56:03 [INFO   ] PROGRESS |   I am reaching out to introduce PlacementHub and explore whether any of your investor, entrepreneur, or
2026-06-22 12:56:03 [INFO   ] PROGRESS |   HNI clients may be open to reviewing a strategic seed opportunity.
2026-06-22 12:56:03 [INFO   ] PROGRESS |   My name is Sandeep Jain. PlacementHub is currently in its pre-seed fundraising stage, and I am
2026-06-22 12:56:03 [INFO   ] PROGRESS |   soliciting strategic seed investment for the same. PlacementHub is a campus placement and employability
2026-06-22 12:56:03 [INFO   ] PROGRESS |   platform connecting students, colleges, and recruiters. The product is built and in early
2026-06-22 12:56:03 [INFO   ] PROGRESS |   commercialization.
2026-06-22 12:56:03 [INFO   ] PROGRESS |   For reference, the detailed business plan, including the business model and go-to-market strategies, is
2026-06-22 12:56:03 [INFO   ] PROGRESS |   available here:
2026-06-22 12:56:03 [INFO   ] PROGRESS |   PlacementHub Business Plan
2026-06-22 12:56:03 [INFO   ] PROGRESS |   For a Chartered Accountant firm, the relevance is mainly professional and strategic:
2026-06-22 12:56:03 [INFO   ] PROGRESS |   PlacementHub may require support across accounting, taxation, compliance, payroll, investor documentation, audit, and related professional services.
2026-06-22 12:56:03 [INFO   ] PROGRESS |   I would naturally be pleased to consider and prioritize firms that support PlacementHub during its early growth phase, subject to suitability and mutual agreement.
2026-06-22 12:56:03 [INFO   ] PROGRESS |   The relationship can begin with a simple review of the investment note and, where appropriate, introductions to suitable investor clients.
2026-06-22 12:56:03 [INFO   ] PROGRESS |   If the opportunity is worth a look, I would be happy to send the note and speak briefly about the round,
2026-06-22 12:56:03 [INFO   ] PROGRESS |   the platform, and the type of strategic investors we are looking for.
2026-06-22 12:56:03 [INFO   ] PROGRESS |   Please reply to this email or call me if you would like to explore it.
2026-06-22 12:56:03 [INFO   ] PROGRESS |   Warm Regards,
2026-06-22 12:56:03 [INFO   ] PROGRESS |   Sandeep Jain
2026-06-22 12:56:03 [INFO   ] PROGRESS |   Founder, PlacementHub
2026-06-22 12:56:03 [INFO   ] PROGRESS |   +91-9860090620
2026-06-22 12:56:03 [INFO   ] PROGRESS |   sandeepjain200019@gmail.com
2026-06-22 12:56:03 [INFO   ] PROGRESS |   Detailed Profile
2026-06-22 12:56:03 [INFO   ] PROGRESS |   Detailed Note on Funding Requirement
2026-06-22 12:56:03 [INFO   ] --------------------------------------------------------------
2026-06-22 12:56:03 [INFO   ] 
2026-06-22 12:56:03 [INFO   ] 
2026-06-22 12:56:03 [INFO   ] PROGRESS | Email preview — To: cabhupendraharshe@gmail.com | Subject: PlacementHub pre-seed intro with BHUPENDRA HARSHE AND CO
2026-06-22 12:56:05 [INFO   ] SENT (Brevo) -> cabhupendraharshe@gmail.com (BHUPENDRA HARSHE AND CO) | PlacementHub pre-seed intro with BHUPENDRA HARSHE AND CO | messageId=<202606220726.34920874885@smtp-relay.mailin.fr> (API accepted; run audit-brevo to confirm delivery)
2026-06-22 12:56:05 [INFO   ] Sleeping for 10 seconds
2026-06-22 12:56:15 [INFO   ] PROGRESS | Send 40/50 | SENT | cabhupendraharshe@gmail.com | BHUPENDRA HARSHE AND CO [Chartered Accountants & Company Secretaries] | ok=38 fail=2 skip=0
2026-06-22 12:56:15 [INFO   ] PROGRESS | Send 41/50 | SENDING | amitpalsule@gmail.com | PALSULE PANGAM & CO [Chartered Accountants & Company Secretaries] | ok=38 fail=2 skip=0
2026-06-22 12:56:45 [WARNING] NVIDIA call failed (attempt 1/5): The read operation timed out — rotating key.
2026-06-22 12:56:59 [INFO   ] --------------------------------------------------------------
2026-06-22 12:56:59 [INFO   ] PROGRESS | Email content — To: amitpalsule@gmail.com
2026-06-22 12:56:59 [INFO   ] PROGRESS | Subject: PlacementHub pre-seed intro with PALSULE PANGAM & CO
2026-06-22 12:56:59 [INFO   ] PROGRESS | Body:
2026-06-22 12:56:59 [INFO   ] PROGRESS |   Dear Sir/Madam,
2026-06-22 12:56:59 [INFO   ] PROGRESS |   I am reaching out to introduce PlacementHub and explore whether any of your investor, entrepreneur, or
2026-06-22 12:56:59 [INFO   ] PROGRESS |   HNI clients may be open to reviewing a strategic seed opportunity.
2026-06-22 12:56:59 [INFO   ] PROGRESS |   My name is Sandeep Jain. PlacementHub is currently in its pre-seed fundraising stage, and I am
2026-06-22 12:56:59 [INFO   ] PROGRESS |   soliciting strategic seed investment for the same. PlacementHub is a campus placement and employability
2026-06-22 12:56:59 [INFO   ] PROGRESS |   platform connecting students, colleges, and recruiters. The product is built and in early
2026-06-22 12:56:59 [INFO   ] PROGRESS |   commercialization.
2026-06-22 12:56:59 [INFO   ] PROGRESS |   For reference, the detailed business plan, including the business model and go-to-market strategies, is
2026-06-22 12:56:59 [INFO   ] PROGRESS |   available here:
2026-06-22 12:56:59 [INFO   ] PROGRESS |   PlacementHub Business Plan
2026-06-22 12:56:59 [INFO   ] PROGRESS |   For a Chartered Accountant firm, the relevance is mainly professional and strategic:
2026-06-22 12:56:59 [INFO   ] PROGRESS |   PlacementHub may require support across accounting, taxation, compliance, payroll, investor documentation, audit, and related professional services.
2026-06-22 12:56:59 [INFO   ] PROGRESS |   I would naturally be pleased to consider and prioritize firms that support PlacementHub during its early growth phase, subject to suitability and mutual agreement.
2026-06-22 12:56:59 [INFO   ] PROGRESS |   The relationship can begin with a simple review of the investment note and, where appropriate, introductions to suitable investor clients.
2026-06-22 12:56:59 [INFO   ] PROGRESS |   If the opportunity is worth a look, I would be happy to send the note and speak briefly about the round,
2026-06-22 12:56:59 [INFO   ] PROGRESS |   the platform, and the type of strategic investors we are looking for.
2026-06-22 12:56:59 [INFO   ] PROGRESS |   Please reply to this email or call me if you would like to explore it.
2026-06-22 12:56:59 [INFO   ] PROGRESS |   Warm Regards,
2026-06-22 12:56:59 [INFO   ] PROGRESS |   Sandeep Jain
2026-06-22 12:56:59 [INFO   ] PROGRESS |   Founder, PlacementHub
2026-06-22 12:56:59 [INFO   ] PROGRESS |   +91-9860090620
2026-06-22 12:56:59 [INFO   ] PROGRESS |   sandeepjain200019@gmail.com
2026-06-22 12:56:59 [INFO   ] PROGRESS |   Detailed Profile
2026-06-22 12:56:59 [INFO   ] PROGRESS |   Detailed Note on Funding Requirement
2026-06-22 12:56:59 [INFO   ] --------------------------------------------------------------
2026-06-22 12:56:59 [INFO   ] 
2026-06-22 12:56:59 [INFO   ] 
2026-06-22 12:56:59 [INFO   ] PROGRESS | Email preview — To: amitpalsule@gmail.com | Subject: PlacementHub pre-seed intro with PALSULE PANGAM & CO
2026-06-22 12:57:00 [INFO   ] SENT (Brevo) -> amitpalsule@gmail.com (PALSULE PANGAM & CO) | PlacementHub pre-seed intro with PALSULE PANGAM & CO | messageId=<202606220726.62907756771@smtp-relay.mailin.fr> (API accepted; run audit-brevo to confirm delivery)
2026-06-22 12:57:00 [INFO   ] Sleeping for 10 seconds
2026-06-22 12:57:10 [INFO   ] PROGRESS | Send 41/50 | SENT | amitpalsule@gmail.com | PALSULE PANGAM & CO [Chartered Accountants & Company Secretaries] | ok=39 fail=2 skip=0
2026-06-22 12:57:10 [INFO   ] PROGRESS | Send 42/50 | SENDING | cahskabra@cahskabra.com | HARSHIT KABRA AND COMPANY [Chartered Accountants & Company Secretaries] | ok=39 fail=2 skip=0
2026-06-22 12:57:40 [WARNING] NVIDIA call failed (attempt 1/5): The read operation timed out — rotating key.
2026-06-22 12:57:49 [INFO   ] --------------------------------------------------------------
2026-06-22 12:57:49 [INFO   ] PROGRESS | Email content — To: cahskabra@cahskabra.com
2026-06-22 12:57:49 [INFO   ] PROGRESS | Subject: PlacementHub pre-seed intro with HARSHIT KABRA AND COMPANY
2026-06-22 12:57:49 [INFO   ] PROGRESS | Body:
2026-06-22 12:57:49 [INFO   ] PROGRESS |   Dear Sir/Madam,
2026-06-22 12:57:49 [INFO   ] PROGRESS |   I am reaching out to introduce PlacementHub and explore whether any of your investor, entrepreneur, or
2026-06-22 12:57:49 [INFO   ] PROGRESS |   HNI clients may be open to reviewing a strategic seed opportunity.
2026-06-22 12:57:49 [INFO   ] PROGRESS |   My name is Sandeep Jain. PlacementHub is currently in its pre-seed fundraising stage, and I am
2026-06-22 12:57:49 [INFO   ] PROGRESS |   soliciting strategic seed investment for the same. PlacementHub is a campus placement and employability
2026-06-22 12:57:49 [INFO   ] PROGRESS |   platform connecting students, colleges, and recruiters. The product is built and in early
2026-06-22 12:57:49 [INFO   ] PROGRESS |   commercialization.
2026-06-22 12:57:49 [INFO   ] PROGRESS |   For reference, the detailed business plan, including the business model and go-to-market strategies, is
2026-06-22 12:57:49 [INFO   ] PROGRESS |   available here:
2026-06-22 12:57:49 [INFO   ] PROGRESS |   PlacementHub Business Plan
2026-06-22 12:57:49 [INFO   ] PROGRESS |   For a Chartered Accountant firm, the relevance is mainly professional and strategic:
2026-06-22 12:57:49 [INFO   ] PROGRESS |   PlacementHub may require support across accounting, taxation, compliance, payroll, investor documentation, audit, and related professional services.
2026-06-22 12:57:49 [INFO   ] PROGRESS |   I would naturally be pleased to consider and prioritize firms that support PlacementHub during its early growth phase, subject to suitability and mutual agreement.
2026-06-22 12:57:49 [INFO   ] PROGRESS |   The relationship can begin with a simple review of the investment note and, where appropriate, introductions to suitable investor clients.
2026-06-22 12:57:49 [INFO   ] PROGRESS |   If the opportunity is worth a look, I would be happy to send the note and speak briefly about the round,
2026-06-22 12:57:49 [INFO   ] PROGRESS |   the platform, and the type of strategic investors we are looking for.
2026-06-22 12:57:49 [INFO   ] PROGRESS |   Please reply to this email or call me if you would like to explore it.
2026-06-22 12:57:49 [INFO   ] PROGRESS |   Warm Regards,
2026-06-22 12:57:49 [INFO   ] PROGRESS |   Sandeep Jain
2026-06-22 12:57:49 [INFO   ] PROGRESS |   Founder, PlacementHub
2026-06-22 12:57:49 [INFO   ] PROGRESS |   +91-9860090620
2026-06-22 12:57:49 [INFO   ] PROGRESS |   sandeepjain200019@gmail.com
2026-06-22 12:57:49 [INFO   ] PROGRESS |   Detailed Profile
2026-06-22 12:57:49 [INFO   ] PROGRESS |   Detailed Note on Funding Requirement
2026-06-22 12:57:49 [INFO   ] --------------------------------------------------------------
2026-06-22 12:57:49 [INFO   ] 
2026-06-22 12:57:49 [INFO   ] 
2026-06-22 12:57:49 [INFO   ] PROGRESS | Email preview — To: cahskabra@cahskabra.com | Subject: PlacementHub pre-seed intro with HARSHIT KABRA AND COMPANY
2026-06-22 12:57:51 [INFO   ] SENT (Brevo) -> cahskabra@cahskabra.com (HARSHIT KABRA AND COMPANY) | PlacementHub pre-seed intro with HARSHIT KABRA AND COMPANY | messageId=<202606220727.79758055122@smtp-relay.mailin.fr> (API accepted; run audit-brevo to confirm delivery)
2026-06-22 12:57:51 [INFO   ] Sleeping for 10 seconds
2026-06-22 12:58:01 [INFO   ] PROGRESS | Send 42/50 | SENT | cahskabra@cahskabra.com | HARSHIT KABRA AND COMPANY [Chartered Accountants & Company Secretaries] | ok=40 fail=2 skip=0
2026-06-22 12:58:01 [INFO   ] PROGRESS | Send 43/50 | SENDING | pardeshikrushna54@gmail.com | K P N J & ASSOCIATES [Chartered Accountants & Company Secretaries] | ok=40 fail=2 skip=0
2026-06-22 12:58:07 [INFO   ] --------------------------------------------------------------
2026-06-22 12:58:07 [INFO   ] PROGRESS | Email content — To: pardeshikrushna54@gmail.com
2026-06-22 12:58:07 [INFO   ] PROGRESS | Subject: PlacementHub pre-seed intro with K P N J & ASSOCIATES
2026-06-22 12:58:07 [INFO   ] PROGRESS | Body:
2026-06-22 12:58:07 [INFO   ] PROGRESS |   Dear Sir/Madam,
2026-06-22 12:58:07 [INFO   ] PROGRESS |   I am reaching out to introduce PlacementHub and explore whether any of your investor, entrepreneur, or
2026-06-22 12:58:07 [INFO   ] PROGRESS |   HNI clients may be open to reviewing a strategic seed opportunity.
2026-06-22 12:58:07 [INFO   ] PROGRESS |   My name is Sandeep Jain. PlacementHub is currently in its pre-seed fundraising stage, and I am
2026-06-22 12:58:07 [INFO   ] PROGRESS |   soliciting strategic seed investment for the same. PlacementHub is a campus placement and employability
2026-06-22 12:58:07 [INFO   ] PROGRESS |   platform connecting students, colleges, and recruiters. The product is built and in early
2026-06-22 12:58:07 [INFO   ] PROGRESS |   commercialization.
2026-06-22 12:58:07 [INFO   ] PROGRESS |   For reference, the detailed business plan, including the business model and go-to-market strategies, is
2026-06-22 12:58:07 [INFO   ] PROGRESS |   available here:
2026-06-22 12:58:07 [INFO   ] PROGRESS |   PlacementHub Business Plan
2026-06-22 12:58:07 [INFO   ] PROGRESS |   For a Chartered Accountant firm, the relevance is mainly professional and strategic:
2026-06-22 12:58:07 [INFO   ] PROGRESS |   PlacementHub may require support across accounting, taxation, compliance, payroll, investor documentation, audit, and related professional services.
2026-06-22 12:58:07 [INFO   ] PROGRESS |   I would naturally be pleased to consider and prioritize firms that support PlacementHub during its early growth phase, subject to suitability and mutual agreement.
2026-06-22 12:58:07 [INFO   ] PROGRESS |   The relationship can begin with a simple review of the investment note and, where appropriate, introductions to suitable investor clients.
2026-06-22 12:58:07 [INFO   ] PROGRESS |   If the opportunity is worth a look, I would be happy to send the note and speak briefly about the round,
2026-06-22 12:58:07 [INFO   ] PROGRESS |   the platform, and the type of strategic investors we are looking for.
2026-06-22 12:58:07 [INFO   ] PROGRESS |   Please reply to this email or call me if you would like to explore it.
2026-06-22 12:58:07 [INFO   ] PROGRESS |   Warm Regards,
2026-06-22 12:58:07 [INFO   ] PROGRESS |   Sandeep Jain
2026-06-22 12:58:07 [INFO   ] PROGRESS |   Founder, PlacementHub
2026-06-22 12:58:07 [INFO   ] PROGRESS |   +91-9860090620
2026-06-22 12:58:07 [INFO   ] PROGRESS |   sandeepjain200019@gmail.com
2026-06-22 12:58:07 [INFO   ] PROGRESS |   Detailed Profile
2026-06-22 12:58:07 [INFO   ] PROGRESS |   Detailed Note on Funding Requirement
2026-06-22 12:58:07 [INFO   ] --------------------------------------------------------------
2026-06-22 12:58:07 [INFO   ] 
2026-06-22 12:58:07 [INFO   ] 
2026-06-22 12:58:07 [INFO   ] PROGRESS | Email preview — To: pardeshikrushna54@gmail.com | Subject: PlacementHub pre-seed intro with K P N J & ASSOCIATES
2026-06-22 12:58:08 [INFO   ] SENT (Brevo) -> pardeshikrushna54@gmail.com (K P N J & ASSOCIATES) | PlacementHub pre-seed intro with K P N J & ASSOCIATES | messageId=<202606220728.28717738649@smtp-relay.mailin.fr> (API accepted; run audit-brevo to confirm delivery)
2026-06-22 12:58:08 [INFO   ] Sleeping for 10 seconds
2026-06-22 12:58:18 [INFO   ] PROGRESS | Send 43/50 | SENT | pardeshikrushna54@gmail.com | K P N J & ASSOCIATES [Chartered Accountants & Company Secretaries] | ok=41 fail=2 skip=0
2026-06-22 12:58:18 [INFO   ] PROGRESS | Send 44/50 | SENDING | cameenaljkulkarni@gmail.com | M M J K & CO [Chartered Accountants & Company Secretaries] | ok=41 fail=2 skip=0
2026-06-22 12:58:25 [INFO   ] --------------------------------------------------------------
2026-06-22 12:58:25 [INFO   ] PROGRESS | Email content — To: cameenaljkulkarni@gmail.com
2026-06-22 12:58:25 [INFO   ] PROGRESS | Subject: PlacementHub pre-seed intro with M M J K & CO
2026-06-22 12:58:25 [INFO   ] PROGRESS | Body:
2026-06-22 12:58:25 [INFO   ] PROGRESS |   Dear Sir/Madam,
2026-06-22 12:58:25 [INFO   ] PROGRESS |   I am reaching out to introduce PlacementHub and explore whether any of your investor, entrepreneur, or
2026-06-22 12:58:25 [INFO   ] PROGRESS |   HNI clients may be open to reviewing a strategic seed opportunity.
2026-06-22 12:58:25 [INFO   ] PROGRESS |   My name is Sandeep Jain. PlacementHub is currently in its pre-seed fundraising stage, and I am
2026-06-22 12:58:25 [INFO   ] PROGRESS |   soliciting strategic seed investment for the same. PlacementHub is a campus placement and employability
2026-06-22 12:58:25 [INFO   ] PROGRESS |   platform connecting students, colleges, and recruiters. The product is built and in early
2026-06-22 12:58:25 [INFO   ] PROGRESS |   commercialization.
2026-06-22 12:58:25 [INFO   ] PROGRESS |   For reference, the detailed business plan, including the business model and go-to-market strategies, is
2026-06-22 12:58:25 [INFO   ] PROGRESS |   available here:
2026-06-22 12:58:25 [INFO   ] PROGRESS |   PlacementHub Business Plan
2026-06-22 12:58:25 [INFO   ] PROGRESS |   For a Chartered Accountant firm, the relevance is mainly professional and strategic:
2026-06-22 12:58:25 [INFO   ] PROGRESS |   PlacementHub may require support across accounting, taxation, compliance, payroll, investor documentation, audit, and related professional services.
2026-06-22 12:58:25 [INFO   ] PROGRESS |   I would naturally be pleased to consider and prioritize firms that support PlacementHub during its early growth phase, subject to suitability and mutual agreement.
2026-06-22 12:58:25 [INFO   ] PROGRESS |   The relationship can begin with a simple review of the investment note and, where appropriate, introductions to suitable investor clients.
2026-06-22 12:58:25 [INFO   ] PROGRESS |   If the opportunity is worth a look, I would be happy to send the note and speak briefly about the round,
2026-06-22 12:58:25 [INFO   ] PROGRESS |   the platform, and the type of strategic investors we are looking for.
2026-06-22 12:58:25 [INFO   ] PROGRESS |   Please reply to this email or call me if you would like to explore it.
2026-06-22 12:58:25 [INFO   ] PROGRESS |   Warm Regards,
2026-06-22 12:58:25 [INFO   ] PROGRESS |   Sandeep Jain
2026-06-22 12:58:25 [INFO   ] PROGRESS |   Founder, PlacementHub
2026-06-22 12:58:25 [INFO   ] PROGRESS |   +91-9860090620
2026-06-22 12:58:25 [INFO   ] PROGRESS |   sandeepjain200019@gmail.com
2026-06-22 12:58:25 [INFO   ] PROGRESS |   Detailed Profile
2026-06-22 12:58:25 [INFO   ] PROGRESS |   Detailed Note on Funding Requirement
2026-06-22 12:58:25 [INFO   ] --------------------------------------------------------------
2026-06-22 12:58:25 [INFO   ] 
2026-06-22 12:58:25 [INFO   ] 
2026-06-22 12:58:25 [INFO   ] PROGRESS | Email preview — To: cameenaljkulkarni@gmail.com | Subject: PlacementHub pre-seed intro with M M J K & CO
2026-06-22 12:58:26 [INFO   ] SENT (Brevo) -> cameenaljkulkarni@gmail.com (M M J K & CO) | PlacementHub pre-seed intro with M M J K & CO | messageId=<202606220728.77693576948@smtp-relay.mailin.fr> (API accepted; run audit-brevo to confirm delivery)
2026-06-22 12:58:26 [INFO   ] Sleeping for 10 seconds
2026-06-22 12:58:36 [INFO   ] PROGRESS | Send 44/50 | SENT | cameenaljkulkarni@gmail.com | M M J K & CO [Chartered Accountants & Company Secretaries] | ok=42 fail=2 skip=0
2026-06-22 12:58:36 [INFO   ] PROGRESS | Send 45/50 | SENDING | pavangoyal30@gmail.com | PAVAN GOYAL & ASSOCIATES [Chartered Accountants & Company Secretaries] | ok=42 fail=2 skip=0
2026-06-22 12:58:45 [INFO   ] --------------------------------------------------------------
2026-06-22 12:58:45 [INFO   ] PROGRESS | Email content — To: pavangoyal30@gmail.com
2026-06-22 12:58:45 [INFO   ] PROGRESS | Subject: PlacementHub pre-seed intro with PAVAN GOYAL & ASSOCIATES
2026-06-22 12:58:45 [INFO   ] PROGRESS | Body:
2026-06-22 12:58:45 [INFO   ] PROGRESS |   Dear Sir/Madam,
2026-06-22 12:58:45 [INFO   ] PROGRESS |   I am reaching out to introduce PlacementHub and explore whether any of your investor, entrepreneur, or
2026-06-22 12:58:45 [INFO   ] PROGRESS |   HNI clients may be open to reviewing a strategic seed opportunity.
2026-06-22 12:58:45 [INFO   ] PROGRESS |   My name is Sandeep Jain. PlacementHub is currently in its pre-seed fundraising stage, and I am
2026-06-22 12:58:45 [INFO   ] PROGRESS |   soliciting strategic seed investment for the same. PlacementHub is a campus placement and employability
2026-06-22 12:58:45 [INFO   ] PROGRESS |   platform connecting students, colleges, and recruiters. The product is built and in early
2026-06-22 12:58:45 [INFO   ] PROGRESS |   commercialization.
2026-06-22 12:58:45 [INFO   ] PROGRESS |   For reference, the detailed business plan, including the business model and go-to-market strategies, is
2026-06-22 12:58:45 [INFO   ] PROGRESS |   available here:
2026-06-22 12:58:45 [INFO   ] PROGRESS |   PlacementHub Business Plan
2026-06-22 12:58:45 [INFO   ] PROGRESS |   For a Chartered Accountant firm, the relevance is mainly professional and strategic:
2026-06-22 12:58:45 [INFO   ] PROGRESS |   PlacementHub may require support across accounting, taxation, compliance, payroll, investor documentation, audit, and related professional services.
2026-06-22 12:58:45 [INFO   ] PROGRESS |   I would naturally be pleased to consider and prioritize firms that support PlacementHub during its early growth phase, subject to suitability and mutual agreement.
2026-06-22 12:58:45 [INFO   ] PROGRESS |   The relationship can begin with a simple review of the investment note and, where appropriate, introductions to suitable investor clients.
2026-06-22 12:58:45 [INFO   ] PROGRESS |   If the opportunity is worth a look, I would be happy to send the note and speak briefly about the round,
2026-06-22 12:58:45 [INFO   ] PROGRESS |   the platform, and the type of strategic investors we are looking for.
2026-06-22 12:58:45 [INFO   ] PROGRESS |   Please reply to this email or call me if you would like to explore it.
2026-06-22 12:58:45 [INFO   ] PROGRESS |   Warm Regards,
2026-06-22 12:58:45 [INFO   ] PROGRESS |   Sandeep Jain
2026-06-22 12:58:45 [INFO   ] PROGRESS |   Founder, PlacementHub
2026-06-22 12:58:45 [INFO   ] PROGRESS |   +91-9860090620
2026-06-22 12:58:45 [INFO   ] PROGRESS |   sandeepjain200019@gmail.com
2026-06-22 12:58:45 [INFO   ] PROGRESS |   Detailed Profile
2026-06-22 12:58:45 [INFO   ] PROGRESS |   Detailed Note on Funding Requirement
2026-06-22 12:58:45 [INFO   ] --------------------------------------------------------------
2026-06-22 12:58:45 [INFO   ] 
2026-06-22 12:58:45 [INFO   ] 
2026-06-22 12:58:45 [INFO   ] PROGRESS | Email preview — To: pavangoyal30@gmail.com | Subject: PlacementHub pre-seed intro with PAVAN GOYAL & ASSOCIATES
2026-06-22 12:58:47 [INFO   ] SENT (Brevo) -> pavangoyal30@gmail.com (PAVAN GOYAL & ASSOCIATES) | PlacementHub pre-seed intro with PAVAN GOYAL & ASSOCIATES | messageId=<202606220728.52618541145@smtp-relay.mailin.fr> (API accepted; run audit-brevo to confirm delivery)
2026-06-22 12:58:47 [INFO   ] Sleeping for 10 seconds
2026-06-22 12:58:57 [INFO   ] PROGRESS | Send 45/50 | SENT | pavangoyal30@gmail.com | PAVAN GOYAL & ASSOCIATES [Chartered Accountants & Company Secretaries] | ok=43 fail=2 skip=0
2026-06-22 12:58:57 [INFO   ] PROGRESS | Send 46/50 | SENDING | neelesh.khandelwal@skj.ican.in | SHAH KHANDELWAL JAIN & ASSOCIATES [Chartered Accountants & Company Secretaries] | ok=43 fail=2 skip=0
2026-06-22 12:59:18 [INFO   ] --------------------------------------------------------------
2026-06-22 12:59:18 [INFO   ] PROGRESS | Email content — To: neelesh.khandelwal@skj.ican.in
2026-06-22 12:59:18 [INFO   ] PROGRESS | Subject: PlacementHub pre-seed intro with SHAH KHANDELWAL JAIN & ASSOCIATES
2026-06-22 12:59:18 [INFO   ] PROGRESS | Body:
2026-06-22 12:59:18 [INFO   ] PROGRESS |   Dear Sir/Madam,
2026-06-22 12:59:18 [INFO   ] PROGRESS |   I am reaching out to introduce PlacementHub and explore whether any of your investor, entrepreneur, or
2026-06-22 12:59:18 [INFO   ] PROGRESS |   HNI clients may be open to reviewing a strategic seed opportunity.
2026-06-22 12:59:18 [INFO   ] PROGRESS |   My name is Sandeep Jain. PlacementHub is currently in its pre-seed fundraising stage, and I am
2026-06-22 12:59:18 [INFO   ] PROGRESS |   soliciting strategic seed investment for the same. PlacementHub is a campus placement and employability
2026-06-22 12:59:18 [INFO   ] PROGRESS |   platform connecting students, colleges, and recruiters. The product is built and in early
2026-06-22 12:59:18 [INFO   ] PROGRESS |   commercialization.
2026-06-22 12:59:18 [INFO   ] PROGRESS |   For reference, the detailed business plan, including the business model and go-to-market strategies, is
2026-06-22 12:59:18 [INFO   ] PROGRESS |   available here:
2026-06-22 12:59:18 [INFO   ] PROGRESS |   PlacementHub Business Plan
2026-06-22 12:59:18 [INFO   ] PROGRESS |   For a Chartered Accountant firm, the relevance is mainly professional and strategic:
2026-06-22 12:59:18 [INFO   ] PROGRESS |   PlacementHub may require support across accounting, taxation, compliance, payroll, investor documentation, audit, and related professional services.
2026-06-22 12:59:18 [INFO   ] PROGRESS |   I would naturally be pleased to consider and prioritize firms that support PlacementHub during its early growth phase, subject to suitability and mutual agreement.
2026-06-22 12:59:18 [INFO   ] PROGRESS |   The relationship can begin with a simple review of the investment note and, where appropriate, introductions to suitable investor clients.
2026-06-22 12:59:18 [INFO   ] PROGRESS |   If the opportunity is worth a look, I would be happy to send the note and speak briefly about the round,
2026-06-22 12:59:18 [INFO   ] PROGRESS |   the platform, and the type of strategic investors we are looking for.
2026-06-22 12:59:18 [INFO   ] PROGRESS |   Please reply to this email or call me if you would like to explore it.
2026-06-22 12:59:18 [INFO   ] PROGRESS |   Warm Regards,
2026-06-22 12:59:18 [INFO   ] PROGRESS |   Sandeep Jain
2026-06-22 12:59:18 [INFO   ] PROGRESS |   Founder, PlacementHub
2026-06-22 12:59:18 [INFO   ] PROGRESS |   +91-9860090620
2026-06-22 12:59:18 [INFO   ] PROGRESS |   sandeepjain200019@gmail.com
2026-06-22 12:59:18 [INFO   ] PROGRESS |   Detailed Profile
2026-06-22 12:59:18 [INFO   ] PROGRESS |   Detailed Note on Funding Requirement
2026-06-22 12:59:18 [INFO   ] --------------------------------------------------------------
2026-06-22 12:59:18 [INFO   ] 
2026-06-22 12:59:18 [INFO   ] 
2026-06-22 12:59:18 [INFO   ] PROGRESS | Email preview — To: neelesh.khandelwal@skj.ican.in | Subject: PlacementHub pre-seed intro with SHAH KHANDELWAL JAIN & ASSOCIATES
2026-06-22 12:59:19 [INFO   ] SENT (Brevo) -> neelesh.khandelwal@skj.ican.in (SHAH KHANDELWAL JAIN & ASSOCIATES) | PlacementHub pre-seed intro with SHAH KHANDELWAL JAIN & ASSOCIATES | messageId=<202606220729.68091465044@smtp-relay.mailin.fr> (API accepted; run audit-brevo to confirm delivery)
2026-06-22 12:59:19 [INFO   ] Sleeping for 10 seconds
2026-06-22 12:59:29 [INFO   ] PROGRESS | Send 46/50 | SENT | neelesh.khandelwal@skj.ican.in | SHAH KHANDELWAL JAIN & ASSOCIATES [Chartered Accountants & Company Secretaries] | ok=44 fail=2 skip=0
2026-06-22 12:59:29 [INFO   ] PROGRESS | Send 47/50 | SENDING | shahsurajs@gmail.com | Suraj Shah & CO [Chartered Accountants & Company Secretaries] | ok=44 fail=2 skip=0
2026-06-22 12:59:31 [INFO   ] --------------------------------------------------------------
2026-06-22 12:59:31 [INFO   ] PROGRESS | Email content — To: shahsurajs@gmail.com
2026-06-22 12:59:31 [INFO   ] PROGRESS | Subject: PlacementHub pre-seed intro with Suraj Shah & CO
2026-06-22 12:59:31 [INFO   ] PROGRESS | Body:
2026-06-22 12:59:31 [INFO   ] PROGRESS |   Dear Sir/Madam,
2026-06-22 12:59:31 [INFO   ] PROGRESS |   I am reaching out to introduce PlacementHub and explore whether any of your investor, entrepreneur, or
2026-06-22 12:59:31 [INFO   ] PROGRESS |   HNI clients may be open to reviewing a strategic seed opportunity.
2026-06-22 12:59:31 [INFO   ] PROGRESS |   My name is Sandeep Jain. PlacementHub is currently in its pre-seed fundraising stage, and I am
2026-06-22 12:59:31 [INFO   ] PROGRESS |   soliciting strategic seed investment for the same. PlacementHub is a campus placement and employability
2026-06-22 12:59:31 [INFO   ] PROGRESS |   platform connecting students, colleges, and recruiters. The product is built and in early
2026-06-22 12:59:31 [INFO   ] PROGRESS |   commercialization.
2026-06-22 12:59:31 [INFO   ] PROGRESS |   For reference, the detailed business plan, including the business model and go-to-market strategies, is
2026-06-22 12:59:31 [INFO   ] PROGRESS |   available here:
2026-06-22 12:59:31 [INFO   ] PROGRESS |   PlacementHub Business Plan
2026-06-22 12:59:31 [INFO   ] PROGRESS |   For a Chartered Accountant firm, the relevance is mainly professional and strategic:
2026-06-22 12:59:31 [INFO   ] PROGRESS |   PlacementHub may require support across accounting, taxation, compliance, payroll, investor documentation, audit, and related professional services.
2026-06-22 12:59:31 [INFO   ] PROGRESS |   I would naturally be pleased to consider and prioritize firms that support PlacementHub during its early growth phase, subject to suitability and mutual agreement.
2026-06-22 12:59:31 [INFO   ] PROGRESS |   The relationship can begin with a simple review of the investment note and, where appropriate, introductions to suitable investor clients.
2026-06-22 12:59:31 [INFO   ] PROGRESS |   If the opportunity is worth a look, I would be happy to send the note and speak briefly about the round,
2026-06-22 12:59:31 [INFO   ] PROGRESS |   the platform, and the type of strategic investors we are looking for.
2026-06-22 12:59:31 [INFO   ] PROGRESS |   Please reply to this email or call me if you would like to explore it.
2026-06-22 12:59:31 [INFO   ] PROGRESS |   Warm Regards,
2026-06-22 12:59:31 [INFO   ] PROGRESS |   Sandeep Jain
2026-06-22 12:59:31 [INFO   ] PROGRESS |   Founder, PlacementHub
2026-06-22 12:59:31 [INFO   ] PROGRESS |   +91-9860090620
2026-06-22 12:59:31 [INFO   ] PROGRESS |   sandeepjain200019@gmail.com
2026-06-22 12:59:31 [INFO   ] PROGRESS |   Detailed Profile
2026-06-22 12:59:31 [INFO   ] PROGRESS |   Detailed Note on Funding Requirement
2026-06-22 12:59:31 [INFO   ] --------------------------------------------------------------
2026-06-22 12:59:31 [INFO   ] 
2026-06-22 12:59:31 [INFO   ] 
2026-06-22 12:59:31 [INFO   ] PROGRESS | Email preview — To: shahsurajs@gmail.com | Subject: PlacementHub pre-seed intro with Suraj Shah & CO
2026-06-22 12:59:32 [INFO   ] SENT (Brevo) -> shahsurajs@gmail.com (Suraj Shah & CO) | PlacementHub pre-seed intro with Suraj Shah & CO | messageId=<202606220729.38921686528@smtp-relay.mailin.fr> (API accepted; run audit-brevo to confirm delivery)
2026-06-22 12:59:32 [INFO   ] Sleeping for 10 seconds
2026-06-22 12:59:42 [INFO   ] PROGRESS | Send 47/50 | SENT | shahsurajs@gmail.com | Suraj Shah & CO [Chartered Accountants & Company Secretaries] | ok=45 fail=2 skip=0
2026-06-22 12:59:42 [INFO   ] PROGRESS | Send 48/50 | SENDING | ayushishah36@gmail.com | AYUSHI KAMLESH SHAH [Chartered Accountants & Company Secretaries] | ok=45 fail=2 skip=0
2026-06-22 13:00:04 [INFO   ] --------------------------------------------------------------
2026-06-22 13:00:04 [INFO   ] PROGRESS | Email content — To: ayushishah36@gmail.com
2026-06-22 13:00:04 [INFO   ] PROGRESS | Subject: PlacementHub pre-seed intro with AYUSHI KAMLESH SHAH
2026-06-22 13:00:04 [INFO   ] PROGRESS | Body:
2026-06-22 13:00:04 [INFO   ] PROGRESS |   Dear Sir/Madam,
2026-06-22 13:00:04 [INFO   ] PROGRESS |   I am reaching out to introduce PlacementHub and explore whether any of your investor, entrepreneur, or
2026-06-22 13:00:04 [INFO   ] PROGRESS |   HNI clients may be open to reviewing a strategic seed opportunity.
2026-06-22 13:00:04 [INFO   ] PROGRESS |   My name is Sandeep Jain. PlacementHub is currently in its pre-seed fundraising stage, and I am
2026-06-22 13:00:04 [INFO   ] PROGRESS |   soliciting strategic seed investment for the same. PlacementHub is a campus placement and employability
2026-06-22 13:00:04 [INFO   ] PROGRESS |   platform connecting students, colleges, and recruiters. The product is built and in early
2026-06-22 13:00:04 [INFO   ] PROGRESS |   commercialization.
2026-06-22 13:00:04 [INFO   ] PROGRESS |   For reference, the detailed business plan, including the business model and go-to-market strategies, is
2026-06-22 13:00:04 [INFO   ] PROGRESS |   available here:
2026-06-22 13:00:04 [INFO   ] PROGRESS |   PlacementHub Business Plan
2026-06-22 13:00:04 [INFO   ] PROGRESS |   For a Chartered Accountant firm, the relevance is mainly professional and strategic:
2026-06-22 13:00:04 [INFO   ] PROGRESS |   PlacementHub may require support across accounting, taxation, compliance, payroll, investor documentation, audit, and related professional services.
2026-06-22 13:00:04 [INFO   ] PROGRESS |   I would naturally be pleased to consider and prioritize firms that support PlacementHub during its early growth phase, subject to suitability and mutual agreement.
2026-06-22 13:00:04 [INFO   ] PROGRESS |   The relationship can begin with a simple review of the investment note and, where appropriate, introductions to suitable investor clients.
2026-06-22 13:00:04 [INFO   ] PROGRESS |   If the opportunity is worth a look, I would be happy to send the note and speak briefly about the round,
2026-06-22 13:00:04 [INFO   ] PROGRESS |   the platform, and the type of strategic investors we are looking for.
2026-06-22 13:00:04 [INFO   ] PROGRESS |   Please reply to this email or call me if you would like to explore it.
2026-06-22 13:00:04 [INFO   ] PROGRESS |   Warm Regards,
2026-06-22 13:00:04 [INFO   ] PROGRESS |   Sandeep Jain
2026-06-22 13:00:04 [INFO   ] PROGRESS |   Founder, PlacementHub
2026-06-22 13:00:04 [INFO   ] PROGRESS |   +91-9860090620
2026-06-22 13:00:04 [INFO   ] PROGRESS |   sandeepjain200019@gmail.com
2026-06-22 13:00:04 [INFO   ] PROGRESS |   Detailed Profile
2026-06-22 13:00:04 [INFO   ] PROGRESS |   Detailed Note on Funding Requirement
2026-06-22 13:00:04 [INFO   ] --------------------------------------------------------------
2026-06-22 13:00:04 [INFO   ] 
2026-06-22 13:00:04 [INFO   ] 
2026-06-22 13:00:04 [INFO   ] PROGRESS | Email preview — To: ayushishah36@gmail.com | Subject: PlacementHub pre-seed intro with AYUSHI KAMLESH SHAH
2026-06-22 13:00:06 [INFO   ] SENT (Brevo) -> ayushishah36@gmail.com (AYUSHI KAMLESH SHAH) | PlacementHub pre-seed intro with AYUSHI KAMLESH SHAH | messageId=<202606220730.36460808416@smtp-relay.mailin.fr> (API accepted; run audit-brevo to confirm delivery)
2026-06-22 13:00:06 [INFO   ] Sleeping for 10 seconds
2026-06-22 13:00:16 [INFO   ] PROGRESS | Send 48/50 | SENT | ayushishah36@gmail.com | AYUSHI KAMLESH SHAH [Chartered Accountants & Company Secretaries] | ok=46 fail=2 skip=0
2026-06-22 13:00:16 [INFO   ] PROGRESS | Send 49/50 | SENDING | desaianuj1412@gmail.com | ANUJ ANISH DESAI [Chartered Accountants & Company Secretaries] | ok=46 fail=2 skip=0
2026-06-22 13:00:19 [INFO   ] --------------------------------------------------------------
2026-06-22 13:00:19 [INFO   ] PROGRESS | Email content — To: desaianuj1412@gmail.com
2026-06-22 13:00:19 [INFO   ] PROGRESS | Subject: PlacementHub pre-seed intro with ANUJ ANISH DESAI
2026-06-22 13:00:19 [INFO   ] PROGRESS | Body:
2026-06-22 13:00:19 [INFO   ] PROGRESS |   Dear Sir/Madam,
2026-06-22 13:00:19 [INFO   ] PROGRESS |   I am reaching out to introduce PlacementHub and explore whether any of your investor, entrepreneur, or
2026-06-22 13:00:19 [INFO   ] PROGRESS |   HNI clients may be open to reviewing a strategic seed opportunity.
2026-06-22 13:00:19 [INFO   ] PROGRESS |   My name is Sandeep Jain. PlacementHub is currently in its pre-seed fundraising stage, and I am
2026-06-22 13:00:19 [INFO   ] PROGRESS |   soliciting strategic seed investment for the same. PlacementHub is a campus placement and employability
2026-06-22 13:00:19 [INFO   ] PROGRESS |   platform connecting students, colleges, and recruiters. The product is built and in early
2026-06-22 13:00:19 [INFO   ] PROGRESS |   commercialization.
2026-06-22 13:00:19 [INFO   ] PROGRESS |   For reference, the detailed business plan, including the business model and go-to-market strategies, is
2026-06-22 13:00:19 [INFO   ] PROGRESS |   available here:
2026-06-22 13:00:19 [INFO   ] PROGRESS |   PlacementHub Business Plan
2026-06-22 13:00:19 [INFO   ] PROGRESS |   For a Chartered Accountant firm, the relevance is mainly professional and strategic:
2026-06-22 13:00:19 [INFO   ] PROGRESS |   PlacementHub may require support across accounting, taxation, compliance, payroll, investor documentation, audit, and related professional services.
2026-06-22 13:00:19 [INFO   ] PROGRESS |   I would naturally be pleased to consider and prioritize firms that support PlacementHub during its early growth phase, subject to suitability and mutual agreement.
2026-06-22 13:00:19 [INFO   ] PROGRESS |   The relationship can begin with a simple review of the investment note and, where appropriate, introductions to suitable investor clients.
2026-06-22 13:00:19 [INFO   ] PROGRESS |   If the opportunity is worth a look, I would be happy to send the note and speak briefly about the round,
2026-06-22 13:00:19 [INFO   ] PROGRESS |   the platform, and the type of strategic investors we are looking for.
2026-06-22 13:00:19 [INFO   ] PROGRESS |   Please reply to this email or call me if you would like to explore it.
2026-06-22 13:00:19 [INFO   ] PROGRESS |   Warm Regards,
2026-06-22 13:00:19 [INFO   ] PROGRESS |   Sandeep Jain
2026-06-22 13:00:19 [INFO   ] PROGRESS |   Founder, PlacementHub
2026-06-22 13:00:19 [INFO   ] PROGRESS |   +91-9860090620
2026-06-22 13:00:19 [INFO   ] PROGRESS |   sandeepjain200019@gmail.com
2026-06-22 13:00:19 [INFO   ] PROGRESS |   Detailed Profile
2026-06-22 13:00:19 [INFO   ] PROGRESS |   Detailed Note on Funding Requirement
2026-06-22 13:00:19 [INFO   ] --------------------------------------------------------------
2026-06-22 13:00:19 [INFO   ] 
2026-06-22 13:00:19 [INFO   ] 
2026-06-22 13:00:19 [INFO   ] PROGRESS | Email preview — To: desaianuj1412@gmail.com | Subject: PlacementHub pre-seed intro with ANUJ ANISH DESAI
2026-06-22 13:00:20 [INFO   ] SENT (Brevo) -> desaianuj1412@gmail.com (ANUJ ANISH DESAI) | PlacementHub pre-seed intro with ANUJ ANISH DESAI | messageId=<202606220730.55209569972@smtp-relay.mailin.fr> (API accepted; run audit-brevo to confirm delivery)
2026-06-22 13:00:20 [INFO   ] Sleeping for 10 seconds
2026-06-22 13:00:30 [INFO   ] PROGRESS | Send 49/50 | SENT | desaianuj1412@gmail.com | ANUJ ANISH DESAI [Chartered Accountants & Company Secretaries] | ok=47 fail=2 skip=0
2026-06-22 13:00:30 [INFO   ] PROGRESS | Send 50/50 | SENDING | hareshj001@gmail.com | HARESH PRAKASH JETHMALANI [Chartered Accountants & Company Secretaries] | ok=47 fail=2 skip=0
2026-06-22 13:00:47 [INFO   ] --------------------------------------------------------------
2026-06-22 13:00:47 [INFO   ] PROGRESS | Email content — To: hareshj001@gmail.com
2026-06-22 13:00:47 [INFO   ] PROGRESS | Subject: PlacementHub pre-seed intro with HARESH PRAKASH JETHMALANI
2026-06-22 13:00:47 [INFO   ] PROGRESS | Body:
2026-06-22 13:00:47 [INFO   ] PROGRESS |   Dear Sir/Madam,
2026-06-22 13:00:47 [INFO   ] PROGRESS |   I am reaching out to introduce PlacementHub and explore whether any of your investor, entrepreneur, or
2026-06-22 13:00:47 [INFO   ] PROGRESS |   HNI clients may be open to reviewing a strategic seed opportunity.
2026-06-22 13:00:47 [INFO   ] PROGRESS |   My name is Sandeep Jain. PlacementHub is currently in its pre-seed fundraising stage, and I am
2026-06-22 13:00:47 [INFO   ] PROGRESS |   soliciting strategic seed investment for the same. PlacementHub is a campus placement and employability
2026-06-22 13:00:47 [INFO   ] PROGRESS |   platform connecting students, colleges, and recruiters. The product is built and in early
2026-06-22 13:00:47 [INFO   ] PROGRESS |   commercialization.
2026-06-22 13:00:47 [INFO   ] PROGRESS |   For reference, the detailed business plan, including the business model and go-to-market strategies, is
2026-06-22 13:00:47 [INFO   ] PROGRESS |   available here:
2026-06-22 13:00:47 [INFO   ] PROGRESS |   PlacementHub Business Plan
2026-06-22 13:00:47 [INFO   ] PROGRESS |   For a Chartered Accountant firm, the relevance is mainly professional and strategic:
2026-06-22 13:00:47 [INFO   ] PROGRESS |   PlacementHub may require support across accounting, taxation, compliance, payroll, investor documentation, audit, and related professional services.
2026-06-22 13:00:47 [INFO   ] PROGRESS |   I would naturally be pleased to consider and prioritize firms that support PlacementHub during its early growth phase, subject to suitability and mutual agreement.
2026-06-22 13:00:47 [INFO   ] PROGRESS |   The relationship can begin with a simple review of the investment note and, where appropriate, introductions to suitable investor clients.
2026-06-22 13:00:47 [INFO   ] PROGRESS |   If the opportunity is worth a look, I would be happy to send the note and speak briefly about the round,
2026-06-22 13:00:47 [INFO   ] PROGRESS |   the platform, and the type of strategic investors we are looking for.
2026-06-22 13:00:47 [INFO   ] PROGRESS |   Please reply to this email or call me if you would like to explore it.
2026-06-22 13:00:47 [INFO   ] PROGRESS |   Warm Regards,
2026-06-22 13:00:47 [INFO   ] PROGRESS |   Sandeep Jain
2026-06-22 13:00:47 [INFO   ] PROGRESS |   Founder, PlacementHub
2026-06-22 13:00:47 [INFO   ] PROGRESS |   +91-9860090620
2026-06-22 13:00:47 [INFO   ] PROGRESS |   sandeepjain200019@gmail.com
2026-06-22 13:00:47 [INFO   ] PROGRESS |   Detailed Profile
2026-06-22 13:00:47 [INFO   ] PROGRESS |   Detailed Note on Funding Requirement
2026-06-22 13:00:47 [INFO   ] --------------------------------------------------------------
2026-06-22 13:00:47 [INFO   ] 
2026-06-22 13:00:47 [INFO   ] 
2026-06-22 13:00:47 [INFO   ] PROGRESS | Email preview — To: hareshj001@gmail.com | Subject: PlacementHub pre-seed intro with HARESH PRAKASH JETHMALANI
2026-06-22 13:00:48 [INFO   ] SENT (Brevo) -> hareshj001@gmail.com (HARESH PRAKASH JETHMALANI) | PlacementHub pre-seed intro with HARESH PRAKASH JETHMALANI | messageId=<202606220730.80429494291@smtp-relay.mailin.fr> (API accepted; run audit-brevo to confirm delivery)
2026-06-22 13:00:48 [INFO   ] Sleeping for 10 seconds
2026-06-22 13:00:58 [INFO   ] PROGRESS | Send 50/50 | SENT | hareshj001@gmail.com | HARESH PRAKASH JETHMALANI [Chartered Accountants & Company Secretaries] | ok=48 fail=2 skip=0
2026-06-22 13:01:05 [INFO   ] CA send complete: {'sent': 48, 'failed': 2, 'skipped': 0, 'queue_size': 50, 'ca_only': True, 'ca_bulk_unsent': 572, 'sent_ca_connect': 48, 'sent_by_industry': {'ca_cs_firms': 48}, 'send_limit': 50}
2026-06-22 13:01:05 [INFO   ] PROGRESS | Done — CA send — 48 sent, 2 failed, 524 unsent in ca_bulk.db
