2026-06-21 21:06:46 [INFO   ] Log file: C:\Users\sandeep\Downloads\Claudes\investment\logs\immigration_2026-06-21_21-06-46.log
2026-06-21 21:06:46 [INFO   ] 
2026-06-21 21:06:46 [INFO   ] ==============================================================
2026-06-21 21:06:46 [INFO   ] PROGRESS | Send — CA emails only (up to 50 from ca_bulk.db)
2026-06-21 21:06:46 [INFO   ] ==============================================================
2026-06-21 21:06:47 [INFO   ] Send transport: Brevo API (config: C:\Users\sandeep\Downloads\Claudes\investment\config\mail_config.json, template: C:\Users\sandeep\Downloads\Claudes\investment\templates\bodies\partnership.html, sender: sandeepjain200019@gmail.com)
2026-06-21 21:06:47 [INFO   ] CA-only send from ca_bulk.db — 621 unsent, up to 50 this run (caconnect.icai.org).
2026-06-21 21:06:53 [INFO   ] PROGRESS | Send plan — 50 recipient(s) in queue
2026-06-21 21:06:53 [INFO   ] PROGRESS | Send 1/50 | SENDING | constitution date | BATTULL AND ASSOCIATES LLP [Chartered Accountants & Company Secretaries] | ok=0 fail=0 skip=0
2026-06-21 21:06:54 [INFO   ] Loaded 41 NVIDIA API key(s) for rotation.
2026-06-21 21:07:05 [INFO   ] --------------------------------------------------------------
2026-06-21 21:07:05 [INFO   ] PROGRESS | Email content — To: constitution date
2026-06-21 21:07:05 [INFO   ] PROGRESS | Subject: PlacementHub pre-seed intro with BATTULL AND ASSOCIATES LLP
2026-06-21 21:07:05 [INFO   ] PROGRESS | Body:
2026-06-21 21:07:05 [INFO   ] PROGRESS |   Dear Sir/Madam,
2026-06-21 21:07:05 [INFO   ] PROGRESS |   I am reaching out to introduce PlacementHub and explore whether any of your investor, entrepreneur, or
2026-06-21 21:07:05 [INFO   ] PROGRESS |   HNI clients may be open to reviewing a strategic seed opportunity.
2026-06-21 21:07:05 [INFO   ] PROGRESS |   My name is Sandeep Jain. PlacementHub is currently in its pre-seed fundraising stage, and I am
2026-06-21 21:07:05 [INFO   ] PROGRESS |   soliciting strategic seed investment for the same. PlacementHub is a campus placement and employability
2026-06-21 21:07:05 [INFO   ] PROGRESS |   platform connecting students, colleges, and recruiters. The product is built and in early
2026-06-21 21:07:05 [INFO   ] PROGRESS |   commercialization.
2026-06-21 21:07:05 [INFO   ] PROGRESS |   For reference, the detailed business plan, including the business model and go-to-market strategies, is
2026-06-21 21:07:05 [INFO   ] PROGRESS |   available here:
2026-06-21 21:07:05 [INFO   ] PROGRESS |   PlacementHub Business Plan
2026-06-21 21:07:05 [INFO   ] PROGRESS |   For a Chartered Accountant firm, the relevance is mainly professional and strategic:
2026-06-21 21:07:05 [INFO   ] PROGRESS |   PlacementHub may require support across accounting, taxation, compliance, payroll, investor documentation, audit, and related professional services.
2026-06-21 21:07:05 [INFO   ] PROGRESS |   I would naturally be pleased to consider and prioritize firms that support PlacementHub during its early growth phase, subject to suitability and mutual agreement.
2026-06-21 21:07:05 [INFO   ] PROGRESS |   The relationship can begin with a simple review of the investment note and, where appropriate, introductions to suitable investor clients.
2026-06-21 21:07:05 [INFO   ] PROGRESS |   If the opportunity is worth a look, I would be happy to send the note and speak briefly about the round,
2026-06-21 21:07:05 [INFO   ] PROGRESS |   the platform, and the type of strategic investors we are looking for.
2026-06-21 21:07:05 [INFO   ] PROGRESS |   Please reply to this email or call me if you would like to explore it.
2026-06-21 21:07:05 [INFO   ] PROGRESS |   Warm Regards,
2026-06-21 21:07:05 [INFO   ] PROGRESS |   Sandeep Jain
2026-06-21 21:07:05 [INFO   ] PROGRESS |   Founder, PlacementHub
2026-06-21 21:07:05 [INFO   ] PROGRESS |   +91-9860090620
2026-06-21 21:07:05 [INFO   ] PROGRESS |   sandeepjain200019@gmail.com
2026-06-21 21:07:05 [INFO   ] PROGRESS |   Detailed Profile
2026-06-21 21:07:05 [INFO   ] PROGRESS |   Detailed Note on Funding Requirement
2026-06-21 21:07:05 [INFO   ] --------------------------------------------------------------
2026-06-21 21:07:05 [INFO   ] 
2026-06-21 21:07:05 [INFO   ] 
2026-06-21 21:07:05 [INFO   ] PROGRESS | Email preview — To: constitution date | Subject: PlacementHub pre-seed intro with BATTULL AND ASSOCIATES LLP
2026-06-21 21:07:07 [ERROR  ] Brevo send failed for constitution date: Brevo API send failed for constitution date: (400)
Reason: Bad Request
HTTP response headers: HTTPHeaderDict({'Date': 'Sun, 21 Jun 2026 15:37:07 GMT', 'Content-Type': 'application/json', 'Content-Length': '66', 'Connection': 'keep-alive', 'CF-RAY': 'a0f417bb8e47f864-CDG', 'x-envoy-upstream-service-time': '19', 'access-control-allow-credentials': 'true', 'sib-request-id': '9bedb8bc-5a98-90ee-b7b0-16ac225431ee', 'access-control-allow-origin': '*', 'access-control-allow-headers': '*', 'access-control-allow-methods': 'PUT, POST, GET, DELETE, PATCH, OPTIONS', 'x-sib-ratelimit-limit': '1000', 'x-sib-ratelimit-remaining': '999', 'x-sib-ratelimit-reset': '1', 'cf-cache-status': 'DYNAMIC', 'Set-Cookie': '_cfuvid=JcgdZeSZBuef6EBlE8ADiXI900Rb9.kLuToGsuUzFnw-1782056227414-0.0.1.1-604800000; path=/; domain=.sendinblue.com; HttpOnly; Secure; SameSite=None', 'Server': 'cloudflare'})
HTTP response body: {"code":"invalid_parameter","message":"email is not valid in to"}


2026-06-21 21:07:07 [INFO   ] PROGRESS | Send 1/50 | FAILED | constitution date | BATTULL AND ASSOCIATES LLP [Chartered Accountants & Company Secretaries] | ok=0 fail=1 skip=0
2026-06-21 21:07:07 [INFO   ] PROGRESS | Send 2/50 | SENDING | casmitatakawale@gmail.com | S Y TAKAWALE & ASSOCIATES [Chartered Accountants & Company Secretaries] | ok=0 fail=1 skip=0
2026-06-21 21:07:10 [INFO   ] --------------------------------------------------------------
2026-06-21 21:07:10 [INFO   ] PROGRESS | Email content — To: casmitatakawale@gmail.com
2026-06-21 21:07:10 [INFO   ] PROGRESS | Subject: PlacementHub pre-seed intro with S Y TAKAWALE & ASSOCIATES
2026-06-21 21:07:10 [INFO   ] PROGRESS | Body:
2026-06-21 21:07:10 [INFO   ] PROGRESS |   Dear Sir/Madam,
2026-06-21 21:07:10 [INFO   ] PROGRESS |   I am reaching out to introduce PlacementHub and explore whether any of your investor, entrepreneur, or
2026-06-21 21:07:10 [INFO   ] PROGRESS |   HNI clients may be open to reviewing a strategic seed opportunity.
2026-06-21 21:07:10 [INFO   ] PROGRESS |   My name is Sandeep Jain. PlacementHub is currently in its pre-seed fundraising stage, and I am
2026-06-21 21:07:10 [INFO   ] PROGRESS |   soliciting strategic seed investment for the same. PlacementHub is a campus placement and employability
2026-06-21 21:07:10 [INFO   ] PROGRESS |   platform connecting students, colleges, and recruiters. The product is built and in early
2026-06-21 21:07:10 [INFO   ] PROGRESS |   commercialization.
2026-06-21 21:07:10 [INFO   ] PROGRESS |   For reference, the detailed business plan, including the business model and go-to-market strategies, is
2026-06-21 21:07:10 [INFO   ] PROGRESS |   available here:
2026-06-21 21:07:10 [INFO   ] PROGRESS |   PlacementHub Business Plan
2026-06-21 21:07:10 [INFO   ] PROGRESS |   For a Chartered Accountant firm, the relevance is mainly professional and strategic:
2026-06-21 21:07:10 [INFO   ] PROGRESS |   PlacementHub may require support across accounting, taxation, compliance, payroll, investor documentation, audit, and related professional services.
2026-06-21 21:07:10 [INFO   ] PROGRESS |   I would naturally be pleased to consider and prioritize firms that support PlacementHub during its early growth phase, subject to suitability and mutual agreement.
2026-06-21 21:07:10 [INFO   ] PROGRESS |   The relationship can begin with a simple review of the investment note and, where appropriate, introductions to suitable investor clients.
2026-06-21 21:07:10 [INFO   ] PROGRESS |   If the opportunity is worth a look, I would be happy to send the note and speak briefly about the round,
2026-06-21 21:07:10 [INFO   ] PROGRESS |   the platform, and the type of strategic investors we are looking for.
2026-06-21 21:07:10 [INFO   ] PROGRESS |   Please reply to this email or call me if you would like to explore it.
2026-06-21 21:07:10 [INFO   ] PROGRESS |   Warm Regards,
2026-06-21 21:07:10 [INFO   ] PROGRESS |   Sandeep Jain
2026-06-21 21:07:10 [INFO   ] PROGRESS |   Founder, PlacementHub
2026-06-21 21:07:10 [INFO   ] PROGRESS |   +91-9860090620
2026-06-21 21:07:10 [INFO   ] PROGRESS |   sandeepjain200019@gmail.com
2026-06-21 21:07:10 [INFO   ] PROGRESS |   Detailed Profile
2026-06-21 21:07:10 [INFO   ] PROGRESS |   Detailed Note on Funding Requirement
2026-06-21 21:07:10 [INFO   ] --------------------------------------------------------------
2026-06-21 21:07:10 [INFO   ] 
2026-06-21 21:07:10 [INFO   ] 
2026-06-21 21:07:10 [INFO   ] PROGRESS | Email preview — To: casmitatakawale@gmail.com | Subject: PlacementHub pre-seed intro with S Y TAKAWALE & ASSOCIATES
2026-06-21 21:07:11 [INFO   ] SENT (Brevo) -> casmitatakawale@gmail.com (S Y TAKAWALE & ASSOCIATES) | PlacementHub pre-seed intro with S Y TAKAWALE & ASSOCIATES | messageId=<202606211537.82189634757@smtp-relay.mailin.fr> (API accepted; run audit-brevo to confirm delivery)
2026-06-21 21:07:11 [INFO   ] Sleeping for 10 seconds
2026-06-21 21:07:21 [INFO   ] PROGRESS | Send 2/50 | SENT | casmitatakawale@gmail.com | S Y TAKAWALE & ASSOCIATES [Chartered Accountants & Company Secretaries] | ok=1 fail=1 skip=0
2026-06-21 21:07:21 [INFO   ] PROGRESS | Send 3/50 | SENDING | carohitravalekar@gmail.com | R R N A & ASSOCIATES [Chartered Accountants & Company Secretaries] | ok=1 fail=1 skip=0
2026-06-21 21:07:24 [INFO   ] --------------------------------------------------------------
2026-06-21 21:07:24 [INFO   ] PROGRESS | Email content — To: carohitravalekar@gmail.com
2026-06-21 21:07:24 [INFO   ] PROGRESS | Subject: PlacementHub pre-seed intro with R R N A & ASSOCIATES
2026-06-21 21:07:24 [INFO   ] PROGRESS | Body:
2026-06-21 21:07:24 [INFO   ] PROGRESS |   Dear Sir/Madam,
2026-06-21 21:07:24 [INFO   ] PROGRESS |   I am reaching out to introduce PlacementHub and explore whether any of your investor, entrepreneur, or
2026-06-21 21:07:24 [INFO   ] PROGRESS |   HNI clients may be open to reviewing a strategic seed opportunity.
2026-06-21 21:07:24 [INFO   ] PROGRESS |   My name is Sandeep Jain. PlacementHub is currently in its pre-seed fundraising stage, and I am
2026-06-21 21:07:24 [INFO   ] PROGRESS |   soliciting strategic seed investment for the same. PlacementHub is a campus placement and employability
2026-06-21 21:07:24 [INFO   ] PROGRESS |   platform connecting students, colleges, and recruiters. The product is built and in early
2026-06-21 21:07:24 [INFO   ] PROGRESS |   commercialization.
2026-06-21 21:07:24 [INFO   ] PROGRESS |   For reference, the detailed business plan, including the business model and go-to-market strategies, is
2026-06-21 21:07:24 [INFO   ] PROGRESS |   available here:
2026-06-21 21:07:24 [INFO   ] PROGRESS |   PlacementHub Business Plan
2026-06-21 21:07:24 [INFO   ] PROGRESS |   For a Chartered Accountant firm, the relevance is mainly professional and strategic:
2026-06-21 21:07:24 [INFO   ] PROGRESS |   PlacementHub may require support across accounting, taxation, compliance, payroll, investor documentation, audit, and related professional services.
2026-06-21 21:07:24 [INFO   ] PROGRESS |   I would naturally be pleased to consider and prioritize firms that support PlacementHub during its early growth phase, subject to suitability and mutual agreement.
2026-06-21 21:07:24 [INFO   ] PROGRESS |   The relationship can begin with a simple review of the investment note and, where appropriate, introductions to suitable investor clients.
2026-06-21 21:07:24 [INFO   ] PROGRESS |   If the opportunity is worth a look, I would be happy to send the note and speak briefly about the round,
2026-06-21 21:07:24 [INFO   ] PROGRESS |   the platform, and the type of strategic investors we are looking for.
2026-06-21 21:07:24 [INFO   ] PROGRESS |   Please reply to this email or call me if you would like to explore it.
2026-06-21 21:07:24 [INFO   ] PROGRESS |   Warm Regards,
2026-06-21 21:07:24 [INFO   ] PROGRESS |   Sandeep Jain
2026-06-21 21:07:24 [INFO   ] PROGRESS |   Founder, PlacementHub
2026-06-21 21:07:24 [INFO   ] PROGRESS |   +91-9860090620
2026-06-21 21:07:24 [INFO   ] PROGRESS |   sandeepjain200019@gmail.com
2026-06-21 21:07:24 [INFO   ] PROGRESS |   Detailed Profile
2026-06-21 21:07:24 [INFO   ] PROGRESS |   Detailed Note on Funding Requirement
2026-06-21 21:07:24 [INFO   ] --------------------------------------------------------------
2026-06-21 21:07:24 [INFO   ] 
2026-06-21 21:07:24 [INFO   ] 
2026-06-21 21:07:24 [INFO   ] PROGRESS | Email preview — To: carohitravalekar@gmail.com | Subject: PlacementHub pre-seed intro with R R N A & ASSOCIATES
2026-06-21 21:07:25 [INFO   ] SENT (Brevo) -> carohitravalekar@gmail.com (R R N A & ASSOCIATES) | PlacementHub pre-seed intro with R R N A & ASSOCIATES | messageId=<202606211537.27466361859@smtp-relay.mailin.fr> (API accepted; run audit-brevo to confirm delivery)
2026-06-21 21:07:25 [INFO   ] Sleeping for 10 seconds
2026-06-21 21:07:35 [INFO   ] PROGRESS | Send 3/50 | SENT | carohitravalekar@gmail.com | R R N A & ASSOCIATES [Chartered Accountants & Company Secretaries] | ok=2 fail=1 skip=0
2026-06-21 21:07:35 [INFO   ] PROGRESS | Send 4/50 | SENDING | caravisalunke@gmail.com | RAVI S SALUNKE & ASSOCIATES [Chartered Accountants & Company Secretaries] | ok=2 fail=1 skip=0
2026-06-21 21:07:56 [INFO   ] --------------------------------------------------------------
2026-06-21 21:07:56 [INFO   ] PROGRESS | Email content — To: caravisalunke@gmail.com
2026-06-21 21:07:56 [INFO   ] PROGRESS | Subject: PlacementHub pre-seed intro with RAVI S SALUNKE & ASSOCIATES
2026-06-21 21:07:56 [INFO   ] PROGRESS | Body:
2026-06-21 21:07:56 [INFO   ] PROGRESS |   Dear Sir/Madam,
2026-06-21 21:07:56 [INFO   ] PROGRESS |   I am reaching out to introduce PlacementHub and explore whether any of your investor, entrepreneur, or
2026-06-21 21:07:56 [INFO   ] PROGRESS |   HNI clients may be open to reviewing a strategic seed opportunity.
2026-06-21 21:07:56 [INFO   ] PROGRESS |   My name is Sandeep Jain. PlacementHub is currently in its pre-seed fundraising stage, and I am
2026-06-21 21:07:56 [INFO   ] PROGRESS |   soliciting strategic seed investment for the same. PlacementHub is a campus placement and employability
2026-06-21 21:07:56 [INFO   ] PROGRESS |   platform connecting students, colleges, and recruiters. The product is built and in early
2026-06-21 21:07:56 [INFO   ] PROGRESS |   commercialization.
2026-06-21 21:07:56 [INFO   ] PROGRESS |   For reference, the detailed business plan, including the business model and go-to-market strategies, is
2026-06-21 21:07:56 [INFO   ] PROGRESS |   available here:
2026-06-21 21:07:56 [INFO   ] PROGRESS |   PlacementHub Business Plan
2026-06-21 21:07:56 [INFO   ] PROGRESS |   For a Chartered Accountant firm, the relevance is mainly professional and strategic:
2026-06-21 21:07:56 [INFO   ] PROGRESS |   PlacementHub may require support across accounting, taxation, compliance, payroll, investor documentation, audit, and related professional services.
2026-06-21 21:07:56 [INFO   ] PROGRESS |   I would naturally be pleased to consider and prioritize firms that support PlacementHub during its early growth phase, subject to suitability and mutual agreement.
2026-06-21 21:07:56 [INFO   ] PROGRESS |   The relationship can begin with a simple review of the investment note and, where appropriate, introductions to suitable investor clients.
2026-06-21 21:07:56 [INFO   ] PROGRESS |   If the opportunity is worth a look, I would be happy to send the note and speak briefly about the round,
2026-06-21 21:07:56 [INFO   ] PROGRESS |   the platform, and the type of strategic investors we are looking for.
2026-06-21 21:07:56 [INFO   ] PROGRESS |   Please reply to this email or call me if you would like to explore it.
2026-06-21 21:07:56 [INFO   ] PROGRESS |   Warm Regards,
2026-06-21 21:07:56 [INFO   ] PROGRESS |   Sandeep Jain
2026-06-21 21:07:56 [INFO   ] PROGRESS |   Founder, PlacementHub
2026-06-21 21:07:56 [INFO   ] PROGRESS |   +91-9860090620
2026-06-21 21:07:56 [INFO   ] PROGRESS |   sandeepjain200019@gmail.com
2026-06-21 21:07:56 [INFO   ] PROGRESS |   Detailed Profile
2026-06-21 21:07:56 [INFO   ] PROGRESS |   Detailed Note on Funding Requirement
2026-06-21 21:07:56 [INFO   ] --------------------------------------------------------------
2026-06-21 21:07:56 [INFO   ] 
2026-06-21 21:07:56 [INFO   ] 
2026-06-21 21:07:56 [INFO   ] PROGRESS | Email preview — To: caravisalunke@gmail.com | Subject: PlacementHub pre-seed intro with RAVI S SALUNKE & ASSOCIATES
2026-06-21 21:07:57 [INFO   ] SENT (Brevo) -> caravisalunke@gmail.com (RAVI S SALUNKE & ASSOCIATES) | PlacementHub pre-seed intro with RAVI S SALUNKE & ASSOCIATES | messageId=<202606211537.69134165925@smtp-relay.mailin.fr> (API accepted; run audit-brevo to confirm delivery)
2026-06-21 21:07:57 [INFO   ] Sleeping for 10 seconds
2026-06-21 21:08:07 [INFO   ] PROGRESS | Send 4/50 | SENT | caravisalunke@gmail.com | RAVI S SALUNKE & ASSOCIATES [Chartered Accountants & Company Secretaries] | ok=3 fail=1 skip=0
2026-06-21 21:08:07 [INFO   ] PROGRESS | Send 5/50 | SENDING | psdandekar@gmail.com | P S D & COMPANY [Chartered Accountants & Company Secretaries] | ok=3 fail=1 skip=0
2026-06-21 21:08:16 [INFO   ] --------------------------------------------------------------
2026-06-21 21:08:16 [INFO   ] PROGRESS | Email content — To: psdandekar@gmail.com
2026-06-21 21:08:16 [INFO   ] PROGRESS | Subject: PlacementHub pre-seed intro with P S D & COMPANY
2026-06-21 21:08:16 [INFO   ] PROGRESS | Body:
2026-06-21 21:08:16 [INFO   ] PROGRESS |   Dear Sir/Madam,
2026-06-21 21:08:16 [INFO   ] PROGRESS |   I am reaching out to introduce PlacementHub and explore whether any of your investor, entrepreneur, or
2026-06-21 21:08:16 [INFO   ] PROGRESS |   HNI clients may be open to reviewing a strategic seed opportunity.
2026-06-21 21:08:16 [INFO   ] PROGRESS |   My name is Sandeep Jain. PlacementHub is currently in its pre-seed fundraising stage, and I am
2026-06-21 21:08:16 [INFO   ] PROGRESS |   soliciting strategic seed investment for the same. PlacementHub is a campus placement and employability
2026-06-21 21:08:16 [INFO   ] PROGRESS |   platform connecting students, colleges, and recruiters. The product is built and in early
2026-06-21 21:08:16 [INFO   ] PROGRESS |   commercialization.
2026-06-21 21:08:16 [INFO   ] PROGRESS |   For reference, the detailed business plan, including the business model and go-to-market strategies, is
2026-06-21 21:08:16 [INFO   ] PROGRESS |   available here:
2026-06-21 21:08:16 [INFO   ] PROGRESS |   PlacementHub Business Plan
2026-06-21 21:08:16 [INFO   ] PROGRESS |   For a Chartered Accountant firm, the relevance is mainly professional and strategic:
2026-06-21 21:08:16 [INFO   ] PROGRESS |   PlacementHub may require support across accounting, taxation, compliance, payroll, investor documentation, audit, and related professional services.
2026-06-21 21:08:16 [INFO   ] PROGRESS |   I would naturally be pleased to consider and prioritize firms that support PlacementHub during its early growth phase, subject to suitability and mutual agreement.
2026-06-21 21:08:16 [INFO   ] PROGRESS |   The relationship can begin with a simple review of the investment note and, where appropriate, introductions to suitable investor clients.
2026-06-21 21:08:16 [INFO   ] PROGRESS |   If the opportunity is worth a look, I would be happy to send the note and speak briefly about the round,
2026-06-21 21:08:16 [INFO   ] PROGRESS |   the platform, and the type of strategic investors we are looking for.
2026-06-21 21:08:16 [INFO   ] PROGRESS |   Please reply to this email or call me if you would like to explore it.
2026-06-21 21:08:16 [INFO   ] PROGRESS |   Warm Regards,
2026-06-21 21:08:16 [INFO   ] PROGRESS |   Sandeep Jain
2026-06-21 21:08:16 [INFO   ] PROGRESS |   Founder, PlacementHub
2026-06-21 21:08:16 [INFO   ] PROGRESS |   +91-9860090620
2026-06-21 21:08:16 [INFO   ] PROGRESS |   sandeepjain200019@gmail.com
2026-06-21 21:08:16 [INFO   ] PROGRESS |   Detailed Profile
2026-06-21 21:08:16 [INFO   ] PROGRESS |   Detailed Note on Funding Requirement
2026-06-21 21:08:16 [INFO   ] --------------------------------------------------------------
2026-06-21 21:08:16 [INFO   ] 
2026-06-21 21:08:16 [INFO   ] 
2026-06-21 21:08:16 [INFO   ] PROGRESS | Email preview — To: psdandekar@gmail.com | Subject: PlacementHub pre-seed intro with P S D & COMPANY
2026-06-21 21:08:17 [INFO   ] SENT (Brevo) -> psdandekar@gmail.com (P S D & COMPANY) | PlacementHub pre-seed intro with P S D & COMPANY | messageId=<202606211538.13565254397@smtp-relay.mailin.fr> (API accepted; run audit-brevo to confirm delivery)
2026-06-21 21:08:17 [INFO   ] Sleeping for 10 seconds
2026-06-21 21:08:27 [INFO   ] PROGRESS | Send 5/50 | SENT | psdandekar@gmail.com | P S D & COMPANY [Chartered Accountants & Company Secretaries] | ok=4 fail=1 skip=0
2026-06-21 21:08:27 [INFO   ] PROGRESS | Send 6/50 | SENDING | chinmayshah30@gmail.com | S A C & CO LLP [Chartered Accountants & Company Secretaries] | ok=4 fail=1 skip=0
2026-06-21 21:08:37 [INFO   ] --------------------------------------------------------------
2026-06-21 21:08:37 [INFO   ] PROGRESS | Email content — To: chinmayshah30@gmail.com
2026-06-21 21:08:37 [INFO   ] PROGRESS | Subject: PlacementHub pre-seed intro with S A C & CO LLP
2026-06-21 21:08:37 [INFO   ] PROGRESS | Body:
2026-06-21 21:08:37 [INFO   ] PROGRESS |   Dear Sir/Madam,
2026-06-21 21:08:37 [INFO   ] PROGRESS |   I am reaching out to introduce PlacementHub and explore whether any of your investor, entrepreneur, or
2026-06-21 21:08:37 [INFO   ] PROGRESS |   HNI clients may be open to reviewing a strategic seed opportunity.
2026-06-21 21:08:37 [INFO   ] PROGRESS |   My name is Sandeep Jain. PlacementHub is currently in its pre-seed fundraising stage, and I am
2026-06-21 21:08:37 [INFO   ] PROGRESS |   soliciting strategic seed investment for the same. PlacementHub is a campus placement and employability
2026-06-21 21:08:37 [INFO   ] PROGRESS |   platform connecting students, colleges, and recruiters. The product is built and in early
2026-06-21 21:08:37 [INFO   ] PROGRESS |   commercialization.
2026-06-21 21:08:37 [INFO   ] PROGRESS |   For reference, the detailed business plan, including the business model and go-to-market strategies, is
2026-06-21 21:08:37 [INFO   ] PROGRESS |   available here:
2026-06-21 21:08:37 [INFO   ] PROGRESS |   PlacementHub Business Plan
2026-06-21 21:08:37 [INFO   ] PROGRESS |   For a Chartered Accountant firm, the relevance is mainly professional and strategic:
2026-06-21 21:08:37 [INFO   ] PROGRESS |   PlacementHub may require support across accounting, taxation, compliance, payroll, investor documentation, audit, and related professional services.
2026-06-21 21:08:37 [INFO   ] PROGRESS |   I would naturally be pleased to consider and prioritize firms that support PlacementHub during its early growth phase, subject to suitability and mutual agreement.
2026-06-21 21:08:37 [INFO   ] PROGRESS |   The relationship can begin with a simple review of the investment note and, where appropriate, introductions to suitable investor clients.
2026-06-21 21:08:37 [INFO   ] PROGRESS |   If the opportunity is worth a look, I would be happy to send the note and speak briefly about the round,
2026-06-21 21:08:37 [INFO   ] PROGRESS |   the platform, and the type of strategic investors we are looking for.
2026-06-21 21:08:37 [INFO   ] PROGRESS |   Please reply to this email or call me if you would like to explore it.
2026-06-21 21:08:37 [INFO   ] PROGRESS |   Warm Regards,
2026-06-21 21:08:37 [INFO   ] PROGRESS |   Sandeep Jain
2026-06-21 21:08:37 [INFO   ] PROGRESS |   Founder, PlacementHub
2026-06-21 21:08:37 [INFO   ] PROGRESS |   +91-9860090620
2026-06-21 21:08:37 [INFO   ] PROGRESS |   sandeepjain200019@gmail.com
2026-06-21 21:08:37 [INFO   ] PROGRESS |   Detailed Profile
2026-06-21 21:08:37 [INFO   ] PROGRESS |   Detailed Note on Funding Requirement
2026-06-21 21:08:37 [INFO   ] --------------------------------------------------------------
2026-06-21 21:08:37 [INFO   ] 
2026-06-21 21:08:37 [INFO   ] 
2026-06-21 21:08:37 [INFO   ] PROGRESS | Email preview — To: chinmayshah30@gmail.com | Subject: PlacementHub pre-seed intro with S A C & CO LLP
2026-06-21 21:08:38 [INFO   ] SENT (Brevo) -> chinmayshah30@gmail.com (S A C & CO LLP) | PlacementHub pre-seed intro with S A C & CO LLP | messageId=<202606211538.39943224951@smtp-relay.mailin.fr> (API accepted; run audit-brevo to confirm delivery)
2026-06-21 21:08:38 [INFO   ] Sleeping for 10 seconds
2026-06-21 21:08:48 [INFO   ] PROGRESS | Send 6/50 | SENT | chinmayshah30@gmail.com | S A C & CO LLP [Chartered Accountants & Company Secretaries] | ok=5 fail=1 skip=0
2026-06-21 21:08:48 [INFO   ] PROGRESS | Send 7/50 | SENDING | mayac442@gmail.com | MAYA CHOUDHARY & ASSOCIATES [Chartered Accountants & Company Secretaries] | ok=5 fail=1 skip=0
2026-06-21 21:09:15 [INFO   ] --------------------------------------------------------------
2026-06-21 21:09:15 [INFO   ] PROGRESS | Email content — To: mayac442@gmail.com
2026-06-21 21:09:15 [INFO   ] PROGRESS | Subject: PlacementHub pre-seed intro with MAYA CHOUDHARY & ASSOCIATES
2026-06-21 21:09:15 [INFO   ] PROGRESS | Body:
2026-06-21 21:09:15 [INFO   ] PROGRESS |   Dear Sir/Madam,
2026-06-21 21:09:15 [INFO   ] PROGRESS |   I am reaching out to introduce PlacementHub and explore whether any of your investor, entrepreneur, or
2026-06-21 21:09:15 [INFO   ] PROGRESS |   HNI clients may be open to reviewing a strategic seed opportunity.
2026-06-21 21:09:15 [INFO   ] PROGRESS |   My name is Sandeep Jain. PlacementHub is currently in its pre-seed fundraising stage, and I am
2026-06-21 21:09:15 [INFO   ] PROGRESS |   soliciting strategic seed investment for the same. PlacementHub is a campus placement and employability
2026-06-21 21:09:15 [INFO   ] PROGRESS |   platform connecting students, colleges, and recruiters. The product is built and in early
2026-06-21 21:09:15 [INFO   ] PROGRESS |   commercialization.
2026-06-21 21:09:15 [INFO   ] PROGRESS |   For reference, the detailed business plan, including the business model and go-to-market strategies, is
2026-06-21 21:09:15 [INFO   ] PROGRESS |   available here:
2026-06-21 21:09:15 [INFO   ] PROGRESS |   PlacementHub Business Plan
2026-06-21 21:09:15 [INFO   ] PROGRESS |   For a Chartered Accountant firm, the relevance is mainly professional and strategic:
2026-06-21 21:09:15 [INFO   ] PROGRESS |   PlacementHub may require support across accounting, taxation, compliance, payroll, investor documentation, audit, and related professional services.
2026-06-21 21:09:15 [INFO   ] PROGRESS |   I would naturally be pleased to consider and prioritize firms that support PlacementHub during its early growth phase, subject to suitability and mutual agreement.
2026-06-21 21:09:15 [INFO   ] PROGRESS |   The relationship can begin with a simple review of the investment note and, where appropriate, introductions to suitable investor clients.
2026-06-21 21:09:15 [INFO   ] PROGRESS |   If the opportunity is worth a look, I would be happy to send the note and speak briefly about the round,
2026-06-21 21:09:15 [INFO   ] PROGRESS |   the platform, and the type of strategic investors we are looking for.
2026-06-21 21:09:15 [INFO   ] PROGRESS |   Please reply to this email or call me if you would like to explore it.
2026-06-21 21:09:15 [INFO   ] PROGRESS |   Warm Regards,
2026-06-21 21:09:15 [INFO   ] PROGRESS |   Sandeep Jain
2026-06-21 21:09:15 [INFO   ] PROGRESS |   Founder, PlacementHub
2026-06-21 21:09:15 [INFO   ] PROGRESS |   +91-9860090620
2026-06-21 21:09:15 [INFO   ] PROGRESS |   sandeepjain200019@gmail.com
2026-06-21 21:09:15 [INFO   ] PROGRESS |   Detailed Profile
2026-06-21 21:09:15 [INFO   ] PROGRESS |   Detailed Note on Funding Requirement
2026-06-21 21:09:15 [INFO   ] --------------------------------------------------------------
2026-06-21 21:09:15 [INFO   ] 
2026-06-21 21:09:15 [INFO   ] 
2026-06-21 21:09:15 [INFO   ] PROGRESS | Email preview — To: mayac442@gmail.com | Subject: PlacementHub pre-seed intro with MAYA CHOUDHARY & ASSOCIATES
2026-06-21 21:09:16 [INFO   ] SENT (Brevo) -> mayac442@gmail.com (MAYA CHOUDHARY & ASSOCIATES) | PlacementHub pre-seed intro with MAYA CHOUDHARY & ASSOCIATES | messageId=<202606211539.34206836736@smtp-relay.mailin.fr> (API accepted; run audit-brevo to confirm delivery)
2026-06-21 21:09:16 [INFO   ] Sleeping for 10 seconds
2026-06-21 21:09:26 [INFO   ] PROGRESS | Send 7/50 | SENT | mayac442@gmail.com | MAYA CHOUDHARY & ASSOCIATES [Chartered Accountants & Company Secretaries] | ok=6 fail=1 skip=0
2026-06-21 21:09:26 [INFO   ] PROGRESS | Send 8/50 | SENDING | caajitsinghk@gmail.com | AJITSINGH K AND ASSOCIATES [Chartered Accountants & Company Secretaries] | ok=6 fail=1 skip=0
2026-06-21 21:09:29 [INFO   ] --------------------------------------------------------------
2026-06-21 21:09:29 [INFO   ] PROGRESS | Email content — To: caajitsinghk@gmail.com
2026-06-21 21:09:29 [INFO   ] PROGRESS | Subject: PlacementHub pre-seed intro with AJITSINGH K AND ASSOCIATES
2026-06-21 21:09:29 [INFO   ] PROGRESS | Body:
2026-06-21 21:09:29 [INFO   ] PROGRESS |   Dear Sir/Madam,
2026-06-21 21:09:29 [INFO   ] PROGRESS |   I am reaching out to introduce PlacementHub and explore whether any of your investor, entrepreneur, or
2026-06-21 21:09:29 [INFO   ] PROGRESS |   HNI clients may be open to reviewing a strategic seed opportunity.
2026-06-21 21:09:29 [INFO   ] PROGRESS |   My name is Sandeep Jain. PlacementHub is currently in its pre-seed fundraising stage, and I am
2026-06-21 21:09:29 [INFO   ] PROGRESS |   soliciting strategic seed investment for the same. PlacementHub is a campus placement and employability
2026-06-21 21:09:29 [INFO   ] PROGRESS |   platform connecting students, colleges, and recruiters. The product is built and in early
2026-06-21 21:09:29 [INFO   ] PROGRESS |   commercialization.
2026-06-21 21:09:29 [INFO   ] PROGRESS |   For reference, the detailed business plan, including the business model and go-to-market strategies, is
2026-06-21 21:09:29 [INFO   ] PROGRESS |   available here:
2026-06-21 21:09:29 [INFO   ] PROGRESS |   PlacementHub Business Plan
2026-06-21 21:09:29 [INFO   ] PROGRESS |   For a Chartered Accountant firm, the relevance is mainly professional and strategic:
2026-06-21 21:09:29 [INFO   ] PROGRESS |   PlacementHub may require support across accounting, taxation, compliance, payroll, investor documentation, audit, and related professional services.
2026-06-21 21:09:29 [INFO   ] PROGRESS |   I would naturally be pleased to consider and prioritize firms that support PlacementHub during its early growth phase, subject to suitability and mutual agreement.
2026-06-21 21:09:29 [INFO   ] PROGRESS |   The relationship can begin with a simple review of the investment note and, where appropriate, introductions to suitable investor clients.
2026-06-21 21:09:29 [INFO   ] PROGRESS |   If the opportunity is worth a look, I would be happy to send the note and speak briefly about the round,
2026-06-21 21:09:29 [INFO   ] PROGRESS |   the platform, and the type of strategic investors we are looking for.
2026-06-21 21:09:29 [INFO   ] PROGRESS |   Please reply to this email or call me if you would like to explore it.
2026-06-21 21:09:29 [INFO   ] PROGRESS |   Warm Regards,
2026-06-21 21:09:29 [INFO   ] PROGRESS |   Sandeep Jain
2026-06-21 21:09:29 [INFO   ] PROGRESS |   Founder, PlacementHub
2026-06-21 21:09:29 [INFO   ] PROGRESS |   +91-9860090620
2026-06-21 21:09:29 [INFO   ] PROGRESS |   sandeepjain200019@gmail.com
2026-06-21 21:09:29 [INFO   ] PROGRESS |   Detailed Profile
2026-06-21 21:09:29 [INFO   ] PROGRESS |   Detailed Note on Funding Requirement
2026-06-21 21:09:29 [INFO   ] --------------------------------------------------------------
2026-06-21 21:09:29 [INFO   ] 
2026-06-21 21:09:29 [INFO   ] 
2026-06-21 21:09:29 [INFO   ] PROGRESS | Email preview — To: caajitsinghk@gmail.com | Subject: PlacementHub pre-seed intro with AJITSINGH K AND ASSOCIATES
2026-06-21 21:09:30 [INFO   ] SENT (Brevo) -> caajitsinghk@gmail.com (AJITSINGH K AND ASSOCIATES) | PlacementHub pre-seed intro with AJITSINGH K AND ASSOCIATES | messageId=<202606211539.42545219277@smtp-relay.mailin.fr> (API accepted; run audit-brevo to confirm delivery)
2026-06-21 21:09:30 [INFO   ] Sleeping for 10 seconds
2026-06-21 21:09:40 [INFO   ] PROGRESS | Send 8/50 | SENT | caajitsinghk@gmail.com | AJITSINGH K AND ASSOCIATES [Chartered Accountants & Company Secretaries] | ok=7 fail=1 skip=0
2026-06-21 21:09:40 [INFO   ] PROGRESS | Send 9/50 | SENDING | ca.saurabhkunkulol@gmail.com | S KUNKULOL & ASSOCIATES [Chartered Accountants & Company Secretaries] | ok=7 fail=1 skip=0
2026-06-21 21:09:43 [INFO   ] --------------------------------------------------------------
2026-06-21 21:09:43 [INFO   ] PROGRESS | Email content — To: ca.saurabhkunkulol@gmail.com
2026-06-21 21:09:43 [INFO   ] PROGRESS | Subject: PlacementHub pre-seed intro with S KUNKULOL & ASSOCIATES
2026-06-21 21:09:43 [INFO   ] PROGRESS | Body:
2026-06-21 21:09:43 [INFO   ] PROGRESS |   Dear Sir/Madam,
2026-06-21 21:09:43 [INFO   ] PROGRESS |   I am reaching out to introduce PlacementHub and explore whether any of your investor, entrepreneur, or
2026-06-21 21:09:43 [INFO   ] PROGRESS |   HNI clients may be open to reviewing a strategic seed opportunity.
2026-06-21 21:09:43 [INFO   ] PROGRESS |   My name is Sandeep Jain. PlacementHub is currently in its pre-seed fundraising stage, and I am
2026-06-21 21:09:43 [INFO   ] PROGRESS |   soliciting strategic seed investment for the same. PlacementHub is a campus placement and employability
2026-06-21 21:09:43 [INFO   ] PROGRESS |   platform connecting students, colleges, and recruiters. The product is built and in early
2026-06-21 21:09:43 [INFO   ] PROGRESS |   commercialization.
2026-06-21 21:09:43 [INFO   ] PROGRESS |   For reference, the detailed business plan, including the business model and go-to-market strategies, is
2026-06-21 21:09:43 [INFO   ] PROGRESS |   available here:
2026-06-21 21:09:43 [INFO   ] PROGRESS |   PlacementHub Business Plan
2026-06-21 21:09:43 [INFO   ] PROGRESS |   For a Chartered Accountant firm, the relevance is mainly professional and strategic:
2026-06-21 21:09:43 [INFO   ] PROGRESS |   PlacementHub may require support across accounting, taxation, compliance, payroll, investor documentation, audit, and related professional services.
2026-06-21 21:09:43 [INFO   ] PROGRESS |   I would naturally be pleased to consider and prioritize firms that support PlacementHub during its early growth phase, subject to suitability and mutual agreement.
2026-06-21 21:09:43 [INFO   ] PROGRESS |   The relationship can begin with a simple review of the investment note and, where appropriate, introductions to suitable investor clients.
2026-06-21 21:09:43 [INFO   ] PROGRESS |   If the opportunity is worth a look, I would be happy to send the note and speak briefly about the round,
2026-06-21 21:09:43 [INFO   ] PROGRESS |   the platform, and the type of strategic investors we are looking for.
2026-06-21 21:09:43 [INFO   ] PROGRESS |   Please reply to this email or call me if you would like to explore it.
2026-06-21 21:09:43 [INFO   ] PROGRESS |   Warm Regards,
2026-06-21 21:09:43 [INFO   ] PROGRESS |   Sandeep Jain
2026-06-21 21:09:43 [INFO   ] PROGRESS |   Founder, PlacementHub
2026-06-21 21:09:43 [INFO   ] PROGRESS |   +91-9860090620
2026-06-21 21:09:43 [INFO   ] PROGRESS |   sandeepjain200019@gmail.com
2026-06-21 21:09:43 [INFO   ] PROGRESS |   Detailed Profile
2026-06-21 21:09:43 [INFO   ] PROGRESS |   Detailed Note on Funding Requirement
2026-06-21 21:09:43 [INFO   ] --------------------------------------------------------------
2026-06-21 21:09:43 [INFO   ] 
2026-06-21 21:09:43 [INFO   ] 
2026-06-21 21:09:43 [INFO   ] PROGRESS | Email preview — To: ca.saurabhkunkulol@gmail.com | Subject: PlacementHub pre-seed intro with S KUNKULOL & ASSOCIATES
2026-06-21 21:09:44 [INFO   ] SENT (Brevo) -> ca.saurabhkunkulol@gmail.com (S KUNKULOL & ASSOCIATES) | PlacementHub pre-seed intro with S KUNKULOL & ASSOCIATES | messageId=<202606211539.95385354710@smtp-relay.mailin.fr> (API accepted; run audit-brevo to confirm delivery)
2026-06-21 21:09:44 [INFO   ] Sleeping for 10 seconds
2026-06-21 21:09:54 [INFO   ] PROGRESS | Send 9/50 | SENT | ca.saurabhkunkulol@gmail.com | S KUNKULOL & ASSOCIATES [Chartered Accountants & Company Secretaries] | ok=8 fail=1 skip=0
2026-06-21 21:09:54 [INFO   ] PROGRESS | Send 10/50 | SENDING | caathira1808@gmail.com | ABT & ASSOCIATES [Chartered Accountants & Company Secretaries] | ok=8 fail=1 skip=0
2026-06-21 21:09:57 [INFO   ] --------------------------------------------------------------
2026-06-21 21:09:57 [INFO   ] PROGRESS | Email content — To: caathira1808@gmail.com
2026-06-21 21:09:57 [INFO   ] PROGRESS | Subject: PlacementHub pre-seed intro with ABT & ASSOCIATES
2026-06-21 21:09:57 [INFO   ] PROGRESS | Body:
2026-06-21 21:09:57 [INFO   ] PROGRESS |   Dear Sir/Madam,
2026-06-21 21:09:57 [INFO   ] PROGRESS |   I am reaching out to introduce PlacementHub and explore whether any of your investor, entrepreneur, or
2026-06-21 21:09:57 [INFO   ] PROGRESS |   HNI clients may be open to reviewing a strategic seed opportunity.
2026-06-21 21:09:57 [INFO   ] PROGRESS |   My name is Sandeep Jain. PlacementHub is currently in its pre-seed fundraising stage, and I am
2026-06-21 21:09:57 [INFO   ] PROGRESS |   soliciting strategic seed investment for the same. PlacementHub is a campus placement and employability
2026-06-21 21:09:57 [INFO   ] PROGRESS |   platform connecting students, colleges, and recruiters. The product is built and in early
2026-06-21 21:09:57 [INFO   ] PROGRESS |   commercialization.
2026-06-21 21:09:57 [INFO   ] PROGRESS |   For reference, the detailed business plan, including the business model and go-to-market strategies, is
2026-06-21 21:09:57 [INFO   ] PROGRESS |   available here:
2026-06-21 21:09:57 [INFO   ] PROGRESS |   PlacementHub Business Plan
2026-06-21 21:09:57 [INFO   ] PROGRESS |   For a Chartered Accountant firm, the relevance is mainly professional and strategic:
2026-06-21 21:09:57 [INFO   ] PROGRESS |   PlacementHub may require support across accounting, taxation, compliance, payroll, investor documentation, audit, and related professional services.
2026-06-21 21:09:57 [INFO   ] PROGRESS |   I would naturally be pleased to consider and prioritize firms that support PlacementHub during its early growth phase, subject to suitability and mutual agreement.
2026-06-21 21:09:57 [INFO   ] PROGRESS |   The relationship can begin with a simple review of the investment note and, where appropriate, introductions to suitable investor clients.
2026-06-21 21:09:57 [INFO   ] PROGRESS |   If the opportunity is worth a look, I would be happy to send the note and speak briefly about the round,
2026-06-21 21:09:57 [INFO   ] PROGRESS |   the platform, and the type of strategic investors we are looking for.
2026-06-21 21:09:57 [INFO   ] PROGRESS |   Please reply to this email or call me if you would like to explore it.
2026-06-21 21:09:57 [INFO   ] PROGRESS |   Warm Regards,
2026-06-21 21:09:57 [INFO   ] PROGRESS |   Sandeep Jain
2026-06-21 21:09:57 [INFO   ] PROGRESS |   Founder, PlacementHub
2026-06-21 21:09:57 [INFO   ] PROGRESS |   +91-9860090620
2026-06-21 21:09:57 [INFO   ] PROGRESS |   sandeepjain200019@gmail.com
2026-06-21 21:09:57 [INFO   ] PROGRESS |   Detailed Profile
2026-06-21 21:09:57 [INFO   ] PROGRESS |   Detailed Note on Funding Requirement
2026-06-21 21:09:57 [INFO   ] --------------------------------------------------------------
2026-06-21 21:09:57 [INFO   ] 
2026-06-21 21:09:57 [INFO   ] 
2026-06-21 21:09:57 [INFO   ] PROGRESS | Email preview — To: caathira1808@gmail.com | Subject: PlacementHub pre-seed intro with ABT & ASSOCIATES
2026-06-21 21:09:58 [INFO   ] SENT (Brevo) -> caathira1808@gmail.com (ABT & ASSOCIATES) | PlacementHub pre-seed intro with ABT & ASSOCIATES | messageId=<202606211539.99752720171@smtp-relay.mailin.fr> (API accepted; run audit-brevo to confirm delivery)
2026-06-21 21:09:58 [INFO   ] Sleeping for 10 seconds
2026-06-21 21:10:08 [INFO   ] PROGRESS | Send 10/50 | SENT | caathira1808@gmail.com | ABT & ASSOCIATES [Chartered Accountants & Company Secretaries] | ok=9 fail=1 skip=0
2026-06-21 21:10:08 [INFO   ] PROGRESS | Send 11/50 | SENDING | maghareandco@gmail.com | M G S P AND ASSOCIATES [Chartered Accountants & Company Secretaries] | ok=9 fail=1 skip=0
2026-06-21 21:10:38 [WARNING] NVIDIA call failed (attempt 1/5): The read operation timed out — rotating key.
2026-06-21 21:11:09 [WARNING] NVIDIA call failed (attempt 2/5): The read operation timed out — rotating key.
2026-06-21 21:11:20 [INFO   ] --------------------------------------------------------------
2026-06-21 21:11:20 [INFO   ] PROGRESS | Email content — To: maghareandco@gmail.com
2026-06-21 21:11:20 [INFO   ] PROGRESS | Subject: PlacementHub pre-seed intro with M G S P AND ASSOCIATES
2026-06-21 21:11:20 [INFO   ] PROGRESS | Body:
2026-06-21 21:11:20 [INFO   ] PROGRESS |   Dear Sir/Madam,
2026-06-21 21:11:20 [INFO   ] PROGRESS |   I am reaching out to introduce PlacementHub and explore whether any of your investor, entrepreneur, or
2026-06-21 21:11:20 [INFO   ] PROGRESS |   HNI clients may be open to reviewing a strategic seed opportunity.
2026-06-21 21:11:20 [INFO   ] PROGRESS |   My name is Sandeep Jain. PlacementHub is currently in its pre-seed fundraising stage, and I am
2026-06-21 21:11:20 [INFO   ] PROGRESS |   soliciting strategic seed investment for the same. PlacementHub is a campus placement and employability
2026-06-21 21:11:20 [INFO   ] PROGRESS |   platform connecting students, colleges, and recruiters. The product is built and in early
2026-06-21 21:11:20 [INFO   ] PROGRESS |   commercialization.
2026-06-21 21:11:20 [INFO   ] PROGRESS |   For reference, the detailed business plan, including the business model and go-to-market strategies, is
2026-06-21 21:11:20 [INFO   ] PROGRESS |   available here:
2026-06-21 21:11:20 [INFO   ] PROGRESS |   PlacementHub Business Plan
2026-06-21 21:11:20 [INFO   ] PROGRESS |   For a Chartered Accountant firm, the relevance is mainly professional and strategic:
2026-06-21 21:11:20 [INFO   ] PROGRESS |   PlacementHub may require support across accounting, taxation, compliance, payroll, investor documentation, audit, and related professional services.
2026-06-21 21:11:20 [INFO   ] PROGRESS |   I would naturally be pleased to consider and prioritize firms that support PlacementHub during its early growth phase, subject to suitability and mutual agreement.
2026-06-21 21:11:20 [INFO   ] PROGRESS |   The relationship can begin with a simple review of the investment note and, where appropriate, introductions to suitable investor clients.
2026-06-21 21:11:20 [INFO   ] PROGRESS |   If the opportunity is worth a look, I would be happy to send the note and speak briefly about the round,
2026-06-21 21:11:20 [INFO   ] PROGRESS |   the platform, and the type of strategic investors we are looking for.
2026-06-21 21:11:20 [INFO   ] PROGRESS |   Please reply to this email or call me if you would like to explore it.
2026-06-21 21:11:20 [INFO   ] PROGRESS |   Warm Regards,
2026-06-21 21:11:20 [INFO   ] PROGRESS |   Sandeep Jain
2026-06-21 21:11:20 [INFO   ] PROGRESS |   Founder, PlacementHub
2026-06-21 21:11:20 [INFO   ] PROGRESS |   +91-9860090620
2026-06-21 21:11:20 [INFO   ] PROGRESS |   sandeepjain200019@gmail.com
2026-06-21 21:11:20 [INFO   ] PROGRESS |   Detailed Profile
2026-06-21 21:11:20 [INFO   ] PROGRESS |   Detailed Note on Funding Requirement
2026-06-21 21:11:20 [INFO   ] --------------------------------------------------------------
2026-06-21 21:11:20 [INFO   ] 
2026-06-21 21:11:20 [INFO   ] 
2026-06-21 21:11:20 [INFO   ] PROGRESS | Email preview — To: maghareandco@gmail.com | Subject: PlacementHub pre-seed intro with M G S P AND ASSOCIATES
2026-06-21 21:11:22 [INFO   ] SENT (Brevo) -> maghareandco@gmail.com (M G S P AND ASSOCIATES) | PlacementHub pre-seed intro with M G S P AND ASSOCIATES | messageId=<202606211541.55339545951@smtp-relay.mailin.fr> (API accepted; run audit-brevo to confirm delivery)
2026-06-21 21:11:22 [INFO   ] Sleeping for 10 seconds
2026-06-21 21:11:32 [INFO   ] PROGRESS | Send 11/50 | SENT | maghareandco@gmail.com | M G S P AND ASSOCIATES [Chartered Accountants & Company Secretaries] | ok=10 fail=1 skip=0
2026-06-21 21:11:32 [INFO   ] PROGRESS | Send 12/50 | SENDING | sachingogave@gmail.com | SACHIN GOGAVE & CO LLP [Chartered Accountants & Company Secretaries] | ok=10 fail=1 skip=0
2026-06-21 21:11:34 [INFO   ] --------------------------------------------------------------
2026-06-21 21:11:34 [INFO   ] PROGRESS | Email content — To: sachingogave@gmail.com
2026-06-21 21:11:34 [INFO   ] PROGRESS | Subject: PlacementHub pre-seed intro with SACHIN GOGAVE & CO LLP
2026-06-21 21:11:34 [INFO   ] PROGRESS | Body:
2026-06-21 21:11:34 [INFO   ] PROGRESS |   Dear Sir/Madam,
2026-06-21 21:11:34 [INFO   ] PROGRESS |   I am reaching out to introduce PlacementHub and explore whether any of your investor, entrepreneur, or
2026-06-21 21:11:34 [INFO   ] PROGRESS |   HNI clients may be open to reviewing a strategic seed opportunity.
2026-06-21 21:11:34 [INFO   ] PROGRESS |   My name is Sandeep Jain. PlacementHub is currently in its pre-seed fundraising stage, and I am
2026-06-21 21:11:34 [INFO   ] PROGRESS |   soliciting strategic seed investment for the same. PlacementHub is a campus placement and employability
2026-06-21 21:11:34 [INFO   ] PROGRESS |   platform connecting students, colleges, and recruiters. The product is built and in early
2026-06-21 21:11:34 [INFO   ] PROGRESS |   commercialization.
2026-06-21 21:11:34 [INFO   ] PROGRESS |   For reference, the detailed business plan, including the business model and go-to-market strategies, is
2026-06-21 21:11:34 [INFO   ] PROGRESS |   available here:
2026-06-21 21:11:34 [INFO   ] PROGRESS |   PlacementHub Business Plan
2026-06-21 21:11:34 [INFO   ] PROGRESS |   For a Chartered Accountant firm, the relevance is mainly professional and strategic:
2026-06-21 21:11:34 [INFO   ] PROGRESS |   PlacementHub may require support across accounting, taxation, compliance, payroll, investor documentation, audit, and related professional services.
2026-06-21 21:11:34 [INFO   ] PROGRESS |   I would naturally be pleased to consider and prioritize firms that support PlacementHub during its early growth phase, subject to suitability and mutual agreement.
2026-06-21 21:11:34 [INFO   ] PROGRESS |   The relationship can begin with a simple review of the investment note and, where appropriate, introductions to suitable investor clients.
2026-06-21 21:11:34 [INFO   ] PROGRESS |   If the opportunity is worth a look, I would be happy to send the note and speak briefly about the round,
2026-06-21 21:11:34 [INFO   ] PROGRESS |   the platform, and the type of strategic investors we are looking for.
2026-06-21 21:11:34 [INFO   ] PROGRESS |   Please reply to this email or call me if you would like to explore it.
2026-06-21 21:11:34 [INFO   ] PROGRESS |   Warm Regards,
2026-06-21 21:11:34 [INFO   ] PROGRESS |   Sandeep Jain
2026-06-21 21:11:34 [INFO   ] PROGRESS |   Founder, PlacementHub
2026-06-21 21:11:34 [INFO   ] PROGRESS |   +91-9860090620
2026-06-21 21:11:34 [INFO   ] PROGRESS |   sandeepjain200019@gmail.com
2026-06-21 21:11:34 [INFO   ] PROGRESS |   Detailed Profile
2026-06-21 21:11:34 [INFO   ] PROGRESS |   Detailed Note on Funding Requirement
2026-06-21 21:11:34 [INFO   ] --------------------------------------------------------------
2026-06-21 21:11:34 [INFO   ] 
2026-06-21 21:11:34 [INFO   ] 
2026-06-21 21:11:34 [INFO   ] PROGRESS | Email preview — To: sachingogave@gmail.com | Subject: PlacementHub pre-seed intro with SACHIN GOGAVE & CO LLP
2026-06-21 21:11:36 [INFO   ] SENT (Brevo) -> sachingogave@gmail.com (SACHIN GOGAVE & CO LLP) | PlacementHub pre-seed intro with SACHIN GOGAVE & CO LLP | messageId=<202606211541.28596682664@smtp-relay.mailin.fr> (API accepted; run audit-brevo to confirm delivery)
2026-06-21 21:11:36 [INFO   ] Sleeping for 10 seconds
2026-06-21 21:11:46 [INFO   ] PROGRESS | Send 12/50 | SENT | sachingogave@gmail.com | SACHIN GOGAVE & CO LLP [Chartered Accountants & Company Secretaries] | ok=11 fail=1 skip=0
2026-06-21 21:11:46 [INFO   ] PROGRESS | Send 13/50 | SENDING | gundparag@gmail.com | P R GUND & CO [Chartered Accountants & Company Secretaries] | ok=11 fail=1 skip=0
2026-06-21 21:12:16 [WARNING] NVIDIA call failed (attempt 1/5): The read operation timed out — rotating key.
2026-06-21 21:12:42 [INFO   ] --------------------------------------------------------------
2026-06-21 21:12:42 [INFO   ] PROGRESS | Email content — To: gundparag@gmail.com
2026-06-21 21:12:42 [INFO   ] PROGRESS | Subject: PlacementHub pre-seed intro with P R GUND & CO
2026-06-21 21:12:42 [INFO   ] PROGRESS | Body:
2026-06-21 21:12:42 [INFO   ] PROGRESS |   Dear Sir/Madam,
2026-06-21 21:12:42 [INFO   ] PROGRESS |   I am reaching out to introduce PlacementHub and explore whether any of your investor, entrepreneur, or
2026-06-21 21:12:42 [INFO   ] PROGRESS |   HNI clients may be open to reviewing a strategic seed opportunity.
2026-06-21 21:12:42 [INFO   ] PROGRESS |   My name is Sandeep Jain. PlacementHub is currently in its pre-seed fundraising stage, and I am
2026-06-21 21:12:42 [INFO   ] PROGRESS |   soliciting strategic seed investment for the same. PlacementHub is a campus placement and employability
2026-06-21 21:12:42 [INFO   ] PROGRESS |   platform connecting students, colleges, and recruiters. The product is built and in early
2026-06-21 21:12:42 [INFO   ] PROGRESS |   commercialization.
2026-06-21 21:12:42 [INFO   ] PROGRESS |   For reference, the detailed business plan, including the business model and go-to-market strategies, is
2026-06-21 21:12:42 [INFO   ] PROGRESS |   available here:
2026-06-21 21:12:42 [INFO   ] PROGRESS |   PlacementHub Business Plan
2026-06-21 21:12:42 [INFO   ] PROGRESS |   For a Chartered Accountant firm, the relevance is mainly professional and strategic:
2026-06-21 21:12:42 [INFO   ] PROGRESS |   PlacementHub may require support across accounting, taxation, compliance, payroll, investor documentation, audit, and related professional services.
2026-06-21 21:12:42 [INFO   ] PROGRESS |   I would naturally be pleased to consider and prioritize firms that support PlacementHub during its early growth phase, subject to suitability and mutual agreement.
2026-06-21 21:12:42 [INFO   ] PROGRESS |   The relationship can begin with a simple review of the investment note and, where appropriate, introductions to suitable investor clients.
2026-06-21 21:12:42 [INFO   ] PROGRESS |   If the opportunity is worth a look, I would be happy to send the note and speak briefly about the round,
2026-06-21 21:12:42 [INFO   ] PROGRESS |   the platform, and the type of strategic investors we are looking for.
2026-06-21 21:12:42 [INFO   ] PROGRESS |   Please reply to this email or call me if you would like to explore it.
2026-06-21 21:12:42 [INFO   ] PROGRESS |   Warm Regards,
2026-06-21 21:12:42 [INFO   ] PROGRESS |   Sandeep Jain
2026-06-21 21:12:42 [INFO   ] PROGRESS |   Founder, PlacementHub
2026-06-21 21:12:42 [INFO   ] PROGRESS |   +91-9860090620
2026-06-21 21:12:42 [INFO   ] PROGRESS |   sandeepjain200019@gmail.com
2026-06-21 21:12:42 [INFO   ] PROGRESS |   Detailed Profile
2026-06-21 21:12:42 [INFO   ] PROGRESS |   Detailed Note on Funding Requirement
2026-06-21 21:12:42 [INFO   ] --------------------------------------------------------------
2026-06-21 21:12:42 [INFO   ] 
2026-06-21 21:12:42 [INFO   ] 
2026-06-21 21:12:42 [INFO   ] PROGRESS | Email preview — To: gundparag@gmail.com | Subject: PlacementHub pre-seed intro with P R GUND & CO
2026-06-21 21:12:43 [INFO   ] SENT (Brevo) -> gundparag@gmail.com (P R GUND & CO) | PlacementHub pre-seed intro with P R GUND & CO | messageId=<202606211542.35281993524@smtp-relay.mailin.fr> (API accepted; run audit-brevo to confirm delivery)
2026-06-21 21:12:43 [INFO   ] Sleeping for 10 seconds
2026-06-21 21:12:53 [INFO   ] PROGRESS | Send 13/50 | SENT | gundparag@gmail.com | P R GUND & CO [Chartered Accountants & Company Secretaries] | ok=12 fail=1 skip=0
2026-06-21 21:12:53 [INFO   ] PROGRESS | Send 14/50 | SENDING | vedpathak_umakant@rediffmail.com | UMAKANT VEDPATHAK & CO [Chartered Accountants & Company Secretaries] | ok=12 fail=1 skip=0
2026-06-21 21:13:00 [INFO   ] --------------------------------------------------------------
2026-06-21 21:13:00 [INFO   ] PROGRESS | Email content — To: vedpathak_umakant@rediffmail.com
2026-06-21 21:13:00 [INFO   ] PROGRESS | Subject: PlacementHub pre-seed intro with UMAKANT VEDPATHAK & CO
2026-06-21 21:13:00 [INFO   ] PROGRESS | Body:
2026-06-21 21:13:00 [INFO   ] PROGRESS |   Dear Sir/Madam,
2026-06-21 21:13:00 [INFO   ] PROGRESS |   I am reaching out to introduce PlacementHub and explore whether any of your investor, entrepreneur, or
2026-06-21 21:13:00 [INFO   ] PROGRESS |   HNI clients may be open to reviewing a strategic seed opportunity.
2026-06-21 21:13:00 [INFO   ] PROGRESS |   My name is Sandeep Jain. PlacementHub is currently in its pre-seed fundraising stage, and I am
2026-06-21 21:13:00 [INFO   ] PROGRESS |   soliciting strategic seed investment for the same. PlacementHub is a campus placement and employability
2026-06-21 21:13:00 [INFO   ] PROGRESS |   platform connecting students, colleges, and recruiters. The product is built and in early
2026-06-21 21:13:00 [INFO   ] PROGRESS |   commercialization.
2026-06-21 21:13:00 [INFO   ] PROGRESS |   For reference, the detailed business plan, including the business model and go-to-market strategies, is
2026-06-21 21:13:00 [INFO   ] PROGRESS |   available here:
2026-06-21 21:13:00 [INFO   ] PROGRESS |   PlacementHub Business Plan
2026-06-21 21:13:00 [INFO   ] PROGRESS |   For a Chartered Accountant firm, the relevance is mainly professional and strategic:
2026-06-21 21:13:00 [INFO   ] PROGRESS |   PlacementHub may require support across accounting, taxation, compliance, payroll, investor documentation, audit, and related professional services.
2026-06-21 21:13:00 [INFO   ] PROGRESS |   I would naturally be pleased to consider and prioritize firms that support PlacementHub during its early growth phase, subject to suitability and mutual agreement.
2026-06-21 21:13:00 [INFO   ] PROGRESS |   The relationship can begin with a simple review of the investment note and, where appropriate, introductions to suitable investor clients.
2026-06-21 21:13:00 [INFO   ] PROGRESS |   If the opportunity is worth a look, I would be happy to send the note and speak briefly about the round,
2026-06-21 21:13:00 [INFO   ] PROGRESS |   the platform, and the type of strategic investors we are looking for.
2026-06-21 21:13:00 [INFO   ] PROGRESS |   Please reply to this email or call me if you would like to explore it.
2026-06-21 21:13:00 [INFO   ] PROGRESS |   Warm Regards,
2026-06-21 21:13:00 [INFO   ] PROGRESS |   Sandeep Jain
2026-06-21 21:13:00 [INFO   ] PROGRESS |   Founder, PlacementHub
2026-06-21 21:13:00 [INFO   ] PROGRESS |   +91-9860090620
2026-06-21 21:13:00 [INFO   ] PROGRESS |   sandeepjain200019@gmail.com
2026-06-21 21:13:00 [INFO   ] PROGRESS |   Detailed Profile
2026-06-21 21:13:00 [INFO   ] PROGRESS |   Detailed Note on Funding Requirement
2026-06-21 21:13:00 [INFO   ] --------------------------------------------------------------
2026-06-21 21:13:00 [INFO   ] 
2026-06-21 21:13:00 [INFO   ] 
2026-06-21 21:13:00 [INFO   ] PROGRESS | Email preview — To: vedpathak_umakant@rediffmail.com | Subject: PlacementHub pre-seed intro with UMAKANT VEDPATHAK & CO
2026-06-21 21:13:01 [INFO   ] SENT (Brevo) -> vedpathak_umakant@rediffmail.com (UMAKANT VEDPATHAK & CO) | PlacementHub pre-seed intro with UMAKANT VEDPATHAK & CO | messageId=<202606211543.65020437960@smtp-relay.mailin.fr> (API accepted; run audit-brevo to confirm delivery)
2026-06-21 21:13:01 [INFO   ] Sleeping for 10 seconds
2026-06-21 21:13:11 [INFO   ] PROGRESS | Send 14/50 | SENT | vedpathak_umakant@rediffmail.com | UMAKANT VEDPATHAK & CO [Chartered Accountants & Company Secretaries] | ok=13 fail=1 skip=0
2026-06-21 21:13:11 [INFO   ] PROGRESS | Send 15/50 | SENDING | shekhar@cvchitale.com | C V CHITALE & CO [Chartered Accountants & Company Secretaries] | ok=13 fail=1 skip=0
2026-06-21 21:13:26 [INFO   ] --------------------------------------------------------------
2026-06-21 21:13:26 [INFO   ] PROGRESS | Email content — To: shekhar@cvchitale.com
2026-06-21 21:13:26 [INFO   ] PROGRESS | Subject: PlacementHub pre-seed intro with C V CHITALE & CO
2026-06-21 21:13:26 [INFO   ] PROGRESS | Body:
2026-06-21 21:13:26 [INFO   ] PROGRESS |   Dear Sir/Madam,
2026-06-21 21:13:26 [INFO   ] PROGRESS |   I am reaching out to introduce PlacementHub and explore whether any of your investor, entrepreneur, or
2026-06-21 21:13:26 [INFO   ] PROGRESS |   HNI clients may be open to reviewing a strategic seed opportunity.
2026-06-21 21:13:26 [INFO   ] PROGRESS |   My name is Sandeep Jain. PlacementHub is currently in its pre-seed fundraising stage, and I am
2026-06-21 21:13:26 [INFO   ] PROGRESS |   soliciting strategic seed investment for the same. PlacementHub is a campus placement and employability
2026-06-21 21:13:26 [INFO   ] PROGRESS |   platform connecting students, colleges, and recruiters. The product is built and in early
2026-06-21 21:13:26 [INFO   ] PROGRESS |   commercialization.
2026-06-21 21:13:26 [INFO   ] PROGRESS |   For reference, the detailed business plan, including the business model and go-to-market strategies, is
2026-06-21 21:13:26 [INFO   ] PROGRESS |   available here:
2026-06-21 21:13:26 [INFO   ] PROGRESS |   PlacementHub Business Plan
2026-06-21 21:13:26 [INFO   ] PROGRESS |   For a Chartered Accountant firm, the relevance is mainly professional and strategic:
2026-06-21 21:13:26 [INFO   ] PROGRESS |   PlacementHub may require support across accounting, taxation, compliance, payroll, investor documentation, audit, and related professional services.
2026-06-21 21:13:26 [INFO   ] PROGRESS |   I would naturally be pleased to consider and prioritize firms that support PlacementHub during its early growth phase, subject to suitability and mutual agreement.
2026-06-21 21:13:26 [INFO   ] PROGRESS |   The relationship can begin with a simple review of the investment note and, where appropriate, introductions to suitable investor clients.
2026-06-21 21:13:26 [INFO   ] PROGRESS |   If the opportunity is worth a look, I would be happy to send the note and speak briefly about the round,
2026-06-21 21:13:26 [INFO   ] PROGRESS |   the platform, and the type of strategic investors we are looking for.
2026-06-21 21:13:26 [INFO   ] PROGRESS |   Please reply to this email or call me if you would like to explore it.
2026-06-21 21:13:26 [INFO   ] PROGRESS |   Warm Regards,
2026-06-21 21:13:26 [INFO   ] PROGRESS |   Sandeep Jain
2026-06-21 21:13:26 [INFO   ] PROGRESS |   Founder, PlacementHub
2026-06-21 21:13:26 [INFO   ] PROGRESS |   +91-9860090620
2026-06-21 21:13:26 [INFO   ] PROGRESS |   sandeepjain200019@gmail.com
2026-06-21 21:13:26 [INFO   ] PROGRESS |   Detailed Profile
2026-06-21 21:13:26 [INFO   ] PROGRESS |   Detailed Note on Funding Requirement
2026-06-21 21:13:26 [INFO   ] --------------------------------------------------------------
2026-06-21 21:13:26 [INFO   ] 
2026-06-21 21:13:26 [INFO   ] 
2026-06-21 21:13:26 [INFO   ] PROGRESS | Email preview — To: shekhar@cvchitale.com | Subject: PlacementHub pre-seed intro with C V CHITALE & CO
2026-06-21 21:13:27 [INFO   ] SENT (Brevo) -> shekhar@cvchitale.com (C V CHITALE & CO) | PlacementHub pre-seed intro with C V CHITALE & CO | messageId=<202606211543.81264309870@smtp-relay.mailin.fr> (API accepted; run audit-brevo to confirm delivery)
2026-06-21 21:13:27 [INFO   ] Sleeping for 10 seconds
2026-06-21 21:13:37 [INFO   ] PROGRESS | Send 15/50 | SENT | shekhar@cvchitale.com | C V CHITALE & CO [Chartered Accountants & Company Secretaries] | ok=14 fail=1 skip=0
2026-06-21 21:13:37 [INFO   ] PROGRESS | Send 16/50 | SENDING | caakshaygattani@gmail.com | A S D A & ASSOCIATES [Chartered Accountants & Company Secretaries] | ok=14 fail=1 skip=0
2026-06-21 21:14:01 [INFO   ] --------------------------------------------------------------
2026-06-21 21:14:01 [INFO   ] PROGRESS | Email content — To: caakshaygattani@gmail.com
2026-06-21 21:14:01 [INFO   ] PROGRESS | Subject: PlacementHub pre-seed intro with A S D A & ASSOCIATES
2026-06-21 21:14:01 [INFO   ] PROGRESS | Body:
2026-06-21 21:14:01 [INFO   ] PROGRESS |   Dear Sir/Madam,
2026-06-21 21:14:01 [INFO   ] PROGRESS |   I am reaching out to introduce PlacementHub and explore whether any of your investor, entrepreneur, or
2026-06-21 21:14:01 [INFO   ] PROGRESS |   HNI clients may be open to reviewing a strategic seed opportunity.
2026-06-21 21:14:01 [INFO   ] PROGRESS |   My name is Sandeep Jain. PlacementHub is currently in its pre-seed fundraising stage, and I am
2026-06-21 21:14:01 [INFO   ] PROGRESS |   soliciting strategic seed investment for the same. PlacementHub is a campus placement and employability
2026-06-21 21:14:01 [INFO   ] PROGRESS |   platform connecting students, colleges, and recruiters. The product is built and in early
2026-06-21 21:14:01 [INFO   ] PROGRESS |   commercialization.
2026-06-21 21:14:01 [INFO   ] PROGRESS |   For reference, the detailed business plan, including the business model and go-to-market strategies, is
2026-06-21 21:14:01 [INFO   ] PROGRESS |   available here:
2026-06-21 21:14:01 [INFO   ] PROGRESS |   PlacementHub Business Plan
2026-06-21 21:14:01 [INFO   ] PROGRESS |   For a Chartered Accountant firm, the relevance is mainly professional and strategic:
2026-06-21 21:14:01 [INFO   ] PROGRESS |   PlacementHub may require support across accounting, taxation, compliance, payroll, investor documentation, audit, and related professional services.
2026-06-21 21:14:01 [INFO   ] PROGRESS |   I would naturally be pleased to consider and prioritize firms that support PlacementHub during its early growth phase, subject to suitability and mutual agreement.
2026-06-21 21:14:01 [INFO   ] PROGRESS |   The relationship can begin with a simple review of the investment note and, where appropriate, introductions to suitable investor clients.
2026-06-21 21:14:01 [INFO   ] PROGRESS |   If the opportunity is worth a look, I would be happy to send the note and speak briefly about the round,
2026-06-21 21:14:01 [INFO   ] PROGRESS |   the platform, and the type of strategic investors we are looking for.
2026-06-21 21:14:01 [INFO   ] PROGRESS |   Please reply to this email or call me if you would like to explore it.
2026-06-21 21:14:01 [INFO   ] PROGRESS |   Warm Regards,
2026-06-21 21:14:01 [INFO   ] PROGRESS |   Sandeep Jain
2026-06-21 21:14:01 [INFO   ] PROGRESS |   Founder, PlacementHub
2026-06-21 21:14:01 [INFO   ] PROGRESS |   +91-9860090620
2026-06-21 21:14:01 [INFO   ] PROGRESS |   sandeepjain200019@gmail.com
2026-06-21 21:14:01 [INFO   ] PROGRESS |   Detailed Profile
2026-06-21 21:14:01 [INFO   ] PROGRESS |   Detailed Note on Funding Requirement
2026-06-21 21:14:01 [INFO   ] --------------------------------------------------------------
2026-06-21 21:14:01 [INFO   ] 
2026-06-21 21:14:01 [INFO   ] 
2026-06-21 21:14:01 [INFO   ] PROGRESS | Email preview — To: caakshaygattani@gmail.com | Subject: PlacementHub pre-seed intro with A S D A & ASSOCIATES
2026-06-21 21:14:03 [INFO   ] SENT (Brevo) -> caakshaygattani@gmail.com (A S D A & ASSOCIATES) | PlacementHub pre-seed intro with A S D A & ASSOCIATES | messageId=<202606211544.27990829150@smtp-relay.mailin.fr> (API accepted; run audit-brevo to confirm delivery)
2026-06-21 21:14:03 [INFO   ] Sleeping for 10 seconds
2026-06-21 21:14:13 [INFO   ] PROGRESS | Send 16/50 | SENT | caakshaygattani@gmail.com | A S D A & ASSOCIATES [Chartered Accountants & Company Secretaries] | ok=15 fail=1 skip=0
2026-06-21 21:14:13 [INFO   ] PROGRESS | Send 17/50 | SENDING | capoojavrathi@gmail.com | DHOOT & RATHI [Chartered Accountants & Company Secretaries] | ok=15 fail=1 skip=0
2026-06-21 21:14:17 [INFO   ] --------------------------------------------------------------
2026-06-21 21:14:17 [INFO   ] PROGRESS | Email content — To: capoojavrathi@gmail.com
2026-06-21 21:14:17 [INFO   ] PROGRESS | Subject: PlacementHub pre-seed intro with DHOOT & RATHI
2026-06-21 21:14:17 [INFO   ] PROGRESS | Body:
2026-06-21 21:14:17 [INFO   ] PROGRESS |   Dear Sir/Madam,
2026-06-21 21:14:17 [INFO   ] PROGRESS |   I am reaching out to introduce PlacementHub and explore whether any of your investor, entrepreneur, or
2026-06-21 21:14:17 [INFO   ] PROGRESS |   HNI clients may be open to reviewing a strategic seed opportunity.
2026-06-21 21:14:17 [INFO   ] PROGRESS |   My name is Sandeep Jain. PlacementHub is currently in its pre-seed fundraising stage, and I am
2026-06-21 21:14:17 [INFO   ] PROGRESS |   soliciting strategic seed investment for the same. PlacementHub is a campus placement and employability
2026-06-21 21:14:17 [INFO   ] PROGRESS |   platform connecting students, colleges, and recruiters. The product is built and in early
2026-06-21 21:14:17 [INFO   ] PROGRESS |   commercialization.
2026-06-21 21:14:17 [INFO   ] PROGRESS |   For reference, the detailed business plan, including the business model and go-to-market strategies, is
2026-06-21 21:14:17 [INFO   ] PROGRESS |   available here:
2026-06-21 21:14:17 [INFO   ] PROGRESS |   PlacementHub Business Plan
2026-06-21 21:14:17 [INFO   ] PROGRESS |   For a Chartered Accountant firm, the relevance is mainly professional and strategic:
2026-06-21 21:14:17 [INFO   ] PROGRESS |   PlacementHub may require support across accounting, taxation, compliance, payroll, investor documentation, audit, and related professional services.
2026-06-21 21:14:17 [INFO   ] PROGRESS |   I would naturally be pleased to consider and prioritize firms that support PlacementHub during its early growth phase, subject to suitability and mutual agreement.
2026-06-21 21:14:17 [INFO   ] PROGRESS |   The relationship can begin with a simple review of the investment note and, where appropriate, introductions to suitable investor clients.
2026-06-21 21:14:17 [INFO   ] PROGRESS |   If the opportunity is worth a look, I would be happy to send the note and speak briefly about the round,
2026-06-21 21:14:17 [INFO   ] PROGRESS |   the platform, and the type of strategic investors we are looking for.
2026-06-21 21:14:17 [INFO   ] PROGRESS |   Please reply to this email or call me if you would like to explore it.
2026-06-21 21:14:17 [INFO   ] PROGRESS |   Warm Regards,
2026-06-21 21:14:17 [INFO   ] PROGRESS |   Sandeep Jain
2026-06-21 21:14:17 [INFO   ] PROGRESS |   Founder, PlacementHub
2026-06-21 21:14:17 [INFO   ] PROGRESS |   +91-9860090620
2026-06-21 21:14:17 [INFO   ] PROGRESS |   sandeepjain200019@gmail.com
2026-06-21 21:14:17 [INFO   ] PROGRESS |   Detailed Profile
2026-06-21 21:14:17 [INFO   ] PROGRESS |   Detailed Note on Funding Requirement
2026-06-21 21:14:17 [INFO   ] --------------------------------------------------------------
2026-06-21 21:14:17 [INFO   ] 
2026-06-21 21:14:17 [INFO   ] 
2026-06-21 21:14:17 [INFO   ] PROGRESS | Email preview — To: capoojavrathi@gmail.com | Subject: PlacementHub pre-seed intro with DHOOT & RATHI
2026-06-21 21:14:18 [INFO   ] SENT (Brevo) -> capoojavrathi@gmail.com (DHOOT & RATHI) | PlacementHub pre-seed intro with DHOOT & RATHI | messageId=<202606211544.67535548494@smtp-relay.mailin.fr> (API accepted; run audit-brevo to confirm delivery)
2026-06-21 21:14:18 [INFO   ] Sleeping for 10 seconds
2026-06-21 21:14:28 [INFO   ] PROGRESS | Send 17/50 | SENT | capoojavrathi@gmail.com | DHOOT & RATHI [Chartered Accountants & Company Secretaries] | ok=16 fail=1 skip=0
2026-06-21 21:14:28 [INFO   ] PROGRESS | Send 18/50 | SENDING | cavishal444@gmail.com | VISHAL NAWLANI & CO [Chartered Accountants & Company Secretaries] | ok=16 fail=1 skip=0
2026-06-21 21:14:43 [INFO   ] --------------------------------------------------------------
2026-06-21 21:14:43 [INFO   ] PROGRESS | Email content — To: cavishal444@gmail.com
2026-06-21 21:14:43 [INFO   ] PROGRESS | Subject: PlacementHub pre-seed intro with VISHAL NAWLANI & CO
2026-06-21 21:14:43 [INFO   ] PROGRESS | Body:
2026-06-21 21:14:43 [INFO   ] PROGRESS |   Dear Sir/Madam,
2026-06-21 21:14:43 [INFO   ] PROGRESS |   I am reaching out to introduce PlacementHub and explore whether any of your investor, entrepreneur, or
2026-06-21 21:14:43 [INFO   ] PROGRESS |   HNI clients may be open to reviewing a strategic seed opportunity.
2026-06-21 21:14:43 [INFO   ] PROGRESS |   My name is Sandeep Jain. PlacementHub is currently in its pre-seed fundraising stage, and I am
2026-06-21 21:14:43 [INFO   ] PROGRESS |   soliciting strategic seed investment for the same. PlacementHub is a campus placement and employability
2026-06-21 21:14:43 [INFO   ] PROGRESS |   platform connecting students, colleges, and recruiters. The product is built and in early
2026-06-21 21:14:43 [INFO   ] PROGRESS |   commercialization.
2026-06-21 21:14:43 [INFO   ] PROGRESS |   For reference, the detailed business plan, including the business model and go-to-market strategies, is
2026-06-21 21:14:43 [INFO   ] PROGRESS |   available here:
2026-06-21 21:14:43 [INFO   ] PROGRESS |   PlacementHub Business Plan
2026-06-21 21:14:43 [INFO   ] PROGRESS |   For a Chartered Accountant firm, the relevance is mainly professional and strategic:
2026-06-21 21:14:43 [INFO   ] PROGRESS |   PlacementHub may require support across accounting, taxation, compliance, payroll, investor documentation, audit, and related professional services.
2026-06-21 21:14:43 [INFO   ] PROGRESS |   I would naturally be pleased to consider and prioritize firms that support PlacementHub during its early growth phase, subject to suitability and mutual agreement.
2026-06-21 21:14:43 [INFO   ] PROGRESS |   The relationship can begin with a simple review of the investment note and, where appropriate, introductions to suitable investor clients.
2026-06-21 21:14:43 [INFO   ] PROGRESS |   If the opportunity is worth a look, I would be happy to send the note and speak briefly about the round,
2026-06-21 21:14:43 [INFO   ] PROGRESS |   the platform, and the type of strategic investors we are looking for.
2026-06-21 21:14:43 [INFO   ] PROGRESS |   Please reply to this email or call me if you would like to explore it.
2026-06-21 21:14:43 [INFO   ] PROGRESS |   Warm Regards,
2026-06-21 21:14:43 [INFO   ] PROGRESS |   Sandeep Jain
2026-06-21 21:14:43 [INFO   ] PROGRESS |   Founder, PlacementHub
2026-06-21 21:14:43 [INFO   ] PROGRESS |   +91-9860090620
2026-06-21 21:14:43 [INFO   ] PROGRESS |   sandeepjain200019@gmail.com
2026-06-21 21:14:43 [INFO   ] PROGRESS |   Detailed Profile
2026-06-21 21:14:43 [INFO   ] PROGRESS |   Detailed Note on Funding Requirement
2026-06-21 21:14:43 [INFO   ] --------------------------------------------------------------
2026-06-21 21:14:43 [INFO   ] 
2026-06-21 21:14:43 [INFO   ] 
2026-06-21 21:14:43 [INFO   ] PROGRESS | Email preview — To: cavishal444@gmail.com | Subject: PlacementHub pre-seed intro with VISHAL NAWLANI & CO
2026-06-21 21:14:44 [INFO   ] SENT (Brevo) -> cavishal444@gmail.com (VISHAL NAWLANI & CO) | PlacementHub pre-seed intro with VISHAL NAWLANI & CO | messageId=<202606211544.54966794441@smtp-relay.mailin.fr> (API accepted; run audit-brevo to confirm delivery)
2026-06-21 21:14:44 [INFO   ] Sleeping for 10 seconds
2026-06-21 21:14:54 [INFO   ] PROGRESS | Send 18/50 | SENT | cavishal444@gmail.com | VISHAL NAWLANI & CO [Chartered Accountants & Company Secretaries] | ok=17 fail=1 skip=0
2026-06-21 21:14:54 [INFO   ] PROGRESS | Send 19/50 | SENDING | jeevanchouhan@rediffmail.com | JEEVAN CHOUHAN & ASSOCIATES [Chartered Accountants & Company Secretaries] | ok=17 fail=1 skip=0
2026-06-21 21:15:06 [INFO   ] --------------------------------------------------------------
2026-06-21 21:15:06 [INFO   ] PROGRESS | Email content — To: jeevanchouhan@rediffmail.com
2026-06-21 21:15:06 [INFO   ] PROGRESS | Subject: PlacementHub pre-seed intro with JEEVAN CHOUHAN & ASSOCIATES
2026-06-21 21:15:06 [INFO   ] PROGRESS | Body:
2026-06-21 21:15:06 [INFO   ] PROGRESS |   Dear Sir/Madam,
2026-06-21 21:15:06 [INFO   ] PROGRESS |   I am reaching out to introduce PlacementHub and explore whether any of your investor, entrepreneur, or
2026-06-21 21:15:06 [INFO   ] PROGRESS |   HNI clients may be open to reviewing a strategic seed opportunity.
2026-06-21 21:15:06 [INFO   ] PROGRESS |   My name is Sandeep Jain. PlacementHub is currently in its pre-seed fundraising stage, and I am
2026-06-21 21:15:06 [INFO   ] PROGRESS |   soliciting strategic seed investment for the same. PlacementHub is a campus placement and employability
2026-06-21 21:15:06 [INFO   ] PROGRESS |   platform connecting students, colleges, and recruiters. The product is built and in early
2026-06-21 21:15:06 [INFO   ] PROGRESS |   commercialization.
2026-06-21 21:15:06 [INFO   ] PROGRESS |   For reference, the detailed business plan, including the business model and go-to-market strategies, is
2026-06-21 21:15:06 [INFO   ] PROGRESS |   available here:
2026-06-21 21:15:06 [INFO   ] PROGRESS |   PlacementHub Business Plan
2026-06-21 21:15:06 [INFO   ] PROGRESS |   For a Chartered Accountant firm, the relevance is mainly professional and strategic:
2026-06-21 21:15:06 [INFO   ] PROGRESS |   PlacementHub may require support across accounting, taxation, compliance, payroll, investor documentation, audit, and related professional services.
2026-06-21 21:15:06 [INFO   ] PROGRESS |   I would naturally be pleased to consider and prioritize firms that support PlacementHub during its early growth phase, subject to suitability and mutual agreement.
2026-06-21 21:15:06 [INFO   ] PROGRESS |   The relationship can begin with a simple review of the investment note and, where appropriate, introductions to suitable investor clients.
2026-06-21 21:15:06 [INFO   ] PROGRESS |   If the opportunity is worth a look, I would be happy to send the note and speak briefly about the round,
2026-06-21 21:15:06 [INFO   ] PROGRESS |   the platform, and the type of strategic investors we are looking for.
2026-06-21 21:15:06 [INFO   ] PROGRESS |   Please reply to this email or call me if you would like to explore it.
2026-06-21 21:15:06 [INFO   ] PROGRESS |   Warm Regards,
2026-06-21 21:15:06 [INFO   ] PROGRESS |   Sandeep Jain
2026-06-21 21:15:06 [INFO   ] PROGRESS |   Founder, PlacementHub
2026-06-21 21:15:06 [INFO   ] PROGRESS |   +91-9860090620
2026-06-21 21:15:06 [INFO   ] PROGRESS |   sandeepjain200019@gmail.com
2026-06-21 21:15:06 [INFO   ] PROGRESS |   Detailed Profile
2026-06-21 21:15:06 [INFO   ] PROGRESS |   Detailed Note on Funding Requirement
2026-06-21 21:15:06 [INFO   ] --------------------------------------------------------------
2026-06-21 21:15:06 [INFO   ] 
2026-06-21 21:15:06 [INFO   ] 
2026-06-21 21:15:06 [INFO   ] PROGRESS | Email preview — To: jeevanchouhan@rediffmail.com | Subject: PlacementHub pre-seed intro with JEEVAN CHOUHAN & ASSOCIATES
2026-06-21 21:15:07 [INFO   ] SENT (Brevo) -> jeevanchouhan@rediffmail.com (JEEVAN CHOUHAN & ASSOCIATES) | PlacementHub pre-seed intro with JEEVAN CHOUHAN & ASSOCIATES | messageId=<202606211545.17678025212@smtp-relay.mailin.fr> (API accepted; run audit-brevo to confirm delivery)
2026-06-21 21:15:07 [INFO   ] Sleeping for 10 seconds
2026-06-21 21:15:17 [INFO   ] PROGRESS | Send 19/50 | SENT | jeevanchouhan@rediffmail.com | JEEVAN CHOUHAN & ASSOCIATES [Chartered Accountants & Company Secretaries] | ok=18 fail=1 skip=0
2026-06-21 21:15:17 [INFO   ] PROGRESS | Send 20/50 | SENDING | info@aasca.in | A A S AND COMPANY [Chartered Accountants & Company Secretaries] | ok=18 fail=1 skip=0
2026-06-21 21:15:19 [INFO   ] --------------------------------------------------------------
2026-06-21 21:15:19 [INFO   ] PROGRESS | Email content — To: info@aasca.in
2026-06-21 21:15:19 [INFO   ] PROGRESS | Subject: PlacementHub pre-seed intro with A A S AND COMPANY
2026-06-21 21:15:19 [INFO   ] PROGRESS | Body:
2026-06-21 21:15:19 [INFO   ] PROGRESS |   Dear Sir/Madam,
2026-06-21 21:15:19 [INFO   ] PROGRESS |   I am reaching out to introduce PlacementHub and explore whether any of your investor, entrepreneur, or
2026-06-21 21:15:19 [INFO   ] PROGRESS |   HNI clients may be open to reviewing a strategic seed opportunity.
2026-06-21 21:15:19 [INFO   ] PROGRESS |   My name is Sandeep Jain. PlacementHub is currently in its pre-seed fundraising stage, and I am
2026-06-21 21:15:19 [INFO   ] PROGRESS |   soliciting strategic seed investment for the same. PlacementHub is a campus placement and employability
2026-06-21 21:15:19 [INFO   ] PROGRESS |   platform connecting students, colleges, and recruiters. The product is built and in early
2026-06-21 21:15:19 [INFO   ] PROGRESS |   commercialization.
2026-06-21 21:15:19 [INFO   ] PROGRESS |   For reference, the detailed business plan, including the business model and go-to-market strategies, is
2026-06-21 21:15:19 [INFO   ] PROGRESS |   available here:
2026-06-21 21:15:19 [INFO   ] PROGRESS |   PlacementHub Business Plan
2026-06-21 21:15:19 [INFO   ] PROGRESS |   For a Chartered Accountant firm, the relevance is mainly professional and strategic:
2026-06-21 21:15:19 [INFO   ] PROGRESS |   PlacementHub may require support across accounting, taxation, compliance, payroll, investor documentation, audit, and related professional services.
2026-06-21 21:15:19 [INFO   ] PROGRESS |   I would naturally be pleased to consider and prioritize firms that support PlacementHub during its early growth phase, subject to suitability and mutual agreement.
2026-06-21 21:15:19 [INFO   ] PROGRESS |   The relationship can begin with a simple review of the investment note and, where appropriate, introductions to suitable investor clients.
2026-06-21 21:15:19 [INFO   ] PROGRESS |   If the opportunity is worth a look, I would be happy to send the note and speak briefly about the round,
2026-06-21 21:15:19 [INFO   ] PROGRESS |   the platform, and the type of strategic investors we are looking for.
2026-06-21 21:15:19 [INFO   ] PROGRESS |   Please reply to this email or call me if you would like to explore it.
2026-06-21 21:15:19 [INFO   ] PROGRESS |   Warm Regards,
2026-06-21 21:15:19 [INFO   ] PROGRESS |   Sandeep Jain
2026-06-21 21:15:19 [INFO   ] PROGRESS |   Founder, PlacementHub
2026-06-21 21:15:19 [INFO   ] PROGRESS |   +91-9860090620
2026-06-21 21:15:19 [INFO   ] PROGRESS |   sandeepjain200019@gmail.com
2026-06-21 21:15:19 [INFO   ] PROGRESS |   Detailed Profile
2026-06-21 21:15:19 [INFO   ] PROGRESS |   Detailed Note on Funding Requirement
2026-06-21 21:15:19 [INFO   ] --------------------------------------------------------------
2026-06-21 21:15:19 [INFO   ] 
2026-06-21 21:15:19 [INFO   ] 
2026-06-21 21:15:19 [INFO   ] PROGRESS | Email preview — To: info@aasca.in | Subject: PlacementHub pre-seed intro with A A S AND COMPANY
2026-06-21 21:15:20 [INFO   ] SENT (Brevo) -> info@aasca.in (A A S AND COMPANY) | PlacementHub pre-seed intro with A A S AND COMPANY | messageId=<202606211545.80540639559@smtp-relay.mailin.fr> (API accepted; run audit-brevo to confirm delivery)
2026-06-21 21:15:20 [INFO   ] Sleeping for 10 seconds
2026-06-21 21:15:30 [INFO   ] PROGRESS | Send 20/50 | SENT | info@aasca.in | A A S AND COMPANY [Chartered Accountants & Company Secretaries] | ok=19 fail=1 skip=0
2026-06-21 21:15:30 [INFO   ] PROGRESS | Send 21/50 | SENDING | brijeshdattaji@gmail.com | BRIJESH DATTAJI & CO [Chartered Accountants & Company Secretaries] | ok=19 fail=1 skip=0
2026-06-21 21:15:48 [INFO   ] --------------------------------------------------------------
2026-06-21 21:15:48 [INFO   ] PROGRESS | Email content — To: brijeshdattaji@gmail.com
2026-06-21 21:15:48 [INFO   ] PROGRESS | Subject: PlacementHub pre-seed intro with BRIJESH DATTAJI & CO
2026-06-21 21:15:48 [INFO   ] PROGRESS | Body:
2026-06-21 21:15:48 [INFO   ] PROGRESS |   Dear Sir/Madam,
2026-06-21 21:15:48 [INFO   ] PROGRESS |   I am reaching out to introduce PlacementHub and explore whether any of your investor, entrepreneur, or
2026-06-21 21:15:48 [INFO   ] PROGRESS |   HNI clients may be open to reviewing a strategic seed opportunity.
2026-06-21 21:15:48 [INFO   ] PROGRESS |   My name is Sandeep Jain. PlacementHub is currently in its pre-seed fundraising stage, and I am
2026-06-21 21:15:48 [INFO   ] PROGRESS |   soliciting strategic seed investment for the same. PlacementHub is a campus placement and employability
2026-06-21 21:15:48 [INFO   ] PROGRESS |   platform connecting students, colleges, and recruiters. The product is built and in early
2026-06-21 21:15:48 [INFO   ] PROGRESS |   commercialization.
2026-06-21 21:15:48 [INFO   ] PROGRESS |   For reference, the detailed business plan, including the business model and go-to-market strategies, is
2026-06-21 21:15:48 [INFO   ] PROGRESS |   available here:
2026-06-21 21:15:48 [INFO   ] PROGRESS |   PlacementHub Business Plan
2026-06-21 21:15:48 [INFO   ] PROGRESS |   For a Chartered Accountant firm, the relevance is mainly professional and strategic:
2026-06-21 21:15:48 [INFO   ] PROGRESS |   PlacementHub may require support across accounting, taxation, compliance, payroll, investor documentation, audit, and related professional services.
2026-06-21 21:15:48 [INFO   ] PROGRESS |   I would naturally be pleased to consider and prioritize firms that support PlacementHub during its early growth phase, subject to suitability and mutual agreement.
2026-06-21 21:15:48 [INFO   ] PROGRESS |   The relationship can begin with a simple review of the investment note and, where appropriate, introductions to suitable investor clients.
2026-06-21 21:15:48 [INFO   ] PROGRESS |   If the opportunity is worth a look, I would be happy to send the note and speak briefly about the round,
2026-06-21 21:15:48 [INFO   ] PROGRESS |   the platform, and the type of strategic investors we are looking for.
2026-06-21 21:15:48 [INFO   ] PROGRESS |   Please reply to this email or call me if you would like to explore it.
2026-06-21 21:15:48 [INFO   ] PROGRESS |   Warm Regards,
2026-06-21 21:15:48 [INFO   ] PROGRESS |   Sandeep Jain
2026-06-21 21:15:48 [INFO   ] PROGRESS |   Founder, PlacementHub
2026-06-21 21:15:48 [INFO   ] PROGRESS |   +91-9860090620
2026-06-21 21:15:48 [INFO   ] PROGRESS |   sandeepjain200019@gmail.com
2026-06-21 21:15:48 [INFO   ] PROGRESS |   Detailed Profile
2026-06-21 21:15:48 [INFO   ] PROGRESS |   Detailed Note on Funding Requirement
2026-06-21 21:15:48 [INFO   ] --------------------------------------------------------------
2026-06-21 21:15:48 [INFO   ] 
2026-06-21 21:15:48 [INFO   ] 
2026-06-21 21:15:48 [INFO   ] PROGRESS | Email preview — To: brijeshdattaji@gmail.com | Subject: PlacementHub pre-seed intro with BRIJESH DATTAJI & CO
2026-06-21 21:15:50 [INFO   ] SENT (Brevo) -> brijeshdattaji@gmail.com (BRIJESH DATTAJI & CO) | PlacementHub pre-seed intro with BRIJESH DATTAJI & CO | messageId=<202606211545.37493231075@smtp-relay.mailin.fr> (API accepted; run audit-brevo to confirm delivery)
2026-06-21 21:15:50 [INFO   ] Sleeping for 10 seconds
2026-06-21 21:16:00 [INFO   ] PROGRESS | Send 21/50 | SENT | brijeshdattaji@gmail.com | BRIJESH DATTAJI & CO [Chartered Accountants & Company Secretaries] | ok=20 fail=1 skip=0
2026-06-21 21:16:00 [INFO   ] PROGRESS | Send 22/50 | SENDING | rathisumit11@gmail.com | RATHI S K & CO [Chartered Accountants & Company Secretaries] | ok=20 fail=1 skip=0
2026-06-21 21:16:02 [INFO   ] --------------------------------------------------------------
2026-06-21 21:16:02 [INFO   ] PROGRESS | Email content — To: rathisumit11@gmail.com
2026-06-21 21:16:02 [INFO   ] PROGRESS | Subject: PlacementHub pre-seed intro with RATHI S K & CO
2026-06-21 21:16:02 [INFO   ] PROGRESS | Body:
2026-06-21 21:16:02 [INFO   ] PROGRESS |   Dear Sir/Madam,
2026-06-21 21:16:02 [INFO   ] PROGRESS |   I am reaching out to introduce PlacementHub and explore whether any of your investor, entrepreneur, or
2026-06-21 21:16:02 [INFO   ] PROGRESS |   HNI clients may be open to reviewing a strategic seed opportunity.
2026-06-21 21:16:02 [INFO   ] PROGRESS |   My name is Sandeep Jain. PlacementHub is currently in its pre-seed fundraising stage, and I am
2026-06-21 21:16:02 [INFO   ] PROGRESS |   soliciting strategic seed investment for the same. PlacementHub is a campus placement and employability
2026-06-21 21:16:02 [INFO   ] PROGRESS |   platform connecting students, colleges, and recruiters. The product is built and in early
2026-06-21 21:16:02 [INFO   ] PROGRESS |   commercialization.
2026-06-21 21:16:02 [INFO   ] PROGRESS |   For reference, the detailed business plan, including the business model and go-to-market strategies, is
2026-06-21 21:16:02 [INFO   ] PROGRESS |   available here:
2026-06-21 21:16:02 [INFO   ] PROGRESS |   PlacementHub Business Plan
2026-06-21 21:16:02 [INFO   ] PROGRESS |   For a Chartered Accountant firm, the relevance is mainly professional and strategic:
2026-06-21 21:16:02 [INFO   ] PROGRESS |   PlacementHub may require support across accounting, taxation, compliance, payroll, investor documentation, audit, and related professional services.
2026-06-21 21:16:02 [INFO   ] PROGRESS |   I would naturally be pleased to consider and prioritize firms that support PlacementHub during its early growth phase, subject to suitability and mutual agreement.
2026-06-21 21:16:02 [INFO   ] PROGRESS |   The relationship can begin with a simple review of the investment note and, where appropriate, introductions to suitable investor clients.
2026-06-21 21:16:02 [INFO   ] PROGRESS |   If the opportunity is worth a look, I would be happy to send the note and speak briefly about the round,
2026-06-21 21:16:02 [INFO   ] PROGRESS |   the platform, and the type of strategic investors we are looking for.
2026-06-21 21:16:02 [INFO   ] PROGRESS |   Please reply to this email or call me if you would like to explore it.
2026-06-21 21:16:02 [INFO   ] PROGRESS |   Warm Regards,
2026-06-21 21:16:02 [INFO   ] PROGRESS |   Sandeep Jain
2026-06-21 21:16:02 [INFO   ] PROGRESS |   Founder, PlacementHub
2026-06-21 21:16:02 [INFO   ] PROGRESS |   +91-9860090620
2026-06-21 21:16:02 [INFO   ] PROGRESS |   sandeepjain200019@gmail.com
2026-06-21 21:16:02 [INFO   ] PROGRESS |   Detailed Profile
2026-06-21 21:16:02 [INFO   ] PROGRESS |   Detailed Note on Funding Requirement
2026-06-21 21:16:02 [INFO   ] --------------------------------------------------------------
2026-06-21 21:16:02 [INFO   ] 
2026-06-21 21:16:02 [INFO   ] 
2026-06-21 21:16:02 [INFO   ] PROGRESS | Email preview — To: rathisumit11@gmail.com | Subject: PlacementHub pre-seed intro with RATHI S K & CO
2026-06-21 21:16:03 [INFO   ] SENT (Brevo) -> rathisumit11@gmail.com (RATHI S K & CO) | PlacementHub pre-seed intro with RATHI S K & CO | messageId=<202606211546.20367442875@smtp-relay.mailin.fr> (API accepted; run audit-brevo to confirm delivery)
2026-06-21 21:16:03 [INFO   ] Sleeping for 10 seconds
2026-06-21 21:16:13 [INFO   ] PROGRESS | Send 22/50 | SENT | rathisumit11@gmail.com | RATHI S K & CO [Chartered Accountants & Company Secretaries] | ok=21 fail=1 skip=0
2026-06-21 21:16:13 [INFO   ] PROGRESS | Send 23/50 | SENDING | capsnavandar@yahoo.in | S P L A S H AND COMPANY [Chartered Accountants & Company Secretaries] | ok=21 fail=1 skip=0
2026-06-21 21:16:33 [INFO   ] --------------------------------------------------------------
2026-06-21 21:16:33 [INFO   ] PROGRESS | Email content — To: capsnavandar@yahoo.in
2026-06-21 21:16:33 [INFO   ] PROGRESS | Subject: PlacementHub pre-seed intro with S P L A S H AND COMPANY
2026-06-21 21:16:33 [INFO   ] PROGRESS | Body:
2026-06-21 21:16:33 [INFO   ] PROGRESS |   Dear Sir/Madam,
2026-06-21 21:16:33 [INFO   ] PROGRESS |   I am reaching out to introduce PlacementHub and explore whether any of your investor, entrepreneur, or
2026-06-21 21:16:33 [INFO   ] PROGRESS |   HNI clients may be open to reviewing a strategic seed opportunity.
2026-06-21 21:16:33 [INFO   ] PROGRESS |   My name is Sandeep Jain. PlacementHub is currently in its pre-seed fundraising stage, and I am
2026-06-21 21:16:33 [INFO   ] PROGRESS |   soliciting strategic seed investment for the same. PlacementHub is a campus placement and employability
2026-06-21 21:16:33 [INFO   ] PROGRESS |   platform connecting students, colleges, and recruiters. The product is built and in early
2026-06-21 21:16:33 [INFO   ] PROGRESS |   commercialization.
2026-06-21 21:16:33 [INFO   ] PROGRESS |   For reference, the detailed business plan, including the business model and go-to-market strategies, is
2026-06-21 21:16:33 [INFO   ] PROGRESS |   available here:
2026-06-21 21:16:33 [INFO   ] PROGRESS |   PlacementHub Business Plan
2026-06-21 21:16:33 [INFO   ] PROGRESS |   For a Chartered Accountant firm, the relevance is mainly professional and strategic:
2026-06-21 21:16:33 [INFO   ] PROGRESS |   PlacementHub may require support across accounting, taxation, compliance, payroll, investor documentation, audit, and related professional services.
2026-06-21 21:16:33 [INFO   ] PROGRESS |   I would naturally be pleased to consider and prioritize firms that support PlacementHub during its early growth phase, subject to suitability and mutual agreement.
2026-06-21 21:16:33 [INFO   ] PROGRESS |   The relationship can begin with a simple review of the investment note and, where appropriate, introductions to suitable investor clients.
2026-06-21 21:16:33 [INFO   ] PROGRESS |   If the opportunity is worth a look, I would be happy to send the note and speak briefly about the round,
2026-06-21 21:16:33 [INFO   ] PROGRESS |   the platform, and the type of strategic investors we are looking for.
2026-06-21 21:16:33 [INFO   ] PROGRESS |   Please reply to this email or call me if you would like to explore it.
2026-06-21 21:16:33 [INFO   ] PROGRESS |   Warm Regards,
2026-06-21 21:16:33 [INFO   ] PROGRESS |   Sandeep Jain
2026-06-21 21:16:33 [INFO   ] PROGRESS |   Founder, PlacementHub
2026-06-21 21:16:33 [INFO   ] PROGRESS |   +91-9860090620
2026-06-21 21:16:33 [INFO   ] PROGRESS |   sandeepjain200019@gmail.com
2026-06-21 21:16:33 [INFO   ] PROGRESS |   Detailed Profile
2026-06-21 21:16:33 [INFO   ] PROGRESS |   Detailed Note on Funding Requirement
2026-06-21 21:16:33 [INFO   ] --------------------------------------------------------------
2026-06-21 21:16:33 [INFO   ] 
2026-06-21 21:16:33 [INFO   ] 
2026-06-21 21:16:33 [INFO   ] PROGRESS | Email preview — To: capsnavandar@yahoo.in | Subject: PlacementHub pre-seed intro with S P L A S H AND COMPANY
2026-06-21 21:16:35 [INFO   ] SENT (Brevo) -> capsnavandar@yahoo.in (S P L A S H AND COMPANY) | PlacementHub pre-seed intro with S P L A S H AND COMPANY | messageId=<202606211546.17761579484@smtp-relay.mailin.fr> (API accepted; run audit-brevo to confirm delivery)
2026-06-21 21:16:35 [INFO   ] Sleeping for 10 seconds
2026-06-21 21:16:45 [INFO   ] PROGRESS | Send 23/50 | SENT | capsnavandar@yahoo.in | S P L A S H AND COMPANY [Chartered Accountants & Company Secretaries] | ok=22 fail=1 skip=0
2026-06-21 21:16:45 [INFO   ] PROGRESS | Send 24/50 | SENDING | jitendrapune03@gmail.com | J S KULKARNI & CO [Chartered Accountants & Company Secretaries] | ok=22 fail=1 skip=0
2026-06-21 21:16:49 [INFO   ] --------------------------------------------------------------
2026-06-21 21:16:49 [INFO   ] PROGRESS | Email content — To: jitendrapune03@gmail.com
2026-06-21 21:16:49 [INFO   ] PROGRESS | Subject: PlacementHub pre-seed intro with J S KULKARNI & CO
2026-06-21 21:16:49 [INFO   ] PROGRESS | Body:
2026-06-21 21:16:49 [INFO   ] PROGRESS |   Dear Sir/Madam,
2026-06-21 21:16:49 [INFO   ] PROGRESS |   I am reaching out to introduce PlacementHub and explore whether any of your investor, entrepreneur, or
2026-06-21 21:16:49 [INFO   ] PROGRESS |   HNI clients may be open to reviewing a strategic seed opportunity.
2026-06-21 21:16:49 [INFO   ] PROGRESS |   My name is Sandeep Jain. PlacementHub is currently in its pre-seed fundraising stage, and I am
2026-06-21 21:16:49 [INFO   ] PROGRESS |   soliciting strategic seed investment for the same. PlacementHub is a campus placement and employability
2026-06-21 21:16:49 [INFO   ] PROGRESS |   platform connecting students, colleges, and recruiters. The product is built and in early
2026-06-21 21:16:49 [INFO   ] PROGRESS |   commercialization.
2026-06-21 21:16:49 [INFO   ] PROGRESS |   For reference, the detailed business plan, including the business model and go-to-market strategies, is
2026-06-21 21:16:49 [INFO   ] PROGRESS |   available here:
2026-06-21 21:16:49 [INFO   ] PROGRESS |   PlacementHub Business Plan
2026-06-21 21:16:49 [INFO   ] PROGRESS |   For a Chartered Accountant firm, the relevance is mainly professional and strategic:
2026-06-21 21:16:49 [INFO   ] PROGRESS |   PlacementHub may require support across accounting, taxation, compliance, payroll, investor documentation, audit, and related professional services.
2026-06-21 21:16:49 [INFO   ] PROGRESS |   I would naturally be pleased to consider and prioritize firms that support PlacementHub during its early growth phase, subject to suitability and mutual agreement.
2026-06-21 21:16:49 [INFO   ] PROGRESS |   The relationship can begin with a simple review of the investment note and, where appropriate, introductions to suitable investor clients.
2026-06-21 21:16:49 [INFO   ] PROGRESS |   If the opportunity is worth a look, I would be happy to send the note and speak briefly about the round,
2026-06-21 21:16:49 [INFO   ] PROGRESS |   the platform, and the type of strategic investors we are looking for.
2026-06-21 21:16:49 [INFO   ] PROGRESS |   Please reply to this email or call me if you would like to explore it.
2026-06-21 21:16:49 [INFO   ] PROGRESS |   Warm Regards,
2026-06-21 21:16:49 [INFO   ] PROGRESS |   Sandeep Jain
2026-06-21 21:16:49 [INFO   ] PROGRESS |   Founder, PlacementHub
2026-06-21 21:16:49 [INFO   ] PROGRESS |   +91-9860090620
2026-06-21 21:16:49 [INFO   ] PROGRESS |   sandeepjain200019@gmail.com
2026-06-21 21:16:49 [INFO   ] PROGRESS |   Detailed Profile
2026-06-21 21:16:49 [INFO   ] PROGRESS |   Detailed Note on Funding Requirement
2026-06-21 21:16:49 [INFO   ] --------------------------------------------------------------
2026-06-21 21:16:49 [INFO   ] 
2026-06-21 21:16:49 [INFO   ] 
2026-06-21 21:16:49 [INFO   ] PROGRESS | Email preview — To: jitendrapune03@gmail.com | Subject: PlacementHub pre-seed intro with J S KULKARNI & CO
2026-06-21 21:16:50 [INFO   ] SENT (Brevo) -> jitendrapune03@gmail.com (J S KULKARNI & CO) | PlacementHub pre-seed intro with J S KULKARNI & CO | messageId=<202606211546.51580150432@smtp-relay.mailin.fr> (API accepted; run audit-brevo to confirm delivery)
2026-06-21 21:16:50 [INFO   ] Sleeping for 10 seconds
2026-06-21 21:17:00 [INFO   ] PROGRESS | Send 24/50 | SENT | jitendrapune03@gmail.com | J S KULKARNI & CO [Chartered Accountants & Company Secretaries] | ok=23 fail=1 skip=0
2026-06-21 21:17:00 [INFO   ] PROGRESS | Send 25/50 | SENDING | ashutosh.kalamkar@gmail.com | ASHUTOSH KALAMKAR & ASSOCIATES [Chartered Accountants & Company Secretaries] | ok=23 fail=1 skip=0
2026-06-21 21:17:30 [WARNING] NVIDIA call failed (attempt 1/5): The read operation timed out — rotating key.
2026-06-21 21:17:39 [INFO   ] --------------------------------------------------------------
2026-06-21 21:17:39 [INFO   ] PROGRESS | Email content — To: ashutosh.kalamkar@gmail.com
2026-06-21 21:17:39 [INFO   ] PROGRESS | Subject: PlacementHub pre-seed intro with ASHUTOSH KALAMKAR & ASSOCIATES
2026-06-21 21:17:39 [INFO   ] PROGRESS | Body:
2026-06-21 21:17:39 [INFO   ] PROGRESS |   Dear Sir/Madam,
2026-06-21 21:17:39 [INFO   ] PROGRESS |   I am reaching out to introduce PlacementHub and explore whether any of your investor, entrepreneur, or
2026-06-21 21:17:39 [INFO   ] PROGRESS |   HNI clients may be open to reviewing a strategic seed opportunity.
2026-06-21 21:17:39 [INFO   ] PROGRESS |   My name is Sandeep Jain. PlacementHub is currently in its pre-seed fundraising stage, and I am
2026-06-21 21:17:39 [INFO   ] PROGRESS |   soliciting strategic seed investment for the same. PlacementHub is a campus placement and employability
2026-06-21 21:17:39 [INFO   ] PROGRESS |   platform connecting students, colleges, and recruiters. The product is built and in early
2026-06-21 21:17:39 [INFO   ] PROGRESS |   commercialization.
2026-06-21 21:17:39 [INFO   ] PROGRESS |   For reference, the detailed business plan, including the business model and go-to-market strategies, is
2026-06-21 21:17:39 [INFO   ] PROGRESS |   available here:
2026-06-21 21:17:39 [INFO   ] PROGRESS |   PlacementHub Business Plan
2026-06-21 21:17:39 [INFO   ] PROGRESS |   For a Chartered Accountant firm, the relevance is mainly professional and strategic:
2026-06-21 21:17:39 [INFO   ] PROGRESS |   PlacementHub may require support across accounting, taxation, compliance, payroll, investor documentation, audit, and related professional services.
2026-06-21 21:17:39 [INFO   ] PROGRESS |   I would naturally be pleased to consider and prioritize firms that support PlacementHub during its early growth phase, subject to suitability and mutual agreement.
2026-06-21 21:17:39 [INFO   ] PROGRESS |   The relationship can begin with a simple review of the investment note and, where appropriate, introductions to suitable investor clients.
2026-06-21 21:17:39 [INFO   ] PROGRESS |   If the opportunity is worth a look, I would be happy to send the note and speak briefly about the round,
2026-06-21 21:17:39 [INFO   ] PROGRESS |   the platform, and the type of strategic investors we are looking for.
2026-06-21 21:17:39 [INFO   ] PROGRESS |   Please reply to this email or call me if you would like to explore it.
2026-06-21 21:17:39 [INFO   ] PROGRESS |   Warm Regards,
2026-06-21 21:17:39 [INFO   ] PROGRESS |   Sandeep Jain
2026-06-21 21:17:39 [INFO   ] PROGRESS |   Founder, PlacementHub
2026-06-21 21:17:39 [INFO   ] PROGRESS |   +91-9860090620
2026-06-21 21:17:39 [INFO   ] PROGRESS |   sandeepjain200019@gmail.com
2026-06-21 21:17:39 [INFO   ] PROGRESS |   Detailed Profile
2026-06-21 21:17:39 [INFO   ] PROGRESS |   Detailed Note on Funding Requirement
2026-06-21 21:17:39 [INFO   ] --------------------------------------------------------------
2026-06-21 21:17:39 [INFO   ] 
2026-06-21 21:17:39 [INFO   ] 
2026-06-21 21:17:39 [INFO   ] PROGRESS | Email preview — To: ashutosh.kalamkar@gmail.com | Subject: PlacementHub pre-seed intro with ASHUTOSH KALAMKAR & ASSOCIATES
2026-06-21 21:17:40 [INFO   ] SENT (Brevo) -> ashutosh.kalamkar@gmail.com (ASHUTOSH KALAMKAR & ASSOCIATES) | PlacementHub pre-seed intro with ASHUTOSH KALAMKAR & ASSOCIATES | messageId=<202606211547.48320544664@smtp-relay.mailin.fr> (API accepted; run audit-brevo to confirm delivery)
2026-06-21 21:17:40 [INFO   ] Sleeping for 10 seconds
2026-06-21 21:17:50 [INFO   ] PROGRESS | Send 25/50 | SENT | ashutosh.kalamkar@gmail.com | ASHUTOSH KALAMKAR & ASSOCIATES [Chartered Accountants & Company Secretaries] | ok=24 fail=1 skip=0
2026-06-21 21:17:50 [INFO   ] PROGRESS | Send 26/50 | SENDING | cadjb2@gmail.com | BHAVE & BHAVE ASSOCIATES [Chartered Accountants & Company Secretaries] | ok=24 fail=1 skip=0
2026-06-21 21:17:53 [INFO   ] --------------------------------------------------------------
2026-06-21 21:17:53 [INFO   ] PROGRESS | Email content — To: cadjb2@gmail.com
2026-06-21 21:17:53 [INFO   ] PROGRESS | Subject: PlacementHub pre-seed intro with BHAVE & BHAVE ASSOCIATES
2026-06-21 21:17:53 [INFO   ] PROGRESS | Body:
2026-06-21 21:17:53 [INFO   ] PROGRESS |   Dear Sir/Madam,
2026-06-21 21:17:53 [INFO   ] PROGRESS |   I am reaching out to introduce PlacementHub and explore whether any of your investor, entrepreneur, or
2026-06-21 21:17:53 [INFO   ] PROGRESS |   HNI clients may be open to reviewing a strategic seed opportunity.
2026-06-21 21:17:53 [INFO   ] PROGRESS |   My name is Sandeep Jain. PlacementHub is currently in its pre-seed fundraising stage, and I am
2026-06-21 21:17:53 [INFO   ] PROGRESS |   soliciting strategic seed investment for the same. PlacementHub is a campus placement and employability
2026-06-21 21:17:53 [INFO   ] PROGRESS |   platform connecting students, colleges, and recruiters. The product is built and in early
2026-06-21 21:17:53 [INFO   ] PROGRESS |   commercialization.
2026-06-21 21:17:53 [INFO   ] PROGRESS |   For reference, the detailed business plan, including the business model and go-to-market strategies, is
2026-06-21 21:17:53 [INFO   ] PROGRESS |   available here:
2026-06-21 21:17:53 [INFO   ] PROGRESS |   PlacementHub Business Plan
2026-06-21 21:17:53 [INFO   ] PROGRESS |   For a Chartered Accountant firm, the relevance is mainly professional and strategic:
2026-06-21 21:17:53 [INFO   ] PROGRESS |   PlacementHub may require support across accounting, taxation, compliance, payroll, investor documentation, audit, and related professional services.
2026-06-21 21:17:53 [INFO   ] PROGRESS |   I would naturally be pleased to consider and prioritize firms that support PlacementHub during its early growth phase, subject to suitability and mutual agreement.
2026-06-21 21:17:53 [INFO   ] PROGRESS |   The relationship can begin with a simple review of the investment note and, where appropriate, introductions to suitable investor clients.
2026-06-21 21:17:53 [INFO   ] PROGRESS |   If the opportunity is worth a look, I would be happy to send the note and speak briefly about the round,
2026-06-21 21:17:53 [INFO   ] PROGRESS |   the platform, and the type of strategic investors we are looking for.
2026-06-21 21:17:53 [INFO   ] PROGRESS |   Please reply to this email or call me if you would like to explore it.
2026-06-21 21:17:53 [INFO   ] PROGRESS |   Warm Regards,
2026-06-21 21:17:53 [INFO   ] PROGRESS |   Sandeep Jain
2026-06-21 21:17:53 [INFO   ] PROGRESS |   Founder, PlacementHub
2026-06-21 21:17:53 [INFO   ] PROGRESS |   +91-9860090620
2026-06-21 21:17:53 [INFO   ] PROGRESS |   sandeepjain200019@gmail.com
2026-06-21 21:17:53 [INFO   ] PROGRESS |   Detailed Profile
2026-06-21 21:17:53 [INFO   ] PROGRESS |   Detailed Note on Funding Requirement
2026-06-21 21:17:53 [INFO   ] --------------------------------------------------------------
2026-06-21 21:17:53 [INFO   ] 
2026-06-21 21:17:53 [INFO   ] 
2026-06-21 21:17:53 [INFO   ] PROGRESS | Email preview — To: cadjb2@gmail.com | Subject: PlacementHub pre-seed intro with BHAVE & BHAVE ASSOCIATES
2026-06-21 21:17:55 [INFO   ] SENT (Brevo) -> cadjb2@gmail.com (BHAVE & BHAVE ASSOCIATES) | PlacementHub pre-seed intro with BHAVE & BHAVE ASSOCIATES | messageId=<202606211547.16960130074@smtp-relay.mailin.fr> (API accepted; run audit-brevo to confirm delivery)
2026-06-21 21:17:55 [INFO   ] Sleeping for 10 seconds
2026-06-21 21:18:05 [INFO   ] PROGRESS | Send 26/50 | SENT | cadjb2@gmail.com | BHAVE & BHAVE ASSOCIATES [Chartered Accountants & Company Secretaries] | ok=25 fail=1 skip=0
2026-06-21 21:18:05 [INFO   ] PROGRESS | Send 27/50 | SENDING | camaulikavarma@outlook.com | MAULIKA VARMA & ASSOCIATES [Chartered Accountants & Company Secretaries] | ok=25 fail=1 skip=0
2026-06-21 21:18:10 [INFO   ] --------------------------------------------------------------
2026-06-21 21:18:10 [INFO   ] PROGRESS | Email content — To: camaulikavarma@outlook.com
2026-06-21 21:18:10 [INFO   ] PROGRESS | Subject: PlacementHub pre-seed intro with MAULIKA VARMA & ASSOCIATES
2026-06-21 21:18:10 [INFO   ] PROGRESS | Body:
2026-06-21 21:18:10 [INFO   ] PROGRESS |   Dear Sir/Madam,
2026-06-21 21:18:10 [INFO   ] PROGRESS |   I am reaching out to introduce PlacementHub and explore whether any of your investor, entrepreneur, or
2026-06-21 21:18:10 [INFO   ] PROGRESS |   HNI clients may be open to reviewing a strategic seed opportunity.
2026-06-21 21:18:10 [INFO   ] PROGRESS |   My name is Sandeep Jain. PlacementHub is currently in its pre-seed fundraising stage, and I am
2026-06-21 21:18:10 [INFO   ] PROGRESS |   soliciting strategic seed investment for the same. PlacementHub is a campus placement and employability
2026-06-21 21:18:10 [INFO   ] PROGRESS |   platform connecting students, colleges, and recruiters. The product is built and in early
2026-06-21 21:18:10 [INFO   ] PROGRESS |   commercialization.
2026-06-21 21:18:10 [INFO   ] PROGRESS |   For reference, the detailed business plan, including the business model and go-to-market strategies, is
2026-06-21 21:18:10 [INFO   ] PROGRESS |   available here:
2026-06-21 21:18:10 [INFO   ] PROGRESS |   PlacementHub Business Plan
2026-06-21 21:18:10 [INFO   ] PROGRESS |   For a Chartered Accountant firm, the relevance is mainly professional and strategic:
2026-06-21 21:18:10 [INFO   ] PROGRESS |   PlacementHub may require support across accounting, taxation, compliance, payroll, investor documentation, audit, and related professional services.
2026-06-21 21:18:10 [INFO   ] PROGRESS |   I would naturally be pleased to consider and prioritize firms that support PlacementHub during its early growth phase, subject to suitability and mutual agreement.
2026-06-21 21:18:10 [INFO   ] PROGRESS |   The relationship can begin with a simple review of the investment note and, where appropriate, introductions to suitable investor clients.
2026-06-21 21:18:10 [INFO   ] PROGRESS |   If the opportunity is worth a look, I would be happy to send the note and speak briefly about the round,
2026-06-21 21:18:10 [INFO   ] PROGRESS |   the platform, and the type of strategic investors we are looking for.
2026-06-21 21:18:10 [INFO   ] PROGRESS |   Please reply to this email or call me if you would like to explore it.
2026-06-21 21:18:10 [INFO   ] PROGRESS |   Warm Regards,
2026-06-21 21:18:10 [INFO   ] PROGRESS |   Sandeep Jain
2026-06-21 21:18:10 [INFO   ] PROGRESS |   Founder, PlacementHub
2026-06-21 21:18:10 [INFO   ] PROGRESS |   +91-9860090620
2026-06-21 21:18:10 [INFO   ] PROGRESS |   sandeepjain200019@gmail.com
2026-06-21 21:18:10 [INFO   ] PROGRESS |   Detailed Profile
2026-06-21 21:18:10 [INFO   ] PROGRESS |   Detailed Note on Funding Requirement
2026-06-21 21:18:10 [INFO   ] --------------------------------------------------------------
2026-06-21 21:18:10 [INFO   ] 
2026-06-21 21:18:10 [INFO   ] 
2026-06-21 21:18:10 [INFO   ] PROGRESS | Email preview — To: camaulikavarma@outlook.com | Subject: PlacementHub pre-seed intro with MAULIKA VARMA & ASSOCIATES
2026-06-21 21:18:11 [INFO   ] SENT (Brevo) -> camaulikavarma@outlook.com (MAULIKA VARMA & ASSOCIATES) | PlacementHub pre-seed intro with MAULIKA VARMA & ASSOCIATES | messageId=<202606211548.29596420667@smtp-relay.mailin.fr> (API accepted; run audit-brevo to confirm delivery)
2026-06-21 21:18:11 [INFO   ] Sleeping for 10 seconds
2026-06-21 21:18:21 [INFO   ] PROGRESS | Send 27/50 | SENT | camaulikavarma@outlook.com | MAULIKA VARMA & ASSOCIATES [Chartered Accountants & Company Secretaries] | ok=26 fail=1 skip=0
2026-06-21 21:18:21 [INFO   ] PROGRESS | Send 28/50 | SENDING | anirudha.asgekar@outlook.com | A P ASGEKAR & CO [Chartered Accountants & Company Secretaries] | ok=26 fail=1 skip=0
2026-06-21 21:18:33 [INFO   ] --------------------------------------------------------------
2026-06-21 21:18:33 [INFO   ] PROGRESS | Email content — To: anirudha.asgekar@outlook.com
2026-06-21 21:18:33 [INFO   ] PROGRESS | Subject: PlacementHub pre-seed intro with A P ASGEKAR & CO
2026-06-21 21:18:33 [INFO   ] PROGRESS | Body:
2026-06-21 21:18:33 [INFO   ] PROGRESS |   Dear Sir/Madam,
2026-06-21 21:18:33 [INFO   ] PROGRESS |   I am reaching out to introduce PlacementHub and explore whether any of your investor, entrepreneur, or
2026-06-21 21:18:33 [INFO   ] PROGRESS |   HNI clients may be open to reviewing a strategic seed opportunity.
2026-06-21 21:18:33 [INFO   ] PROGRESS |   My name is Sandeep Jain. PlacementHub is currently in its pre-seed fundraising stage, and I am
2026-06-21 21:18:33 [INFO   ] PROGRESS |   soliciting strategic seed investment for the same. PlacementHub is a campus placement and employability
2026-06-21 21:18:33 [INFO   ] PROGRESS |   platform connecting students, colleges, and recruiters. The product is built and in early
2026-06-21 21:18:33 [INFO   ] PROGRESS |   commercialization.
2026-06-21 21:18:33 [INFO   ] PROGRESS |   For reference, the detailed business plan, including the business model and go-to-market strategies, is
2026-06-21 21:18:33 [INFO   ] PROGRESS |   available here:
2026-06-21 21:18:33 [INFO   ] PROGRESS |   PlacementHub Business Plan
2026-06-21 21:18:33 [INFO   ] PROGRESS |   For a Chartered Accountant firm, the relevance is mainly professional and strategic:
2026-06-21 21:18:33 [INFO   ] PROGRESS |   PlacementHub may require support across accounting, taxation, compliance, payroll, investor documentation, audit, and related professional services.
2026-06-21 21:18:33 [INFO   ] PROGRESS |   I would naturally be pleased to consider and prioritize firms that support PlacementHub during its early growth phase, subject to suitability and mutual agreement.
2026-06-21 21:18:33 [INFO   ] PROGRESS |   The relationship can begin with a simple review of the investment note and, where appropriate, introductions to suitable investor clients.
2026-06-21 21:18:33 [INFO   ] PROGRESS |   If the opportunity is worth a look, I would be happy to send the note and speak briefly about the round,
2026-06-21 21:18:33 [INFO   ] PROGRESS |   the platform, and the type of strategic investors we are looking for.
2026-06-21 21:18:33 [INFO   ] PROGRESS |   Please reply to this email or call me if you would like to explore it.
2026-06-21 21:18:33 [INFO   ] PROGRESS |   Warm Regards,
2026-06-21 21:18:33 [INFO   ] PROGRESS |   Sandeep Jain
2026-06-21 21:18:33 [INFO   ] PROGRESS |   Founder, PlacementHub
2026-06-21 21:18:33 [INFO   ] PROGRESS |   +91-9860090620
2026-06-21 21:18:33 [INFO   ] PROGRESS |   sandeepjain200019@gmail.com
2026-06-21 21:18:33 [INFO   ] PROGRESS |   Detailed Profile
2026-06-21 21:18:33 [INFO   ] PROGRESS |   Detailed Note on Funding Requirement
2026-06-21 21:18:33 [INFO   ] --------------------------------------------------------------
2026-06-21 21:18:33 [INFO   ] 
2026-06-21 21:18:33 [INFO   ] 
2026-06-21 21:18:33 [INFO   ] PROGRESS | Email preview — To: anirudha.asgekar@outlook.com | Subject: PlacementHub pre-seed intro with A P ASGEKAR & CO
2026-06-21 21:18:34 [INFO   ] SENT (Brevo) -> anirudha.asgekar@outlook.com (A P ASGEKAR & CO) | PlacementHub pre-seed intro with A P ASGEKAR & CO | messageId=<202606211548.17220785872@smtp-relay.mailin.fr> (API accepted; run audit-brevo to confirm delivery)
2026-06-21 21:18:34 [INFO   ] Sleeping for 10 seconds
2026-06-21 21:18:44 [INFO   ] PROGRESS | Send 28/50 | SENT | anirudha.asgekar@outlook.com | A P ASGEKAR & CO [Chartered Accountants & Company Secretaries] | ok=27 fail=1 skip=0
2026-06-21 21:18:44 [INFO   ] PROGRESS | Send 29/50 | SENDING | fflamingo02@gmail.com | S M SURATWALA & CO [Chartered Accountants & Company Secretaries] | ok=27 fail=1 skip=0
2026-06-21 21:19:14 [WARNING] NVIDIA call failed (attempt 1/5): The read operation timed out — rotating key.
2026-06-21 21:19:23 [INFO   ] --------------------------------------------------------------
2026-06-21 21:19:23 [INFO   ] PROGRESS | Email content — To: fflamingo02@gmail.com
2026-06-21 21:19:23 [INFO   ] PROGRESS | Subject: PlacementHub pre-seed intro with S M SURATWALA & CO
2026-06-21 21:19:23 [INFO   ] PROGRESS | Body:
2026-06-21 21:19:23 [INFO   ] PROGRESS |   Dear Sir/Madam,
2026-06-21 21:19:23 [INFO   ] PROGRESS |   I am reaching out to introduce PlacementHub and explore whether any of your investor, entrepreneur, or
2026-06-21 21:19:23 [INFO   ] PROGRESS |   HNI clients may be open to reviewing a strategic seed opportunity.
2026-06-21 21:19:23 [INFO   ] PROGRESS |   My name is Sandeep Jain. PlacementHub is currently in its pre-seed fundraising stage, and I am
2026-06-21 21:19:23 [INFO   ] PROGRESS |   soliciting strategic seed investment for the same. PlacementHub is a campus placement and employability
2026-06-21 21:19:23 [INFO   ] PROGRESS |   platform connecting students, colleges, and recruiters. The product is built and in early
2026-06-21 21:19:23 [INFO   ] PROGRESS |   commercialization.
2026-06-21 21:19:23 [INFO   ] PROGRESS |   For reference, the detailed business plan, including the business model and go-to-market strategies, is
2026-06-21 21:19:23 [INFO   ] PROGRESS |   available here:
2026-06-21 21:19:23 [INFO   ] PROGRESS |   PlacementHub Business Plan
2026-06-21 21:19:23 [INFO   ] PROGRESS |   For a Chartered Accountant firm, the relevance is mainly professional and strategic:
2026-06-21 21:19:23 [INFO   ] PROGRESS |   PlacementHub may require support across accounting, taxation, compliance, payroll, investor documentation, audit, and related professional services.
2026-06-21 21:19:23 [INFO   ] PROGRESS |   I would naturally be pleased to consider and prioritize firms that support PlacementHub during its early growth phase, subject to suitability and mutual agreement.
2026-06-21 21:19:23 [INFO   ] PROGRESS |   The relationship can begin with a simple review of the investment note and, where appropriate, introductions to suitable investor clients.
2026-06-21 21:19:23 [INFO   ] PROGRESS |   If the opportunity is worth a look, I would be happy to send the note and speak briefly about the round,
2026-06-21 21:19:23 [INFO   ] PROGRESS |   the platform, and the type of strategic investors we are looking for.
2026-06-21 21:19:23 [INFO   ] PROGRESS |   Please reply to this email or call me if you would like to explore it.
2026-06-21 21:19:23 [INFO   ] PROGRESS |   Warm Regards,
2026-06-21 21:19:23 [INFO   ] PROGRESS |   Sandeep Jain
2026-06-21 21:19:23 [INFO   ] PROGRESS |   Founder, PlacementHub
2026-06-21 21:19:23 [INFO   ] PROGRESS |   +91-9860090620
2026-06-21 21:19:23 [INFO   ] PROGRESS |   sandeepjain200019@gmail.com
2026-06-21 21:19:23 [INFO   ] PROGRESS |   Detailed Profile
2026-06-21 21:19:23 [INFO   ] PROGRESS |   Detailed Note on Funding Requirement
2026-06-21 21:19:23 [INFO   ] --------------------------------------------------------------
2026-06-21 21:19:23 [INFO   ] 
2026-06-21 21:19:23 [INFO   ] 
2026-06-21 21:19:23 [INFO   ] PROGRESS | Email preview — To: fflamingo02@gmail.com | Subject: PlacementHub pre-seed intro with S M SURATWALA & CO
2026-06-21 21:19:24 [INFO   ] SENT (Brevo) -> fflamingo02@gmail.com (S M SURATWALA & CO) | PlacementHub pre-seed intro with S M SURATWALA & CO | messageId=<202606211549.64108757609@smtp-relay.mailin.fr> (API accepted; run audit-brevo to confirm delivery)
2026-06-21 21:19:24 [INFO   ] Sleeping for 10 seconds
2026-06-21 21:19:34 [INFO   ] PROGRESS | Send 29/50 | SENT | fflamingo02@gmail.com | S M SURATWALA & CO [Chartered Accountants & Company Secretaries] | ok=28 fail=1 skip=0
2026-06-21 21:19:34 [INFO   ] PROGRESS | Send 30/50 | SENDING | mrugendra.mandke@msmca.com | M S MANDKE & ASSOCIATES [Chartered Accountants & Company Secretaries] | ok=28 fail=1 skip=0
2026-06-21 21:19:38 [INFO   ] --------------------------------------------------------------
2026-06-21 21:19:38 [INFO   ] PROGRESS | Email content — To: mrugendra.mandke@msmca.com
2026-06-21 21:19:38 [INFO   ] PROGRESS | Subject: PlacementHub pre-seed intro with M S MANDKE & ASSOCIATES
2026-06-21 21:19:38 [INFO   ] PROGRESS | Body:
2026-06-21 21:19:38 [INFO   ] PROGRESS |   Dear Sir/Madam,
2026-06-21 21:19:38 [INFO   ] PROGRESS |   I am reaching out to introduce PlacementHub and explore whether any of your investor, entrepreneur, or
2026-06-21 21:19:38 [INFO   ] PROGRESS |   HNI clients may be open to reviewing a strategic seed opportunity.
2026-06-21 21:19:38 [INFO   ] PROGRESS |   My name is Sandeep Jain. PlacementHub is currently in its pre-seed fundraising stage, and I am
2026-06-21 21:19:38 [INFO   ] PROGRESS |   soliciting strategic seed investment for the same. PlacementHub is a campus placement and employability
2026-06-21 21:19:38 [INFO   ] PROGRESS |   platform connecting students, colleges, and recruiters. The product is built and in early
2026-06-21 21:19:38 [INFO   ] PROGRESS |   commercialization.
2026-06-21 21:19:38 [INFO   ] PROGRESS |   For reference, the detailed business plan, including the business model and go-to-market strategies, is
2026-06-21 21:19:38 [INFO   ] PROGRESS |   available here:
2026-06-21 21:19:38 [INFO   ] PROGRESS |   PlacementHub Business Plan
2026-06-21 21:19:38 [INFO   ] PROGRESS |   For a Chartered Accountant firm, the relevance is mainly professional and strategic:
2026-06-21 21:19:38 [INFO   ] PROGRESS |   PlacementHub may require support across accounting, taxation, compliance, payroll, investor documentation, audit, and related professional services.
2026-06-21 21:19:38 [INFO   ] PROGRESS |   I would naturally be pleased to consider and prioritize firms that support PlacementHub during its early growth phase, subject to suitability and mutual agreement.
2026-06-21 21:19:38 [INFO   ] PROGRESS |   The relationship can begin with a simple review of the investment note and, where appropriate, introductions to suitable investor clients.
2026-06-21 21:19:38 [INFO   ] PROGRESS |   If the opportunity is worth a look, I would be happy to send the note and speak briefly about the round,
2026-06-21 21:19:38 [INFO   ] PROGRESS |   the platform, and the type of strategic investors we are looking for.
2026-06-21 21:19:38 [INFO   ] PROGRESS |   Please reply to this email or call me if you would like to explore it.
2026-06-21 21:19:38 [INFO   ] PROGRESS |   Warm Regards,
2026-06-21 21:19:38 [INFO   ] PROGRESS |   Sandeep Jain
2026-06-21 21:19:38 [INFO   ] PROGRESS |   Founder, PlacementHub
2026-06-21 21:19:38 [INFO   ] PROGRESS |   +91-9860090620
2026-06-21 21:19:38 [INFO   ] PROGRESS |   sandeepjain200019@gmail.com
2026-06-21 21:19:38 [INFO   ] PROGRESS |   Detailed Profile
2026-06-21 21:19:38 [INFO   ] PROGRESS |   Detailed Note on Funding Requirement
2026-06-21 21:19:38 [INFO   ] --------------------------------------------------------------
2026-06-21 21:19:38 [INFO   ] 
2026-06-21 21:19:38 [INFO   ] 
2026-06-21 21:19:38 [INFO   ] PROGRESS | Email preview — To: mrugendra.mandke@msmca.com | Subject: PlacementHub pre-seed intro with M S MANDKE & ASSOCIATES
2026-06-21 21:19:39 [INFO   ] SENT (Brevo) -> mrugendra.mandke@msmca.com (M S MANDKE & ASSOCIATES) | PlacementHub pre-seed intro with M S MANDKE & ASSOCIATES | messageId=<202606211549.80327753321@smtp-relay.mailin.fr> (API accepted; run audit-brevo to confirm delivery)
2026-06-21 21:19:39 [INFO   ] Sleeping for 10 seconds
2026-06-21 21:19:49 [INFO   ] PROGRESS | Send 30/50 | SENT | mrugendra.mandke@msmca.com | M S MANDKE & ASSOCIATES [Chartered Accountants & Company Secretaries] | ok=29 fail=1 skip=0
2026-06-21 21:19:49 [INFO   ] PROGRESS | Send 31/50 | SENDING | calahotibg@gmail.com | L K S & CO [Chartered Accountants & Company Secretaries] | ok=29 fail=1 skip=0
2026-06-21 21:20:19 [WARNING] NVIDIA call failed (attempt 1/5): The read operation timed out — rotating key.
2026-06-21 21:20:22 [INFO   ] --------------------------------------------------------------
2026-06-21 21:20:22 [INFO   ] PROGRESS | Email content — To: calahotibg@gmail.com
2026-06-21 21:20:22 [INFO   ] PROGRESS | Subject: PlacementHub pre-seed intro with L K S & CO
2026-06-21 21:20:22 [INFO   ] PROGRESS | Body:
2026-06-21 21:20:22 [INFO   ] PROGRESS |   Dear Sir/Madam,
2026-06-21 21:20:22 [INFO   ] PROGRESS |   I am reaching out to introduce PlacementHub and explore whether any of your investor, entrepreneur, or
2026-06-21 21:20:22 [INFO   ] PROGRESS |   HNI clients may be open to reviewing a strategic seed opportunity.
2026-06-21 21:20:22 [INFO   ] PROGRESS |   My name is Sandeep Jain. PlacementHub is currently in its pre-seed fundraising stage, and I am
2026-06-21 21:20:22 [INFO   ] PROGRESS |   soliciting strategic seed investment for the same. PlacementHub is a campus placement and employability
2026-06-21 21:20:22 [INFO   ] PROGRESS |   platform connecting students, colleges, and recruiters. The product is built and in early
2026-06-21 21:20:22 [INFO   ] PROGRESS |   commercialization.
2026-06-21 21:20:22 [INFO   ] PROGRESS |   For reference, the detailed business plan, including the business model and go-to-market strategies, is
2026-06-21 21:20:22 [INFO   ] PROGRESS |   available here:
2026-06-21 21:20:22 [INFO   ] PROGRESS |   PlacementHub Business Plan
2026-06-21 21:20:22 [INFO   ] PROGRESS |   For a Chartered Accountant firm, the relevance is mainly professional and strategic:
2026-06-21 21:20:22 [INFO   ] PROGRESS |   PlacementHub may require support across accounting, taxation, compliance, payroll, investor documentation, audit, and related professional services.
2026-06-21 21:20:22 [INFO   ] PROGRESS |   I would naturally be pleased to consider and prioritize firms that support PlacementHub during its early growth phase, subject to suitability and mutual agreement.
2026-06-21 21:20:22 [INFO   ] PROGRESS |   The relationship can begin with a simple review of the investment note and, where appropriate, introductions to suitable investor clients.
2026-06-21 21:20:22 [INFO   ] PROGRESS |   If the opportunity is worth a look, I would be happy to send the note and speak briefly about the round,
2026-06-21 21:20:22 [INFO   ] PROGRESS |   the platform, and the type of strategic investors we are looking for.
2026-06-21 21:20:22 [INFO   ] PROGRESS |   Please reply to this email or call me if you would like to explore it.
2026-06-21 21:20:22 [INFO   ] PROGRESS |   Warm Regards,
2026-06-21 21:20:22 [INFO   ] PROGRESS |   Sandeep Jain
2026-06-21 21:20:22 [INFO   ] PROGRESS |   Founder, PlacementHub
2026-06-21 21:20:22 [INFO   ] PROGRESS |   +91-9860090620
2026-06-21 21:20:22 [INFO   ] PROGRESS |   sandeepjain200019@gmail.com
2026-06-21 21:20:22 [INFO   ] PROGRESS |   Detailed Profile
2026-06-21 21:20:22 [INFO   ] PROGRESS |   Detailed Note on Funding Requirement
2026-06-21 21:20:22 [INFO   ] --------------------------------------------------------------
2026-06-21 21:20:22 [INFO   ] 
2026-06-21 21:20:22 [INFO   ] 
2026-06-21 21:20:22 [INFO   ] PROGRESS | Email preview — To: calahotibg@gmail.com | Subject: PlacementHub pre-seed intro with L K S & CO
2026-06-21 21:20:23 [INFO   ] SENT (Brevo) -> calahotibg@gmail.com (L K S & CO) | PlacementHub pre-seed intro with L K S & CO | messageId=<202606211550.10809937190@smtp-relay.mailin.fr> (API accepted; run audit-brevo to confirm delivery)
2026-06-21 21:20:23 [INFO   ] Sleeping for 10 seconds
2026-06-21 21:20:33 [INFO   ] PROGRESS | Send 31/50 | SENT | calahotibg@gmail.com | L K S & CO [Chartered Accountants & Company Secretaries] | ok=30 fail=1 skip=0
2026-06-21 21:20:33 [INFO   ] PROGRESS | Send 32/50 | SENDING | ca.vilassane@gmail.com | V S SANE & CO [Chartered Accountants & Company Secretaries] | ok=30 fail=1 skip=0
2026-06-21 21:20:51 [INFO   ] --------------------------------------------------------------
2026-06-21 21:20:51 [INFO   ] PROGRESS | Email content — To: ca.vilassane@gmail.com
2026-06-21 21:20:51 [INFO   ] PROGRESS | Subject: PlacementHub pre-seed intro with V S SANE & CO
2026-06-21 21:20:51 [INFO   ] PROGRESS | Body:
2026-06-21 21:20:51 [INFO   ] PROGRESS |   Dear Sir/Madam,
2026-06-21 21:20:51 [INFO   ] PROGRESS |   I am reaching out to introduce PlacementHub and explore whether any of your investor, entrepreneur, or
2026-06-21 21:20:51 [INFO   ] PROGRESS |   HNI clients may be open to reviewing a strategic seed opportunity.
2026-06-21 21:20:51 [INFO   ] PROGRESS |   My name is Sandeep Jain. PlacementHub is currently in its pre-seed fundraising stage, and I am
2026-06-21 21:20:51 [INFO   ] PROGRESS |   soliciting strategic seed investment for the same. PlacementHub is a campus placement and employability
2026-06-21 21:20:51 [INFO   ] PROGRESS |   platform connecting students, colleges, and recruiters. The product is built and in early
2026-06-21 21:20:51 [INFO   ] PROGRESS |   commercialization.
2026-06-21 21:20:51 [INFO   ] PROGRESS |   For reference, the detailed business plan, including the business model and go-to-market strategies, is
2026-06-21 21:20:51 [INFO   ] PROGRESS |   available here:
2026-06-21 21:20:51 [INFO   ] PROGRESS |   PlacementHub Business Plan
2026-06-21 21:20:51 [INFO   ] PROGRESS |   For a Chartered Accountant firm, the relevance is mainly professional and strategic:
2026-06-21 21:20:51 [INFO   ] PROGRESS |   PlacementHub may require support across accounting, taxation, compliance, payroll, investor documentation, audit, and related professional services.
2026-06-21 21:20:51 [INFO   ] PROGRESS |   I would naturally be pleased to consider and prioritize firms that support PlacementHub during its early growth phase, subject to suitability and mutual agreement.
2026-06-21 21:20:51 [INFO   ] PROGRESS |   The relationship can begin with a simple review of the investment note and, where appropriate, introductions to suitable investor clients.
2026-06-21 21:20:51 [INFO   ] PROGRESS |   If the opportunity is worth a look, I would be happy to send the note and speak briefly about the round,
2026-06-21 21:20:51 [INFO   ] PROGRESS |   the platform, and the type of strategic investors we are looking for.
2026-06-21 21:20:51 [INFO   ] PROGRESS |   Please reply to this email or call me if you would like to explore it.
2026-06-21 21:20:51 [INFO   ] PROGRESS |   Warm Regards,
2026-06-21 21:20:51 [INFO   ] PROGRESS |   Sandeep Jain
2026-06-21 21:20:51 [INFO   ] PROGRESS |   Founder, PlacementHub
2026-06-21 21:20:51 [INFO   ] PROGRESS |   +91-9860090620
2026-06-21 21:20:51 [INFO   ] PROGRESS |   sandeepjain200019@gmail.com
2026-06-21 21:20:51 [INFO   ] PROGRESS |   Detailed Profile
2026-06-21 21:20:51 [INFO   ] PROGRESS |   Detailed Note on Funding Requirement
2026-06-21 21:20:51 [INFO   ] --------------------------------------------------------------
2026-06-21 21:20:51 [INFO   ] 
2026-06-21 21:20:51 [INFO   ] 
2026-06-21 21:20:51 [INFO   ] PROGRESS | Email preview — To: ca.vilassane@gmail.com | Subject: PlacementHub pre-seed intro with V S SANE & CO
2026-06-21 21:20:52 [INFO   ] SENT (Brevo) -> ca.vilassane@gmail.com (V S SANE & CO) | PlacementHub pre-seed intro with V S SANE & CO | messageId=<202606211550.81964781544@smtp-relay.mailin.fr> (API accepted; run audit-brevo to confirm delivery)
2026-06-21 21:20:52 [INFO   ] Sleeping for 10 seconds
2026-06-21 21:21:02 [INFO   ] PROGRESS | Send 32/50 | SENT | ca.vilassane@gmail.com | V S SANE & CO [Chartered Accountants & Company Secretaries] | ok=31 fail=1 skip=0
2026-06-21 21:21:02 [INFO   ] PROGRESS | Send 33/50 | SENDING | ca.sushamabhagat@gmail.com | S R BHAGAT AND ASSOCIATES [Chartered Accountants & Company Secretaries] | ok=31 fail=1 skip=0
2026-06-21 21:21:04 [INFO   ] --------------------------------------------------------------
2026-06-21 21:21:04 [INFO   ] PROGRESS | Email content — To: ca.sushamabhagat@gmail.com
2026-06-21 21:21:04 [INFO   ] PROGRESS | Subject: PlacementHub pre-seed intro with S R BHAGAT AND ASSOCIATES
2026-06-21 21:21:04 [INFO   ] PROGRESS | Body:
2026-06-21 21:21:04 [INFO   ] PROGRESS |   Dear Sir/Madam,
2026-06-21 21:21:04 [INFO   ] PROGRESS |   I am reaching out to introduce PlacementHub and explore whether any of your investor, entrepreneur, or
2026-06-21 21:21:04 [INFO   ] PROGRESS |   HNI clients may be open to reviewing a strategic seed opportunity.
2026-06-21 21:21:04 [INFO   ] PROGRESS |   My name is Sandeep Jain. PlacementHub is currently in its pre-seed fundraising stage, and I am
2026-06-21 21:21:04 [INFO   ] PROGRESS |   soliciting strategic seed investment for the same. PlacementHub is a campus placement and employability
2026-06-21 21:21:04 [INFO   ] PROGRESS |   platform connecting students, colleges, and recruiters. The product is built and in early
2026-06-21 21:21:04 [INFO   ] PROGRESS |   commercialization.
2026-06-21 21:21:04 [INFO   ] PROGRESS |   For reference, the detailed business plan, including the business model and go-to-market strategies, is
2026-06-21 21:21:04 [INFO   ] PROGRESS |   available here:
2026-06-21 21:21:04 [INFO   ] PROGRESS |   PlacementHub Business Plan
2026-06-21 21:21:04 [INFO   ] PROGRESS |   For a Chartered Accountant firm, the relevance is mainly professional and strategic:
2026-06-21 21:21:04 [INFO   ] PROGRESS |   PlacementHub may require support across accounting, taxation, compliance, payroll, investor documentation, audit, and related professional services.
2026-06-21 21:21:04 [INFO   ] PROGRESS |   I would naturally be pleased to consider and prioritize firms that support PlacementHub during its early growth phase, subject to suitability and mutual agreement.
2026-06-21 21:21:04 [INFO   ] PROGRESS |   The relationship can begin with a simple review of the investment note and, where appropriate, introductions to suitable investor clients.
2026-06-21 21:21:04 [INFO   ] PROGRESS |   If the opportunity is worth a look, I would be happy to send the note and speak briefly about the round,
2026-06-21 21:21:04 [INFO   ] PROGRESS |   the platform, and the type of strategic investors we are looking for.
2026-06-21 21:21:04 [INFO   ] PROGRESS |   Please reply to this email or call me if you would like to explore it.
2026-06-21 21:21:04 [INFO   ] PROGRESS |   Warm Regards,
2026-06-21 21:21:04 [INFO   ] PROGRESS |   Sandeep Jain
2026-06-21 21:21:04 [INFO   ] PROGRESS |   Founder, PlacementHub
2026-06-21 21:21:04 [INFO   ] PROGRESS |   +91-9860090620
2026-06-21 21:21:04 [INFO   ] PROGRESS |   sandeepjain200019@gmail.com
2026-06-21 21:21:04 [INFO   ] PROGRESS |   Detailed Profile
2026-06-21 21:21:04 [INFO   ] PROGRESS |   Detailed Note on Funding Requirement
2026-06-21 21:21:04 [INFO   ] --------------------------------------------------------------
2026-06-21 21:21:04 [INFO   ] 
2026-06-21 21:21:04 [INFO   ] 
2026-06-21 21:21:04 [INFO   ] PROGRESS | Email preview — To: ca.sushamabhagat@gmail.com | Subject: PlacementHub pre-seed intro with S R BHAGAT AND ASSOCIATES
2026-06-21 21:21:05 [INFO   ] SENT (Brevo) -> ca.sushamabhagat@gmail.com (S R BHAGAT AND ASSOCIATES) | PlacementHub pre-seed intro with S R BHAGAT AND ASSOCIATES | messageId=<202606211551.11285916956@smtp-relay.mailin.fr> (API accepted; run audit-brevo to confirm delivery)
2026-06-21 21:21:05 [INFO   ] Sleeping for 10 seconds
2026-06-21 21:21:15 [INFO   ] PROGRESS | Send 33/50 | SENT | ca.sushamabhagat@gmail.com | S R BHAGAT AND ASSOCIATES [Chartered Accountants & Company Secretaries] | ok=32 fail=1 skip=0
2026-06-21 21:21:15 [INFO   ] PROGRESS | Send 34/50 | SENDING | ca.sagar@gmail.com | SAGAR PADIYHAR & ASSOCIATES [Chartered Accountants & Company Secretaries] | ok=32 fail=1 skip=0
2026-06-21 21:21:29 [INFO   ] --------------------------------------------------------------
2026-06-21 21:21:29 [INFO   ] PROGRESS | Email content — To: ca.sagar@gmail.com
2026-06-21 21:21:29 [INFO   ] PROGRESS | Subject: PlacementHub pre-seed intro with SAGAR PADIYHAR & ASSOCIATES
2026-06-21 21:21:29 [INFO   ] PROGRESS | Body:
2026-06-21 21:21:29 [INFO   ] PROGRESS |   Dear Sir/Madam,
2026-06-21 21:21:29 [INFO   ] PROGRESS |   I am reaching out to introduce PlacementHub and explore whether any of your investor, entrepreneur, or
2026-06-21 21:21:29 [INFO   ] PROGRESS |   HNI clients may be open to reviewing a strategic seed opportunity.
2026-06-21 21:21:29 [INFO   ] PROGRESS |   My name is Sandeep Jain. PlacementHub is currently in its pre-seed fundraising stage, and I am
2026-06-21 21:21:29 [INFO   ] PROGRESS |   soliciting strategic seed investment for the same. PlacementHub is a campus placement and employability
2026-06-21 21:21:29 [INFO   ] PROGRESS |   platform connecting students, colleges, and recruiters. The product is built and in early
2026-06-21 21:21:29 [INFO   ] PROGRESS |   commercialization.
2026-06-21 21:21:29 [INFO   ] PROGRESS |   For reference, the detailed business plan, including the business model and go-to-market strategies, is
2026-06-21 21:21:29 [INFO   ] PROGRESS |   available here:
2026-06-21 21:21:29 [INFO   ] PROGRESS |   PlacementHub Business Plan
2026-06-21 21:21:29 [INFO   ] PROGRESS |   For a Chartered Accountant firm, the relevance is mainly professional and strategic:
2026-06-21 21:21:29 [INFO   ] PROGRESS |   PlacementHub may require support across accounting, taxation, compliance, payroll, investor documentation, audit, and related professional services.
2026-06-21 21:21:29 [INFO   ] PROGRESS |   I would naturally be pleased to consider and prioritize firms that support PlacementHub during its early growth phase, subject to suitability and mutual agreement.
2026-06-21 21:21:29 [INFO   ] PROGRESS |   The relationship can begin with a simple review of the investment note and, where appropriate, introductions to suitable investor clients.
2026-06-21 21:21:29 [INFO   ] PROGRESS |   If the opportunity is worth a look, I would be happy to send the note and speak briefly about the round,
2026-06-21 21:21:29 [INFO   ] PROGRESS |   the platform, and the type of strategic investors we are looking for.
2026-06-21 21:21:29 [INFO   ] PROGRESS |   Please reply to this email or call me if you would like to explore it.
2026-06-21 21:21:29 [INFO   ] PROGRESS |   Warm Regards,
2026-06-21 21:21:29 [INFO   ] PROGRESS |   Sandeep Jain
2026-06-21 21:21:29 [INFO   ] PROGRESS |   Founder, PlacementHub
2026-06-21 21:21:29 [INFO   ] PROGRESS |   +91-9860090620
2026-06-21 21:21:29 [INFO   ] PROGRESS |   sandeepjain200019@gmail.com
2026-06-21 21:21:29 [INFO   ] PROGRESS |   Detailed Profile
2026-06-21 21:21:29 [INFO   ] PROGRESS |   Detailed Note on Funding Requirement
2026-06-21 21:21:29 [INFO   ] --------------------------------------------------------------
2026-06-21 21:21:29 [INFO   ] 
2026-06-21 21:21:29 [INFO   ] 
2026-06-21 21:21:29 [INFO   ] PROGRESS | Email preview — To: ca.sagar@gmail.com | Subject: PlacementHub pre-seed intro with SAGAR PADIYHAR & ASSOCIATES
2026-06-21 21:21:31 [INFO   ] SENT (Brevo) -> ca.sagar@gmail.com (SAGAR PADIYHAR & ASSOCIATES) | PlacementHub pre-seed intro with SAGAR PADIYHAR & ASSOCIATES | messageId=<202606211551.20893834277@smtp-relay.mailin.fr> (API accepted; run audit-brevo to confirm delivery)
2026-06-21 21:21:31 [INFO   ] Sleeping for 10 seconds
2026-06-21 21:21:41 [INFO   ] PROGRESS | Send 34/50 | SENT | ca.sagar@gmail.com | SAGAR PADIYHAR & ASSOCIATES [Chartered Accountants & Company Secretaries] | ok=33 fail=1 skip=0
2026-06-21 21:21:41 [INFO   ] PROGRESS | Send 35/50 | SENDING | kiransanmane@gmail.com | K B SANMANE & CO [Chartered Accountants & Company Secretaries] | ok=33 fail=1 skip=0
2026-06-21 21:21:41 [WARNING] NVIDIA call failed (attempt 1/5): HTTP Error 403: Forbidden — rotating key.
2026-06-21 21:21:50 [INFO   ] --------------------------------------------------------------
2026-06-21 21:21:50 [INFO   ] PROGRESS | Email content — To: kiransanmane@gmail.com
2026-06-21 21:21:50 [INFO   ] PROGRESS | Subject: PlacementHub pre-seed intro with K B SANMANE & CO
2026-06-21 21:21:50 [INFO   ] PROGRESS | Body:
2026-06-21 21:21:50 [INFO   ] PROGRESS |   Dear Sir/Madam,
2026-06-21 21:21:50 [INFO   ] PROGRESS |   I am reaching out to introduce PlacementHub and explore whether any of your investor, entrepreneur, or
2026-06-21 21:21:50 [INFO   ] PROGRESS |   HNI clients may be open to reviewing a strategic seed opportunity.
2026-06-21 21:21:50 [INFO   ] PROGRESS |   My name is Sandeep Jain. PlacementHub is currently in its pre-seed fundraising stage, and I am
2026-06-21 21:21:50 [INFO   ] PROGRESS |   soliciting strategic seed investment for the same. PlacementHub is a campus placement and employability
2026-06-21 21:21:50 [INFO   ] PROGRESS |   platform connecting students, colleges, and recruiters. The product is built and in early
2026-06-21 21:21:50 [INFO   ] PROGRESS |   commercialization.
2026-06-21 21:21:50 [INFO   ] PROGRESS |   For reference, the detailed business plan, including the business model and go-to-market strategies, is
2026-06-21 21:21:50 [INFO   ] PROGRESS |   available here:
2026-06-21 21:21:50 [INFO   ] PROGRESS |   PlacementHub Business Plan
2026-06-21 21:21:50 [INFO   ] PROGRESS |   For a Chartered Accountant firm, the relevance is mainly professional and strategic:
2026-06-21 21:21:50 [INFO   ] PROGRESS |   PlacementHub may require support across accounting, taxation, compliance, payroll, investor documentation, audit, and related professional services.
2026-06-21 21:21:50 [INFO   ] PROGRESS |   I would naturally be pleased to consider and prioritize firms that support PlacementHub during its early growth phase, subject to suitability and mutual agreement.
2026-06-21 21:21:50 [INFO   ] PROGRESS |   The relationship can begin with a simple review of the investment note and, where appropriate, introductions to suitable investor clients.
2026-06-21 21:21:50 [INFO   ] PROGRESS |   If the opportunity is worth a look, I would be happy to send the note and speak briefly about the round,
2026-06-21 21:21:50 [INFO   ] PROGRESS |   the platform, and the type of strategic investors we are looking for.
2026-06-21 21:21:50 [INFO   ] PROGRESS |   Please reply to this email or call me if you would like to explore it.
2026-06-21 21:21:50 [INFO   ] PROGRESS |   Warm Regards,
2026-06-21 21:21:50 [INFO   ] PROGRESS |   Sandeep Jain
2026-06-21 21:21:50 [INFO   ] PROGRESS |   Founder, PlacementHub
2026-06-21 21:21:50 [INFO   ] PROGRESS |   +91-9860090620
2026-06-21 21:21:50 [INFO   ] PROGRESS |   sandeepjain200019@gmail.com
2026-06-21 21:21:50 [INFO   ] PROGRESS |   Detailed Profile
2026-06-21 21:21:50 [INFO   ] PROGRESS |   Detailed Note on Funding Requirement
2026-06-21 21:21:50 [INFO   ] --------------------------------------------------------------
2026-06-21 21:21:50 [INFO   ] 
2026-06-21 21:21:50 [INFO   ] 
2026-06-21 21:21:50 [INFO   ] PROGRESS | Email preview — To: kiransanmane@gmail.com | Subject: PlacementHub pre-seed intro with K B SANMANE & CO
2026-06-21 21:21:51 [INFO   ] SENT (Brevo) -> kiransanmane@gmail.com (K B SANMANE & CO) | PlacementHub pre-seed intro with K B SANMANE & CO | messageId=<202606211551.23132967323@smtp-relay.mailin.fr> (API accepted; run audit-brevo to confirm delivery)
2026-06-21 21:21:51 [INFO   ] Sleeping for 10 seconds
2026-06-21 21:22:01 [INFO   ] PROGRESS | Send 35/50 | SENT | kiransanmane@gmail.com | K B SANMANE & CO [Chartered Accountants & Company Secretaries] | ok=34 fail=1 skip=0
2026-06-21 21:22:01 [INFO   ] PROGRESS | Send 36/50 | SENDING | sanjaysrathi@gmail.com | SANJAY S RATHI & CO [Chartered Accountants & Company Secretaries] | ok=34 fail=1 skip=0
2026-06-21 21:22:31 [WARNING] NVIDIA call failed (attempt 1/5): The read operation timed out — rotating key.
2026-06-21 21:22:34 [INFO   ] --------------------------------------------------------------
2026-06-21 21:22:34 [INFO   ] PROGRESS | Email content — To: sanjaysrathi@gmail.com
2026-06-21 21:22:34 [INFO   ] PROGRESS | Subject: PlacementHub pre-seed intro with SANJAY S RATHI & CO
2026-06-21 21:22:34 [INFO   ] PROGRESS | Body:
2026-06-21 21:22:34 [INFO   ] PROGRESS |   Dear Sir/Madam,
2026-06-21 21:22:34 [INFO   ] PROGRESS |   I am reaching out to introduce PlacementHub and explore whether any of your investor, entrepreneur, or
2026-06-21 21:22:34 [INFO   ] PROGRESS |   HNI clients may be open to reviewing a strategic seed opportunity.
2026-06-21 21:22:34 [INFO   ] PROGRESS |   My name is Sandeep Jain. PlacementHub is currently in its pre-seed fundraising stage, and I am
2026-06-21 21:22:34 [INFO   ] PROGRESS |   soliciting strategic seed investment for the same. PlacementHub is a campus placement and employability
2026-06-21 21:22:34 [INFO   ] PROGRESS |   platform connecting students, colleges, and recruiters. The product is built and in early
2026-06-21 21:22:34 [INFO   ] PROGRESS |   commercialization.
2026-06-21 21:22:34 [INFO   ] PROGRESS |   For reference, the detailed business plan, including the business model and go-to-market strategies, is
2026-06-21 21:22:34 [INFO   ] PROGRESS |   available here:
2026-06-21 21:22:34 [INFO   ] PROGRESS |   PlacementHub Business Plan
2026-06-21 21:22:34 [INFO   ] PROGRESS |   For a Chartered Accountant firm, the relevance is mainly professional and strategic:
2026-06-21 21:22:34 [INFO   ] PROGRESS |   PlacementHub may require support across accounting, taxation, compliance, payroll, investor documentation, audit, and related professional services.
2026-06-21 21:22:34 [INFO   ] PROGRESS |   I would naturally be pleased to consider and prioritize firms that support PlacementHub during its early growth phase, subject to suitability and mutual agreement.
2026-06-21 21:22:34 [INFO   ] PROGRESS |   The relationship can begin with a simple review of the investment note and, where appropriate, introductions to suitable investor clients.
2026-06-21 21:22:34 [INFO   ] PROGRESS |   If the opportunity is worth a look, I would be happy to send the note and speak briefly about the round,
2026-06-21 21:22:34 [INFO   ] PROGRESS |   the platform, and the type of strategic investors we are looking for.
2026-06-21 21:22:34 [INFO   ] PROGRESS |   Please reply to this email or call me if you would like to explore it.
2026-06-21 21:22:34 [INFO   ] PROGRESS |   Warm Regards,
2026-06-21 21:22:34 [INFO   ] PROGRESS |   Sandeep Jain
2026-06-21 21:22:34 [INFO   ] PROGRESS |   Founder, PlacementHub
2026-06-21 21:22:34 [INFO   ] PROGRESS |   +91-9860090620
2026-06-21 21:22:34 [INFO   ] PROGRESS |   sandeepjain200019@gmail.com
2026-06-21 21:22:34 [INFO   ] PROGRESS |   Detailed Profile
2026-06-21 21:22:34 [INFO   ] PROGRESS |   Detailed Note on Funding Requirement
2026-06-21 21:22:34 [INFO   ] --------------------------------------------------------------
2026-06-21 21:22:34 [INFO   ] 
2026-06-21 21:22:34 [INFO   ] 
2026-06-21 21:22:34 [INFO   ] PROGRESS | Email preview — To: sanjaysrathi@gmail.com | Subject: PlacementHub pre-seed intro with SANJAY S RATHI & CO
2026-06-21 21:22:35 [INFO   ] SENT (Brevo) -> sanjaysrathi@gmail.com (SANJAY S RATHI & CO) | PlacementHub pre-seed intro with SANJAY S RATHI & CO | messageId=<202606211552.44262288763@smtp-relay.mailin.fr> (API accepted; run audit-brevo to confirm delivery)
2026-06-21 21:22:35 [INFO   ] Sleeping for 10 seconds
2026-06-21 21:22:45 [INFO   ] PROGRESS | Send 36/50 | SENT | sanjaysrathi@gmail.com | SANJAY S RATHI & CO [Chartered Accountants & Company Secretaries] | ok=35 fail=1 skip=0
2026-06-21 21:22:45 [INFO   ] PROGRESS | Send 37/50 | SENDING | camadhurashah@gmail.com | R M R A & ASSOCIATES [Chartered Accountants & Company Secretaries] | ok=35 fail=1 skip=0
2026-06-21 21:23:03 [INFO   ] --------------------------------------------------------------
2026-06-21 21:23:03 [INFO   ] PROGRESS | Email content — To: camadhurashah@gmail.com
2026-06-21 21:23:03 [INFO   ] PROGRESS | Subject: PlacementHub pre-seed intro with R M R A & ASSOCIATES
2026-06-21 21:23:03 [INFO   ] PROGRESS | Body:
2026-06-21 21:23:03 [INFO   ] PROGRESS |   Dear Sir/Madam,
2026-06-21 21:23:03 [INFO   ] PROGRESS |   I am reaching out to introduce PlacementHub and explore whether any of your investor, entrepreneur, or
2026-06-21 21:23:03 [INFO   ] PROGRESS |   HNI clients may be open to reviewing a strategic seed opportunity.
2026-06-21 21:23:03 [INFO   ] PROGRESS |   My name is Sandeep Jain. PlacementHub is currently in its pre-seed fundraising stage, and I am
2026-06-21 21:23:03 [INFO   ] PROGRESS |   soliciting strategic seed investment for the same. PlacementHub is a campus placement and employability
2026-06-21 21:23:03 [INFO   ] PROGRESS |   platform connecting students, colleges, and recruiters. The product is built and in early
2026-06-21 21:23:03 [INFO   ] PROGRESS |   commercialization.
2026-06-21 21:23:03 [INFO   ] PROGRESS |   For reference, the detailed business plan, including the business model and go-to-market strategies, is
2026-06-21 21:23:03 [INFO   ] PROGRESS |   available here:
2026-06-21 21:23:03 [INFO   ] PROGRESS |   PlacementHub Business Plan
2026-06-21 21:23:03 [INFO   ] PROGRESS |   For a Chartered Accountant firm, the relevance is mainly professional and strategic:
2026-06-21 21:23:03 [INFO   ] PROGRESS |   PlacementHub may require support across accounting, taxation, compliance, payroll, investor documentation, audit, and related professional services.
2026-06-21 21:23:03 [INFO   ] PROGRESS |   I would naturally be pleased to consider and prioritize firms that support PlacementHub during its early growth phase, subject to suitability and mutual agreement.
2026-06-21 21:23:03 [INFO   ] PROGRESS |   The relationship can begin with a simple review of the investment note and, where appropriate, introductions to suitable investor clients.
2026-06-21 21:23:03 [INFO   ] PROGRESS |   If the opportunity is worth a look, I would be happy to send the note and speak briefly about the round,
2026-06-21 21:23:03 [INFO   ] PROGRESS |   the platform, and the type of strategic investors we are looking for.
2026-06-21 21:23:03 [INFO   ] PROGRESS |   Please reply to this email or call me if you would like to explore it.
2026-06-21 21:23:03 [INFO   ] PROGRESS |   Warm Regards,
2026-06-21 21:23:03 [INFO   ] PROGRESS |   Sandeep Jain
2026-06-21 21:23:03 [INFO   ] PROGRESS |   Founder, PlacementHub
2026-06-21 21:23:03 [INFO   ] PROGRESS |   +91-9860090620
2026-06-21 21:23:03 [INFO   ] PROGRESS |   sandeepjain200019@gmail.com
2026-06-21 21:23:03 [INFO   ] PROGRESS |   Detailed Profile
2026-06-21 21:23:03 [INFO   ] PROGRESS |   Detailed Note on Funding Requirement
2026-06-21 21:23:03 [INFO   ] --------------------------------------------------------------
2026-06-21 21:23:03 [INFO   ] 
2026-06-21 21:23:03 [INFO   ] 
2026-06-21 21:23:03 [INFO   ] PROGRESS | Email preview — To: camadhurashah@gmail.com | Subject: PlacementHub pre-seed intro with R M R A & ASSOCIATES
2026-06-21 21:23:05 [INFO   ] SENT (Brevo) -> camadhurashah@gmail.com (R M R A & ASSOCIATES) | PlacementHub pre-seed intro with R M R A & ASSOCIATES | messageId=<202606211553.90072967895@smtp-relay.mailin.fr> (API accepted; run audit-brevo to confirm delivery)
2026-06-21 21:23:05 [INFO   ] Sleeping for 10 seconds
2026-06-21 21:23:15 [INFO   ] PROGRESS | Send 37/50 | SENT | camadhurashah@gmail.com | R M R A & ASSOCIATES [Chartered Accountants & Company Secretaries] | ok=36 fail=1 skip=0
2026-06-21 21:23:15 [INFO   ] PROGRESS | Send 38/50 | SENDING | gopalkar.ca@gmail.com | GOPALKAR & COMPANY [Chartered Accountants & Company Secretaries] | ok=36 fail=1 skip=0
2026-06-21 21:23:19 [INFO   ] --------------------------------------------------------------
2026-06-21 21:23:19 [INFO   ] PROGRESS | Email content — To: gopalkar.ca@gmail.com
2026-06-21 21:23:19 [INFO   ] PROGRESS | Subject: PlacementHub pre-seed intro with GOPALKAR & COMPANY
2026-06-21 21:23:19 [INFO   ] PROGRESS | Body:
2026-06-21 21:23:19 [INFO   ] PROGRESS |   Dear Sir/Madam,
2026-06-21 21:23:19 [INFO   ] PROGRESS |   I am reaching out to introduce PlacementHub and explore whether any of your investor, entrepreneur, or
2026-06-21 21:23:19 [INFO   ] PROGRESS |   HNI clients may be open to reviewing a strategic seed opportunity.
2026-06-21 21:23:19 [INFO   ] PROGRESS |   My name is Sandeep Jain. PlacementHub is currently in its pre-seed fundraising stage, and I am
2026-06-21 21:23:19 [INFO   ] PROGRESS |   soliciting strategic seed investment for the same. PlacementHub is a campus placement and employability
2026-06-21 21:23:19 [INFO   ] PROGRESS |   platform connecting students, colleges, and recruiters. The product is built and in early
2026-06-21 21:23:19 [INFO   ] PROGRESS |   commercialization.
2026-06-21 21:23:19 [INFO   ] PROGRESS |   For reference, the detailed business plan, including the business model and go-to-market strategies, is
2026-06-21 21:23:19 [INFO   ] PROGRESS |   available here:
2026-06-21 21:23:19 [INFO   ] PROGRESS |   PlacementHub Business Plan
2026-06-21 21:23:19 [INFO   ] PROGRESS |   For a Chartered Accountant firm, the relevance is mainly professional and strategic:
2026-06-21 21:23:19 [INFO   ] PROGRESS |   PlacementHub may require support across accounting, taxation, compliance, payroll, investor documentation, audit, and related professional services.
2026-06-21 21:23:19 [INFO   ] PROGRESS |   I would naturally be pleased to consider and prioritize firms that support PlacementHub during its early growth phase, subject to suitability and mutual agreement.
2026-06-21 21:23:19 [INFO   ] PROGRESS |   The relationship can begin with a simple review of the investment note and, where appropriate, introductions to suitable investor clients.
2026-06-21 21:23:19 [INFO   ] PROGRESS |   If the opportunity is worth a look, I would be happy to send the note and speak briefly about the round,
2026-06-21 21:23:19 [INFO   ] PROGRESS |   the platform, and the type of strategic investors we are looking for.
2026-06-21 21:23:19 [INFO   ] PROGRESS |   Please reply to this email or call me if you would like to explore it.
2026-06-21 21:23:19 [INFO   ] PROGRESS |   Warm Regards,
2026-06-21 21:23:19 [INFO   ] PROGRESS |   Sandeep Jain
2026-06-21 21:23:19 [INFO   ] PROGRESS |   Founder, PlacementHub
2026-06-21 21:23:19 [INFO   ] PROGRESS |   +91-9860090620
2026-06-21 21:23:19 [INFO   ] PROGRESS |   sandeepjain200019@gmail.com
2026-06-21 21:23:19 [INFO   ] PROGRESS |   Detailed Profile
2026-06-21 21:23:19 [INFO   ] PROGRESS |   Detailed Note on Funding Requirement
2026-06-21 21:23:19 [INFO   ] --------------------------------------------------------------
2026-06-21 21:23:19 [INFO   ] 
2026-06-21 21:23:19 [INFO   ] 
2026-06-21 21:23:19 [INFO   ] PROGRESS | Email preview — To: gopalkar.ca@gmail.com | Subject: PlacementHub pre-seed intro with GOPALKAR & COMPANY
2026-06-21 21:23:21 [INFO   ] SENT (Brevo) -> gopalkar.ca@gmail.com (GOPALKAR & COMPANY) | PlacementHub pre-seed intro with GOPALKAR & COMPANY | messageId=<202606211553.15328506970@smtp-relay.mailin.fr> (API accepted; run audit-brevo to confirm delivery)
2026-06-21 21:23:21 [INFO   ] Sleeping for 10 seconds
2026-06-21 21:23:31 [INFO   ] PROGRESS | Send 38/50 | SENT | gopalkar.ca@gmail.com | GOPALKAR & COMPANY [Chartered Accountants & Company Secretaries] | ok=37 fail=1 skip=0
2026-06-21 21:23:31 [INFO   ] PROGRESS | Send 39/50 | SENDING | bhushan.bhutada@gmail.com | P B & ASSOCIATES [Chartered Accountants & Company Secretaries] | ok=37 fail=1 skip=0
2026-06-21 21:23:55 [INFO   ] --------------------------------------------------------------
2026-06-21 21:23:55 [INFO   ] PROGRESS | Email content — To: bhushan.bhutada@gmail.com
2026-06-21 21:23:55 [INFO   ] PROGRESS | Subject: PlacementHub pre-seed intro with P B & ASSOCIATES
2026-06-21 21:23:55 [INFO   ] PROGRESS | Body:
2026-06-21 21:23:55 [INFO   ] PROGRESS |   Dear Sir/Madam,
2026-06-21 21:23:55 [INFO   ] PROGRESS |   I am reaching out to introduce PlacementHub and explore whether any of your investor, entrepreneur, or
2026-06-21 21:23:55 [INFO   ] PROGRESS |   HNI clients may be open to reviewing a strategic seed opportunity.
2026-06-21 21:23:55 [INFO   ] PROGRESS |   My name is Sandeep Jain. PlacementHub is currently in its pre-seed fundraising stage, and I am
2026-06-21 21:23:55 [INFO   ] PROGRESS |   soliciting strategic seed investment for the same. PlacementHub is a campus placement and employability
2026-06-21 21:23:55 [INFO   ] PROGRESS |   platform connecting students, colleges, and recruiters. The product is built and in early
2026-06-21 21:23:55 [INFO   ] PROGRESS |   commercialization.
2026-06-21 21:23:55 [INFO   ] PROGRESS |   For reference, the detailed business plan, including the business model and go-to-market strategies, is
2026-06-21 21:23:55 [INFO   ] PROGRESS |   available here:
2026-06-21 21:23:55 [INFO   ] PROGRESS |   PlacementHub Business Plan
2026-06-21 21:23:55 [INFO   ] PROGRESS |   For a Chartered Accountant firm, the relevance is mainly professional and strategic:
2026-06-21 21:23:55 [INFO   ] PROGRESS |   PlacementHub may require support across accounting, taxation, compliance, payroll, investor documentation, audit, and related professional services.
2026-06-21 21:23:55 [INFO   ] PROGRESS |   I would naturally be pleased to consider and prioritize firms that support PlacementHub during its early growth phase, subject to suitability and mutual agreement.
2026-06-21 21:23:55 [INFO   ] PROGRESS |   The relationship can begin with a simple review of the investment note and, where appropriate, introductions to suitable investor clients.
2026-06-21 21:23:55 [INFO   ] PROGRESS |   If the opportunity is worth a look, I would be happy to send the note and speak briefly about the round,
2026-06-21 21:23:55 [INFO   ] PROGRESS |   the platform, and the type of strategic investors we are looking for.
2026-06-21 21:23:55 [INFO   ] PROGRESS |   Please reply to this email or call me if you would like to explore it.
2026-06-21 21:23:55 [INFO   ] PROGRESS |   Warm Regards,
2026-06-21 21:23:55 [INFO   ] PROGRESS |   Sandeep Jain
2026-06-21 21:23:55 [INFO   ] PROGRESS |   Founder, PlacementHub
2026-06-21 21:23:55 [INFO   ] PROGRESS |   +91-9860090620
2026-06-21 21:23:55 [INFO   ] PROGRESS |   sandeepjain200019@gmail.com
2026-06-21 21:23:55 [INFO   ] PROGRESS |   Detailed Profile
2026-06-21 21:23:55 [INFO   ] PROGRESS |   Detailed Note on Funding Requirement
2026-06-21 21:23:55 [INFO   ] --------------------------------------------------------------
2026-06-21 21:23:55 [INFO   ] 
2026-06-21 21:23:55 [INFO   ] 
2026-06-21 21:23:55 [INFO   ] PROGRESS | Email preview — To: bhushan.bhutada@gmail.com | Subject: PlacementHub pre-seed intro with P B & ASSOCIATES
2026-06-21 21:23:56 [INFO   ] SENT (Brevo) -> bhushan.bhutada@gmail.com (P B & ASSOCIATES) | PlacementHub pre-seed intro with P B & ASSOCIATES | messageId=<202606211553.48710422328@smtp-relay.mailin.fr> (API accepted; run audit-brevo to confirm delivery)
2026-06-21 21:23:56 [INFO   ] Sleeping for 10 seconds
2026-06-21 21:24:06 [INFO   ] PROGRESS | Send 39/50 | SENT | bhushan.bhutada@gmail.com | P B & ASSOCIATES [Chartered Accountants & Company Secretaries] | ok=38 fail=1 skip=0
2026-06-21 21:24:06 [INFO   ] PROGRESS | Send 40/50 | SENDING | cadrkapadia2727@gmail.com | KAPADIA AIYAR ASSOCIATES [Chartered Accountants & Company Secretaries] | ok=38 fail=1 skip=0
2026-06-21 21:24:16 [INFO   ] --------------------------------------------------------------
2026-06-21 21:24:16 [INFO   ] PROGRESS | Email content — To: cadrkapadia2727@gmail.com
2026-06-21 21:24:16 [INFO   ] PROGRESS | Subject: PlacementHub pre-seed intro with KAPADIA AIYAR ASSOCIATES
2026-06-21 21:24:16 [INFO   ] PROGRESS | Body:
2026-06-21 21:24:16 [INFO   ] PROGRESS |   Dear Sir/Madam,
2026-06-21 21:24:16 [INFO   ] PROGRESS |   I am reaching out to introduce PlacementHub and explore whether any of your investor, entrepreneur, or
2026-06-21 21:24:16 [INFO   ] PROGRESS |   HNI clients may be open to reviewing a strategic seed opportunity.
2026-06-21 21:24:16 [INFO   ] PROGRESS |   My name is Sandeep Jain. PlacementHub is currently in its pre-seed fundraising stage, and I am
2026-06-21 21:24:16 [INFO   ] PROGRESS |   soliciting strategic seed investment for the same. PlacementHub is a campus placement and employability
2026-06-21 21:24:16 [INFO   ] PROGRESS |   platform connecting students, colleges, and recruiters. The product is built and in early
2026-06-21 21:24:16 [INFO   ] PROGRESS |   commercialization.
2026-06-21 21:24:16 [INFO   ] PROGRESS |   For reference, the detailed business plan, including the business model and go-to-market strategies, is
2026-06-21 21:24:16 [INFO   ] PROGRESS |   available here:
2026-06-21 21:24:16 [INFO   ] PROGRESS |   PlacementHub Business Plan
2026-06-21 21:24:16 [INFO   ] PROGRESS |   For a Chartered Accountant firm, the relevance is mainly professional and strategic:
2026-06-21 21:24:16 [INFO   ] PROGRESS |   PlacementHub may require support across accounting, taxation, compliance, payroll, investor documentation, audit, and related professional services.
2026-06-21 21:24:16 [INFO   ] PROGRESS |   I would naturally be pleased to consider and prioritize firms that support PlacementHub during its early growth phase, subject to suitability and mutual agreement.
2026-06-21 21:24:16 [INFO   ] PROGRESS |   The relationship can begin with a simple review of the investment note and, where appropriate, introductions to suitable investor clients.
2026-06-21 21:24:16 [INFO   ] PROGRESS |   If the opportunity is worth a look, I would be happy to send the note and speak briefly about the round,
2026-06-21 21:24:16 [INFO   ] PROGRESS |   the platform, and the type of strategic investors we are looking for.
2026-06-21 21:24:16 [INFO   ] PROGRESS |   Please reply to this email or call me if you would like to explore it.
2026-06-21 21:24:16 [INFO   ] PROGRESS |   Warm Regards,
2026-06-21 21:24:16 [INFO   ] PROGRESS |   Sandeep Jain
2026-06-21 21:24:16 [INFO   ] PROGRESS |   Founder, PlacementHub
2026-06-21 21:24:16 [INFO   ] PROGRESS |   +91-9860090620
2026-06-21 21:24:16 [INFO   ] PROGRESS |   sandeepjain200019@gmail.com
2026-06-21 21:24:16 [INFO   ] PROGRESS |   Detailed Profile
2026-06-21 21:24:16 [INFO   ] PROGRESS |   Detailed Note on Funding Requirement
2026-06-21 21:24:16 [INFO   ] --------------------------------------------------------------
2026-06-21 21:24:16 [INFO   ] 
2026-06-21 21:24:16 [INFO   ] 
2026-06-21 21:24:16 [INFO   ] PROGRESS | Email preview — To: cadrkapadia2727@gmail.com | Subject: PlacementHub pre-seed intro with KAPADIA AIYAR ASSOCIATES
2026-06-21 21:24:17 [INFO   ] SENT (Brevo) -> cadrkapadia2727@gmail.com (KAPADIA AIYAR ASSOCIATES) | PlacementHub pre-seed intro with KAPADIA AIYAR ASSOCIATES | messageId=<202606211554.38115866912@smtp-relay.mailin.fr> (API accepted; run audit-brevo to confirm delivery)
2026-06-21 21:24:17 [INFO   ] Sleeping for 10 seconds
2026-06-21 21:24:28 [INFO   ] PROGRESS | Send 40/50 | SENT | cadrkapadia2727@gmail.com | KAPADIA AIYAR ASSOCIATES [Chartered Accountants & Company Secretaries] | ok=39 fail=1 skip=0
2026-06-21 21:24:28 [INFO   ] PROGRESS | Send 41/50 | SENDING | ca.amolmantri@gmail.com | AMOL R MANTRI & ASSOCIATES [Chartered Accountants & Company Secretaries] | ok=39 fail=1 skip=0
2026-06-21 21:24:45 [INFO   ] --------------------------------------------------------------
2026-06-21 21:24:45 [INFO   ] PROGRESS | Email content — To: ca.amolmantri@gmail.com
2026-06-21 21:24:45 [INFO   ] PROGRESS | Subject: PlacementHub pre-seed intro with AMOL R MANTRI & ASSOCIATES
2026-06-21 21:24:45 [INFO   ] PROGRESS | Body:
2026-06-21 21:24:45 [INFO   ] PROGRESS |   Dear Sir/Madam,
2026-06-21 21:24:45 [INFO   ] PROGRESS |   I am reaching out to introduce PlacementHub and explore whether any of your investor, entrepreneur, or
2026-06-21 21:24:45 [INFO   ] PROGRESS |   HNI clients may be open to reviewing a strategic seed opportunity.
2026-06-21 21:24:45 [INFO   ] PROGRESS |   My name is Sandeep Jain. PlacementHub is currently in its pre-seed fundraising stage, and I am
2026-06-21 21:24:45 [INFO   ] PROGRESS |   soliciting strategic seed investment for the same. PlacementHub is a campus placement and employability
2026-06-21 21:24:45 [INFO   ] PROGRESS |   platform connecting students, colleges, and recruiters. The product is built and in early
2026-06-21 21:24:45 [INFO   ] PROGRESS |   commercialization.
2026-06-21 21:24:45 [INFO   ] PROGRESS |   For reference, the detailed business plan, including the business model and go-to-market strategies, is
2026-06-21 21:24:45 [INFO   ] PROGRESS |   available here:
2026-06-21 21:24:45 [INFO   ] PROGRESS |   PlacementHub Business Plan
2026-06-21 21:24:45 [INFO   ] PROGRESS |   For a Chartered Accountant firm, the relevance is mainly professional and strategic:
2026-06-21 21:24:45 [INFO   ] PROGRESS |   PlacementHub may require support across accounting, taxation, compliance, payroll, investor documentation, audit, and related professional services.
2026-06-21 21:24:45 [INFO   ] PROGRESS |   I would naturally be pleased to consider and prioritize firms that support PlacementHub during its early growth phase, subject to suitability and mutual agreement.
2026-06-21 21:24:45 [INFO   ] PROGRESS |   The relationship can begin with a simple review of the investment note and, where appropriate, introductions to suitable investor clients.
2026-06-21 21:24:45 [INFO   ] PROGRESS |   If the opportunity is worth a look, I would be happy to send the note and speak briefly about the round,
2026-06-21 21:24:45 [INFO   ] PROGRESS |   the platform, and the type of strategic investors we are looking for.
2026-06-21 21:24:45 [INFO   ] PROGRESS |   Please reply to this email or call me if you would like to explore it.
2026-06-21 21:24:45 [INFO   ] PROGRESS |   Warm Regards,
2026-06-21 21:24:45 [INFO   ] PROGRESS |   Sandeep Jain
2026-06-21 21:24:45 [INFO   ] PROGRESS |   Founder, PlacementHub
2026-06-21 21:24:45 [INFO   ] PROGRESS |   +91-9860090620
2026-06-21 21:24:45 [INFO   ] PROGRESS |   sandeepjain200019@gmail.com
2026-06-21 21:24:45 [INFO   ] PROGRESS |   Detailed Profile
2026-06-21 21:24:45 [INFO   ] PROGRESS |   Detailed Note on Funding Requirement
2026-06-21 21:24:45 [INFO   ] --------------------------------------------------------------
2026-06-21 21:24:45 [INFO   ] 
2026-06-21 21:24:45 [INFO   ] 
2026-06-21 21:24:45 [INFO   ] PROGRESS | Email preview — To: ca.amolmantri@gmail.com | Subject: PlacementHub pre-seed intro with AMOL R MANTRI & ASSOCIATES
2026-06-21 21:24:47 [INFO   ] SENT (Brevo) -> ca.amolmantri@gmail.com (AMOL R MANTRI & ASSOCIATES) | PlacementHub pre-seed intro with AMOL R MANTRI & ASSOCIATES | messageId=<202606211554.69866957646@smtp-relay.mailin.fr> (API accepted; run audit-brevo to confirm delivery)
2026-06-21 21:24:47 [INFO   ] Sleeping for 10 seconds
2026-06-21 21:24:57 [INFO   ] PROGRESS | Send 41/50 | SENT | ca.amolmantri@gmail.com | AMOL R MANTRI & ASSOCIATES [Chartered Accountants & Company Secretaries] | ok=40 fail=1 skip=0
2026-06-21 21:24:57 [INFO   ] PROGRESS | Send 42/50 | SENDING | pip@cappa.in | PARAG PATWA & ASSOCIATES [Chartered Accountants & Company Secretaries] | ok=40 fail=1 skip=0
2026-06-21 21:25:16 [INFO   ] --------------------------------------------------------------
2026-06-21 21:25:16 [INFO   ] PROGRESS | Email content — To: pip@cappa.in
2026-06-21 21:25:16 [INFO   ] PROGRESS | Subject: PlacementHub pre-seed intro with PARAG PATWA & ASSOCIATES
2026-06-21 21:25:16 [INFO   ] PROGRESS | Body:
2026-06-21 21:25:16 [INFO   ] PROGRESS |   Dear Sir/Madam,
2026-06-21 21:25:16 [INFO   ] PROGRESS |   I am reaching out to introduce PlacementHub and explore whether any of your investor, entrepreneur, or
2026-06-21 21:25:16 [INFO   ] PROGRESS |   HNI clients may be open to reviewing a strategic seed opportunity.
2026-06-21 21:25:16 [INFO   ] PROGRESS |   My name is Sandeep Jain. PlacementHub is currently in its pre-seed fundraising stage, and I am
2026-06-21 21:25:16 [INFO   ] PROGRESS |   soliciting strategic seed investment for the same. PlacementHub is a campus placement and employability
2026-06-21 21:25:16 [INFO   ] PROGRESS |   platform connecting students, colleges, and recruiters. The product is built and in early
2026-06-21 21:25:16 [INFO   ] PROGRESS |   commercialization.
2026-06-21 21:25:16 [INFO   ] PROGRESS |   For reference, the detailed business plan, including the business model and go-to-market strategies, is
2026-06-21 21:25:16 [INFO   ] PROGRESS |   available here:
2026-06-21 21:25:16 [INFO   ] PROGRESS |   PlacementHub Business Plan
2026-06-21 21:25:16 [INFO   ] PROGRESS |   For a Chartered Accountant firm, the relevance is mainly professional and strategic:
2026-06-21 21:25:16 [INFO   ] PROGRESS |   PlacementHub may require support across accounting, taxation, compliance, payroll, investor documentation, audit, and related professional services.
2026-06-21 21:25:16 [INFO   ] PROGRESS |   I would naturally be pleased to consider and prioritize firms that support PlacementHub during its early growth phase, subject to suitability and mutual agreement.
2026-06-21 21:25:16 [INFO   ] PROGRESS |   The relationship can begin with a simple review of the investment note and, where appropriate, introductions to suitable investor clients.
2026-06-21 21:25:16 [INFO   ] PROGRESS |   If the opportunity is worth a look, I would be happy to send the note and speak briefly about the round,
2026-06-21 21:25:16 [INFO   ] PROGRESS |   the platform, and the type of strategic investors we are looking for.
2026-06-21 21:25:16 [INFO   ] PROGRESS |   Please reply to this email or call me if you would like to explore it.
2026-06-21 21:25:16 [INFO   ] PROGRESS |   Warm Regards,
2026-06-21 21:25:16 [INFO   ] PROGRESS |   Sandeep Jain
2026-06-21 21:25:16 [INFO   ] PROGRESS |   Founder, PlacementHub
2026-06-21 21:25:16 [INFO   ] PROGRESS |   +91-9860090620
2026-06-21 21:25:16 [INFO   ] PROGRESS |   sandeepjain200019@gmail.com
2026-06-21 21:25:16 [INFO   ] PROGRESS |   Detailed Profile
2026-06-21 21:25:16 [INFO   ] PROGRESS |   Detailed Note on Funding Requirement
2026-06-21 21:25:16 [INFO   ] --------------------------------------------------------------
2026-06-21 21:25:16 [INFO   ] 
2026-06-21 21:25:16 [INFO   ] 
2026-06-21 21:25:16 [INFO   ] PROGRESS | Email preview — To: pip@cappa.in | Subject: PlacementHub pre-seed intro with PARAG PATWA & ASSOCIATES
2026-06-21 21:25:17 [INFO   ] SENT (Brevo) -> pip@cappa.in (PARAG PATWA & ASSOCIATES) | PlacementHub pre-seed intro with PARAG PATWA & ASSOCIATES | messageId=<202606211555.47680571308@smtp-relay.mailin.fr> (API accepted; run audit-brevo to confirm delivery)
2026-06-21 21:25:17 [INFO   ] Sleeping for 10 seconds
2026-06-21 21:25:27 [INFO   ] PROGRESS | Send 42/50 | SENT | pip@cappa.in | PARAG PATWA & ASSOCIATES [Chartered Accountants & Company Secretaries] | ok=41 fail=1 skip=0
2026-06-21 21:25:27 [INFO   ] PROGRESS | Send 43/50 | SENDING | potdar_ca@hotmail.com | P G P AND ASSOCIATES [Chartered Accountants & Company Secretaries] | ok=41 fail=1 skip=0
2026-06-21 21:25:32 [INFO   ] --------------------------------------------------------------
2026-06-21 21:25:32 [INFO   ] PROGRESS | Email content — To: potdar_ca@hotmail.com
2026-06-21 21:25:32 [INFO   ] PROGRESS | Subject: PlacementHub pre-seed intro with P G P AND ASSOCIATES
2026-06-21 21:25:32 [INFO   ] PROGRESS | Body:
2026-06-21 21:25:32 [INFO   ] PROGRESS |   Dear Sir/Madam,
2026-06-21 21:25:32 [INFO   ] PROGRESS |   I am reaching out to introduce PlacementHub and explore whether any of your investor, entrepreneur, or
2026-06-21 21:25:32 [INFO   ] PROGRESS |   HNI clients may be open to reviewing a strategic seed opportunity.
2026-06-21 21:25:32 [INFO   ] PROGRESS |   My name is Sandeep Jain. PlacementHub is currently in its pre-seed fundraising stage, and I am
2026-06-21 21:25:32 [INFO   ] PROGRESS |   soliciting strategic seed investment for the same. PlacementHub is a campus placement and employability
2026-06-21 21:25:32 [INFO   ] PROGRESS |   platform connecting students, colleges, and recruiters. The product is built and in early
2026-06-21 21:25:32 [INFO   ] PROGRESS |   commercialization.
2026-06-21 21:25:32 [INFO   ] PROGRESS |   For reference, the detailed business plan, including the business model and go-to-market strategies, is
2026-06-21 21:25:32 [INFO   ] PROGRESS |   available here:
2026-06-21 21:25:32 [INFO   ] PROGRESS |   PlacementHub Business Plan
2026-06-21 21:25:32 [INFO   ] PROGRESS |   For a Chartered Accountant firm, the relevance is mainly professional and strategic:
2026-06-21 21:25:32 [INFO   ] PROGRESS |   PlacementHub may require support across accounting, taxation, compliance, payroll, investor documentation, audit, and related professional services.
2026-06-21 21:25:32 [INFO   ] PROGRESS |   I would naturally be pleased to consider and prioritize firms that support PlacementHub during its early growth phase, subject to suitability and mutual agreement.
2026-06-21 21:25:32 [INFO   ] PROGRESS |   The relationship can begin with a simple review of the investment note and, where appropriate, introductions to suitable investor clients.
2026-06-21 21:25:32 [INFO   ] PROGRESS |   If the opportunity is worth a look, I would be happy to send the note and speak briefly about the round,
2026-06-21 21:25:32 [INFO   ] PROGRESS |   the platform, and the type of strategic investors we are looking for.
2026-06-21 21:25:32 [INFO   ] PROGRESS |   Please reply to this email or call me if you would like to explore it.
2026-06-21 21:25:32 [INFO   ] PROGRESS |   Warm Regards,
2026-06-21 21:25:32 [INFO   ] PROGRESS |   Sandeep Jain
2026-06-21 21:25:32 [INFO   ] PROGRESS |   Founder, PlacementHub
2026-06-21 21:25:32 [INFO   ] PROGRESS |   +91-9860090620
2026-06-21 21:25:32 [INFO   ] PROGRESS |   sandeepjain200019@gmail.com
2026-06-21 21:25:32 [INFO   ] PROGRESS |   Detailed Profile
2026-06-21 21:25:32 [INFO   ] PROGRESS |   Detailed Note on Funding Requirement
2026-06-21 21:25:32 [INFO   ] --------------------------------------------------------------
2026-06-21 21:25:32 [INFO   ] 
2026-06-21 21:25:32 [INFO   ] 
2026-06-21 21:25:32 [INFO   ] PROGRESS | Email preview — To: potdar_ca@hotmail.com | Subject: PlacementHub pre-seed intro with P G P AND ASSOCIATES
2026-06-21 21:25:34 [INFO   ] SENT (Brevo) -> potdar_ca@hotmail.com (P G P AND ASSOCIATES) | PlacementHub pre-seed intro with P G P AND ASSOCIATES | messageId=<202606211555.74549733906@smtp-relay.mailin.fr> (API accepted; run audit-brevo to confirm delivery)
2026-06-21 21:25:34 [INFO   ] Sleeping for 10 seconds
2026-06-21 21:25:44 [INFO   ] PROGRESS | Send 43/50 | SENT | potdar_ca@hotmail.com | P G P AND ASSOCIATES [Chartered Accountants & Company Secretaries] | ok=42 fail=1 skip=0
2026-06-21 21:25:44 [INFO   ] PROGRESS | Send 44/50 | SENDING | psabad3001@gmail.com | R R GUJARATHI & CO [Chartered Accountants & Company Secretaries] | ok=42 fail=1 skip=0
2026-06-21 21:25:55 [INFO   ] --------------------------------------------------------------
2026-06-21 21:25:55 [INFO   ] PROGRESS | Email content — To: psabad3001@gmail.com
2026-06-21 21:25:55 [INFO   ] PROGRESS | Subject: PlacementHub pre-seed intro with R R GUJARATHI & CO
2026-06-21 21:25:55 [INFO   ] PROGRESS | Body:
2026-06-21 21:25:55 [INFO   ] PROGRESS |   Dear Sir/Madam,
2026-06-21 21:25:55 [INFO   ] PROGRESS |   I am reaching out to introduce PlacementHub and explore whether any of your investor, entrepreneur, or
2026-06-21 21:25:55 [INFO   ] PROGRESS |   HNI clients may be open to reviewing a strategic seed opportunity.
2026-06-21 21:25:55 [INFO   ] PROGRESS |   My name is Sandeep Jain. PlacementHub is currently in its pre-seed fundraising stage, and I am
2026-06-21 21:25:55 [INFO   ] PROGRESS |   soliciting strategic seed investment for the same. PlacementHub is a campus placement and employability
2026-06-21 21:25:55 [INFO   ] PROGRESS |   platform connecting students, colleges, and recruiters. The product is built and in early
2026-06-21 21:25:55 [INFO   ] PROGRESS |   commercialization.
2026-06-21 21:25:55 [INFO   ] PROGRESS |   For reference, the detailed business plan, including the business model and go-to-market strategies, is
2026-06-21 21:25:55 [INFO   ] PROGRESS |   available here:
2026-06-21 21:25:55 [INFO   ] PROGRESS |   PlacementHub Business Plan
2026-06-21 21:25:55 [INFO   ] PROGRESS |   For a Chartered Accountant firm, the relevance is mainly professional and strategic:
2026-06-21 21:25:55 [INFO   ] PROGRESS |   PlacementHub may require support across accounting, taxation, compliance, payroll, investor documentation, audit, and related professional services.
2026-06-21 21:25:55 [INFO   ] PROGRESS |   I would naturally be pleased to consider and prioritize firms that support PlacementHub during its early growth phase, subject to suitability and mutual agreement.
2026-06-21 21:25:55 [INFO   ] PROGRESS |   The relationship can begin with a simple review of the investment note and, where appropriate, introductions to suitable investor clients.
2026-06-21 21:25:55 [INFO   ] PROGRESS |   If the opportunity is worth a look, I would be happy to send the note and speak briefly about the round,
2026-06-21 21:25:55 [INFO   ] PROGRESS |   the platform, and the type of strategic investors we are looking for.
2026-06-21 21:25:55 [INFO   ] PROGRESS |   Please reply to this email or call me if you would like to explore it.
2026-06-21 21:25:55 [INFO   ] PROGRESS |   Warm Regards,
2026-06-21 21:25:55 [INFO   ] PROGRESS |   Sandeep Jain
2026-06-21 21:25:55 [INFO   ] PROGRESS |   Founder, PlacementHub
2026-06-21 21:25:55 [INFO   ] PROGRESS |   +91-9860090620
2026-06-21 21:25:55 [INFO   ] PROGRESS |   sandeepjain200019@gmail.com
2026-06-21 21:25:55 [INFO   ] PROGRESS |   Detailed Profile
2026-06-21 21:25:55 [INFO   ] PROGRESS |   Detailed Note on Funding Requirement
2026-06-21 21:25:55 [INFO   ] --------------------------------------------------------------
2026-06-21 21:25:55 [INFO   ] 
2026-06-21 21:25:55 [INFO   ] 
2026-06-21 21:25:55 [INFO   ] PROGRESS | Email preview — To: psabad3001@gmail.com | Subject: PlacementHub pre-seed intro with R R GUJARATHI & CO
2026-06-21 21:25:56 [INFO   ] SENT (Brevo) -> psabad3001@gmail.com (R R GUJARATHI & CO) | PlacementHub pre-seed intro with R R GUJARATHI & CO | messageId=<202606211555.87413918833@smtp-relay.mailin.fr> (API accepted; run audit-brevo to confirm delivery)
2026-06-21 21:25:56 [INFO   ] Sleeping for 10 seconds
2026-06-21 21:26:06 [INFO   ] PROGRESS | Send 44/50 | SENT | psabad3001@gmail.com | R R GUJARATHI & CO [Chartered Accountants & Company Secretaries] | ok=43 fail=1 skip=0
2026-06-21 21:26:06 [INFO   ] PROGRESS | Send 45/50 | SENDING | caprakashwalgude@gmail.com | PRAKASH WALGUDE & ASSOCIATES [Chartered Accountants & Company Secretaries] | ok=43 fail=1 skip=0
2026-06-21 21:26:18 [INFO   ] --------------------------------------------------------------
2026-06-21 21:26:18 [INFO   ] PROGRESS | Email content — To: caprakashwalgude@gmail.com
2026-06-21 21:26:18 [INFO   ] PROGRESS | Subject: PlacementHub pre-seed intro with PRAKASH WALGUDE & ASSOCIATES
2026-06-21 21:26:18 [INFO   ] PROGRESS | Body:
2026-06-21 21:26:18 [INFO   ] PROGRESS |   Dear Sir/Madam,
2026-06-21 21:26:18 [INFO   ] PROGRESS |   I am reaching out to introduce PlacementHub and explore whether any of your investor, entrepreneur, or
2026-06-21 21:26:18 [INFO   ] PROGRESS |   HNI clients may be open to reviewing a strategic seed opportunity.
2026-06-21 21:26:18 [INFO   ] PROGRESS |   My name is Sandeep Jain. PlacementHub is currently in its pre-seed fundraising stage, and I am
2026-06-21 21:26:18 [INFO   ] PROGRESS |   soliciting strategic seed investment for the same. PlacementHub is a campus placement and employability
2026-06-21 21:26:18 [INFO   ] PROGRESS |   platform connecting students, colleges, and recruiters. The product is built and in early
2026-06-21 21:26:18 [INFO   ] PROGRESS |   commercialization.
2026-06-21 21:26:18 [INFO   ] PROGRESS |   For reference, the detailed business plan, including the business model and go-to-market strategies, is
2026-06-21 21:26:18 [INFO   ] PROGRESS |   available here:
2026-06-21 21:26:18 [INFO   ] PROGRESS |   PlacementHub Business Plan
2026-06-21 21:26:18 [INFO   ] PROGRESS |   For a Chartered Accountant firm, the relevance is mainly professional and strategic:
2026-06-21 21:26:18 [INFO   ] PROGRESS |   PlacementHub may require support across accounting, taxation, compliance, payroll, investor documentation, audit, and related professional services.
2026-06-21 21:26:18 [INFO   ] PROGRESS |   I would naturally be pleased to consider and prioritize firms that support PlacementHub during its early growth phase, subject to suitability and mutual agreement.
2026-06-21 21:26:18 [INFO   ] PROGRESS |   The relationship can begin with a simple review of the investment note and, where appropriate, introductions to suitable investor clients.
2026-06-21 21:26:18 [INFO   ] PROGRESS |   If the opportunity is worth a look, I would be happy to send the note and speak briefly about the round,
2026-06-21 21:26:18 [INFO   ] PROGRESS |   the platform, and the type of strategic investors we are looking for.
2026-06-21 21:26:18 [INFO   ] PROGRESS |   Please reply to this email or call me if you would like to explore it.
2026-06-21 21:26:18 [INFO   ] PROGRESS |   Warm Regards,
2026-06-21 21:26:18 [INFO   ] PROGRESS |   Sandeep Jain
2026-06-21 21:26:18 [INFO   ] PROGRESS |   Founder, PlacementHub
2026-06-21 21:26:18 [INFO   ] PROGRESS |   +91-9860090620
2026-06-21 21:26:18 [INFO   ] PROGRESS |   sandeepjain200019@gmail.com
2026-06-21 21:26:18 [INFO   ] PROGRESS |   Detailed Profile
2026-06-21 21:26:18 [INFO   ] PROGRESS |   Detailed Note on Funding Requirement
2026-06-21 21:26:18 [INFO   ] --------------------------------------------------------------
2026-06-21 21:26:18 [INFO   ] 
2026-06-21 21:26:18 [INFO   ] 
2026-06-21 21:26:18 [INFO   ] PROGRESS | Email preview — To: caprakashwalgude@gmail.com | Subject: PlacementHub pre-seed intro with PRAKASH WALGUDE & ASSOCIATES
2026-06-21 21:26:19 [INFO   ] SENT (Brevo) -> caprakashwalgude@gmail.com (PRAKASH WALGUDE & ASSOCIATES) | PlacementHub pre-seed intro with PRAKASH WALGUDE & ASSOCIATES | messageId=<202606211556.10564342677@smtp-relay.mailin.fr> (API accepted; run audit-brevo to confirm delivery)
2026-06-21 21:26:19 [INFO   ] Sleeping for 10 seconds
2026-06-21 21:26:29 [INFO   ] PROGRESS | Send 45/50 | SENT | caprakashwalgude@gmail.com | PRAKASH WALGUDE & ASSOCIATES [Chartered Accountants & Company Secretaries] | ok=44 fail=1 skip=0
2026-06-21 21:26:29 [INFO   ] PROGRESS | Send 46/50 | SENDING | pragita_24281@yahoo.com | G P DHARMADHIKARI & CO [Chartered Accountants & Company Secretaries] | ok=44 fail=1 skip=0
2026-06-21 21:26:39 [INFO   ] --------------------------------------------------------------
2026-06-21 21:26:39 [INFO   ] PROGRESS | Email content — To: pragita_24281@yahoo.com
2026-06-21 21:26:39 [INFO   ] PROGRESS | Subject: PlacementHub pre-seed intro with G P DHARMADHIKARI & CO
2026-06-21 21:26:39 [INFO   ] PROGRESS | Body:
2026-06-21 21:26:39 [INFO   ] PROGRESS |   Dear Sir/Madam,
2026-06-21 21:26:39 [INFO   ] PROGRESS |   I am reaching out to introduce PlacementHub and explore whether any of your investor, entrepreneur, or
2026-06-21 21:26:39 [INFO   ] PROGRESS |   HNI clients may be open to reviewing a strategic seed opportunity.
2026-06-21 21:26:39 [INFO   ] PROGRESS |   My name is Sandeep Jain. PlacementHub is currently in its pre-seed fundraising stage, and I am
2026-06-21 21:26:39 [INFO   ] PROGRESS |   soliciting strategic seed investment for the same. PlacementHub is a campus placement and employability
2026-06-21 21:26:39 [INFO   ] PROGRESS |   platform connecting students, colleges, and recruiters. The product is built and in early
2026-06-21 21:26:39 [INFO   ] PROGRESS |   commercialization.
2026-06-21 21:26:39 [INFO   ] PROGRESS |   For reference, the detailed business plan, including the business model and go-to-market strategies, is
2026-06-21 21:26:39 [INFO   ] PROGRESS |   available here:
2026-06-21 21:26:39 [INFO   ] PROGRESS |   PlacementHub Business Plan
2026-06-21 21:26:39 [INFO   ] PROGRESS |   For a Chartered Accountant firm, the relevance is mainly professional and strategic:
2026-06-21 21:26:39 [INFO   ] PROGRESS |   PlacementHub may require support across accounting, taxation, compliance, payroll, investor documentation, audit, and related professional services.
2026-06-21 21:26:39 [INFO   ] PROGRESS |   I would naturally be pleased to consider and prioritize firms that support PlacementHub during its early growth phase, subject to suitability and mutual agreement.
2026-06-21 21:26:39 [INFO   ] PROGRESS |   The relationship can begin with a simple review of the investment note and, where appropriate, introductions to suitable investor clients.
2026-06-21 21:26:39 [INFO   ] PROGRESS |   If the opportunity is worth a look, I would be happy to send the note and speak briefly about the round,
2026-06-21 21:26:39 [INFO   ] PROGRESS |   the platform, and the type of strategic investors we are looking for.
2026-06-21 21:26:39 [INFO   ] PROGRESS |   Please reply to this email or call me if you would like to explore it.
2026-06-21 21:26:39 [INFO   ] PROGRESS |   Warm Regards,
2026-06-21 21:26:39 [INFO   ] PROGRESS |   Sandeep Jain
2026-06-21 21:26:39 [INFO   ] PROGRESS |   Founder, PlacementHub
2026-06-21 21:26:39 [INFO   ] PROGRESS |   +91-9860090620
2026-06-21 21:26:39 [INFO   ] PROGRESS |   sandeepjain200019@gmail.com
2026-06-21 21:26:39 [INFO   ] PROGRESS |   Detailed Profile
2026-06-21 21:26:39 [INFO   ] PROGRESS |   Detailed Note on Funding Requirement
2026-06-21 21:26:39 [INFO   ] --------------------------------------------------------------
2026-06-21 21:26:39 [INFO   ] 
2026-06-21 21:26:39 [INFO   ] 
2026-06-21 21:26:39 [INFO   ] PROGRESS | Email preview — To: pragita_24281@yahoo.com | Subject: PlacementHub pre-seed intro with G P DHARMADHIKARI & CO
2026-06-21 21:26:40 [INFO   ] SENT (Brevo) -> pragita_24281@yahoo.com (G P DHARMADHIKARI & CO) | PlacementHub pre-seed intro with G P DHARMADHIKARI & CO | messageId=<202606211556.54297104847@smtp-relay.mailin.fr> (API accepted; run audit-brevo to confirm delivery)
2026-06-21 21:26:40 [INFO   ] Sleeping for 10 seconds
2026-06-21 21:26:50 [INFO   ] PROGRESS | Send 46/50 | SENT | pragita_24281@yahoo.com | G P DHARMADHIKARI & CO [Chartered Accountants & Company Secretaries] | ok=45 fail=1 skip=0
2026-06-21 21:26:50 [INFO   ] PROGRESS | Send 47/50 | SENDING | sanjivgokhale@yahoo.com | GOKHALE & GOKHALE [Chartered Accountants & Company Secretaries] | ok=45 fail=1 skip=0
2026-06-21 21:27:14 [INFO   ] --------------------------------------------------------------
2026-06-21 21:27:14 [INFO   ] PROGRESS | Email content — To: sanjivgokhale@yahoo.com
2026-06-21 21:27:14 [INFO   ] PROGRESS | Subject: PlacementHub pre-seed intro with GOKHALE & GOKHALE
2026-06-21 21:27:14 [INFO   ] PROGRESS | Body:
2026-06-21 21:27:14 [INFO   ] PROGRESS |   Dear Sir/Madam,
2026-06-21 21:27:14 [INFO   ] PROGRESS |   I am reaching out to introduce PlacementHub and explore whether any of your investor, entrepreneur, or
2026-06-21 21:27:14 [INFO   ] PROGRESS |   HNI clients may be open to reviewing a strategic seed opportunity.
2026-06-21 21:27:14 [INFO   ] PROGRESS |   My name is Sandeep Jain. PlacementHub is currently in its pre-seed fundraising stage, and I am
2026-06-21 21:27:14 [INFO   ] PROGRESS |   soliciting strategic seed investment for the same. PlacementHub is a campus placement and employability
2026-06-21 21:27:14 [INFO   ] PROGRESS |   platform connecting students, colleges, and recruiters. The product is built and in early
2026-06-21 21:27:14 [INFO   ] PROGRESS |   commercialization.
2026-06-21 21:27:14 [INFO   ] PROGRESS |   For reference, the detailed business plan, including the business model and go-to-market strategies, is
2026-06-21 21:27:14 [INFO   ] PROGRESS |   available here:
2026-06-21 21:27:14 [INFO   ] PROGRESS |   PlacementHub Business Plan
2026-06-21 21:27:14 [INFO   ] PROGRESS |   For a Chartered Accountant firm, the relevance is mainly professional and strategic:
2026-06-21 21:27:14 [INFO   ] PROGRESS |   PlacementHub may require support across accounting, taxation, compliance, payroll, investor documentation, audit, and related professional services.
2026-06-21 21:27:14 [INFO   ] PROGRESS |   I would naturally be pleased to consider and prioritize firms that support PlacementHub during its early growth phase, subject to suitability and mutual agreement.
2026-06-21 21:27:14 [INFO   ] PROGRESS |   The relationship can begin with a simple review of the investment note and, where appropriate, introductions to suitable investor clients.
2026-06-21 21:27:14 [INFO   ] PROGRESS |   If the opportunity is worth a look, I would be happy to send the note and speak briefly about the round,
2026-06-21 21:27:14 [INFO   ] PROGRESS |   the platform, and the type of strategic investors we are looking for.
2026-06-21 21:27:14 [INFO   ] PROGRESS |   Please reply to this email or call me if you would like to explore it.
2026-06-21 21:27:14 [INFO   ] PROGRESS |   Warm Regards,
2026-06-21 21:27:14 [INFO   ] PROGRESS |   Sandeep Jain
2026-06-21 21:27:14 [INFO   ] PROGRESS |   Founder, PlacementHub
2026-06-21 21:27:14 [INFO   ] PROGRESS |   +91-9860090620
2026-06-21 21:27:14 [INFO   ] PROGRESS |   sandeepjain200019@gmail.com
2026-06-21 21:27:14 [INFO   ] PROGRESS |   Detailed Profile
2026-06-21 21:27:14 [INFO   ] PROGRESS |   Detailed Note on Funding Requirement
2026-06-21 21:27:14 [INFO   ] --------------------------------------------------------------
2026-06-21 21:27:14 [INFO   ] 
2026-06-21 21:27:14 [INFO   ] 
2026-06-21 21:27:14 [INFO   ] PROGRESS | Email preview — To: sanjivgokhale@yahoo.com | Subject: PlacementHub pre-seed intro with GOKHALE & GOKHALE
2026-06-21 21:27:16 [INFO   ] SENT (Brevo) -> sanjivgokhale@yahoo.com (GOKHALE & GOKHALE) | PlacementHub pre-seed intro with GOKHALE & GOKHALE | messageId=<202606211557.54494307899@smtp-relay.mailin.fr> (API accepted; run audit-brevo to confirm delivery)
2026-06-21 21:27:16 [INFO   ] Sleeping for 10 seconds
2026-06-21 21:27:26 [INFO   ] PROGRESS | Send 47/50 | SENT | sanjivgokhale@yahoo.com | GOKHALE & GOKHALE [Chartered Accountants & Company Secretaries] | ok=46 fail=1 skip=0
2026-06-21 21:27:26 [INFO   ] PROGRESS | Send 48/50 | SENDING | pcp@pcpatil.com | P C PATIL & ASSOCIATES [Chartered Accountants & Company Secretaries] | ok=46 fail=1 skip=0
2026-06-21 21:27:28 [INFO   ] --------------------------------------------------------------
2026-06-21 21:27:28 [INFO   ] PROGRESS | Email content — To: pcp@pcpatil.com
2026-06-21 21:27:28 [INFO   ] PROGRESS | Subject: PlacementHub pre-seed intro with P C PATIL & ASSOCIATES
2026-06-21 21:27:28 [INFO   ] PROGRESS | Body:
2026-06-21 21:27:28 [INFO   ] PROGRESS |   Dear Sir/Madam,
2026-06-21 21:27:28 [INFO   ] PROGRESS |   I am reaching out to introduce PlacementHub and explore whether any of your investor, entrepreneur, or
2026-06-21 21:27:28 [INFO   ] PROGRESS |   HNI clients may be open to reviewing a strategic seed opportunity.
2026-06-21 21:27:28 [INFO   ] PROGRESS |   My name is Sandeep Jain. PlacementHub is currently in its pre-seed fundraising stage, and I am
2026-06-21 21:27:28 [INFO   ] PROGRESS |   soliciting strategic seed investment for the same. PlacementHub is a campus placement and employability
2026-06-21 21:27:28 [INFO   ] PROGRESS |   platform connecting students, colleges, and recruiters. The product is built and in early
2026-06-21 21:27:28 [INFO   ] PROGRESS |   commercialization.
2026-06-21 21:27:28 [INFO   ] PROGRESS |   For reference, the detailed business plan, including the business model and go-to-market strategies, is
2026-06-21 21:27:28 [INFO   ] PROGRESS |   available here:
2026-06-21 21:27:28 [INFO   ] PROGRESS |   PlacementHub Business Plan
2026-06-21 21:27:28 [INFO   ] PROGRESS |   For a Chartered Accountant firm, the relevance is mainly professional and strategic:
2026-06-21 21:27:28 [INFO   ] PROGRESS |   PlacementHub may require support across accounting, taxation, compliance, payroll, investor documentation, audit, and related professional services.
2026-06-21 21:27:28 [INFO   ] PROGRESS |   I would naturally be pleased to consider and prioritize firms that support PlacementHub during its early growth phase, subject to suitability and mutual agreement.
2026-06-21 21:27:28 [INFO   ] PROGRESS |   The relationship can begin with a simple review of the investment note and, where appropriate, introductions to suitable investor clients.
2026-06-21 21:27:28 [INFO   ] PROGRESS |   If the opportunity is worth a look, I would be happy to send the note and speak briefly about the round,
2026-06-21 21:27:28 [INFO   ] PROGRESS |   the platform, and the type of strategic investors we are looking for.
2026-06-21 21:27:28 [INFO   ] PROGRESS |   Please reply to this email or call me if you would like to explore it.
2026-06-21 21:27:28 [INFO   ] PROGRESS |   Warm Regards,
2026-06-21 21:27:28 [INFO   ] PROGRESS |   Sandeep Jain
2026-06-21 21:27:28 [INFO   ] PROGRESS |   Founder, PlacementHub
2026-06-21 21:27:28 [INFO   ] PROGRESS |   +91-9860090620
2026-06-21 21:27:28 [INFO   ] PROGRESS |   sandeepjain200019@gmail.com
2026-06-21 21:27:28 [INFO   ] PROGRESS |   Detailed Profile
2026-06-21 21:27:28 [INFO   ] PROGRESS |   Detailed Note on Funding Requirement
2026-06-21 21:27:28 [INFO   ] --------------------------------------------------------------
2026-06-21 21:27:28 [INFO   ] 
2026-06-21 21:27:28 [INFO   ] 
2026-06-21 21:27:28 [INFO   ] PROGRESS | Email preview — To: pcp@pcpatil.com | Subject: PlacementHub pre-seed intro with P C PATIL & ASSOCIATES
2026-06-21 21:27:30 [INFO   ] SENT (Brevo) -> pcp@pcpatil.com (P C PATIL & ASSOCIATES) | PlacementHub pre-seed intro with P C PATIL & ASSOCIATES | messageId=<202606211557.24286799018@smtp-relay.mailin.fr> (API accepted; run audit-brevo to confirm delivery)
2026-06-21 21:27:30 [INFO   ] Sleeping for 10 seconds
2026-06-21 21:27:40 [INFO   ] PROGRESS | Send 48/50 | SENT | pcp@pcpatil.com | P C PATIL & ASSOCIATES [Chartered Accountants & Company Secretaries] | ok=47 fail=1 skip=0
2026-06-21 21:27:40 [INFO   ] PROGRESS | Send 49/50 | SENDING | ca.ashishrpai@gmail.com | ASHISH R PAI & ASSOCIATES [Chartered Accountants & Company Secretaries] | ok=47 fail=1 skip=0
2026-06-21 21:28:10 [WARNING] NVIDIA call failed (attempt 1/5): The read operation timed out — rotating key.
2026-06-21 21:28:35 [INFO   ] --------------------------------------------------------------
2026-06-21 21:28:35 [INFO   ] PROGRESS | Email content — To: ca.ashishrpai@gmail.com
2026-06-21 21:28:35 [INFO   ] PROGRESS | Subject: PlacementHub pre-seed intro with ASHISH R PAI & ASSOCIATES
2026-06-21 21:28:35 [INFO   ] PROGRESS | Body:
2026-06-21 21:28:35 [INFO   ] PROGRESS |   Dear Sir/Madam,
2026-06-21 21:28:35 [INFO   ] PROGRESS |   I am reaching out to introduce PlacementHub and explore whether any of your investor, entrepreneur, or
2026-06-21 21:28:35 [INFO   ] PROGRESS |   HNI clients may be open to reviewing a strategic seed opportunity.
2026-06-21 21:28:35 [INFO   ] PROGRESS |   My name is Sandeep Jain. PlacementHub is currently in its pre-seed fundraising stage, and I am
2026-06-21 21:28:35 [INFO   ] PROGRESS |   soliciting strategic seed investment for the same. PlacementHub is a campus placement and employability
2026-06-21 21:28:35 [INFO   ] PROGRESS |   platform connecting students, colleges, and recruiters. The product is built and in early
2026-06-21 21:28:35 [INFO   ] PROGRESS |   commercialization.
2026-06-21 21:28:35 [INFO   ] PROGRESS |   For reference, the detailed business plan, including the business model and go-to-market strategies, is
2026-06-21 21:28:35 [INFO   ] PROGRESS |   available here:
2026-06-21 21:28:35 [INFO   ] PROGRESS |   PlacementHub Business Plan
2026-06-21 21:28:35 [INFO   ] PROGRESS |   For a Chartered Accountant firm, the relevance is mainly professional and strategic:
2026-06-21 21:28:35 [INFO   ] PROGRESS |   PlacementHub may require support across accounting, taxation, compliance, payroll, investor documentation, audit, and related professional services.
2026-06-21 21:28:35 [INFO   ] PROGRESS |   I would naturally be pleased to consider and prioritize firms that support PlacementHub during its early growth phase, subject to suitability and mutual agreement.
2026-06-21 21:28:35 [INFO   ] PROGRESS |   The relationship can begin with a simple review of the investment note and, where appropriate, introductions to suitable investor clients.
2026-06-21 21:28:35 [INFO   ] PROGRESS |   If the opportunity is worth a look, I would be happy to send the note and speak briefly about the round,
2026-06-21 21:28:35 [INFO   ] PROGRESS |   the platform, and the type of strategic investors we are looking for.
2026-06-21 21:28:35 [INFO   ] PROGRESS |   Please reply to this email or call me if you would like to explore it.
2026-06-21 21:28:35 [INFO   ] PROGRESS |   Warm Regards,
2026-06-21 21:28:35 [INFO   ] PROGRESS |   Sandeep Jain
2026-06-21 21:28:35 [INFO   ] PROGRESS |   Founder, PlacementHub
2026-06-21 21:28:35 [INFO   ] PROGRESS |   +91-9860090620
2026-06-21 21:28:35 [INFO   ] PROGRESS |   sandeepjain200019@gmail.com
2026-06-21 21:28:35 [INFO   ] PROGRESS |   Detailed Profile
2026-06-21 21:28:35 [INFO   ] PROGRESS |   Detailed Note on Funding Requirement
2026-06-21 21:28:35 [INFO   ] --------------------------------------------------------------
2026-06-21 21:28:35 [INFO   ] 
2026-06-21 21:28:35 [INFO   ] 
2026-06-21 21:28:35 [INFO   ] PROGRESS | Email preview — To: ca.ashishrpai@gmail.com | Subject: PlacementHub pre-seed intro with ASHISH R PAI & ASSOCIATES
2026-06-21 21:28:37 [INFO   ] SENT (Brevo) -> ca.ashishrpai@gmail.com (ASHISH R PAI & ASSOCIATES) | PlacementHub pre-seed intro with ASHISH R PAI & ASSOCIATES | messageId=<202606211558.14816516992@smtp-relay.mailin.fr> (API accepted; run audit-brevo to confirm delivery)
2026-06-21 21:28:37 [INFO   ] Sleeping for 10 seconds
2026-06-21 21:28:47 [INFO   ] PROGRESS | Send 49/50 | SENT | ca.ashishrpai@gmail.com | ASHISH R PAI & ASSOCIATES [Chartered Accountants & Company Secretaries] | ok=48 fail=1 skip=0
2026-06-21 21:28:47 [INFO   ] PROGRESS | Send 50/50 | SENDING | caasifshaikh@gmail.com | ASIF SHAIKH & ASSOCIATES [Chartered Accountants & Company Secretaries] | ok=48 fail=1 skip=0
2026-06-21 21:28:56 [INFO   ] --------------------------------------------------------------
2026-06-21 21:28:56 [INFO   ] PROGRESS | Email content — To: caasifshaikh@gmail.com
2026-06-21 21:28:56 [INFO   ] PROGRESS | Subject: PlacementHub pre-seed intro with ASIF SHAIKH & ASSOCIATES
2026-06-21 21:28:56 [INFO   ] PROGRESS | Body:
2026-06-21 21:28:56 [INFO   ] PROGRESS |   Dear Sir/Madam,
2026-06-21 21:28:56 [INFO   ] PROGRESS |   I am reaching out to introduce PlacementHub and explore whether any of your investor, entrepreneur, or
2026-06-21 21:28:56 [INFO   ] PROGRESS |   HNI clients may be open to reviewing a strategic seed opportunity.
2026-06-21 21:28:56 [INFO   ] PROGRESS |   My name is Sandeep Jain. PlacementHub is currently in its pre-seed fundraising stage, and I am
2026-06-21 21:28:56 [INFO   ] PROGRESS |   soliciting strategic seed investment for the same. PlacementHub is a campus placement and employability
2026-06-21 21:28:56 [INFO   ] PROGRESS |   platform connecting students, colleges, and recruiters. The product is built and in early
2026-06-21 21:28:56 [INFO   ] PROGRESS |   commercialization.
2026-06-21 21:28:56 [INFO   ] PROGRESS |   For reference, the detailed business plan, including the business model and go-to-market strategies, is
2026-06-21 21:28:56 [INFO   ] PROGRESS |   available here:
2026-06-21 21:28:56 [INFO   ] PROGRESS |   PlacementHub Business Plan
2026-06-21 21:28:56 [INFO   ] PROGRESS |   For a Chartered Accountant firm, the relevance is mainly professional and strategic:
2026-06-21 21:28:56 [INFO   ] PROGRESS |   PlacementHub may require support across accounting, taxation, compliance, payroll, investor documentation, audit, and related professional services.
2026-06-21 21:28:56 [INFO   ] PROGRESS |   I would naturally be pleased to consider and prioritize firms that support PlacementHub during its early growth phase, subject to suitability and mutual agreement.
2026-06-21 21:28:56 [INFO   ] PROGRESS |   The relationship can begin with a simple review of the investment note and, where appropriate, introductions to suitable investor clients.
2026-06-21 21:28:56 [INFO   ] PROGRESS |   If the opportunity is worth a look, I would be happy to send the note and speak briefly about the round,
2026-06-21 21:28:56 [INFO   ] PROGRESS |   the platform, and the type of strategic investors we are looking for.
2026-06-21 21:28:56 [INFO   ] PROGRESS |   Please reply to this email or call me if you would like to explore it.
2026-06-21 21:28:56 [INFO   ] PROGRESS |   Warm Regards,
2026-06-21 21:28:56 [INFO   ] PROGRESS |   Sandeep Jain
2026-06-21 21:28:56 [INFO   ] PROGRESS |   Founder, PlacementHub
2026-06-21 21:28:56 [INFO   ] PROGRESS |   +91-9860090620
2026-06-21 21:28:56 [INFO   ] PROGRESS |   sandeepjain200019@gmail.com
2026-06-21 21:28:56 [INFO   ] PROGRESS |   Detailed Profile
2026-06-21 21:28:56 [INFO   ] PROGRESS |   Detailed Note on Funding Requirement
2026-06-21 21:28:56 [INFO   ] --------------------------------------------------------------
2026-06-21 21:28:56 [INFO   ] 
2026-06-21 21:28:56 [INFO   ] 
2026-06-21 21:28:56 [INFO   ] PROGRESS | Email preview — To: caasifshaikh@gmail.com | Subject: PlacementHub pre-seed intro with ASIF SHAIKH & ASSOCIATES
2026-06-21 21:28:58 [INFO   ] SENT (Brevo) -> caasifshaikh@gmail.com (ASIF SHAIKH & ASSOCIATES) | PlacementHub pre-seed intro with ASIF SHAIKH & ASSOCIATES | messageId=<202606211558.47585418339@smtp-relay.mailin.fr> (API accepted; run audit-brevo to confirm delivery)
2026-06-21 21:28:58 [INFO   ] Sleeping for 10 seconds
2026-06-21 21:29:08 [INFO   ] PROGRESS | Send 50/50 | SENT | caasifshaikh@gmail.com | ASIF SHAIKH & ASSOCIATES [Chartered Accountants & Company Secretaries] | ok=49 fail=1 skip=0
2026-06-21 21:29:14 [INFO   ] CA send complete: {'sent': 49, 'failed': 1, 'skipped': 0, 'queue_size': 50, 'ca_only': True, 'ca_bulk_unsent': 621, 'sent_ca_connect': 49, 'sent_by_industry': {'ca_cs_firms': 49}, 'send_limit': 50}
2026-06-21 21:29:14 [INFO   ] PROGRESS | Done — CA send — 49 sent, 1 failed, 572 unsent in ca_bulk.db
