2026-06-22 14:58:42 [INFO   ] Log file: C:\Users\sandeep\Downloads\Claudes\investment\logs\immigration_2026-06-22_14-58-42.log
2026-06-22 14:58:42 [INFO   ] 
2026-06-22 14:58:42 [INFO   ] ==============================================================
2026-06-22 14:58:42 [INFO   ] PROGRESS | Send — CA emails only (up to 50 from ca_bulk.db)
2026-06-22 14:58:42 [INFO   ] ==============================================================
2026-06-22 14:58:43 [INFO   ] Send transport: Brevo API (config: C:\Users\sandeep\Downloads\Claudes\investment\config\mail_config.json, template: C:\Users\sandeep\Downloads\Claudes\investment\templates\bodies\partnership.html, sender: sandeepjain200019@gmail.com)
2026-06-22 14:58:43 [INFO   ] CA-only send from ca_bulk.db — 524 unsent, up to 50 this run (caconnect.icai.org).
2026-06-22 14:58:48 [INFO   ] PROGRESS | Send plan — 50 recipient(s) in queue
2026-06-22 14:58:48 [INFO   ] PROGRESS | Send 1/50 | SENDING | constitution date | BATTULL AND ASSOCIATES LLP [Chartered Accountants & Company Secretaries] | ok=0 fail=0 skip=0
2026-06-22 14:58:49 [INFO   ] Loaded 41 NVIDIA API key(s) for rotation.
2026-06-22 14:58:52 [INFO   ] --------------------------------------------------------------
2026-06-22 14:58:52 [INFO   ] PROGRESS | Email content — To: constitution date
2026-06-22 14:58:52 [INFO   ] PROGRESS | Subject: PlacementHub pre-seed intro with BATTULL AND ASSOCIATES LLP
2026-06-22 14:58:52 [INFO   ] PROGRESS | Body:
2026-06-22 14:58:52 [INFO   ] PROGRESS |   Dear Sir/Madam,
2026-06-22 14:58:52 [INFO   ] PROGRESS |   I am reaching out to introduce PlacementHub and explore whether any of your investor, entrepreneur, or
2026-06-22 14:58:52 [INFO   ] PROGRESS |   HNI clients may be open to reviewing a strategic seed opportunity.
2026-06-22 14:58:52 [INFO   ] PROGRESS |   My name is Sandeep Jain. PlacementHub is currently in its pre-seed fundraising stage, and I am
2026-06-22 14:58:52 [INFO   ] PROGRESS |   soliciting strategic seed investment for the same. PlacementHub is a campus placement and employability
2026-06-22 14:58:52 [INFO   ] PROGRESS |   platform connecting students, colleges, and recruiters. The product is built and in early
2026-06-22 14:58:52 [INFO   ] PROGRESS |   commercialization.
2026-06-22 14:58:52 [INFO   ] PROGRESS |   For reference, the detailed business plan, including the business model and go-to-market strategies, is
2026-06-22 14:58:52 [INFO   ] PROGRESS |   available here:
2026-06-22 14:58:52 [INFO   ] PROGRESS |   PlacementHub Business Plan
2026-06-22 14:58:52 [INFO   ] PROGRESS |   For a Chartered Accountant firm, the relevance is mainly professional and strategic:
2026-06-22 14:58:52 [INFO   ] PROGRESS |   PlacementHub may require support across accounting, taxation, compliance, payroll, investor documentation, audit, and related professional services.
2026-06-22 14:58:52 [INFO   ] PROGRESS |   I would naturally be pleased to consider and prioritize firms that support PlacementHub during its early growth phase, subject to suitability and mutual agreement.
2026-06-22 14:58:52 [INFO   ] PROGRESS |   The relationship can begin with a simple review of the investment note and, where appropriate, introductions to suitable investor clients.
2026-06-22 14:58:52 [INFO   ] PROGRESS |   If the opportunity is worth a look, I would be happy to send the note and speak briefly about the round,
2026-06-22 14:58:52 [INFO   ] PROGRESS |   the platform, and the type of strategic investors we are looking for.
2026-06-22 14:58:52 [INFO   ] PROGRESS |   Please reply to this email or call me if you would like to explore it.
2026-06-22 14:58:52 [INFO   ] PROGRESS |   Warm Regards,
2026-06-22 14:58:52 [INFO   ] PROGRESS |   Sandeep Jain
2026-06-22 14:58:52 [INFO   ] PROGRESS |   Founder, PlacementHub
2026-06-22 14:58:52 [INFO   ] PROGRESS |   +91-9860090620
2026-06-22 14:58:52 [INFO   ] PROGRESS |   sandeepjain200019@gmail.com
2026-06-22 14:58:52 [INFO   ] PROGRESS |   Detailed Profile
2026-06-22 14:58:52 [INFO   ] PROGRESS |   Detailed Note on Funding Requirement
2026-06-22 14:58:52 [INFO   ] --------------------------------------------------------------
2026-06-22 14:58:52 [INFO   ] 
2026-06-22 14:58:52 [INFO   ] 
2026-06-22 14:58:52 [INFO   ] PROGRESS | Email preview — To: constitution date | Subject: PlacementHub pre-seed intro with BATTULL AND ASSOCIATES LLP
2026-06-22 14:58:53 [ERROR  ] Brevo send failed for constitution date: Brevo API send failed for constitution date: (400)
Reason: Bad Request
HTTP response headers: HTTPHeaderDict({'Date': 'Mon, 22 Jun 2026 09:28:53 GMT', 'Content-Type': 'application/json', 'Content-Length': '66', 'Connection': 'keep-alive', 'CF-RAY': 'a0fa39b3efdc2fee-MUC', 'x-envoy-upstream-service-time': '11', 'access-control-allow-credentials': 'true', 'sib-request-id': '72ff8647-490a-9100-9b36-f9a05c3382aa', 'access-control-allow-origin': '*', 'access-control-allow-headers': '*', 'access-control-allow-methods': 'PUT, POST, GET, DELETE, PATCH, OPTIONS', 'x-sib-ratelimit-limit': '1000', 'x-sib-ratelimit-remaining': '999', 'x-sib-ratelimit-reset': '1', 'cf-cache-status': 'DYNAMIC', 'Set-Cookie': '_cfuvid=NDEeR7phQC23jper_MJk4KRDdGDJDEK23cvUvX1r6XE-1782120533151-0.0.1.1-604800000; path=/; domain=.sendinblue.com; HttpOnly; Secure; SameSite=None', 'Server': 'cloudflare'})
HTTP response body: {"code":"invalid_parameter","message":"email is not valid in to"}


2026-06-22 14:58:53 [INFO   ] PROGRESS | Send 1/50 | FAILED | constitution date | BATTULL AND ASSOCIATES LLP [Chartered Accountants & Company Secretaries] | ok=0 fail=1 skip=0
2026-06-22 14:58:53 [INFO   ] PROGRESS | Send 2/50 | SENDING | constitution date | BATTULL AND ASSOCIATES LLP [Chartered Accountants & Company Secretaries] | ok=0 fail=1 skip=0
2026-06-22 14:58:57 [INFO   ] --------------------------------------------------------------
2026-06-22 14:58:57 [INFO   ] PROGRESS | Email content — To: constitution date
2026-06-22 14:58:57 [INFO   ] PROGRESS | Subject: PlacementHub pre-seed intro with BATTULL AND ASSOCIATES LLP
2026-06-22 14:58:57 [INFO   ] PROGRESS | Body:
2026-06-22 14:58:57 [INFO   ] PROGRESS |   Dear Sir/Madam,
2026-06-22 14:58:57 [INFO   ] PROGRESS |   I am reaching out to introduce PlacementHub and explore whether any of your investor, entrepreneur, or
2026-06-22 14:58:57 [INFO   ] PROGRESS |   HNI clients may be open to reviewing a strategic seed opportunity.
2026-06-22 14:58:57 [INFO   ] PROGRESS |   My name is Sandeep Jain. PlacementHub is currently in its pre-seed fundraising stage, and I am
2026-06-22 14:58:57 [INFO   ] PROGRESS |   soliciting strategic seed investment for the same. PlacementHub is a campus placement and employability
2026-06-22 14:58:57 [INFO   ] PROGRESS |   platform connecting students, colleges, and recruiters. The product is built and in early
2026-06-22 14:58:57 [INFO   ] PROGRESS |   commercialization.
2026-06-22 14:58:57 [INFO   ] PROGRESS |   For reference, the detailed business plan, including the business model and go-to-market strategies, is
2026-06-22 14:58:57 [INFO   ] PROGRESS |   available here:
2026-06-22 14:58:57 [INFO   ] PROGRESS |   PlacementHub Business Plan
2026-06-22 14:58:57 [INFO   ] PROGRESS |   For a Chartered Accountant firm, the relevance is mainly professional and strategic:
2026-06-22 14:58:57 [INFO   ] PROGRESS |   PlacementHub may require support across accounting, taxation, compliance, payroll, investor documentation, audit, and related professional services.
2026-06-22 14:58:57 [INFO   ] PROGRESS |   I would naturally be pleased to consider and prioritize firms that support PlacementHub during its early growth phase, subject to suitability and mutual agreement.
2026-06-22 14:58:57 [INFO   ] PROGRESS |   The relationship can begin with a simple review of the investment note and, where appropriate, introductions to suitable investor clients.
2026-06-22 14:58:57 [INFO   ] PROGRESS |   If the opportunity is worth a look, I would be happy to send the note and speak briefly about the round,
2026-06-22 14:58:57 [INFO   ] PROGRESS |   the platform, and the type of strategic investors we are looking for.
2026-06-22 14:58:57 [INFO   ] PROGRESS |   Please reply to this email or call me if you would like to explore it.
2026-06-22 14:58:57 [INFO   ] PROGRESS |   Warm Regards,
2026-06-22 14:58:57 [INFO   ] PROGRESS |   Sandeep Jain
2026-06-22 14:58:57 [INFO   ] PROGRESS |   Founder, PlacementHub
2026-06-22 14:58:57 [INFO   ] PROGRESS |   +91-9860090620
2026-06-22 14:58:57 [INFO   ] PROGRESS |   sandeepjain200019@gmail.com
2026-06-22 14:58:57 [INFO   ] PROGRESS |   Detailed Profile
2026-06-22 14:58:57 [INFO   ] PROGRESS |   Detailed Note on Funding Requirement
2026-06-22 14:58:57 [INFO   ] --------------------------------------------------------------
2026-06-22 14:58:57 [INFO   ] 
2026-06-22 14:58:57 [INFO   ] 
2026-06-22 14:58:57 [INFO   ] PROGRESS | Email preview — To: constitution date | Subject: PlacementHub pre-seed intro with BATTULL AND ASSOCIATES LLP
2026-06-22 14:58:57 [ERROR  ] Brevo send failed for constitution date: Brevo API send failed for constitution date: (400)
Reason: Bad Request
HTTP response headers: HTTPHeaderDict({'Date': 'Mon, 22 Jun 2026 09:28:57 GMT', 'Content-Type': 'application/json', 'Content-Length': '66', 'Connection': 'keep-alive', 'CF-RAY': 'a0fa39ceff2bf5eb-AMS', 'x-envoy-upstream-service-time': '9', 'access-control-allow-credentials': 'true', 'sib-request-id': '83a8c3e7-ff5e-906d-9008-5ba078d9f4a8', 'access-control-allow-origin': '*', 'access-control-allow-headers': '*', 'access-control-allow-methods': 'PUT, POST, GET, DELETE, PATCH, OPTIONS', 'x-sib-ratelimit-limit': '1000', 'x-sib-ratelimit-remaining': '999', 'x-sib-ratelimit-reset': '1', 'cf-cache-status': 'DYNAMIC', 'Set-Cookie': '_cfuvid=eZh9xbgQFRbCQGryFSGMGOeYAmxoFCzf7xWxIdPFDH4-1782120537469-0.0.1.1-604800000; path=/; domain=.sendinblue.com; HttpOnly; Secure; SameSite=None', 'Server': 'cloudflare'})
HTTP response body: {"code":"invalid_parameter","message":"email is not valid in to"}


2026-06-22 14:58:57 [INFO   ] PROGRESS | Send 2/50 | FAILED | constitution date | BATTULL AND ASSOCIATES LLP [Chartered Accountants & Company Secretaries] | ok=0 fail=2 skip=0
2026-06-22 14:58:57 [INFO   ] PROGRESS | Send 3/50 | SENDING | ashokgosar@gmail.com | ASHOK LAKHAMSHI GOSAR [Chartered Accountants & Company Secretaries] | ok=0 fail=2 skip=0
2026-06-22 14:59:07 [INFO   ] --------------------------------------------------------------
2026-06-22 14:59:07 [INFO   ] PROGRESS | Email content — To: ashokgosar@gmail.com
2026-06-22 14:59:07 [INFO   ] PROGRESS | Subject: PlacementHub pre-seed intro with ASHOK LAKHAMSHI GOSAR
2026-06-22 14:59:07 [INFO   ] PROGRESS | Body:
2026-06-22 14:59:07 [INFO   ] PROGRESS |   Dear Sir/Madam,
2026-06-22 14:59:07 [INFO   ] PROGRESS |   I am reaching out to introduce PlacementHub and explore whether any of your investor, entrepreneur, or
2026-06-22 14:59:07 [INFO   ] PROGRESS |   HNI clients may be open to reviewing a strategic seed opportunity.
2026-06-22 14:59:07 [INFO   ] PROGRESS |   My name is Sandeep Jain. PlacementHub is currently in its pre-seed fundraising stage, and I am
2026-06-22 14:59:07 [INFO   ] PROGRESS |   soliciting strategic seed investment for the same. PlacementHub is a campus placement and employability
2026-06-22 14:59:07 [INFO   ] PROGRESS |   platform connecting students, colleges, and recruiters. The product is built and in early
2026-06-22 14:59:07 [INFO   ] PROGRESS |   commercialization.
2026-06-22 14:59:07 [INFO   ] PROGRESS |   For reference, the detailed business plan, including the business model and go-to-market strategies, is
2026-06-22 14:59:07 [INFO   ] PROGRESS |   available here:
2026-06-22 14:59:07 [INFO   ] PROGRESS |   PlacementHub Business Plan
2026-06-22 14:59:07 [INFO   ] PROGRESS |   For a Chartered Accountant firm, the relevance is mainly professional and strategic:
2026-06-22 14:59:07 [INFO   ] PROGRESS |   PlacementHub may require support across accounting, taxation, compliance, payroll, investor documentation, audit, and related professional services.
2026-06-22 14:59:07 [INFO   ] PROGRESS |   I would naturally be pleased to consider and prioritize firms that support PlacementHub during its early growth phase, subject to suitability and mutual agreement.
2026-06-22 14:59:07 [INFO   ] PROGRESS |   The relationship can begin with a simple review of the investment note and, where appropriate, introductions to suitable investor clients.
2026-06-22 14:59:07 [INFO   ] PROGRESS |   If the opportunity is worth a look, I would be happy to send the note and speak briefly about the round,
2026-06-22 14:59:07 [INFO   ] PROGRESS |   the platform, and the type of strategic investors we are looking for.
2026-06-22 14:59:07 [INFO   ] PROGRESS |   Please reply to this email or call me if you would like to explore it.
2026-06-22 14:59:07 [INFO   ] PROGRESS |   Warm Regards,
2026-06-22 14:59:07 [INFO   ] PROGRESS |   Sandeep Jain
2026-06-22 14:59:07 [INFO   ] PROGRESS |   Founder, PlacementHub
2026-06-22 14:59:07 [INFO   ] PROGRESS |   +91-9860090620
2026-06-22 14:59:07 [INFO   ] PROGRESS |   sandeepjain200019@gmail.com
2026-06-22 14:59:07 [INFO   ] PROGRESS |   Detailed Profile
2026-06-22 14:59:07 [INFO   ] PROGRESS |   Detailed Note on Funding Requirement
2026-06-22 14:59:07 [INFO   ] --------------------------------------------------------------
2026-06-22 14:59:07 [INFO   ] 
2026-06-22 14:59:07 [INFO   ] 
2026-06-22 14:59:07 [INFO   ] PROGRESS | Email preview — To: ashokgosar@gmail.com | Subject: PlacementHub pre-seed intro with ASHOK LAKHAMSHI GOSAR
2026-06-22 14:59:09 [INFO   ] SENT (Brevo) -> ashokgosar@gmail.com (ASHOK LAKHAMSHI GOSAR) | PlacementHub pre-seed intro with ASHOK LAKHAMSHI GOSAR | messageId=<202606220929.28183807813@smtp-relay.mailin.fr> (API accepted; run audit-brevo to confirm delivery)
2026-06-22 14:59:09 [INFO   ] Sleeping for 10 seconds
2026-06-22 14:59:19 [INFO   ] PROGRESS | Send 3/50 | SENT | ashokgosar@gmail.com | ASHOK LAKHAMSHI GOSAR [Chartered Accountants & Company Secretaries] | ok=1 fail=2 skip=0
2026-06-22 14:59:19 [INFO   ] PROGRESS | Send 4/50 | SENDING | nikhilsbohra@gmail.com | NIKHIL SANDEEP BOHRA [Chartered Accountants & Company Secretaries] | ok=1 fail=2 skip=0
2026-06-22 14:59:26 [INFO   ] --------------------------------------------------------------
2026-06-22 14:59:26 [INFO   ] PROGRESS | Email content — To: nikhilsbohra@gmail.com
2026-06-22 14:59:26 [INFO   ] PROGRESS | Subject: PlacementHub pre-seed intro with NIKHIL SANDEEP BOHRA
2026-06-22 14:59:26 [INFO   ] PROGRESS | Body:
2026-06-22 14:59:26 [INFO   ] PROGRESS |   Dear Sir/Madam,
2026-06-22 14:59:26 [INFO   ] PROGRESS |   I am reaching out to introduce PlacementHub and explore whether any of your investor, entrepreneur, or
2026-06-22 14:59:26 [INFO   ] PROGRESS |   HNI clients may be open to reviewing a strategic seed opportunity.
2026-06-22 14:59:26 [INFO   ] PROGRESS |   My name is Sandeep Jain. PlacementHub is currently in its pre-seed fundraising stage, and I am
2026-06-22 14:59:26 [INFO   ] PROGRESS |   soliciting strategic seed investment for the same. PlacementHub is a campus placement and employability
2026-06-22 14:59:26 [INFO   ] PROGRESS |   platform connecting students, colleges, and recruiters. The product is built and in early
2026-06-22 14:59:26 [INFO   ] PROGRESS |   commercialization.
2026-06-22 14:59:26 [INFO   ] PROGRESS |   For reference, the detailed business plan, including the business model and go-to-market strategies, is
2026-06-22 14:59:26 [INFO   ] PROGRESS |   available here:
2026-06-22 14:59:26 [INFO   ] PROGRESS |   PlacementHub Business Plan
2026-06-22 14:59:26 [INFO   ] PROGRESS |   For a Chartered Accountant firm, the relevance is mainly professional and strategic:
2026-06-22 14:59:26 [INFO   ] PROGRESS |   PlacementHub may require support across accounting, taxation, compliance, payroll, investor documentation, audit, and related professional services.
2026-06-22 14:59:26 [INFO   ] PROGRESS |   I would naturally be pleased to consider and prioritize firms that support PlacementHub during its early growth phase, subject to suitability and mutual agreement.
2026-06-22 14:59:26 [INFO   ] PROGRESS |   The relationship can begin with a simple review of the investment note and, where appropriate, introductions to suitable investor clients.
2026-06-22 14:59:26 [INFO   ] PROGRESS |   If the opportunity is worth a look, I would be happy to send the note and speak briefly about the round,
2026-06-22 14:59:26 [INFO   ] PROGRESS |   the platform, and the type of strategic investors we are looking for.
2026-06-22 14:59:26 [INFO   ] PROGRESS |   Please reply to this email or call me if you would like to explore it.
2026-06-22 14:59:26 [INFO   ] PROGRESS |   Warm Regards,
2026-06-22 14:59:26 [INFO   ] PROGRESS |   Sandeep Jain
2026-06-22 14:59:26 [INFO   ] PROGRESS |   Founder, PlacementHub
2026-06-22 14:59:26 [INFO   ] PROGRESS |   +91-9860090620
2026-06-22 14:59:26 [INFO   ] PROGRESS |   sandeepjain200019@gmail.com
2026-06-22 14:59:26 [INFO   ] PROGRESS |   Detailed Profile
2026-06-22 14:59:26 [INFO   ] PROGRESS |   Detailed Note on Funding Requirement
2026-06-22 14:59:26 [INFO   ] --------------------------------------------------------------
2026-06-22 14:59:26 [INFO   ] 
2026-06-22 14:59:26 [INFO   ] 
2026-06-22 14:59:26 [INFO   ] PROGRESS | Email preview — To: nikhilsbohra@gmail.com | Subject: PlacementHub pre-seed intro with NIKHIL SANDEEP BOHRA
2026-06-22 14:59:28 [INFO   ] SENT (Brevo) -> nikhilsbohra@gmail.com (NIKHIL SANDEEP BOHRA) | PlacementHub pre-seed intro with NIKHIL SANDEEP BOHRA | messageId=<202606220929.79824262384@smtp-relay.mailin.fr> (API accepted; run audit-brevo to confirm delivery)
2026-06-22 14:59:28 [INFO   ] Sleeping for 10 seconds
2026-06-22 14:59:38 [INFO   ] PROGRESS | Send 4/50 | SENT | nikhilsbohra@gmail.com | NIKHIL SANDEEP BOHRA [Chartered Accountants & Company Secretaries] | ok=2 fail=2 skip=0
2026-06-22 14:59:38 [INFO   ] PROGRESS | Send 5/50 | SENDING | chanchal@kondesh.com | CHANCHAL HAJARILAL JAIN [Chartered Accountants & Company Secretaries] | ok=2 fail=2 skip=0
2026-06-22 14:59:41 [INFO   ] --------------------------------------------------------------
2026-06-22 14:59:41 [INFO   ] PROGRESS | Email content — To: chanchal@kondesh.com
2026-06-22 14:59:41 [INFO   ] PROGRESS | Subject: PlacementHub pre-seed intro with CHANCHAL HAJARILAL JAIN
2026-06-22 14:59:41 [INFO   ] PROGRESS | Body:
2026-06-22 14:59:41 [INFO   ] PROGRESS |   Dear Sir/Madam,
2026-06-22 14:59:41 [INFO   ] PROGRESS |   I am reaching out to introduce PlacementHub and explore whether any of your investor, entrepreneur, or
2026-06-22 14:59:41 [INFO   ] PROGRESS |   HNI clients may be open to reviewing a strategic seed opportunity.
2026-06-22 14:59:41 [INFO   ] PROGRESS |   My name is Sandeep Jain. PlacementHub is currently in its pre-seed fundraising stage, and I am
2026-06-22 14:59:41 [INFO   ] PROGRESS |   soliciting strategic seed investment for the same. PlacementHub is a campus placement and employability
2026-06-22 14:59:41 [INFO   ] PROGRESS |   platform connecting students, colleges, and recruiters. The product is built and in early
2026-06-22 14:59:41 [INFO   ] PROGRESS |   commercialization.
2026-06-22 14:59:41 [INFO   ] PROGRESS |   For reference, the detailed business plan, including the business model and go-to-market strategies, is
2026-06-22 14:59:41 [INFO   ] PROGRESS |   available here:
2026-06-22 14:59:41 [INFO   ] PROGRESS |   PlacementHub Business Plan
2026-06-22 14:59:41 [INFO   ] PROGRESS |   For a Chartered Accountant firm, the relevance is mainly professional and strategic:
2026-06-22 14:59:41 [INFO   ] PROGRESS |   PlacementHub may require support across accounting, taxation, compliance, payroll, investor documentation, audit, and related professional services.
2026-06-22 14:59:41 [INFO   ] PROGRESS |   I would naturally be pleased to consider and prioritize firms that support PlacementHub during its early growth phase, subject to suitability and mutual agreement.
2026-06-22 14:59:41 [INFO   ] PROGRESS |   The relationship can begin with a simple review of the investment note and, where appropriate, introductions to suitable investor clients.
2026-06-22 14:59:41 [INFO   ] PROGRESS |   If the opportunity is worth a look, I would be happy to send the note and speak briefly about the round,
2026-06-22 14:59:41 [INFO   ] PROGRESS |   the platform, and the type of strategic investors we are looking for.
2026-06-22 14:59:41 [INFO   ] PROGRESS |   Please reply to this email or call me if you would like to explore it.
2026-06-22 14:59:41 [INFO   ] PROGRESS |   Warm Regards,
2026-06-22 14:59:41 [INFO   ] PROGRESS |   Sandeep Jain
2026-06-22 14:59:41 [INFO   ] PROGRESS |   Founder, PlacementHub
2026-06-22 14:59:41 [INFO   ] PROGRESS |   +91-9860090620
2026-06-22 14:59:41 [INFO   ] PROGRESS |   sandeepjain200019@gmail.com
2026-06-22 14:59:41 [INFO   ] PROGRESS |   Detailed Profile
2026-06-22 14:59:41 [INFO   ] PROGRESS |   Detailed Note on Funding Requirement
2026-06-22 14:59:41 [INFO   ] --------------------------------------------------------------
2026-06-22 14:59:41 [INFO   ] 
2026-06-22 14:59:41 [INFO   ] 
2026-06-22 14:59:41 [INFO   ] PROGRESS | Email preview — To: chanchal@kondesh.com | Subject: PlacementHub pre-seed intro with CHANCHAL HAJARILAL JAIN
2026-06-22 14:59:42 [INFO   ] SENT (Brevo) -> chanchal@kondesh.com (CHANCHAL HAJARILAL JAIN) | PlacementHub pre-seed intro with CHANCHAL HAJARILAL JAIN | messageId=<202606220929.77239635195@smtp-relay.mailin.fr> (API accepted; run audit-brevo to confirm delivery)
2026-06-22 14:59:42 [INFO   ] Sleeping for 10 seconds
2026-06-22 14:59:52 [INFO   ] PROGRESS | Send 5/50 | SENT | chanchal@kondesh.com | CHANCHAL HAJARILAL JAIN [Chartered Accountants & Company Secretaries] | ok=3 fail=2 skip=0
2026-06-22 14:59:52 [INFO   ] PROGRESS | Send 6/50 | SENDING | harishsc1989@gmail.com | HARISH SHYAM CHOUDHARY [Chartered Accountants & Company Secretaries] | ok=3 fail=2 skip=0
2026-06-22 15:00:03 [INFO   ] --------------------------------------------------------------
2026-06-22 15:00:03 [INFO   ] PROGRESS | Email content — To: harishsc1989@gmail.com
2026-06-22 15:00:03 [INFO   ] PROGRESS | Subject: PlacementHub pre-seed intro with HARISH SHYAM CHOUDHARY
2026-06-22 15:00:03 [INFO   ] PROGRESS | Body:
2026-06-22 15:00:03 [INFO   ] PROGRESS |   Dear Sir/Madam,
2026-06-22 15:00:03 [INFO   ] PROGRESS |   I am reaching out to introduce PlacementHub and explore whether any of your investor, entrepreneur, or
2026-06-22 15:00:03 [INFO   ] PROGRESS |   HNI clients may be open to reviewing a strategic seed opportunity.
2026-06-22 15:00:03 [INFO   ] PROGRESS |   My name is Sandeep Jain. PlacementHub is currently in its pre-seed fundraising stage, and I am
2026-06-22 15:00:03 [INFO   ] PROGRESS |   soliciting strategic seed investment for the same. PlacementHub is a campus placement and employability
2026-06-22 15:00:03 [INFO   ] PROGRESS |   platform connecting students, colleges, and recruiters. The product is built and in early
2026-06-22 15:00:03 [INFO   ] PROGRESS |   commercialization.
2026-06-22 15:00:03 [INFO   ] PROGRESS |   For reference, the detailed business plan, including the business model and go-to-market strategies, is
2026-06-22 15:00:03 [INFO   ] PROGRESS |   available here:
2026-06-22 15:00:03 [INFO   ] PROGRESS |   PlacementHub Business Plan
2026-06-22 15:00:03 [INFO   ] PROGRESS |   For a Chartered Accountant firm, the relevance is mainly professional and strategic:
2026-06-22 15:00:03 [INFO   ] PROGRESS |   PlacementHub may require support across accounting, taxation, compliance, payroll, investor documentation, audit, and related professional services.
2026-06-22 15:00:03 [INFO   ] PROGRESS |   I would naturally be pleased to consider and prioritize firms that support PlacementHub during its early growth phase, subject to suitability and mutual agreement.
2026-06-22 15:00:03 [INFO   ] PROGRESS |   The relationship can begin with a simple review of the investment note and, where appropriate, introductions to suitable investor clients.
2026-06-22 15:00:03 [INFO   ] PROGRESS |   If the opportunity is worth a look, I would be happy to send the note and speak briefly about the round,
2026-06-22 15:00:03 [INFO   ] PROGRESS |   the platform, and the type of strategic investors we are looking for.
2026-06-22 15:00:03 [INFO   ] PROGRESS |   Please reply to this email or call me if you would like to explore it.
2026-06-22 15:00:03 [INFO   ] PROGRESS |   Warm Regards,
2026-06-22 15:00:03 [INFO   ] PROGRESS |   Sandeep Jain
2026-06-22 15:00:03 [INFO   ] PROGRESS |   Founder, PlacementHub
2026-06-22 15:00:03 [INFO   ] PROGRESS |   +91-9860090620
2026-06-22 15:00:03 [INFO   ] PROGRESS |   sandeepjain200019@gmail.com
2026-06-22 15:00:03 [INFO   ] PROGRESS |   Detailed Profile
2026-06-22 15:00:03 [INFO   ] PROGRESS |   Detailed Note on Funding Requirement
2026-06-22 15:00:03 [INFO   ] --------------------------------------------------------------
2026-06-22 15:00:03 [INFO   ] 
2026-06-22 15:00:03 [INFO   ] 
2026-06-22 15:00:03 [INFO   ] PROGRESS | Email preview — To: harishsc1989@gmail.com | Subject: PlacementHub pre-seed intro with HARISH SHYAM CHOUDHARY
2026-06-22 15:00:05 [INFO   ] SENT (Brevo) -> harishsc1989@gmail.com (HARISH SHYAM CHOUDHARY) | PlacementHub pre-seed intro with HARISH SHYAM CHOUDHARY | messageId=<202606220930.75525279366@smtp-relay.mailin.fr> (API accepted; run audit-brevo to confirm delivery)
2026-06-22 15:00:05 [INFO   ] Sleeping for 10 seconds
2026-06-22 15:00:15 [INFO   ] PROGRESS | Send 6/50 | SENT | harishsc1989@gmail.com | HARISH SHYAM CHOUDHARY [Chartered Accountants & Company Secretaries] | ok=4 fail=2 skip=0
2026-06-22 15:00:15 [INFO   ] PROGRESS | Send 7/50 | SENDING | hvpatelandassociates@gmail.com | HARESHKUMAR VASHRAMBHAI PATEL [Chartered Accountants & Company Secretaries] | ok=4 fail=2 skip=0
2026-06-22 15:00:16 [INFO   ] --------------------------------------------------------------
2026-06-22 15:00:16 [INFO   ] PROGRESS | Email content — To: hvpatelandassociates@gmail.com
2026-06-22 15:00:16 [INFO   ] PROGRESS | Subject: PlacementHub pre-seed intro with HARESHKUMAR VASHRAMBHAI PATEL
2026-06-22 15:00:16 [INFO   ] PROGRESS | Body:
2026-06-22 15:00:16 [INFO   ] PROGRESS |   Dear Sir/Madam,
2026-06-22 15:00:16 [INFO   ] PROGRESS |   I am reaching out to introduce PlacementHub and explore whether any of your investor, entrepreneur, or
2026-06-22 15:00:16 [INFO   ] PROGRESS |   HNI clients may be open to reviewing a strategic seed opportunity.
2026-06-22 15:00:16 [INFO   ] PROGRESS |   My name is Sandeep Jain. PlacementHub is currently in its pre-seed fundraising stage, and I am
2026-06-22 15:00:16 [INFO   ] PROGRESS |   soliciting strategic seed investment for the same. PlacementHub is a campus placement and employability
2026-06-22 15:00:16 [INFO   ] PROGRESS |   platform connecting students, colleges, and recruiters. The product is built and in early
2026-06-22 15:00:16 [INFO   ] PROGRESS |   commercialization.
2026-06-22 15:00:16 [INFO   ] PROGRESS |   For reference, the detailed business plan, including the business model and go-to-market strategies, is
2026-06-22 15:00:16 [INFO   ] PROGRESS |   available here:
2026-06-22 15:00:16 [INFO   ] PROGRESS |   PlacementHub Business Plan
2026-06-22 15:00:16 [INFO   ] PROGRESS |   For a Chartered Accountant firm, the relevance is mainly professional and strategic:
2026-06-22 15:00:16 [INFO   ] PROGRESS |   PlacementHub may require support across accounting, taxation, compliance, payroll, investor documentation, audit, and related professional services.
2026-06-22 15:00:16 [INFO   ] PROGRESS |   I would naturally be pleased to consider and prioritize firms that support PlacementHub during its early growth phase, subject to suitability and mutual agreement.
2026-06-22 15:00:16 [INFO   ] PROGRESS |   The relationship can begin with a simple review of the investment note and, where appropriate, introductions to suitable investor clients.
2026-06-22 15:00:16 [INFO   ] PROGRESS |   If the opportunity is worth a look, I would be happy to send the note and speak briefly about the round,
2026-06-22 15:00:16 [INFO   ] PROGRESS |   the platform, and the type of strategic investors we are looking for.
2026-06-22 15:00:16 [INFO   ] PROGRESS |   Please reply to this email or call me if you would like to explore it.
2026-06-22 15:00:16 [INFO   ] PROGRESS |   Warm Regards,
2026-06-22 15:00:16 [INFO   ] PROGRESS |   Sandeep Jain
2026-06-22 15:00:16 [INFO   ] PROGRESS |   Founder, PlacementHub
2026-06-22 15:00:16 [INFO   ] PROGRESS |   +91-9860090620
2026-06-22 15:00:16 [INFO   ] PROGRESS |   sandeepjain200019@gmail.com
2026-06-22 15:00:16 [INFO   ] PROGRESS |   Detailed Profile
2026-06-22 15:00:16 [INFO   ] PROGRESS |   Detailed Note on Funding Requirement
2026-06-22 15:00:16 [INFO   ] --------------------------------------------------------------
2026-06-22 15:00:16 [INFO   ] 
2026-06-22 15:00:16 [INFO   ] 
2026-06-22 15:00:16 [INFO   ] PROGRESS | Email preview — To: hvpatelandassociates@gmail.com | Subject: PlacementHub pre-seed intro with HARESHKUMAR VASHRAMBHAI PATEL
2026-06-22 15:00:18 [INFO   ] SENT (Brevo) -> hvpatelandassociates@gmail.com (HARESHKUMAR VASHRAMBHAI PATEL) | PlacementHub pre-seed intro with HARESHKUMAR VASHRAMBHAI PATEL | messageId=<202606220930.13660442831@smtp-relay.mailin.fr> (API accepted; run audit-brevo to confirm delivery)
2026-06-22 15:00:18 [INFO   ] Sleeping for 10 seconds
2026-06-22 15:00:28 [INFO   ] PROGRESS | Send 7/50 | SENT | hvpatelandassociates@gmail.com | HARESHKUMAR VASHRAMBHAI PATEL [Chartered Accountants & Company Secretaries] | ok=5 fail=2 skip=0
2026-06-22 15:00:28 [INFO   ] PROGRESS | Send 8/50 | SENDING | cavikramtrivedi@gmail.com | VIKRAM ISHWARLAL TRIVEDI [Chartered Accountants & Company Secretaries] | ok=5 fail=2 skip=0
2026-06-22 15:00:29 [INFO   ] --------------------------------------------------------------
2026-06-22 15:00:29 [INFO   ] PROGRESS | Email content — To: cavikramtrivedi@gmail.com
2026-06-22 15:00:29 [INFO   ] PROGRESS | Subject: PlacementHub pre-seed intro with VIKRAM ISHWARLAL TRIVEDI
2026-06-22 15:00:29 [INFO   ] PROGRESS | Body:
2026-06-22 15:00:29 [INFO   ] PROGRESS |   Dear Sir/Madam,
2026-06-22 15:00:29 [INFO   ] PROGRESS |   I am reaching out to introduce PlacementHub and explore whether any of your investor, entrepreneur, or
2026-06-22 15:00:29 [INFO   ] PROGRESS |   HNI clients may be open to reviewing a strategic seed opportunity.
2026-06-22 15:00:29 [INFO   ] PROGRESS |   My name is Sandeep Jain. PlacementHub is currently in its pre-seed fundraising stage, and I am
2026-06-22 15:00:29 [INFO   ] PROGRESS |   soliciting strategic seed investment for the same. PlacementHub is a campus placement and employability
2026-06-22 15:00:29 [INFO   ] PROGRESS |   platform connecting students, colleges, and recruiters. The product is built and in early
2026-06-22 15:00:29 [INFO   ] PROGRESS |   commercialization.
2026-06-22 15:00:29 [INFO   ] PROGRESS |   For reference, the detailed business plan, including the business model and go-to-market strategies, is
2026-06-22 15:00:29 [INFO   ] PROGRESS |   available here:
2026-06-22 15:00:29 [INFO   ] PROGRESS |   PlacementHub Business Plan
2026-06-22 15:00:29 [INFO   ] PROGRESS |   For a Chartered Accountant firm, the relevance is mainly professional and strategic:
2026-06-22 15:00:29 [INFO   ] PROGRESS |   PlacementHub may require support across accounting, taxation, compliance, payroll, investor documentation, audit, and related professional services.
2026-06-22 15:00:29 [INFO   ] PROGRESS |   I would naturally be pleased to consider and prioritize firms that support PlacementHub during its early growth phase, subject to suitability and mutual agreement.
2026-06-22 15:00:29 [INFO   ] PROGRESS |   The relationship can begin with a simple review of the investment note and, where appropriate, introductions to suitable investor clients.
2026-06-22 15:00:29 [INFO   ] PROGRESS |   If the opportunity is worth a look, I would be happy to send the note and speak briefly about the round,
2026-06-22 15:00:29 [INFO   ] PROGRESS |   the platform, and the type of strategic investors we are looking for.
2026-06-22 15:00:29 [INFO   ] PROGRESS |   Please reply to this email or call me if you would like to explore it.
2026-06-22 15:00:29 [INFO   ] PROGRESS |   Warm Regards,
2026-06-22 15:00:29 [INFO   ] PROGRESS |   Sandeep Jain
2026-06-22 15:00:29 [INFO   ] PROGRESS |   Founder, PlacementHub
2026-06-22 15:00:29 [INFO   ] PROGRESS |   +91-9860090620
2026-06-22 15:00:29 [INFO   ] PROGRESS |   sandeepjain200019@gmail.com
2026-06-22 15:00:29 [INFO   ] PROGRESS |   Detailed Profile
2026-06-22 15:00:29 [INFO   ] PROGRESS |   Detailed Note on Funding Requirement
2026-06-22 15:00:29 [INFO   ] --------------------------------------------------------------
2026-06-22 15:00:29 [INFO   ] 
2026-06-22 15:00:29 [INFO   ] 
2026-06-22 15:00:29 [INFO   ] PROGRESS | Email preview — To: cavikramtrivedi@gmail.com | Subject: PlacementHub pre-seed intro with VIKRAM ISHWARLAL TRIVEDI
2026-06-22 15:00:30 [INFO   ] SENT (Brevo) -> cavikramtrivedi@gmail.com (VIKRAM ISHWARLAL TRIVEDI) | PlacementHub pre-seed intro with VIKRAM ISHWARLAL TRIVEDI | messageId=<202606220930.68324231358@smtp-relay.mailin.fr> (API accepted; run audit-brevo to confirm delivery)
2026-06-22 15:00:30 [INFO   ] Sleeping for 10 seconds
2026-06-22 15:00:40 [INFO   ] PROGRESS | Send 8/50 | SENT | cavikramtrivedi@gmail.com | VIKRAM ISHWARLAL TRIVEDI [Chartered Accountants & Company Secretaries] | ok=6 fail=2 skip=0
2026-06-22 15:00:40 [INFO   ] PROGRESS | Send 9/50 | SENDING | nbchavan22@yahoo.co.in | CHAVAN NAMDEV BABURAO [Chartered Accountants & Company Secretaries] | ok=6 fail=2 skip=0
2026-06-22 15:00:45 [INFO   ] --------------------------------------------------------------
2026-06-22 15:00:45 [INFO   ] PROGRESS | Email content — To: nbchavan22@yahoo.co.in
2026-06-22 15:00:45 [INFO   ] PROGRESS | Subject: PlacementHub pre-seed intro with CHAVAN NAMDEV BABURAO
2026-06-22 15:00:45 [INFO   ] PROGRESS | Body:
2026-06-22 15:00:45 [INFO   ] PROGRESS |   Dear Sir/Madam,
2026-06-22 15:00:45 [INFO   ] PROGRESS |   I am reaching out to introduce PlacementHub and explore whether any of your investor, entrepreneur, or
2026-06-22 15:00:45 [INFO   ] PROGRESS |   HNI clients may be open to reviewing a strategic seed opportunity.
2026-06-22 15:00:45 [INFO   ] PROGRESS |   My name is Sandeep Jain. PlacementHub is currently in its pre-seed fundraising stage, and I am
2026-06-22 15:00:45 [INFO   ] PROGRESS |   soliciting strategic seed investment for the same. PlacementHub is a campus placement and employability
2026-06-22 15:00:45 [INFO   ] PROGRESS |   platform connecting students, colleges, and recruiters. The product is built and in early
2026-06-22 15:00:45 [INFO   ] PROGRESS |   commercialization.
2026-06-22 15:00:45 [INFO   ] PROGRESS |   For reference, the detailed business plan, including the business model and go-to-market strategies, is
2026-06-22 15:00:45 [INFO   ] PROGRESS |   available here:
2026-06-22 15:00:45 [INFO   ] PROGRESS |   PlacementHub Business Plan
2026-06-22 15:00:45 [INFO   ] PROGRESS |   For a Chartered Accountant firm, the relevance is mainly professional and strategic:
2026-06-22 15:00:45 [INFO   ] PROGRESS |   PlacementHub may require support across accounting, taxation, compliance, payroll, investor documentation, audit, and related professional services.
2026-06-22 15:00:45 [INFO   ] PROGRESS |   I would naturally be pleased to consider and prioritize firms that support PlacementHub during its early growth phase, subject to suitability and mutual agreement.
2026-06-22 15:00:45 [INFO   ] PROGRESS |   The relationship can begin with a simple review of the investment note and, where appropriate, introductions to suitable investor clients.
2026-06-22 15:00:45 [INFO   ] PROGRESS |   If the opportunity is worth a look, I would be happy to send the note and speak briefly about the round,
2026-06-22 15:00:45 [INFO   ] PROGRESS |   the platform, and the type of strategic investors we are looking for.
2026-06-22 15:00:45 [INFO   ] PROGRESS |   Please reply to this email or call me if you would like to explore it.
2026-06-22 15:00:45 [INFO   ] PROGRESS |   Warm Regards,
2026-06-22 15:00:45 [INFO   ] PROGRESS |   Sandeep Jain
2026-06-22 15:00:45 [INFO   ] PROGRESS |   Founder, PlacementHub
2026-06-22 15:00:45 [INFO   ] PROGRESS |   +91-9860090620
2026-06-22 15:00:45 [INFO   ] PROGRESS |   sandeepjain200019@gmail.com
2026-06-22 15:00:45 [INFO   ] PROGRESS |   Detailed Profile
2026-06-22 15:00:45 [INFO   ] PROGRESS |   Detailed Note on Funding Requirement
2026-06-22 15:00:45 [INFO   ] --------------------------------------------------------------
2026-06-22 15:00:45 [INFO   ] 
2026-06-22 15:00:45 [INFO   ] 
2026-06-22 15:00:45 [INFO   ] PROGRESS | Email preview — To: nbchavan22@yahoo.co.in | Subject: PlacementHub pre-seed intro with CHAVAN NAMDEV BABURAO
2026-06-22 15:00:46 [INFO   ] SENT (Brevo) -> nbchavan22@yahoo.co.in (CHAVAN NAMDEV BABURAO) | PlacementHub pre-seed intro with CHAVAN NAMDEV BABURAO | messageId=<202606220930.90213638166@smtp-relay.mailin.fr> (API accepted; run audit-brevo to confirm delivery)
2026-06-22 15:00:46 [INFO   ] Sleeping for 10 seconds
2026-06-22 15:00:56 [INFO   ] PROGRESS | Send 9/50 | SENT | nbchavan22@yahoo.co.in | CHAVAN NAMDEV BABURAO [Chartered Accountants & Company Secretaries] | ok=7 fail=2 skip=0
2026-06-22 15:00:56 [INFO   ] PROGRESS | Send 10/50 | SENDING | desaiandseksaria@gmail.com | NARENDRA RAMGOPAL SEKSARIA [Chartered Accountants & Company Secretaries] | ok=7 fail=2 skip=0
2026-06-22 15:00:58 [INFO   ] --------------------------------------------------------------
2026-06-22 15:00:58 [INFO   ] PROGRESS | Email content — To: desaiandseksaria@gmail.com
2026-06-22 15:00:58 [INFO   ] PROGRESS | Subject: PlacementHub pre-seed intro with NARENDRA RAMGOPAL SEKSARIA
2026-06-22 15:00:58 [INFO   ] PROGRESS | Body:
2026-06-22 15:00:58 [INFO   ] PROGRESS |   Dear Sir/Madam,
2026-06-22 15:00:58 [INFO   ] PROGRESS |   I am reaching out to introduce PlacementHub and explore whether any of your investor, entrepreneur, or
2026-06-22 15:00:58 [INFO   ] PROGRESS |   HNI clients may be open to reviewing a strategic seed opportunity.
2026-06-22 15:00:58 [INFO   ] PROGRESS |   My name is Sandeep Jain. PlacementHub is currently in its pre-seed fundraising stage, and I am
2026-06-22 15:00:58 [INFO   ] PROGRESS |   soliciting strategic seed investment for the same. PlacementHub is a campus placement and employability
2026-06-22 15:00:58 [INFO   ] PROGRESS |   platform connecting students, colleges, and recruiters. The product is built and in early
2026-06-22 15:00:58 [INFO   ] PROGRESS |   commercialization.
2026-06-22 15:00:58 [INFO   ] PROGRESS |   For reference, the detailed business plan, including the business model and go-to-market strategies, is
2026-06-22 15:00:58 [INFO   ] PROGRESS |   available here:
2026-06-22 15:00:58 [INFO   ] PROGRESS |   PlacementHub Business Plan
2026-06-22 15:00:58 [INFO   ] PROGRESS |   For a Chartered Accountant firm, the relevance is mainly professional and strategic:
2026-06-22 15:00:58 [INFO   ] PROGRESS |   PlacementHub may require support across accounting, taxation, compliance, payroll, investor documentation, audit, and related professional services.
2026-06-22 15:00:58 [INFO   ] PROGRESS |   I would naturally be pleased to consider and prioritize firms that support PlacementHub during its early growth phase, subject to suitability and mutual agreement.
2026-06-22 15:00:58 [INFO   ] PROGRESS |   The relationship can begin with a simple review of the investment note and, where appropriate, introductions to suitable investor clients.
2026-06-22 15:00:58 [INFO   ] PROGRESS |   If the opportunity is worth a look, I would be happy to send the note and speak briefly about the round,
2026-06-22 15:00:58 [INFO   ] PROGRESS |   the platform, and the type of strategic investors we are looking for.
2026-06-22 15:00:58 [INFO   ] PROGRESS |   Please reply to this email or call me if you would like to explore it.
2026-06-22 15:00:58 [INFO   ] PROGRESS |   Warm Regards,
2026-06-22 15:00:58 [INFO   ] PROGRESS |   Sandeep Jain
2026-06-22 15:00:58 [INFO   ] PROGRESS |   Founder, PlacementHub
2026-06-22 15:00:58 [INFO   ] PROGRESS |   +91-9860090620
2026-06-22 15:00:58 [INFO   ] PROGRESS |   sandeepjain200019@gmail.com
2026-06-22 15:00:58 [INFO   ] PROGRESS |   Detailed Profile
2026-06-22 15:00:58 [INFO   ] PROGRESS |   Detailed Note on Funding Requirement
2026-06-22 15:00:58 [INFO   ] --------------------------------------------------------------
2026-06-22 15:00:58 [INFO   ] 
2026-06-22 15:00:58 [INFO   ] 
2026-06-22 15:00:58 [INFO   ] PROGRESS | Email preview — To: desaiandseksaria@gmail.com | Subject: PlacementHub pre-seed intro with NARENDRA RAMGOPAL SEKSARIA
2026-06-22 15:01:00 [INFO   ] SENT (Brevo) -> desaiandseksaria@gmail.com (NARENDRA RAMGOPAL SEKSARIA) | PlacementHub pre-seed intro with NARENDRA RAMGOPAL SEKSARIA | messageId=<202606220930.54028758665@smtp-relay.mailin.fr> (API accepted; run audit-brevo to confirm delivery)
2026-06-22 15:01:00 [INFO   ] Sleeping for 10 seconds
2026-06-22 15:01:10 [INFO   ] PROGRESS | Send 10/50 | SENT | desaiandseksaria@gmail.com | NARENDRA RAMGOPAL SEKSARIA [Chartered Accountants & Company Secretaries] | ok=8 fail=2 skip=0
2026-06-22 15:01:10 [INFO   ] PROGRESS | Send 11/50 | SENDING | info@vasantkhatrica.com | VASANT SHIVJI KHATRI [Chartered Accountants & Company Secretaries] | ok=8 fail=2 skip=0
2026-06-22 15:01:11 [INFO   ] --------------------------------------------------------------
2026-06-22 15:01:11 [INFO   ] PROGRESS | Email content — To: info@vasantkhatrica.com
2026-06-22 15:01:11 [INFO   ] PROGRESS | Subject: PlacementHub pre-seed intro with VASANT SHIVJI KHATRI
2026-06-22 15:01:11 [INFO   ] PROGRESS | Body:
2026-06-22 15:01:11 [INFO   ] PROGRESS |   Dear Sir/Madam,
2026-06-22 15:01:11 [INFO   ] PROGRESS |   I am reaching out to introduce PlacementHub and explore whether any of your investor, entrepreneur, or
2026-06-22 15:01:11 [INFO   ] PROGRESS |   HNI clients may be open to reviewing a strategic seed opportunity.
2026-06-22 15:01:11 [INFO   ] PROGRESS |   My name is Sandeep Jain. PlacementHub is currently in its pre-seed fundraising stage, and I am
2026-06-22 15:01:11 [INFO   ] PROGRESS |   soliciting strategic seed investment for the same. PlacementHub is a campus placement and employability
2026-06-22 15:01:11 [INFO   ] PROGRESS |   platform connecting students, colleges, and recruiters. The product is built and in early
2026-06-22 15:01:11 [INFO   ] PROGRESS |   commercialization.
2026-06-22 15:01:11 [INFO   ] PROGRESS |   For reference, the detailed business plan, including the business model and go-to-market strategies, is
2026-06-22 15:01:11 [INFO   ] PROGRESS |   available here:
2026-06-22 15:01:11 [INFO   ] PROGRESS |   PlacementHub Business Plan
2026-06-22 15:01:11 [INFO   ] PROGRESS |   For a Chartered Accountant firm, the relevance is mainly professional and strategic:
2026-06-22 15:01:11 [INFO   ] PROGRESS |   PlacementHub may require support across accounting, taxation, compliance, payroll, investor documentation, audit, and related professional services.
2026-06-22 15:01:11 [INFO   ] PROGRESS |   I would naturally be pleased to consider and prioritize firms that support PlacementHub during its early growth phase, subject to suitability and mutual agreement.
2026-06-22 15:01:11 [INFO   ] PROGRESS |   The relationship can begin with a simple review of the investment note and, where appropriate, introductions to suitable investor clients.
2026-06-22 15:01:11 [INFO   ] PROGRESS |   If the opportunity is worth a look, I would be happy to send the note and speak briefly about the round,
2026-06-22 15:01:11 [INFO   ] PROGRESS |   the platform, and the type of strategic investors we are looking for.
2026-06-22 15:01:11 [INFO   ] PROGRESS |   Please reply to this email or call me if you would like to explore it.
2026-06-22 15:01:11 [INFO   ] PROGRESS |   Warm Regards,
2026-06-22 15:01:11 [INFO   ] PROGRESS |   Sandeep Jain
2026-06-22 15:01:11 [INFO   ] PROGRESS |   Founder, PlacementHub
2026-06-22 15:01:11 [INFO   ] PROGRESS |   +91-9860090620
2026-06-22 15:01:11 [INFO   ] PROGRESS |   sandeepjain200019@gmail.com
2026-06-22 15:01:11 [INFO   ] PROGRESS |   Detailed Profile
2026-06-22 15:01:11 [INFO   ] PROGRESS |   Detailed Note on Funding Requirement
2026-06-22 15:01:11 [INFO   ] --------------------------------------------------------------
2026-06-22 15:01:11 [INFO   ] 
2026-06-22 15:01:11 [INFO   ] 
2026-06-22 15:01:11 [INFO   ] PROGRESS | Email preview — To: info@vasantkhatrica.com | Subject: PlacementHub pre-seed intro with VASANT SHIVJI KHATRI
2026-06-22 15:01:12 [INFO   ] SENT (Brevo) -> info@vasantkhatrica.com (VASANT SHIVJI KHATRI) | PlacementHub pre-seed intro with VASANT SHIVJI KHATRI | messageId=<202606220931.37839784783@smtp-relay.mailin.fr> (API accepted; run audit-brevo to confirm delivery)
2026-06-22 15:01:12 [INFO   ] Sleeping for 10 seconds
2026-06-22 15:01:22 [INFO   ] PROGRESS | Send 11/50 | SENT | info@vasantkhatrica.com | VASANT SHIVJI KHATRI [Chartered Accountants & Company Secretaries] | ok=9 fail=2 skip=0
2026-06-22 15:01:22 [INFO   ] PROGRESS | Send 12/50 | SENDING | rakeshsahani134@gmail.com | RAKESH RADHESHYAM SAHANI [Chartered Accountants & Company Secretaries] | ok=9 fail=2 skip=0
2026-06-22 15:01:24 [INFO   ] --------------------------------------------------------------
2026-06-22 15:01:24 [INFO   ] PROGRESS | Email content — To: rakeshsahani134@gmail.com
2026-06-22 15:01:24 [INFO   ] PROGRESS | Subject: PlacementHub pre-seed intro with RAKESH RADHESHYAM SAHANI
2026-06-22 15:01:24 [INFO   ] PROGRESS | Body:
2026-06-22 15:01:24 [INFO   ] PROGRESS |   Dear Sir/Madam,
2026-06-22 15:01:24 [INFO   ] PROGRESS |   I am reaching out to introduce PlacementHub and explore whether any of your investor, entrepreneur, or
2026-06-22 15:01:24 [INFO   ] PROGRESS |   HNI clients may be open to reviewing a strategic seed opportunity.
2026-06-22 15:01:24 [INFO   ] PROGRESS |   My name is Sandeep Jain. PlacementHub is currently in its pre-seed fundraising stage, and I am
2026-06-22 15:01:24 [INFO   ] PROGRESS |   soliciting strategic seed investment for the same. PlacementHub is a campus placement and employability
2026-06-22 15:01:24 [INFO   ] PROGRESS |   platform connecting students, colleges, and recruiters. The product is built and in early
2026-06-22 15:01:24 [INFO   ] PROGRESS |   commercialization.
2026-06-22 15:01:24 [INFO   ] PROGRESS |   For reference, the detailed business plan, including the business model and go-to-market strategies, is
2026-06-22 15:01:24 [INFO   ] PROGRESS |   available here:
2026-06-22 15:01:24 [INFO   ] PROGRESS |   PlacementHub Business Plan
2026-06-22 15:01:24 [INFO   ] PROGRESS |   For a Chartered Accountant firm, the relevance is mainly professional and strategic:
2026-06-22 15:01:24 [INFO   ] PROGRESS |   PlacementHub may require support across accounting, taxation, compliance, payroll, investor documentation, audit, and related professional services.
2026-06-22 15:01:24 [INFO   ] PROGRESS |   I would naturally be pleased to consider and prioritize firms that support PlacementHub during its early growth phase, subject to suitability and mutual agreement.
2026-06-22 15:01:24 [INFO   ] PROGRESS |   The relationship can begin with a simple review of the investment note and, where appropriate, introductions to suitable investor clients.
2026-06-22 15:01:24 [INFO   ] PROGRESS |   If the opportunity is worth a look, I would be happy to send the note and speak briefly about the round,
2026-06-22 15:01:24 [INFO   ] PROGRESS |   the platform, and the type of strategic investors we are looking for.
2026-06-22 15:01:24 [INFO   ] PROGRESS |   Please reply to this email or call me if you would like to explore it.
2026-06-22 15:01:24 [INFO   ] PROGRESS |   Warm Regards,
2026-06-22 15:01:24 [INFO   ] PROGRESS |   Sandeep Jain
2026-06-22 15:01:24 [INFO   ] PROGRESS |   Founder, PlacementHub
2026-06-22 15:01:24 [INFO   ] PROGRESS |   +91-9860090620
2026-06-22 15:01:24 [INFO   ] PROGRESS |   sandeepjain200019@gmail.com
2026-06-22 15:01:24 [INFO   ] PROGRESS |   Detailed Profile
2026-06-22 15:01:24 [INFO   ] PROGRESS |   Detailed Note on Funding Requirement
2026-06-22 15:01:24 [INFO   ] --------------------------------------------------------------
2026-06-22 15:01:24 [INFO   ] 
2026-06-22 15:01:24 [INFO   ] 
2026-06-22 15:01:24 [INFO   ] PROGRESS | Email preview — To: rakeshsahani134@gmail.com | Subject: PlacementHub pre-seed intro with RAKESH RADHESHYAM SAHANI
2026-06-22 15:01:25 [INFO   ] SENT (Brevo) -> rakeshsahani134@gmail.com (RAKESH RADHESHYAM SAHANI) | PlacementHub pre-seed intro with RAKESH RADHESHYAM SAHANI | messageId=<202606220931.78504785457@smtp-relay.mailin.fr> (API accepted; run audit-brevo to confirm delivery)
2026-06-22 15:01:25 [INFO   ] Sleeping for 10 seconds
2026-06-22 15:01:35 [INFO   ] PROGRESS | Send 12/50 | SENT | rakeshsahani134@gmail.com | RAKESH RADHESHYAM SAHANI [Chartered Accountants & Company Secretaries] | ok=10 fail=2 skip=0
2026-06-22 15:01:35 [INFO   ] PROGRESS | Send 13/50 | SENDING | cajitendrathakur@gmail.com | JITENDRA THAKUR [Chartered Accountants & Company Secretaries] | ok=10 fail=2 skip=0
2026-06-22 15:01:48 [INFO   ] --------------------------------------------------------------
2026-06-22 15:01:48 [INFO   ] PROGRESS | Email content — To: cajitendrathakur@gmail.com
2026-06-22 15:01:48 [INFO   ] PROGRESS | Subject: PlacementHub pre-seed intro with JITENDRA THAKUR
2026-06-22 15:01:48 [INFO   ] PROGRESS | Body:
2026-06-22 15:01:48 [INFO   ] PROGRESS |   Dear Sir/Madam,
2026-06-22 15:01:48 [INFO   ] PROGRESS |   I am reaching out to introduce PlacementHub and explore whether any of your investor, entrepreneur, or
2026-06-22 15:01:48 [INFO   ] PROGRESS |   HNI clients may be open to reviewing a strategic seed opportunity.
2026-06-22 15:01:48 [INFO   ] PROGRESS |   My name is Sandeep Jain. PlacementHub is currently in its pre-seed fundraising stage, and I am
2026-06-22 15:01:48 [INFO   ] PROGRESS |   soliciting strategic seed investment for the same. PlacementHub is a campus placement and employability
2026-06-22 15:01:48 [INFO   ] PROGRESS |   platform connecting students, colleges, and recruiters. The product is built and in early
2026-06-22 15:01:48 [INFO   ] PROGRESS |   commercialization.
2026-06-22 15:01:48 [INFO   ] PROGRESS |   For reference, the detailed business plan, including the business model and go-to-market strategies, is
2026-06-22 15:01:48 [INFO   ] PROGRESS |   available here:
2026-06-22 15:01:48 [INFO   ] PROGRESS |   PlacementHub Business Plan
2026-06-22 15:01:48 [INFO   ] PROGRESS |   For a Chartered Accountant firm, the relevance is mainly professional and strategic:
2026-06-22 15:01:48 [INFO   ] PROGRESS |   PlacementHub may require support across accounting, taxation, compliance, payroll, investor documentation, audit, and related professional services.
2026-06-22 15:01:48 [INFO   ] PROGRESS |   I would naturally be pleased to consider and prioritize firms that support PlacementHub during its early growth phase, subject to suitability and mutual agreement.
2026-06-22 15:01:48 [INFO   ] PROGRESS |   The relationship can begin with a simple review of the investment note and, where appropriate, introductions to suitable investor clients.
2026-06-22 15:01:48 [INFO   ] PROGRESS |   If the opportunity is worth a look, I would be happy to send the note and speak briefly about the round,
2026-06-22 15:01:48 [INFO   ] PROGRESS |   the platform, and the type of strategic investors we are looking for.
2026-06-22 15:01:48 [INFO   ] PROGRESS |   Please reply to this email or call me if you would like to explore it.
2026-06-22 15:01:48 [INFO   ] PROGRESS |   Warm Regards,
2026-06-22 15:01:48 [INFO   ] PROGRESS |   Sandeep Jain
2026-06-22 15:01:48 [INFO   ] PROGRESS |   Founder, PlacementHub
2026-06-22 15:01:48 [INFO   ] PROGRESS |   +91-9860090620
2026-06-22 15:01:48 [INFO   ] PROGRESS |   sandeepjain200019@gmail.com
2026-06-22 15:01:48 [INFO   ] PROGRESS |   Detailed Profile
2026-06-22 15:01:48 [INFO   ] PROGRESS |   Detailed Note on Funding Requirement
2026-06-22 15:01:48 [INFO   ] --------------------------------------------------------------
2026-06-22 15:01:48 [INFO   ] 
2026-06-22 15:01:48 [INFO   ] 
2026-06-22 15:01:48 [INFO   ] PROGRESS | Email preview — To: cajitendrathakur@gmail.com | Subject: PlacementHub pre-seed intro with JITENDRA THAKUR
2026-06-22 15:01:49 [INFO   ] SENT (Brevo) -> cajitendrathakur@gmail.com (JITENDRA THAKUR) | PlacementHub pre-seed intro with JITENDRA THAKUR | messageId=<202606220931.71188285953@smtp-relay.mailin.fr> (API accepted; run audit-brevo to confirm delivery)
2026-06-22 15:01:49 [INFO   ] Sleeping for 10 seconds
2026-06-22 15:01:59 [INFO   ] PROGRESS | Send 13/50 | SENT | cajitendrathakur@gmail.com | JITENDRA THAKUR [Chartered Accountants & Company Secretaries] | ok=11 fail=2 skip=0
2026-06-22 15:01:59 [INFO   ] PROGRESS | Send 14/50 | SENDING | caabdulkareem@gmail.com | ABDUL KAREEM [Chartered Accountants & Company Secretaries] | ok=11 fail=2 skip=0
2026-06-22 15:02:01 [INFO   ] --------------------------------------------------------------
2026-06-22 15:02:01 [INFO   ] PROGRESS | Email content — To: caabdulkareem@gmail.com
2026-06-22 15:02:01 [INFO   ] PROGRESS | Subject: PlacementHub pre-seed intro with ABDUL KAREEM
2026-06-22 15:02:01 [INFO   ] PROGRESS | Body:
2026-06-22 15:02:01 [INFO   ] PROGRESS |   Dear Sir/Madam,
2026-06-22 15:02:01 [INFO   ] PROGRESS |   I am reaching out to introduce PlacementHub and explore whether any of your investor, entrepreneur, or
2026-06-22 15:02:01 [INFO   ] PROGRESS |   HNI clients may be open to reviewing a strategic seed opportunity.
2026-06-22 15:02:01 [INFO   ] PROGRESS |   My name is Sandeep Jain. PlacementHub is currently in its pre-seed fundraising stage, and I am
2026-06-22 15:02:01 [INFO   ] PROGRESS |   soliciting strategic seed investment for the same. PlacementHub is a campus placement and employability
2026-06-22 15:02:01 [INFO   ] PROGRESS |   platform connecting students, colleges, and recruiters. The product is built and in early
2026-06-22 15:02:01 [INFO   ] PROGRESS |   commercialization.
2026-06-22 15:02:01 [INFO   ] PROGRESS |   For reference, the detailed business plan, including the business model and go-to-market strategies, is
2026-06-22 15:02:01 [INFO   ] PROGRESS |   available here:
2026-06-22 15:02:01 [INFO   ] PROGRESS |   PlacementHub Business Plan
2026-06-22 15:02:01 [INFO   ] PROGRESS |   For a Chartered Accountant firm, the relevance is mainly professional and strategic:
2026-06-22 15:02:01 [INFO   ] PROGRESS |   PlacementHub may require support across accounting, taxation, compliance, payroll, investor documentation, audit, and related professional services.
2026-06-22 15:02:01 [INFO   ] PROGRESS |   I would naturally be pleased to consider and prioritize firms that support PlacementHub during its early growth phase, subject to suitability and mutual agreement.
2026-06-22 15:02:01 [INFO   ] PROGRESS |   The relationship can begin with a simple review of the investment note and, where appropriate, introductions to suitable investor clients.
2026-06-22 15:02:01 [INFO   ] PROGRESS |   If the opportunity is worth a look, I would be happy to send the note and speak briefly about the round,
2026-06-22 15:02:01 [INFO   ] PROGRESS |   the platform, and the type of strategic investors we are looking for.
2026-06-22 15:02:01 [INFO   ] PROGRESS |   Please reply to this email or call me if you would like to explore it.
2026-06-22 15:02:01 [INFO   ] PROGRESS |   Warm Regards,
2026-06-22 15:02:01 [INFO   ] PROGRESS |   Sandeep Jain
2026-06-22 15:02:01 [INFO   ] PROGRESS |   Founder, PlacementHub
2026-06-22 15:02:01 [INFO   ] PROGRESS |   +91-9860090620
2026-06-22 15:02:01 [INFO   ] PROGRESS |   sandeepjain200019@gmail.com
2026-06-22 15:02:01 [INFO   ] PROGRESS |   Detailed Profile
2026-06-22 15:02:01 [INFO   ] PROGRESS |   Detailed Note on Funding Requirement
2026-06-22 15:02:01 [INFO   ] --------------------------------------------------------------
2026-06-22 15:02:01 [INFO   ] 
2026-06-22 15:02:01 [INFO   ] 
2026-06-22 15:02:01 [INFO   ] PROGRESS | Email preview — To: caabdulkareem@gmail.com | Subject: PlacementHub pre-seed intro with ABDUL KAREEM
2026-06-22 15:02:02 [INFO   ] SENT (Brevo) -> caabdulkareem@gmail.com (ABDUL KAREEM) | PlacementHub pre-seed intro with ABDUL KAREEM | messageId=<202606220932.82784678611@smtp-relay.mailin.fr> (API accepted; run audit-brevo to confirm delivery)
2026-06-22 15:02:02 [INFO   ] Sleeping for 10 seconds
2026-06-22 15:02:12 [INFO   ] PROGRESS | Send 14/50 | SENT | caabdulkareem@gmail.com | ABDUL KAREEM [Chartered Accountants & Company Secretaries] | ok=12 fail=2 skip=0
2026-06-22 15:02:12 [INFO   ] PROGRESS | Send 15/50 | SENDING | camilinhshah@gmail.com | MILIN HEMENDRA SHAH [Chartered Accountants & Company Secretaries] | ok=12 fail=2 skip=0
2026-06-22 15:02:13 [INFO   ] --------------------------------------------------------------
2026-06-22 15:02:13 [INFO   ] PROGRESS | Email content — To: camilinhshah@gmail.com
2026-06-22 15:02:13 [INFO   ] PROGRESS | Subject: PlacementHub pre-seed intro with MILIN HEMENDRA SHAH
2026-06-22 15:02:13 [INFO   ] PROGRESS | Body:
2026-06-22 15:02:13 [INFO   ] PROGRESS |   Dear Sir/Madam,
2026-06-22 15:02:13 [INFO   ] PROGRESS |   I am reaching out to introduce PlacementHub and explore whether any of your investor, entrepreneur, or
2026-06-22 15:02:13 [INFO   ] PROGRESS |   HNI clients may be open to reviewing a strategic seed opportunity.
2026-06-22 15:02:13 [INFO   ] PROGRESS |   My name is Sandeep Jain. PlacementHub is currently in its pre-seed fundraising stage, and I am
2026-06-22 15:02:13 [INFO   ] PROGRESS |   soliciting strategic seed investment for the same. PlacementHub is a campus placement and employability
2026-06-22 15:02:13 [INFO   ] PROGRESS |   platform connecting students, colleges, and recruiters. The product is built and in early
2026-06-22 15:02:13 [INFO   ] PROGRESS |   commercialization.
2026-06-22 15:02:13 [INFO   ] PROGRESS |   For reference, the detailed business plan, including the business model and go-to-market strategies, is
2026-06-22 15:02:13 [INFO   ] PROGRESS |   available here:
2026-06-22 15:02:13 [INFO   ] PROGRESS |   PlacementHub Business Plan
2026-06-22 15:02:13 [INFO   ] PROGRESS |   For a Chartered Accountant firm, the relevance is mainly professional and strategic:
2026-06-22 15:02:13 [INFO   ] PROGRESS |   PlacementHub may require support across accounting, taxation, compliance, payroll, investor documentation, audit, and related professional services.
2026-06-22 15:02:13 [INFO   ] PROGRESS |   I would naturally be pleased to consider and prioritize firms that support PlacementHub during its early growth phase, subject to suitability and mutual agreement.
2026-06-22 15:02:13 [INFO   ] PROGRESS |   The relationship can begin with a simple review of the investment note and, where appropriate, introductions to suitable investor clients.
2026-06-22 15:02:13 [INFO   ] PROGRESS |   If the opportunity is worth a look, I would be happy to send the note and speak briefly about the round,
2026-06-22 15:02:13 [INFO   ] PROGRESS |   the platform, and the type of strategic investors we are looking for.
2026-06-22 15:02:13 [INFO   ] PROGRESS |   Please reply to this email or call me if you would like to explore it.
2026-06-22 15:02:13 [INFO   ] PROGRESS |   Warm Regards,
2026-06-22 15:02:13 [INFO   ] PROGRESS |   Sandeep Jain
2026-06-22 15:02:13 [INFO   ] PROGRESS |   Founder, PlacementHub
2026-06-22 15:02:13 [INFO   ] PROGRESS |   +91-9860090620
2026-06-22 15:02:13 [INFO   ] PROGRESS |   sandeepjain200019@gmail.com
2026-06-22 15:02:13 [INFO   ] PROGRESS |   Detailed Profile
2026-06-22 15:02:13 [INFO   ] PROGRESS |   Detailed Note on Funding Requirement
2026-06-22 15:02:13 [INFO   ] --------------------------------------------------------------
2026-06-22 15:02:13 [INFO   ] 
2026-06-22 15:02:13 [INFO   ] 
2026-06-22 15:02:13 [INFO   ] PROGRESS | Email preview — To: camilinhshah@gmail.com | Subject: PlacementHub pre-seed intro with MILIN HEMENDRA SHAH
2026-06-22 15:02:14 [INFO   ] SENT (Brevo) -> camilinhshah@gmail.com (MILIN HEMENDRA SHAH) | PlacementHub pre-seed intro with MILIN HEMENDRA SHAH | messageId=<202606220932.93463376829@smtp-relay.mailin.fr> (API accepted; run audit-brevo to confirm delivery)
2026-06-22 15:02:14 [INFO   ] Sleeping for 10 seconds
2026-06-22 15:02:24 [INFO   ] PROGRESS | Send 15/50 | SENT | camilinhshah@gmail.com | MILIN HEMENDRA SHAH [Chartered Accountants & Company Secretaries] | ok=13 fail=2 skip=0
2026-06-22 15:02:24 [INFO   ] PROGRESS | Send 16/50 | SENDING | kimco1974@yahoo.co.in | KISHORKUMAR MANSUKHLAL MEHTA [Chartered Accountants & Company Secretaries] | ok=13 fail=2 skip=0
2026-06-22 15:02:27 [INFO   ] --------------------------------------------------------------
2026-06-22 15:02:27 [INFO   ] PROGRESS | Email content — To: kimco1974@yahoo.co.in
2026-06-22 15:02:27 [INFO   ] PROGRESS | Subject: PlacementHub pre-seed intro with KISHORKUMAR MANSUKHLAL MEHTA
2026-06-22 15:02:27 [INFO   ] PROGRESS | Body:
2026-06-22 15:02:27 [INFO   ] PROGRESS |   Dear Sir/Madam,
2026-06-22 15:02:27 [INFO   ] PROGRESS |   I am reaching out to introduce PlacementHub and explore whether any of your investor, entrepreneur, or
2026-06-22 15:02:27 [INFO   ] PROGRESS |   HNI clients may be open to reviewing a strategic seed opportunity.
2026-06-22 15:02:27 [INFO   ] PROGRESS |   My name is Sandeep Jain. PlacementHub is currently in its pre-seed fundraising stage, and I am
2026-06-22 15:02:27 [INFO   ] PROGRESS |   soliciting strategic seed investment for the same. PlacementHub is a campus placement and employability
2026-06-22 15:02:27 [INFO   ] PROGRESS |   platform connecting students, colleges, and recruiters. The product is built and in early
2026-06-22 15:02:27 [INFO   ] PROGRESS |   commercialization.
2026-06-22 15:02:27 [INFO   ] PROGRESS |   For reference, the detailed business plan, including the business model and go-to-market strategies, is
2026-06-22 15:02:27 [INFO   ] PROGRESS |   available here:
2026-06-22 15:02:27 [INFO   ] PROGRESS |   PlacementHub Business Plan
2026-06-22 15:02:27 [INFO   ] PROGRESS |   For a Chartered Accountant firm, the relevance is mainly professional and strategic:
2026-06-22 15:02:27 [INFO   ] PROGRESS |   PlacementHub may require support across accounting, taxation, compliance, payroll, investor documentation, audit, and related professional services.
2026-06-22 15:02:27 [INFO   ] PROGRESS |   I would naturally be pleased to consider and prioritize firms that support PlacementHub during its early growth phase, subject to suitability and mutual agreement.
2026-06-22 15:02:27 [INFO   ] PROGRESS |   The relationship can begin with a simple review of the investment note and, where appropriate, introductions to suitable investor clients.
2026-06-22 15:02:27 [INFO   ] PROGRESS |   If the opportunity is worth a look, I would be happy to send the note and speak briefly about the round,
2026-06-22 15:02:27 [INFO   ] PROGRESS |   the platform, and the type of strategic investors we are looking for.
2026-06-22 15:02:27 [INFO   ] PROGRESS |   Please reply to this email or call me if you would like to explore it.
2026-06-22 15:02:27 [INFO   ] PROGRESS |   Warm Regards,
2026-06-22 15:02:27 [INFO   ] PROGRESS |   Sandeep Jain
2026-06-22 15:02:27 [INFO   ] PROGRESS |   Founder, PlacementHub
2026-06-22 15:02:27 [INFO   ] PROGRESS |   +91-9860090620
2026-06-22 15:02:27 [INFO   ] PROGRESS |   sandeepjain200019@gmail.com
2026-06-22 15:02:27 [INFO   ] PROGRESS |   Detailed Profile
2026-06-22 15:02:27 [INFO   ] PROGRESS |   Detailed Note on Funding Requirement
2026-06-22 15:02:27 [INFO   ] --------------------------------------------------------------
2026-06-22 15:02:27 [INFO   ] 
2026-06-22 15:02:27 [INFO   ] 
2026-06-22 15:02:27 [INFO   ] PROGRESS | Email preview — To: kimco1974@yahoo.co.in | Subject: PlacementHub pre-seed intro with KISHORKUMAR MANSUKHLAL MEHTA
2026-06-22 15:02:28 [INFO   ] SENT (Brevo) -> kimco1974@yahoo.co.in (KISHORKUMAR MANSUKHLAL MEHTA) | PlacementHub pre-seed intro with KISHORKUMAR MANSUKHLAL MEHTA | messageId=<202606220932.33570524033@smtp-relay.mailin.fr> (API accepted; run audit-brevo to confirm delivery)
2026-06-22 15:02:28 [INFO   ] Sleeping for 10 seconds
2026-06-22 15:02:38 [INFO   ] PROGRESS | Send 16/50 | SENT | kimco1974@yahoo.co.in | KISHORKUMAR MANSUKHLAL MEHTA [Chartered Accountants & Company Secretaries] | ok=14 fail=2 skip=0
2026-06-22 15:02:38 [INFO   ] PROGRESS | Send 17/50 | SENDING | carakesh.tak@gmail.com | RAKESH KUMAR TAK [Chartered Accountants & Company Secretaries] | ok=14 fail=2 skip=0
2026-06-22 15:02:41 [INFO   ] --------------------------------------------------------------
2026-06-22 15:02:41 [INFO   ] PROGRESS | Email content — To: carakesh.tak@gmail.com
2026-06-22 15:02:41 [INFO   ] PROGRESS | Subject: PlacementHub pre-seed intro with RAKESH KUMAR TAK
2026-06-22 15:02:41 [INFO   ] PROGRESS | Body:
2026-06-22 15:02:41 [INFO   ] PROGRESS |   Dear Sir/Madam,
2026-06-22 15:02:41 [INFO   ] PROGRESS |   I am reaching out to introduce PlacementHub and explore whether any of your investor, entrepreneur, or
2026-06-22 15:02:41 [INFO   ] PROGRESS |   HNI clients may be open to reviewing a strategic seed opportunity.
2026-06-22 15:02:41 [INFO   ] PROGRESS |   My name is Sandeep Jain. PlacementHub is currently in its pre-seed fundraising stage, and I am
2026-06-22 15:02:41 [INFO   ] PROGRESS |   soliciting strategic seed investment for the same. PlacementHub is a campus placement and employability
2026-06-22 15:02:41 [INFO   ] PROGRESS |   platform connecting students, colleges, and recruiters. The product is built and in early
2026-06-22 15:02:41 [INFO   ] PROGRESS |   commercialization.
2026-06-22 15:02:41 [INFO   ] PROGRESS |   For reference, the detailed business plan, including the business model and go-to-market strategies, is
2026-06-22 15:02:41 [INFO   ] PROGRESS |   available here:
2026-06-22 15:02:41 [INFO   ] PROGRESS |   PlacementHub Business Plan
2026-06-22 15:02:41 [INFO   ] PROGRESS |   For a Chartered Accountant firm, the relevance is mainly professional and strategic:
2026-06-22 15:02:41 [INFO   ] PROGRESS |   PlacementHub may require support across accounting, taxation, compliance, payroll, investor documentation, audit, and related professional services.
2026-06-22 15:02:41 [INFO   ] PROGRESS |   I would naturally be pleased to consider and prioritize firms that support PlacementHub during its early growth phase, subject to suitability and mutual agreement.
2026-06-22 15:02:41 [INFO   ] PROGRESS |   The relationship can begin with a simple review of the investment note and, where appropriate, introductions to suitable investor clients.
2026-06-22 15:02:41 [INFO   ] PROGRESS |   If the opportunity is worth a look, I would be happy to send the note and speak briefly about the round,
2026-06-22 15:02:41 [INFO   ] PROGRESS |   the platform, and the type of strategic investors we are looking for.
2026-06-22 15:02:41 [INFO   ] PROGRESS |   Please reply to this email or call me if you would like to explore it.
2026-06-22 15:02:41 [INFO   ] PROGRESS |   Warm Regards,
2026-06-22 15:02:41 [INFO   ] PROGRESS |   Sandeep Jain
2026-06-22 15:02:41 [INFO   ] PROGRESS |   Founder, PlacementHub
2026-06-22 15:02:41 [INFO   ] PROGRESS |   +91-9860090620
2026-06-22 15:02:41 [INFO   ] PROGRESS |   sandeepjain200019@gmail.com
2026-06-22 15:02:41 [INFO   ] PROGRESS |   Detailed Profile
2026-06-22 15:02:41 [INFO   ] PROGRESS |   Detailed Note on Funding Requirement
2026-06-22 15:02:41 [INFO   ] --------------------------------------------------------------
2026-06-22 15:02:41 [INFO   ] 
2026-06-22 15:02:41 [INFO   ] 
2026-06-22 15:02:41 [INFO   ] PROGRESS | Email preview — To: carakesh.tak@gmail.com | Subject: PlacementHub pre-seed intro with RAKESH KUMAR TAK
2026-06-22 15:02:42 [INFO   ] SENT (Brevo) -> carakesh.tak@gmail.com (RAKESH KUMAR TAK) | PlacementHub pre-seed intro with RAKESH KUMAR TAK | messageId=<202606220932.97479003714@smtp-relay.mailin.fr> (API accepted; run audit-brevo to confirm delivery)
2026-06-22 15:02:42 [INFO   ] Sleeping for 10 seconds
2026-06-22 15:02:52 [INFO   ] PROGRESS | Send 17/50 | SENT | carakesh.tak@gmail.com | RAKESH KUMAR TAK [Chartered Accountants & Company Secretaries] | ok=15 fail=2 skip=0
2026-06-22 15:02:52 [INFO   ] PROGRESS | Send 18/50 | SENDING | ca.ash.shah@gmail.com | ASHITA ATUL SHAH [Chartered Accountants & Company Secretaries] | ok=15 fail=2 skip=0
2026-06-22 15:02:53 [INFO   ] --------------------------------------------------------------
2026-06-22 15:02:53 [INFO   ] PROGRESS | Email content — To: ca.ash.shah@gmail.com
2026-06-22 15:02:53 [INFO   ] PROGRESS | Subject: PlacementHub pre-seed intro with ASHITA ATUL SHAH
2026-06-22 15:02:53 [INFO   ] PROGRESS | Body:
2026-06-22 15:02:53 [INFO   ] PROGRESS |   Dear Sir/Madam,
2026-06-22 15:02:53 [INFO   ] PROGRESS |   I am reaching out to introduce PlacementHub and explore whether any of your investor, entrepreneur, or
2026-06-22 15:02:53 [INFO   ] PROGRESS |   HNI clients may be open to reviewing a strategic seed opportunity.
2026-06-22 15:02:53 [INFO   ] PROGRESS |   My name is Sandeep Jain. PlacementHub is currently in its pre-seed fundraising stage, and I am
2026-06-22 15:02:53 [INFO   ] PROGRESS |   soliciting strategic seed investment for the same. PlacementHub is a campus placement and employability
2026-06-22 15:02:53 [INFO   ] PROGRESS |   platform connecting students, colleges, and recruiters. The product is built and in early
2026-06-22 15:02:53 [INFO   ] PROGRESS |   commercialization.
2026-06-22 15:02:53 [INFO   ] PROGRESS |   For reference, the detailed business plan, including the business model and go-to-market strategies, is
2026-06-22 15:02:53 [INFO   ] PROGRESS |   available here:
2026-06-22 15:02:53 [INFO   ] PROGRESS |   PlacementHub Business Plan
2026-06-22 15:02:53 [INFO   ] PROGRESS |   For a Chartered Accountant firm, the relevance is mainly professional and strategic:
2026-06-22 15:02:53 [INFO   ] PROGRESS |   PlacementHub may require support across accounting, taxation, compliance, payroll, investor documentation, audit, and related professional services.
2026-06-22 15:02:53 [INFO   ] PROGRESS |   I would naturally be pleased to consider and prioritize firms that support PlacementHub during its early growth phase, subject to suitability and mutual agreement.
2026-06-22 15:02:53 [INFO   ] PROGRESS |   The relationship can begin with a simple review of the investment note and, where appropriate, introductions to suitable investor clients.
2026-06-22 15:02:53 [INFO   ] PROGRESS |   If the opportunity is worth a look, I would be happy to send the note and speak briefly about the round,
2026-06-22 15:02:53 [INFO   ] PROGRESS |   the platform, and the type of strategic investors we are looking for.
2026-06-22 15:02:53 [INFO   ] PROGRESS |   Please reply to this email or call me if you would like to explore it.
2026-06-22 15:02:53 [INFO   ] PROGRESS |   Warm Regards,
2026-06-22 15:02:53 [INFO   ] PROGRESS |   Sandeep Jain
2026-06-22 15:02:53 [INFO   ] PROGRESS |   Founder, PlacementHub
2026-06-22 15:02:53 [INFO   ] PROGRESS |   +91-9860090620
2026-06-22 15:02:53 [INFO   ] PROGRESS |   sandeepjain200019@gmail.com
2026-06-22 15:02:53 [INFO   ] PROGRESS |   Detailed Profile
2026-06-22 15:02:53 [INFO   ] PROGRESS |   Detailed Note on Funding Requirement
2026-06-22 15:02:53 [INFO   ] --------------------------------------------------------------
2026-06-22 15:02:53 [INFO   ] 
2026-06-22 15:02:53 [INFO   ] 
2026-06-22 15:02:53 [INFO   ] PROGRESS | Email preview — To: ca.ash.shah@gmail.com | Subject: PlacementHub pre-seed intro with ASHITA ATUL SHAH
2026-06-22 15:02:54 [INFO   ] SENT (Brevo) -> ca.ash.shah@gmail.com (ASHITA ATUL SHAH) | PlacementHub pre-seed intro with ASHITA ATUL SHAH | messageId=<202606220932.51387784890@smtp-relay.mailin.fr> (API accepted; run audit-brevo to confirm delivery)
2026-06-22 15:02:54 [INFO   ] Sleeping for 10 seconds
2026-06-22 15:03:04 [INFO   ] PROGRESS | Send 18/50 | SENT | ca.ash.shah@gmail.com | ASHITA ATUL SHAH [Chartered Accountants & Company Secretaries] | ok=16 fail=2 skip=0
2026-06-22 15:03:04 [INFO   ] PROGRESS | Send 19/50 | SENDING | kishore.hingwani@gmail.com | KISHORE SRICHAND HINGWANI [Chartered Accountants & Company Secretaries] | ok=16 fail=2 skip=0
2026-06-22 15:03:06 [INFO   ] --------------------------------------------------------------
2026-06-22 15:03:06 [INFO   ] PROGRESS | Email content — To: kishore.hingwani@gmail.com
2026-06-22 15:03:06 [INFO   ] PROGRESS | Subject: PlacementHub pre-seed intro with KISHORE SRICHAND HINGWANI
2026-06-22 15:03:06 [INFO   ] PROGRESS | Body:
2026-06-22 15:03:06 [INFO   ] PROGRESS |   Dear Sir/Madam,
2026-06-22 15:03:06 [INFO   ] PROGRESS |   I am reaching out to introduce PlacementHub and explore whether any of your investor, entrepreneur, or
2026-06-22 15:03:06 [INFO   ] PROGRESS |   HNI clients may be open to reviewing a strategic seed opportunity.
2026-06-22 15:03:06 [INFO   ] PROGRESS |   My name is Sandeep Jain. PlacementHub is currently in its pre-seed fundraising stage, and I am
2026-06-22 15:03:06 [INFO   ] PROGRESS |   soliciting strategic seed investment for the same. PlacementHub is a campus placement and employability
2026-06-22 15:03:06 [INFO   ] PROGRESS |   platform connecting students, colleges, and recruiters. The product is built and in early
2026-06-22 15:03:06 [INFO   ] PROGRESS |   commercialization.
2026-06-22 15:03:06 [INFO   ] PROGRESS |   For reference, the detailed business plan, including the business model and go-to-market strategies, is
2026-06-22 15:03:06 [INFO   ] PROGRESS |   available here:
2026-06-22 15:03:06 [INFO   ] PROGRESS |   PlacementHub Business Plan
2026-06-22 15:03:06 [INFO   ] PROGRESS |   For a Chartered Accountant firm, the relevance is mainly professional and strategic:
2026-06-22 15:03:06 [INFO   ] PROGRESS |   PlacementHub may require support across accounting, taxation, compliance, payroll, investor documentation, audit, and related professional services.
2026-06-22 15:03:06 [INFO   ] PROGRESS |   I would naturally be pleased to consider and prioritize firms that support PlacementHub during its early growth phase, subject to suitability and mutual agreement.
2026-06-22 15:03:06 [INFO   ] PROGRESS |   The relationship can begin with a simple review of the investment note and, where appropriate, introductions to suitable investor clients.
2026-06-22 15:03:06 [INFO   ] PROGRESS |   If the opportunity is worth a look, I would be happy to send the note and speak briefly about the round,
2026-06-22 15:03:06 [INFO   ] PROGRESS |   the platform, and the type of strategic investors we are looking for.
2026-06-22 15:03:06 [INFO   ] PROGRESS |   Please reply to this email or call me if you would like to explore it.
2026-06-22 15:03:06 [INFO   ] PROGRESS |   Warm Regards,
2026-06-22 15:03:06 [INFO   ] PROGRESS |   Sandeep Jain
2026-06-22 15:03:06 [INFO   ] PROGRESS |   Founder, PlacementHub
2026-06-22 15:03:06 [INFO   ] PROGRESS |   +91-9860090620
2026-06-22 15:03:06 [INFO   ] PROGRESS |   sandeepjain200019@gmail.com
2026-06-22 15:03:06 [INFO   ] PROGRESS |   Detailed Profile
2026-06-22 15:03:06 [INFO   ] PROGRESS |   Detailed Note on Funding Requirement
2026-06-22 15:03:06 [INFO   ] --------------------------------------------------------------
2026-06-22 15:03:06 [INFO   ] 
2026-06-22 15:03:06 [INFO   ] 
2026-06-22 15:03:06 [INFO   ] PROGRESS | Email preview — To: kishore.hingwani@gmail.com | Subject: PlacementHub pre-seed intro with KISHORE SRICHAND HINGWANI
2026-06-22 15:03:07 [INFO   ] SENT (Brevo) -> kishore.hingwani@gmail.com (KISHORE SRICHAND HINGWANI) | PlacementHub pre-seed intro with KISHORE SRICHAND HINGWANI | messageId=<202606220933.23123784361@smtp-relay.mailin.fr> (API accepted; run audit-brevo to confirm delivery)
2026-06-22 15:03:07 [INFO   ] Sleeping for 10 seconds
2026-06-22 15:03:17 [INFO   ] PROGRESS | Send 19/50 | SENT | kishore.hingwani@gmail.com | KISHORE SRICHAND HINGWANI [Chartered Accountants & Company Secretaries] | ok=17 fail=2 skip=0
2026-06-22 15:03:17 [INFO   ] PROGRESS | Send 20/50 | SENDING | cagovind.bharadia@gmail.com | GOVIND SHRIGOPAL BHARADIA [Chartered Accountants & Company Secretaries] | ok=17 fail=2 skip=0
2026-06-22 15:03:18 [INFO   ] --------------------------------------------------------------
2026-06-22 15:03:18 [INFO   ] PROGRESS | Email content — To: cagovind.bharadia@gmail.com
2026-06-22 15:03:18 [INFO   ] PROGRESS | Subject: PlacementHub pre-seed intro with GOVIND SHRIGOPAL BHARADIA
2026-06-22 15:03:18 [INFO   ] PROGRESS | Body:
2026-06-22 15:03:18 [INFO   ] PROGRESS |   Dear Sir/Madam,
2026-06-22 15:03:18 [INFO   ] PROGRESS |   I am reaching out to introduce PlacementHub and explore whether any of your investor, entrepreneur, or
2026-06-22 15:03:18 [INFO   ] PROGRESS |   HNI clients may be open to reviewing a strategic seed opportunity.
2026-06-22 15:03:18 [INFO   ] PROGRESS |   My name is Sandeep Jain. PlacementHub is currently in its pre-seed fundraising stage, and I am
2026-06-22 15:03:18 [INFO   ] PROGRESS |   soliciting strategic seed investment for the same. PlacementHub is a campus placement and employability
2026-06-22 15:03:18 [INFO   ] PROGRESS |   platform connecting students, colleges, and recruiters. The product is built and in early
2026-06-22 15:03:18 [INFO   ] PROGRESS |   commercialization.
2026-06-22 15:03:18 [INFO   ] PROGRESS |   For reference, the detailed business plan, including the business model and go-to-market strategies, is
2026-06-22 15:03:18 [INFO   ] PROGRESS |   available here:
2026-06-22 15:03:18 [INFO   ] PROGRESS |   PlacementHub Business Plan
2026-06-22 15:03:18 [INFO   ] PROGRESS |   For a Chartered Accountant firm, the relevance is mainly professional and strategic:
2026-06-22 15:03:18 [INFO   ] PROGRESS |   PlacementHub may require support across accounting, taxation, compliance, payroll, investor documentation, audit, and related professional services.
2026-06-22 15:03:18 [INFO   ] PROGRESS |   I would naturally be pleased to consider and prioritize firms that support PlacementHub during its early growth phase, subject to suitability and mutual agreement.
2026-06-22 15:03:18 [INFO   ] PROGRESS |   The relationship can begin with a simple review of the investment note and, where appropriate, introductions to suitable investor clients.
2026-06-22 15:03:18 [INFO   ] PROGRESS |   If the opportunity is worth a look, I would be happy to send the note and speak briefly about the round,
2026-06-22 15:03:18 [INFO   ] PROGRESS |   the platform, and the type of strategic investors we are looking for.
2026-06-22 15:03:18 [INFO   ] PROGRESS |   Please reply to this email or call me if you would like to explore it.
2026-06-22 15:03:18 [INFO   ] PROGRESS |   Warm Regards,
2026-06-22 15:03:18 [INFO   ] PROGRESS |   Sandeep Jain
2026-06-22 15:03:18 [INFO   ] PROGRESS |   Founder, PlacementHub
2026-06-22 15:03:18 [INFO   ] PROGRESS |   +91-9860090620
2026-06-22 15:03:18 [INFO   ] PROGRESS |   sandeepjain200019@gmail.com
2026-06-22 15:03:18 [INFO   ] PROGRESS |   Detailed Profile
2026-06-22 15:03:18 [INFO   ] PROGRESS |   Detailed Note on Funding Requirement
2026-06-22 15:03:18 [INFO   ] --------------------------------------------------------------
2026-06-22 15:03:18 [INFO   ] 
2026-06-22 15:03:18 [INFO   ] 
2026-06-22 15:03:18 [INFO   ] PROGRESS | Email preview — To: cagovind.bharadia@gmail.com | Subject: PlacementHub pre-seed intro with GOVIND SHRIGOPAL BHARADIA
2026-06-22 15:03:19 [INFO   ] SENT (Brevo) -> cagovind.bharadia@gmail.com (GOVIND SHRIGOPAL BHARADIA) | PlacementHub pre-seed intro with GOVIND SHRIGOPAL BHARADIA | messageId=<202606220933.39355481929@smtp-relay.mailin.fr> (API accepted; run audit-brevo to confirm delivery)
2026-06-22 15:03:19 [INFO   ] Sleeping for 10 seconds
2026-06-22 15:03:29 [INFO   ] PROGRESS | Send 20/50 | SENT | cagovind.bharadia@gmail.com | GOVIND SHRIGOPAL BHARADIA [Chartered Accountants & Company Secretaries] | ok=18 fail=2 skip=0
2026-06-22 15:03:29 [INFO   ] PROGRESS | Send 21/50 | SENDING | carupeshmashru@gmail.com | RUPESHKUMAR KARSHANDAS MASHARU [Chartered Accountants & Company Secretaries] | ok=18 fail=2 skip=0
2026-06-22 15:03:34 [INFO   ] --------------------------------------------------------------
2026-06-22 15:03:34 [INFO   ] PROGRESS | Email content — To: carupeshmashru@gmail.com
2026-06-22 15:03:34 [INFO   ] PROGRESS | Subject: PlacementHub pre-seed intro with RUPESHKUMAR KARSHANDAS MASHARU
2026-06-22 15:03:34 [INFO   ] PROGRESS | Body:
2026-06-22 15:03:34 [INFO   ] PROGRESS |   Dear Sir/Madam,
2026-06-22 15:03:34 [INFO   ] PROGRESS |   I am reaching out to introduce PlacementHub and explore whether any of your investor, entrepreneur, or
2026-06-22 15:03:34 [INFO   ] PROGRESS |   HNI clients may be open to reviewing a strategic seed opportunity.
2026-06-22 15:03:34 [INFO   ] PROGRESS |   My name is Sandeep Jain. PlacementHub is currently in its pre-seed fundraising stage, and I am
2026-06-22 15:03:34 [INFO   ] PROGRESS |   soliciting strategic seed investment for the same. PlacementHub is a campus placement and employability
2026-06-22 15:03:34 [INFO   ] PROGRESS |   platform connecting students, colleges, and recruiters. The product is built and in early
2026-06-22 15:03:34 [INFO   ] PROGRESS |   commercialization.
2026-06-22 15:03:34 [INFO   ] PROGRESS |   For reference, the detailed business plan, including the business model and go-to-market strategies, is
2026-06-22 15:03:34 [INFO   ] PROGRESS |   available here:
2026-06-22 15:03:34 [INFO   ] PROGRESS |   PlacementHub Business Plan
2026-06-22 15:03:34 [INFO   ] PROGRESS |   For a Chartered Accountant firm, the relevance is mainly professional and strategic:
2026-06-22 15:03:34 [INFO   ] PROGRESS |   PlacementHub may require support across accounting, taxation, compliance, payroll, investor documentation, audit, and related professional services.
2026-06-22 15:03:34 [INFO   ] PROGRESS |   I would naturally be pleased to consider and prioritize firms that support PlacementHub during its early growth phase, subject to suitability and mutual agreement.
2026-06-22 15:03:34 [INFO   ] PROGRESS |   The relationship can begin with a simple review of the investment note and, where appropriate, introductions to suitable investor clients.
2026-06-22 15:03:34 [INFO   ] PROGRESS |   If the opportunity is worth a look, I would be happy to send the note and speak briefly about the round,
2026-06-22 15:03:34 [INFO   ] PROGRESS |   the platform, and the type of strategic investors we are looking for.
2026-06-22 15:03:34 [INFO   ] PROGRESS |   Please reply to this email or call me if you would like to explore it.
2026-06-22 15:03:34 [INFO   ] PROGRESS |   Warm Regards,
2026-06-22 15:03:34 [INFO   ] PROGRESS |   Sandeep Jain
2026-06-22 15:03:34 [INFO   ] PROGRESS |   Founder, PlacementHub
2026-06-22 15:03:34 [INFO   ] PROGRESS |   +91-9860090620
2026-06-22 15:03:34 [INFO   ] PROGRESS |   sandeepjain200019@gmail.com
2026-06-22 15:03:34 [INFO   ] PROGRESS |   Detailed Profile
2026-06-22 15:03:34 [INFO   ] PROGRESS |   Detailed Note on Funding Requirement
2026-06-22 15:03:34 [INFO   ] --------------------------------------------------------------
2026-06-22 15:03:34 [INFO   ] 
2026-06-22 15:03:34 [INFO   ] 
2026-06-22 15:03:34 [INFO   ] PROGRESS | Email preview — To: carupeshmashru@gmail.com | Subject: PlacementHub pre-seed intro with RUPESHKUMAR KARSHANDAS MASHARU
2026-06-22 15:03:36 [INFO   ] SENT (Brevo) -> carupeshmashru@gmail.com (RUPESHKUMAR KARSHANDAS MASHARU) | PlacementHub pre-seed intro with RUPESHKUMAR KARSHANDAS MASHARU | messageId=<202606220933.59841823530@smtp-relay.mailin.fr> (API accepted; run audit-brevo to confirm delivery)
2026-06-22 15:03:36 [INFO   ] Sleeping for 10 seconds
2026-06-22 15:03:46 [INFO   ] PROGRESS | Send 21/50 | SENT | carupeshmashru@gmail.com | RUPESHKUMAR KARSHANDAS MASHARU [Chartered Accountants & Company Secretaries] | ok=19 fail=2 skip=0
2026-06-22 15:03:46 [INFO   ] PROGRESS | Send 22/50 | SENDING | ca.vinit.hn@gmail.com | VINIT HASMUKH SUNITA NAGDA [Chartered Accountants & Company Secretaries] | ok=19 fail=2 skip=0
2026-06-22 15:03:47 [INFO   ] --------------------------------------------------------------
2026-06-22 15:03:47 [INFO   ] PROGRESS | Email content — To: ca.vinit.hn@gmail.com
2026-06-22 15:03:47 [INFO   ] PROGRESS | Subject: PlacementHub pre-seed intro with VINIT HASMUKH SUNITA NAGDA
2026-06-22 15:03:47 [INFO   ] PROGRESS | Body:
2026-06-22 15:03:47 [INFO   ] PROGRESS |   Dear Sir/Madam,
2026-06-22 15:03:47 [INFO   ] PROGRESS |   I am reaching out to introduce PlacementHub and explore whether any of your investor, entrepreneur, or
2026-06-22 15:03:47 [INFO   ] PROGRESS |   HNI clients may be open to reviewing a strategic seed opportunity.
2026-06-22 15:03:47 [INFO   ] PROGRESS |   My name is Sandeep Jain. PlacementHub is currently in its pre-seed fundraising stage, and I am
2026-06-22 15:03:47 [INFO   ] PROGRESS |   soliciting strategic seed investment for the same. PlacementHub is a campus placement and employability
2026-06-22 15:03:47 [INFO   ] PROGRESS |   platform connecting students, colleges, and recruiters. The product is built and in early
2026-06-22 15:03:47 [INFO   ] PROGRESS |   commercialization.
2026-06-22 15:03:47 [INFO   ] PROGRESS |   For reference, the detailed business plan, including the business model and go-to-market strategies, is
2026-06-22 15:03:47 [INFO   ] PROGRESS |   available here:
2026-06-22 15:03:47 [INFO   ] PROGRESS |   PlacementHub Business Plan
2026-06-22 15:03:47 [INFO   ] PROGRESS |   For a Chartered Accountant firm, the relevance is mainly professional and strategic:
2026-06-22 15:03:47 [INFO   ] PROGRESS |   PlacementHub may require support across accounting, taxation, compliance, payroll, investor documentation, audit, and related professional services.
2026-06-22 15:03:47 [INFO   ] PROGRESS |   I would naturally be pleased to consider and prioritize firms that support PlacementHub during its early growth phase, subject to suitability and mutual agreement.
2026-06-22 15:03:47 [INFO   ] PROGRESS |   The relationship can begin with a simple review of the investment note and, where appropriate, introductions to suitable investor clients.
2026-06-22 15:03:47 [INFO   ] PROGRESS |   If the opportunity is worth a look, I would be happy to send the note and speak briefly about the round,
2026-06-22 15:03:47 [INFO   ] PROGRESS |   the platform, and the type of strategic investors we are looking for.
2026-06-22 15:03:47 [INFO   ] PROGRESS |   Please reply to this email or call me if you would like to explore it.
2026-06-22 15:03:47 [INFO   ] PROGRESS |   Warm Regards,
2026-06-22 15:03:47 [INFO   ] PROGRESS |   Sandeep Jain
2026-06-22 15:03:47 [INFO   ] PROGRESS |   Founder, PlacementHub
2026-06-22 15:03:47 [INFO   ] PROGRESS |   +91-9860090620
2026-06-22 15:03:47 [INFO   ] PROGRESS |   sandeepjain200019@gmail.com
2026-06-22 15:03:47 [INFO   ] PROGRESS |   Detailed Profile
2026-06-22 15:03:47 [INFO   ] PROGRESS |   Detailed Note on Funding Requirement
2026-06-22 15:03:47 [INFO   ] --------------------------------------------------------------
2026-06-22 15:03:47 [INFO   ] 
2026-06-22 15:03:47 [INFO   ] 
2026-06-22 15:03:47 [INFO   ] PROGRESS | Email preview — To: ca.vinit.hn@gmail.com | Subject: PlacementHub pre-seed intro with VINIT HASMUKH SUNITA NAGDA
2026-06-22 15:03:49 [INFO   ] SENT (Brevo) -> ca.vinit.hn@gmail.com (VINIT HASMUKH SUNITA NAGDA) | PlacementHub pre-seed intro with VINIT HASMUKH SUNITA NAGDA | messageId=<202606220933.39882397524@smtp-relay.mailin.fr> (API accepted; run audit-brevo to confirm delivery)
2026-06-22 15:03:49 [INFO   ] Sleeping for 10 seconds
2026-06-22 15:03:59 [INFO   ] PROGRESS | Send 22/50 | SENT | ca.vinit.hn@gmail.com | VINIT HASMUKH SUNITA NAGDA [Chartered Accountants & Company Secretaries] | ok=20 fail=2 skip=0
2026-06-22 15:03:59 [INFO   ] PROGRESS | Send 23/50 | SENDING | pareshdave2003@gmail.com | DAVE PARESH JAYANTKUMAR [Chartered Accountants & Company Secretaries] | ok=20 fail=2 skip=0
2026-06-22 15:04:01 [INFO   ] --------------------------------------------------------------
2026-06-22 15:04:01 [INFO   ] PROGRESS | Email content — To: pareshdave2003@gmail.com
2026-06-22 15:04:01 [INFO   ] PROGRESS | Subject: PlacementHub pre-seed intro with DAVE PARESH JAYANTKUMAR
2026-06-22 15:04:01 [INFO   ] PROGRESS | Body:
2026-06-22 15:04:01 [INFO   ] PROGRESS |   Dear Sir/Madam,
2026-06-22 15:04:01 [INFO   ] PROGRESS |   I am reaching out to introduce PlacementHub and explore whether any of your investor, entrepreneur, or
2026-06-22 15:04:01 [INFO   ] PROGRESS |   HNI clients may be open to reviewing a strategic seed opportunity.
2026-06-22 15:04:01 [INFO   ] PROGRESS |   My name is Sandeep Jain. PlacementHub is currently in its pre-seed fundraising stage, and I am
2026-06-22 15:04:01 [INFO   ] PROGRESS |   soliciting strategic seed investment for the same. PlacementHub is a campus placement and employability
2026-06-22 15:04:01 [INFO   ] PROGRESS |   platform connecting students, colleges, and recruiters. The product is built and in early
2026-06-22 15:04:01 [INFO   ] PROGRESS |   commercialization.
2026-06-22 15:04:01 [INFO   ] PROGRESS |   For reference, the detailed business plan, including the business model and go-to-market strategies, is
2026-06-22 15:04:01 [INFO   ] PROGRESS |   available here:
2026-06-22 15:04:01 [INFO   ] PROGRESS |   PlacementHub Business Plan
2026-06-22 15:04:01 [INFO   ] PROGRESS |   For a Chartered Accountant firm, the relevance is mainly professional and strategic:
2026-06-22 15:04:01 [INFO   ] PROGRESS |   PlacementHub may require support across accounting, taxation, compliance, payroll, investor documentation, audit, and related professional services.
2026-06-22 15:04:01 [INFO   ] PROGRESS |   I would naturally be pleased to consider and prioritize firms that support PlacementHub during its early growth phase, subject to suitability and mutual agreement.
2026-06-22 15:04:01 [INFO   ] PROGRESS |   The relationship can begin with a simple review of the investment note and, where appropriate, introductions to suitable investor clients.
2026-06-22 15:04:01 [INFO   ] PROGRESS |   If the opportunity is worth a look, I would be happy to send the note and speak briefly about the round,
2026-06-22 15:04:01 [INFO   ] PROGRESS |   the platform, and the type of strategic investors we are looking for.
2026-06-22 15:04:01 [INFO   ] PROGRESS |   Please reply to this email or call me if you would like to explore it.
2026-06-22 15:04:01 [INFO   ] PROGRESS |   Warm Regards,
2026-06-22 15:04:01 [INFO   ] PROGRESS |   Sandeep Jain
2026-06-22 15:04:01 [INFO   ] PROGRESS |   Founder, PlacementHub
2026-06-22 15:04:01 [INFO   ] PROGRESS |   +91-9860090620
2026-06-22 15:04:01 [INFO   ] PROGRESS |   sandeepjain200019@gmail.com
2026-06-22 15:04:01 [INFO   ] PROGRESS |   Detailed Profile
2026-06-22 15:04:01 [INFO   ] PROGRESS |   Detailed Note on Funding Requirement
2026-06-22 15:04:01 [INFO   ] --------------------------------------------------------------
2026-06-22 15:04:01 [INFO   ] 
2026-06-22 15:04:01 [INFO   ] 
2026-06-22 15:04:01 [INFO   ] PROGRESS | Email preview — To: pareshdave2003@gmail.com | Subject: PlacementHub pre-seed intro with DAVE PARESH JAYANTKUMAR
2026-06-22 15:04:03 [INFO   ] SENT (Brevo) -> pareshdave2003@gmail.com (DAVE PARESH JAYANTKUMAR) | PlacementHub pre-seed intro with DAVE PARESH JAYANTKUMAR | messageId=<202606220934.80661336051@smtp-relay.mailin.fr> (API accepted; run audit-brevo to confirm delivery)
2026-06-22 15:04:03 [INFO   ] Sleeping for 10 seconds
2026-06-22 15:04:13 [INFO   ] PROGRESS | Send 23/50 | SENT | pareshdave2003@gmail.com | DAVE PARESH JAYANTKUMAR [Chartered Accountants & Company Secretaries] | ok=21 fail=2 skip=0
2026-06-22 15:04:13 [INFO   ] PROGRESS | Send 24/50 | SENDING | trupti.ca@hotmail.com | TRUPTI GAJANAN CHAVAN [Chartered Accountants & Company Secretaries] | ok=21 fail=2 skip=0
2026-06-22 15:04:16 [INFO   ] --------------------------------------------------------------
2026-06-22 15:04:16 [INFO   ] PROGRESS | Email content — To: trupti.ca@hotmail.com
2026-06-22 15:04:16 [INFO   ] PROGRESS | Subject: PlacementHub pre-seed intro with TRUPTI GAJANAN CHAVAN
2026-06-22 15:04:16 [INFO   ] PROGRESS | Body:
2026-06-22 15:04:16 [INFO   ] PROGRESS |   Dear Sir/Madam,
2026-06-22 15:04:16 [INFO   ] PROGRESS |   I am reaching out to introduce PlacementHub and explore whether any of your investor, entrepreneur, or
2026-06-22 15:04:16 [INFO   ] PROGRESS |   HNI clients may be open to reviewing a strategic seed opportunity.
2026-06-22 15:04:16 [INFO   ] PROGRESS |   My name is Sandeep Jain. PlacementHub is currently in its pre-seed fundraising stage, and I am
2026-06-22 15:04:16 [INFO   ] PROGRESS |   soliciting strategic seed investment for the same. PlacementHub is a campus placement and employability
2026-06-22 15:04:16 [INFO   ] PROGRESS |   platform connecting students, colleges, and recruiters. The product is built and in early
2026-06-22 15:04:16 [INFO   ] PROGRESS |   commercialization.
2026-06-22 15:04:16 [INFO   ] PROGRESS |   For reference, the detailed business plan, including the business model and go-to-market strategies, is
2026-06-22 15:04:16 [INFO   ] PROGRESS |   available here:
2026-06-22 15:04:16 [INFO   ] PROGRESS |   PlacementHub Business Plan
2026-06-22 15:04:16 [INFO   ] PROGRESS |   For a Chartered Accountant firm, the relevance is mainly professional and strategic:
2026-06-22 15:04:16 [INFO   ] PROGRESS |   PlacementHub may require support across accounting, taxation, compliance, payroll, investor documentation, audit, and related professional services.
2026-06-22 15:04:16 [INFO   ] PROGRESS |   I would naturally be pleased to consider and prioritize firms that support PlacementHub during its early growth phase, subject to suitability and mutual agreement.
2026-06-22 15:04:16 [INFO   ] PROGRESS |   The relationship can begin with a simple review of the investment note and, where appropriate, introductions to suitable investor clients.
2026-06-22 15:04:16 [INFO   ] PROGRESS |   If the opportunity is worth a look, I would be happy to send the note and speak briefly about the round,
2026-06-22 15:04:16 [INFO   ] PROGRESS |   the platform, and the type of strategic investors we are looking for.
2026-06-22 15:04:16 [INFO   ] PROGRESS |   Please reply to this email or call me if you would like to explore it.
2026-06-22 15:04:16 [INFO   ] PROGRESS |   Warm Regards,
2026-06-22 15:04:16 [INFO   ] PROGRESS |   Sandeep Jain
2026-06-22 15:04:16 [INFO   ] PROGRESS |   Founder, PlacementHub
2026-06-22 15:04:16 [INFO   ] PROGRESS |   +91-9860090620
2026-06-22 15:04:16 [INFO   ] PROGRESS |   sandeepjain200019@gmail.com
2026-06-22 15:04:16 [INFO   ] PROGRESS |   Detailed Profile
2026-06-22 15:04:16 [INFO   ] PROGRESS |   Detailed Note on Funding Requirement
2026-06-22 15:04:16 [INFO   ] --------------------------------------------------------------
2026-06-22 15:04:16 [INFO   ] 
2026-06-22 15:04:16 [INFO   ] 
2026-06-22 15:04:16 [INFO   ] PROGRESS | Email preview — To: trupti.ca@hotmail.com | Subject: PlacementHub pre-seed intro with TRUPTI GAJANAN CHAVAN
2026-06-22 15:04:17 [INFO   ] SENT (Brevo) -> trupti.ca@hotmail.com (TRUPTI GAJANAN CHAVAN) | PlacementHub pre-seed intro with TRUPTI GAJANAN CHAVAN | messageId=<202606220934.54638953212@smtp-relay.mailin.fr> (API accepted; run audit-brevo to confirm delivery)
2026-06-22 15:04:17 [INFO   ] Sleeping for 10 seconds
2026-06-22 15:04:27 [INFO   ] PROGRESS | Send 24/50 | SENT | trupti.ca@hotmail.com | TRUPTI GAJANAN CHAVAN [Chartered Accountants & Company Secretaries] | ok=22 fail=2 skip=0
2026-06-22 15:04:27 [INFO   ] PROGRESS | Send 25/50 | SENDING | ritu_n_maheshwari@yahoo.co.in | MAHESHWARI RITU [Chartered Accountants & Company Secretaries] | ok=22 fail=2 skip=0
2026-06-22 15:04:35 [INFO   ] --------------------------------------------------------------
2026-06-22 15:04:35 [INFO   ] PROGRESS | Email content — To: ritu_n_maheshwari@yahoo.co.in
2026-06-22 15:04:35 [INFO   ] PROGRESS | Subject: PlacementHub pre-seed intro with MAHESHWARI RITU
2026-06-22 15:04:35 [INFO   ] PROGRESS | Body:
2026-06-22 15:04:35 [INFO   ] PROGRESS |   Dear Sir/Madam,
2026-06-22 15:04:35 [INFO   ] PROGRESS |   I am reaching out to introduce PlacementHub and explore whether any of your investor, entrepreneur, or
2026-06-22 15:04:35 [INFO   ] PROGRESS |   HNI clients may be open to reviewing a strategic seed opportunity.
2026-06-22 15:04:35 [INFO   ] PROGRESS |   My name is Sandeep Jain. PlacementHub is currently in its pre-seed fundraising stage, and I am
2026-06-22 15:04:35 [INFO   ] PROGRESS |   soliciting strategic seed investment for the same. PlacementHub is a campus placement and employability
2026-06-22 15:04:35 [INFO   ] PROGRESS |   platform connecting students, colleges, and recruiters. The product is built and in early
2026-06-22 15:04:35 [INFO   ] PROGRESS |   commercialization.
2026-06-22 15:04:35 [INFO   ] PROGRESS |   For reference, the detailed business plan, including the business model and go-to-market strategies, is
2026-06-22 15:04:35 [INFO   ] PROGRESS |   available here:
2026-06-22 15:04:35 [INFO   ] PROGRESS |   PlacementHub Business Plan
2026-06-22 15:04:35 [INFO   ] PROGRESS |   For a Chartered Accountant firm, the relevance is mainly professional and strategic:
2026-06-22 15:04:35 [INFO   ] PROGRESS |   PlacementHub may require support across accounting, taxation, compliance, payroll, investor documentation, audit, and related professional services.
2026-06-22 15:04:35 [INFO   ] PROGRESS |   I would naturally be pleased to consider and prioritize firms that support PlacementHub during its early growth phase, subject to suitability and mutual agreement.
2026-06-22 15:04:35 [INFO   ] PROGRESS |   The relationship can begin with a simple review of the investment note and, where appropriate, introductions to suitable investor clients.
2026-06-22 15:04:35 [INFO   ] PROGRESS |   If the opportunity is worth a look, I would be happy to send the note and speak briefly about the round,
2026-06-22 15:04:35 [INFO   ] PROGRESS |   the platform, and the type of strategic investors we are looking for.
2026-06-22 15:04:35 [INFO   ] PROGRESS |   Please reply to this email or call me if you would like to explore it.
2026-06-22 15:04:35 [INFO   ] PROGRESS |   Warm Regards,
2026-06-22 15:04:35 [INFO   ] PROGRESS |   Sandeep Jain
2026-06-22 15:04:35 [INFO   ] PROGRESS |   Founder, PlacementHub
2026-06-22 15:04:35 [INFO   ] PROGRESS |   +91-9860090620
2026-06-22 15:04:35 [INFO   ] PROGRESS |   sandeepjain200019@gmail.com
2026-06-22 15:04:35 [INFO   ] PROGRESS |   Detailed Profile
2026-06-22 15:04:35 [INFO   ] PROGRESS |   Detailed Note on Funding Requirement
2026-06-22 15:04:35 [INFO   ] --------------------------------------------------------------
2026-06-22 15:04:35 [INFO   ] 
2026-06-22 15:04:35 [INFO   ] 
2026-06-22 15:04:35 [INFO   ] PROGRESS | Email preview — To: ritu_n_maheshwari@yahoo.co.in | Subject: PlacementHub pre-seed intro with MAHESHWARI RITU
2026-06-22 15:04:37 [INFO   ] SENT (Brevo) -> ritu_n_maheshwari@yahoo.co.in (MAHESHWARI RITU) | PlacementHub pre-seed intro with MAHESHWARI RITU | messageId=<202606220934.69000765056@smtp-relay.mailin.fr> (API accepted; run audit-brevo to confirm delivery)
2026-06-22 15:04:37 [INFO   ] Sleeping for 10 seconds
2026-06-22 15:04:47 [INFO   ] PROGRESS | Send 25/50 | SENT | ritu_n_maheshwari@yahoo.co.in | MAHESHWARI RITU [Chartered Accountants & Company Secretaries] | ok=23 fail=2 skip=0
2026-06-22 15:04:47 [INFO   ] PROGRESS | Send 26/50 | SENDING | cakushal01@gmail.com | KUSHAL BIPINCHANDRA JAIN [Chartered Accountants & Company Secretaries] | ok=23 fail=2 skip=0
2026-06-22 15:04:59 [INFO   ] --------------------------------------------------------------
2026-06-22 15:04:59 [INFO   ] PROGRESS | Email content — To: cakushal01@gmail.com
2026-06-22 15:04:59 [INFO   ] PROGRESS | Subject: PlacementHub pre-seed intro with KUSHAL BIPINCHANDRA JAIN
2026-06-22 15:04:59 [INFO   ] PROGRESS | Body:
2026-06-22 15:04:59 [INFO   ] PROGRESS |   Dear Sir/Madam,
2026-06-22 15:04:59 [INFO   ] PROGRESS |   I am reaching out to introduce PlacementHub and explore whether any of your investor, entrepreneur, or
2026-06-22 15:04:59 [INFO   ] PROGRESS |   HNI clients may be open to reviewing a strategic seed opportunity.
2026-06-22 15:04:59 [INFO   ] PROGRESS |   My name is Sandeep Jain. PlacementHub is currently in its pre-seed fundraising stage, and I am
2026-06-22 15:04:59 [INFO   ] PROGRESS |   soliciting strategic seed investment for the same. PlacementHub is a campus placement and employability
2026-06-22 15:04:59 [INFO   ] PROGRESS |   platform connecting students, colleges, and recruiters. The product is built and in early
2026-06-22 15:04:59 [INFO   ] PROGRESS |   commercialization.
2026-06-22 15:04:59 [INFO   ] PROGRESS |   For reference, the detailed business plan, including the business model and go-to-market strategies, is
2026-06-22 15:04:59 [INFO   ] PROGRESS |   available here:
2026-06-22 15:04:59 [INFO   ] PROGRESS |   PlacementHub Business Plan
2026-06-22 15:04:59 [INFO   ] PROGRESS |   For a Chartered Accountant firm, the relevance is mainly professional and strategic:
2026-06-22 15:04:59 [INFO   ] PROGRESS |   PlacementHub may require support across accounting, taxation, compliance, payroll, investor documentation, audit, and related professional services.
2026-06-22 15:04:59 [INFO   ] PROGRESS |   I would naturally be pleased to consider and prioritize firms that support PlacementHub during its early growth phase, subject to suitability and mutual agreement.
2026-06-22 15:04:59 [INFO   ] PROGRESS |   The relationship can begin with a simple review of the investment note and, where appropriate, introductions to suitable investor clients.
2026-06-22 15:04:59 [INFO   ] PROGRESS |   If the opportunity is worth a look, I would be happy to send the note and speak briefly about the round,
2026-06-22 15:04:59 [INFO   ] PROGRESS |   the platform, and the type of strategic investors we are looking for.
2026-06-22 15:04:59 [INFO   ] PROGRESS |   Please reply to this email or call me if you would like to explore it.
2026-06-22 15:04:59 [INFO   ] PROGRESS |   Warm Regards,
2026-06-22 15:04:59 [INFO   ] PROGRESS |   Sandeep Jain
2026-06-22 15:04:59 [INFO   ] PROGRESS |   Founder, PlacementHub
2026-06-22 15:04:59 [INFO   ] PROGRESS |   +91-9860090620
2026-06-22 15:04:59 [INFO   ] PROGRESS |   sandeepjain200019@gmail.com
2026-06-22 15:04:59 [INFO   ] PROGRESS |   Detailed Profile
2026-06-22 15:04:59 [INFO   ] PROGRESS |   Detailed Note on Funding Requirement
2026-06-22 15:04:59 [INFO   ] --------------------------------------------------------------
2026-06-22 15:04:59 [INFO   ] 
2026-06-22 15:04:59 [INFO   ] 
2026-06-22 15:04:59 [INFO   ] PROGRESS | Email preview — To: cakushal01@gmail.com | Subject: PlacementHub pre-seed intro with KUSHAL BIPINCHANDRA JAIN
2026-06-22 15:05:01 [INFO   ] SENT (Brevo) -> cakushal01@gmail.com (KUSHAL BIPINCHANDRA JAIN) | PlacementHub pre-seed intro with KUSHAL BIPINCHANDRA JAIN | messageId=<202606220935.54302243993@smtp-relay.mailin.fr> (API accepted; run audit-brevo to confirm delivery)
2026-06-22 15:05:01 [INFO   ] Sleeping for 10 seconds
2026-06-22 15:05:11 [INFO   ] PROGRESS | Send 26/50 | SENT | cakushal01@gmail.com | KUSHAL BIPINCHANDRA JAIN [Chartered Accountants & Company Secretaries] | ok=24 fail=2 skip=0
2026-06-22 15:05:11 [INFO   ] PROGRESS | Send 27/50 | SENDING | mananpatel.co@gmail.com | MANAN SATISH PATEL [Chartered Accountants & Company Secretaries] | ok=24 fail=2 skip=0
2026-06-22 15:05:12 [INFO   ] --------------------------------------------------------------
2026-06-22 15:05:12 [INFO   ] PROGRESS | Email content — To: mananpatel.co@gmail.com
2026-06-22 15:05:12 [INFO   ] PROGRESS | Subject: PlacementHub pre-seed intro with MANAN SATISH PATEL
2026-06-22 15:05:12 [INFO   ] PROGRESS | Body:
2026-06-22 15:05:12 [INFO   ] PROGRESS |   Dear Sir/Madam,
2026-06-22 15:05:12 [INFO   ] PROGRESS |   I am reaching out to introduce PlacementHub and explore whether any of your investor, entrepreneur, or
2026-06-22 15:05:12 [INFO   ] PROGRESS |   HNI clients may be open to reviewing a strategic seed opportunity.
2026-06-22 15:05:12 [INFO   ] PROGRESS |   My name is Sandeep Jain. PlacementHub is currently in its pre-seed fundraising stage, and I am
2026-06-22 15:05:12 [INFO   ] PROGRESS |   soliciting strategic seed investment for the same. PlacementHub is a campus placement and employability
2026-06-22 15:05:12 [INFO   ] PROGRESS |   platform connecting students, colleges, and recruiters. The product is built and in early
2026-06-22 15:05:12 [INFO   ] PROGRESS |   commercialization.
2026-06-22 15:05:12 [INFO   ] PROGRESS |   For reference, the detailed business plan, including the business model and go-to-market strategies, is
2026-06-22 15:05:12 [INFO   ] PROGRESS |   available here:
2026-06-22 15:05:12 [INFO   ] PROGRESS |   PlacementHub Business Plan
2026-06-22 15:05:12 [INFO   ] PROGRESS |   For a Chartered Accountant firm, the relevance is mainly professional and strategic:
2026-06-22 15:05:12 [INFO   ] PROGRESS |   PlacementHub may require support across accounting, taxation, compliance, payroll, investor documentation, audit, and related professional services.
2026-06-22 15:05:12 [INFO   ] PROGRESS |   I would naturally be pleased to consider and prioritize firms that support PlacementHub during its early growth phase, subject to suitability and mutual agreement.
2026-06-22 15:05:12 [INFO   ] PROGRESS |   The relationship can begin with a simple review of the investment note and, where appropriate, introductions to suitable investor clients.
2026-06-22 15:05:12 [INFO   ] PROGRESS |   If the opportunity is worth a look, I would be happy to send the note and speak briefly about the round,
2026-06-22 15:05:12 [INFO   ] PROGRESS |   the platform, and the type of strategic investors we are looking for.
2026-06-22 15:05:12 [INFO   ] PROGRESS |   Please reply to this email or call me if you would like to explore it.
2026-06-22 15:05:12 [INFO   ] PROGRESS |   Warm Regards,
2026-06-22 15:05:12 [INFO   ] PROGRESS |   Sandeep Jain
2026-06-22 15:05:12 [INFO   ] PROGRESS |   Founder, PlacementHub
2026-06-22 15:05:12 [INFO   ] PROGRESS |   +91-9860090620
2026-06-22 15:05:12 [INFO   ] PROGRESS |   sandeepjain200019@gmail.com
2026-06-22 15:05:12 [INFO   ] PROGRESS |   Detailed Profile
2026-06-22 15:05:12 [INFO   ] PROGRESS |   Detailed Note on Funding Requirement
2026-06-22 15:05:12 [INFO   ] --------------------------------------------------------------
2026-06-22 15:05:12 [INFO   ] 
2026-06-22 15:05:12 [INFO   ] 
2026-06-22 15:05:12 [INFO   ] PROGRESS | Email preview — To: mananpatel.co@gmail.com | Subject: PlacementHub pre-seed intro with MANAN SATISH PATEL
2026-06-22 15:05:13 [INFO   ] SENT (Brevo) -> mananpatel.co@gmail.com (MANAN SATISH PATEL) | PlacementHub pre-seed intro with MANAN SATISH PATEL | messageId=<202606220935.72982549266@smtp-relay.mailin.fr> (API accepted; run audit-brevo to confirm delivery)
2026-06-22 15:05:13 [INFO   ] Sleeping for 10 seconds
2026-06-22 15:05:23 [INFO   ] PROGRESS | Send 27/50 | SENT | mananpatel.co@gmail.com | MANAN SATISH PATEL [Chartered Accountants & Company Secretaries] | ok=25 fail=2 skip=0
2026-06-22 15:05:23 [INFO   ] PROGRESS | Send 28/50 | SENDING | maldekush@gmail.com | KUSH MILAN MALDE [Chartered Accountants & Company Secretaries] | ok=25 fail=2 skip=0
2026-06-22 15:05:24 [INFO   ] --------------------------------------------------------------
2026-06-22 15:05:24 [INFO   ] PROGRESS | Email content — To: maldekush@gmail.com
2026-06-22 15:05:24 [INFO   ] PROGRESS | Subject: PlacementHub pre-seed intro with KUSH MILAN MALDE
2026-06-22 15:05:24 [INFO   ] PROGRESS | Body:
2026-06-22 15:05:24 [INFO   ] PROGRESS |   Dear Sir/Madam,
2026-06-22 15:05:24 [INFO   ] PROGRESS |   I am reaching out to introduce PlacementHub and explore whether any of your investor, entrepreneur, or
2026-06-22 15:05:24 [INFO   ] PROGRESS |   HNI clients may be open to reviewing a strategic seed opportunity.
2026-06-22 15:05:24 [INFO   ] PROGRESS |   My name is Sandeep Jain. PlacementHub is currently in its pre-seed fundraising stage, and I am
2026-06-22 15:05:24 [INFO   ] PROGRESS |   soliciting strategic seed investment for the same. PlacementHub is a campus placement and employability
2026-06-22 15:05:24 [INFO   ] PROGRESS |   platform connecting students, colleges, and recruiters. The product is built and in early
2026-06-22 15:05:24 [INFO   ] PROGRESS |   commercialization.
2026-06-22 15:05:24 [INFO   ] PROGRESS |   For reference, the detailed business plan, including the business model and go-to-market strategies, is
2026-06-22 15:05:24 [INFO   ] PROGRESS |   available here:
2026-06-22 15:05:24 [INFO   ] PROGRESS |   PlacementHub Business Plan
2026-06-22 15:05:24 [INFO   ] PROGRESS |   For a Chartered Accountant firm, the relevance is mainly professional and strategic:
2026-06-22 15:05:24 [INFO   ] PROGRESS |   PlacementHub may require support across accounting, taxation, compliance, payroll, investor documentation, audit, and related professional services.
2026-06-22 15:05:24 [INFO   ] PROGRESS |   I would naturally be pleased to consider and prioritize firms that support PlacementHub during its early growth phase, subject to suitability and mutual agreement.
2026-06-22 15:05:24 [INFO   ] PROGRESS |   The relationship can begin with a simple review of the investment note and, where appropriate, introductions to suitable investor clients.
2026-06-22 15:05:24 [INFO   ] PROGRESS |   If the opportunity is worth a look, I would be happy to send the note and speak briefly about the round,
2026-06-22 15:05:24 [INFO   ] PROGRESS |   the platform, and the type of strategic investors we are looking for.
2026-06-22 15:05:24 [INFO   ] PROGRESS |   Please reply to this email or call me if you would like to explore it.
2026-06-22 15:05:24 [INFO   ] PROGRESS |   Warm Regards,
2026-06-22 15:05:24 [INFO   ] PROGRESS |   Sandeep Jain
2026-06-22 15:05:24 [INFO   ] PROGRESS |   Founder, PlacementHub
2026-06-22 15:05:24 [INFO   ] PROGRESS |   +91-9860090620
2026-06-22 15:05:24 [INFO   ] PROGRESS |   sandeepjain200019@gmail.com
2026-06-22 15:05:24 [INFO   ] PROGRESS |   Detailed Profile
2026-06-22 15:05:24 [INFO   ] PROGRESS |   Detailed Note on Funding Requirement
2026-06-22 15:05:24 [INFO   ] --------------------------------------------------------------
2026-06-22 15:05:24 [INFO   ] 
2026-06-22 15:05:24 [INFO   ] 
2026-06-22 15:05:24 [INFO   ] PROGRESS | Email preview — To: maldekush@gmail.com | Subject: PlacementHub pre-seed intro with KUSH MILAN MALDE
2026-06-22 15:05:26 [INFO   ] SENT (Brevo) -> maldekush@gmail.com (KUSH MILAN MALDE) | PlacementHub pre-seed intro with KUSH MILAN MALDE | messageId=<202606220935.71889898417@smtp-relay.mailin.fr> (API accepted; run audit-brevo to confirm delivery)
2026-06-22 15:05:26 [INFO   ] Sleeping for 10 seconds
2026-06-22 15:05:36 [INFO   ] PROGRESS | Send 28/50 | SENT | maldekush@gmail.com | KUSH MILAN MALDE [Chartered Accountants & Company Secretaries] | ok=26 fail=2 skip=0
2026-06-22 15:05:36 [INFO   ] PROGRESS | Send 29/50 | SENDING | cagaurav914@gmail.com | GAURAV JAIN [Chartered Accountants & Company Secretaries] | ok=26 fail=2 skip=0
2026-06-22 15:05:51 [INFO   ] --------------------------------------------------------------
2026-06-22 15:05:51 [INFO   ] PROGRESS | Email content — To: cagaurav914@gmail.com
2026-06-22 15:05:51 [INFO   ] PROGRESS | Subject: PlacementHub pre-seed intro with GAURAV JAIN
2026-06-22 15:05:51 [INFO   ] PROGRESS | Body:
2026-06-22 15:05:51 [INFO   ] PROGRESS |   Dear Sir/Madam,
2026-06-22 15:05:51 [INFO   ] PROGRESS |   I am reaching out to introduce PlacementHub and explore whether any of your investor, entrepreneur, or
2026-06-22 15:05:51 [INFO   ] PROGRESS |   HNI clients may be open to reviewing a strategic seed opportunity.
2026-06-22 15:05:51 [INFO   ] PROGRESS |   My name is Sandeep Jain. PlacementHub is currently in its pre-seed fundraising stage, and I am
2026-06-22 15:05:51 [INFO   ] PROGRESS |   soliciting strategic seed investment for the same. PlacementHub is a campus placement and employability
2026-06-22 15:05:51 [INFO   ] PROGRESS |   platform connecting students, colleges, and recruiters. The product is built and in early
2026-06-22 15:05:51 [INFO   ] PROGRESS |   commercialization.
2026-06-22 15:05:51 [INFO   ] PROGRESS |   For reference, the detailed business plan, including the business model and go-to-market strategies, is
2026-06-22 15:05:51 [INFO   ] PROGRESS |   available here:
2026-06-22 15:05:51 [INFO   ] PROGRESS |   PlacementHub Business Plan
2026-06-22 15:05:51 [INFO   ] PROGRESS |   For a Chartered Accountant firm, the relevance is mainly professional and strategic:
2026-06-22 15:05:51 [INFO   ] PROGRESS |   PlacementHub may require support across accounting, taxation, compliance, payroll, investor documentation, audit, and related professional services.
2026-06-22 15:05:51 [INFO   ] PROGRESS |   I would naturally be pleased to consider and prioritize firms that support PlacementHub during its early growth phase, subject to suitability and mutual agreement.
2026-06-22 15:05:51 [INFO   ] PROGRESS |   The relationship can begin with a simple review of the investment note and, where appropriate, introductions to suitable investor clients.
2026-06-22 15:05:51 [INFO   ] PROGRESS |   If the opportunity is worth a look, I would be happy to send the note and speak briefly about the round,
2026-06-22 15:05:51 [INFO   ] PROGRESS |   the platform, and the type of strategic investors we are looking for.
2026-06-22 15:05:51 [INFO   ] PROGRESS |   Please reply to this email or call me if you would like to explore it.
2026-06-22 15:05:51 [INFO   ] PROGRESS |   Warm Regards,
2026-06-22 15:05:51 [INFO   ] PROGRESS |   Sandeep Jain
2026-06-22 15:05:51 [INFO   ] PROGRESS |   Founder, PlacementHub
2026-06-22 15:05:51 [INFO   ] PROGRESS |   +91-9860090620
2026-06-22 15:05:51 [INFO   ] PROGRESS |   sandeepjain200019@gmail.com
2026-06-22 15:05:51 [INFO   ] PROGRESS |   Detailed Profile
2026-06-22 15:05:51 [INFO   ] PROGRESS |   Detailed Note on Funding Requirement
2026-06-22 15:05:51 [INFO   ] --------------------------------------------------------------
2026-06-22 15:05:51 [INFO   ] 
2026-06-22 15:05:51 [INFO   ] 
2026-06-22 15:05:51 [INFO   ] PROGRESS | Email preview — To: cagaurav914@gmail.com | Subject: PlacementHub pre-seed intro with GAURAV JAIN
2026-06-22 15:05:52 [INFO   ] SENT (Brevo) -> cagaurav914@gmail.com (GAURAV JAIN) | PlacementHub pre-seed intro with GAURAV JAIN | messageId=<202606220935.18932749003@smtp-relay.mailin.fr> (API accepted; run audit-brevo to confirm delivery)
2026-06-22 15:05:52 [INFO   ] Sleeping for 10 seconds
2026-06-22 15:06:02 [INFO   ] PROGRESS | Send 29/50 | SENT | cagaurav914@gmail.com | GAURAV JAIN [Chartered Accountants & Company Secretaries] | ok=27 fail=2 skip=0
2026-06-22 15:06:02 [INFO   ] PROGRESS | Send 30/50 | SENDING | singhalbharat627@gmail.com | BHARAT KUMAR [Chartered Accountants & Company Secretaries] | ok=27 fail=2 skip=0
2026-06-22 15:06:04 [INFO   ] --------------------------------------------------------------
2026-06-22 15:06:04 [INFO   ] PROGRESS | Email content — To: singhalbharat627@gmail.com
2026-06-22 15:06:04 [INFO   ] PROGRESS | Subject: PlacementHub pre-seed intro with BHARAT KUMAR
2026-06-22 15:06:04 [INFO   ] PROGRESS | Body:
2026-06-22 15:06:04 [INFO   ] PROGRESS |   Dear Sir/Madam,
2026-06-22 15:06:04 [INFO   ] PROGRESS |   I am reaching out to introduce PlacementHub and explore whether any of your investor, entrepreneur, or
2026-06-22 15:06:04 [INFO   ] PROGRESS |   HNI clients may be open to reviewing a strategic seed opportunity.
2026-06-22 15:06:04 [INFO   ] PROGRESS |   My name is Sandeep Jain. PlacementHub is currently in its pre-seed fundraising stage, and I am
2026-06-22 15:06:04 [INFO   ] PROGRESS |   soliciting strategic seed investment for the same. PlacementHub is a campus placement and employability
2026-06-22 15:06:04 [INFO   ] PROGRESS |   platform connecting students, colleges, and recruiters. The product is built and in early
2026-06-22 15:06:04 [INFO   ] PROGRESS |   commercialization.
2026-06-22 15:06:04 [INFO   ] PROGRESS |   For reference, the detailed business plan, including the business model and go-to-market strategies, is
2026-06-22 15:06:04 [INFO   ] PROGRESS |   available here:
2026-06-22 15:06:04 [INFO   ] PROGRESS |   PlacementHub Business Plan
2026-06-22 15:06:04 [INFO   ] PROGRESS |   For a Chartered Accountant firm, the relevance is mainly professional and strategic:
2026-06-22 15:06:04 [INFO   ] PROGRESS |   PlacementHub may require support across accounting, taxation, compliance, payroll, investor documentation, audit, and related professional services.
2026-06-22 15:06:04 [INFO   ] PROGRESS |   I would naturally be pleased to consider and prioritize firms that support PlacementHub during its early growth phase, subject to suitability and mutual agreement.
2026-06-22 15:06:04 [INFO   ] PROGRESS |   The relationship can begin with a simple review of the investment note and, where appropriate, introductions to suitable investor clients.
2026-06-22 15:06:04 [INFO   ] PROGRESS |   If the opportunity is worth a look, I would be happy to send the note and speak briefly about the round,
2026-06-22 15:06:04 [INFO   ] PROGRESS |   the platform, and the type of strategic investors we are looking for.
2026-06-22 15:06:04 [INFO   ] PROGRESS |   Please reply to this email or call me if you would like to explore it.
2026-06-22 15:06:04 [INFO   ] PROGRESS |   Warm Regards,
2026-06-22 15:06:04 [INFO   ] PROGRESS |   Sandeep Jain
2026-06-22 15:06:04 [INFO   ] PROGRESS |   Founder, PlacementHub
2026-06-22 15:06:04 [INFO   ] PROGRESS |   +91-9860090620
2026-06-22 15:06:04 [INFO   ] PROGRESS |   sandeepjain200019@gmail.com
2026-06-22 15:06:04 [INFO   ] PROGRESS |   Detailed Profile
2026-06-22 15:06:04 [INFO   ] PROGRESS |   Detailed Note on Funding Requirement
2026-06-22 15:06:04 [INFO   ] --------------------------------------------------------------
2026-06-22 15:06:04 [INFO   ] 
2026-06-22 15:06:04 [INFO   ] 
2026-06-22 15:06:04 [INFO   ] PROGRESS | Email preview — To: singhalbharat627@gmail.com | Subject: PlacementHub pre-seed intro with BHARAT KUMAR
2026-06-22 15:06:06 [INFO   ] SENT (Brevo) -> singhalbharat627@gmail.com (BHARAT KUMAR) | PlacementHub pre-seed intro with BHARAT KUMAR | messageId=<202606220936.89104490588@smtp-relay.mailin.fr> (API accepted; run audit-brevo to confirm delivery)
2026-06-22 15:06:06 [INFO   ] Sleeping for 10 seconds
2026-06-22 15:06:16 [INFO   ] PROGRESS | Send 30/50 | SENT | singhalbharat627@gmail.com | BHARAT KUMAR [Chartered Accountants & Company Secretaries] | ok=28 fail=2 skip=0
2026-06-22 15:06:16 [INFO   ] PROGRESS | Send 31/50 | SENDING | shivamgbundiwal@gmail.com | SHIVAM GYANCHAND BUNDIWAL [Chartered Accountants & Company Secretaries] | ok=28 fail=2 skip=0
2026-06-22 15:06:19 [INFO   ] --------------------------------------------------------------
2026-06-22 15:06:19 [INFO   ] PROGRESS | Email content — To: shivamgbundiwal@gmail.com
2026-06-22 15:06:19 [INFO   ] PROGRESS | Subject: PlacementHub pre-seed intro with SHIVAM GYANCHAND BUNDIWAL
2026-06-22 15:06:19 [INFO   ] PROGRESS | Body:
2026-06-22 15:06:19 [INFO   ] PROGRESS |   Dear Sir/Madam,
2026-06-22 15:06:19 [INFO   ] PROGRESS |   I am reaching out to introduce PlacementHub and explore whether any of your investor, entrepreneur, or
2026-06-22 15:06:19 [INFO   ] PROGRESS |   HNI clients may be open to reviewing a strategic seed opportunity.
2026-06-22 15:06:19 [INFO   ] PROGRESS |   My name is Sandeep Jain. PlacementHub is currently in its pre-seed fundraising stage, and I am
2026-06-22 15:06:19 [INFO   ] PROGRESS |   soliciting strategic seed investment for the same. PlacementHub is a campus placement and employability
2026-06-22 15:06:19 [INFO   ] PROGRESS |   platform connecting students, colleges, and recruiters. The product is built and in early
2026-06-22 15:06:19 [INFO   ] PROGRESS |   commercialization.
2026-06-22 15:06:19 [INFO   ] PROGRESS |   For reference, the detailed business plan, including the business model and go-to-market strategies, is
2026-06-22 15:06:19 [INFO   ] PROGRESS |   available here:
2026-06-22 15:06:19 [INFO   ] PROGRESS |   PlacementHub Business Plan
2026-06-22 15:06:19 [INFO   ] PROGRESS |   For a Chartered Accountant firm, the relevance is mainly professional and strategic:
2026-06-22 15:06:19 [INFO   ] PROGRESS |   PlacementHub may require support across accounting, taxation, compliance, payroll, investor documentation, audit, and related professional services.
2026-06-22 15:06:19 [INFO   ] PROGRESS |   I would naturally be pleased to consider and prioritize firms that support PlacementHub during its early growth phase, subject to suitability and mutual agreement.
2026-06-22 15:06:19 [INFO   ] PROGRESS |   The relationship can begin with a simple review of the investment note and, where appropriate, introductions to suitable investor clients.
2026-06-22 15:06:19 [INFO   ] PROGRESS |   If the opportunity is worth a look, I would be happy to send the note and speak briefly about the round,
2026-06-22 15:06:19 [INFO   ] PROGRESS |   the platform, and the type of strategic investors we are looking for.
2026-06-22 15:06:19 [INFO   ] PROGRESS |   Please reply to this email or call me if you would like to explore it.
2026-06-22 15:06:19 [INFO   ] PROGRESS |   Warm Regards,
2026-06-22 15:06:19 [INFO   ] PROGRESS |   Sandeep Jain
2026-06-22 15:06:19 [INFO   ] PROGRESS |   Founder, PlacementHub
2026-06-22 15:06:19 [INFO   ] PROGRESS |   +91-9860090620
2026-06-22 15:06:19 [INFO   ] PROGRESS |   sandeepjain200019@gmail.com
2026-06-22 15:06:19 [INFO   ] PROGRESS |   Detailed Profile
2026-06-22 15:06:19 [INFO   ] PROGRESS |   Detailed Note on Funding Requirement
2026-06-22 15:06:19 [INFO   ] --------------------------------------------------------------
2026-06-22 15:06:19 [INFO   ] 
2026-06-22 15:06:19 [INFO   ] 
2026-06-22 15:06:19 [INFO   ] PROGRESS | Email preview — To: shivamgbundiwal@gmail.com | Subject: PlacementHub pre-seed intro with SHIVAM GYANCHAND BUNDIWAL
2026-06-22 15:06:20 [INFO   ] SENT (Brevo) -> shivamgbundiwal@gmail.com (SHIVAM GYANCHAND BUNDIWAL) | PlacementHub pre-seed intro with SHIVAM GYANCHAND BUNDIWAL | messageId=<202606220936.22555625086@smtp-relay.mailin.fr> (API accepted; run audit-brevo to confirm delivery)
2026-06-22 15:06:20 [INFO   ] Sleeping for 10 seconds
2026-06-22 15:06:30 [INFO   ] PROGRESS | Send 31/50 | SENT | shivamgbundiwal@gmail.com | SHIVAM GYANCHAND BUNDIWAL [Chartered Accountants & Company Secretaries] | ok=29 fail=2 skip=0
2026-06-22 15:06:30 [INFO   ] PROGRESS | Send 32/50 | SENDING | caashok@cvmllp.com | ASHOK PUNAMCHAND CHAUDHARY [Chartered Accountants & Company Secretaries] | ok=29 fail=2 skip=0
2026-06-22 15:06:40 [INFO   ] --------------------------------------------------------------
2026-06-22 15:06:40 [INFO   ] PROGRESS | Email content — To: caashok@cvmllp.com
2026-06-22 15:06:40 [INFO   ] PROGRESS | Subject: PlacementHub pre-seed intro with ASHOK PUNAMCHAND CHAUDHARY
2026-06-22 15:06:40 [INFO   ] PROGRESS | Body:
2026-06-22 15:06:40 [INFO   ] PROGRESS |   Dear Sir/Madam,
2026-06-22 15:06:40 [INFO   ] PROGRESS |   I am reaching out to introduce PlacementHub and explore whether any of your investor, entrepreneur, or
2026-06-22 15:06:40 [INFO   ] PROGRESS |   HNI clients may be open to reviewing a strategic seed opportunity.
2026-06-22 15:06:40 [INFO   ] PROGRESS |   My name is Sandeep Jain. PlacementHub is currently in its pre-seed fundraising stage, and I am
2026-06-22 15:06:40 [INFO   ] PROGRESS |   soliciting strategic seed investment for the same. PlacementHub is a campus placement and employability
2026-06-22 15:06:40 [INFO   ] PROGRESS |   platform connecting students, colleges, and recruiters. The product is built and in early
2026-06-22 15:06:40 [INFO   ] PROGRESS |   commercialization.
2026-06-22 15:06:40 [INFO   ] PROGRESS |   For reference, the detailed business plan, including the business model and go-to-market strategies, is
2026-06-22 15:06:40 [INFO   ] PROGRESS |   available here:
2026-06-22 15:06:40 [INFO   ] PROGRESS |   PlacementHub Business Plan
2026-06-22 15:06:40 [INFO   ] PROGRESS |   For a Chartered Accountant firm, the relevance is mainly professional and strategic:
2026-06-22 15:06:40 [INFO   ] PROGRESS |   PlacementHub may require support across accounting, taxation, compliance, payroll, investor documentation, audit, and related professional services.
2026-06-22 15:06:40 [INFO   ] PROGRESS |   I would naturally be pleased to consider and prioritize firms that support PlacementHub during its early growth phase, subject to suitability and mutual agreement.
2026-06-22 15:06:40 [INFO   ] PROGRESS |   The relationship can begin with a simple review of the investment note and, where appropriate, introductions to suitable investor clients.
2026-06-22 15:06:40 [INFO   ] PROGRESS |   If the opportunity is worth a look, I would be happy to send the note and speak briefly about the round,
2026-06-22 15:06:40 [INFO   ] PROGRESS |   the platform, and the type of strategic investors we are looking for.
2026-06-22 15:06:40 [INFO   ] PROGRESS |   Please reply to this email or call me if you would like to explore it.
2026-06-22 15:06:40 [INFO   ] PROGRESS |   Warm Regards,
2026-06-22 15:06:40 [INFO   ] PROGRESS |   Sandeep Jain
2026-06-22 15:06:40 [INFO   ] PROGRESS |   Founder, PlacementHub
2026-06-22 15:06:40 [INFO   ] PROGRESS |   +91-9860090620
2026-06-22 15:06:40 [INFO   ] PROGRESS |   sandeepjain200019@gmail.com
2026-06-22 15:06:40 [INFO   ] PROGRESS |   Detailed Profile
2026-06-22 15:06:40 [INFO   ] PROGRESS |   Detailed Note on Funding Requirement
2026-06-22 15:06:40 [INFO   ] --------------------------------------------------------------
2026-06-22 15:06:40 [INFO   ] 
2026-06-22 15:06:40 [INFO   ] 
2026-06-22 15:06:40 [INFO   ] PROGRESS | Email preview — To: caashok@cvmllp.com | Subject: PlacementHub pre-seed intro with ASHOK PUNAMCHAND CHAUDHARY
2026-06-22 15:06:41 [INFO   ] SENT (Brevo) -> caashok@cvmllp.com (ASHOK PUNAMCHAND CHAUDHARY) | PlacementHub pre-seed intro with ASHOK PUNAMCHAND CHAUDHARY | messageId=<202606220936.78094182372@smtp-relay.mailin.fr> (API accepted; run audit-brevo to confirm delivery)
2026-06-22 15:06:41 [INFO   ] Sleeping for 10 seconds
2026-06-22 15:06:51 [INFO   ] PROGRESS | Send 32/50 | SENT | caashok@cvmllp.com | ASHOK PUNAMCHAND CHAUDHARY [Chartered Accountants & Company Secretaries] | ok=30 fail=2 skip=0
2026-06-22 15:06:51 [INFO   ] PROGRESS | Send 33/50 | SENDING | burhan_nasir96@hotmail.com | BURHAN SHAMUN NASIR [Chartered Accountants & Company Secretaries] | ok=30 fail=2 skip=0
2026-06-22 15:06:52 [INFO   ] --------------------------------------------------------------
2026-06-22 15:06:52 [INFO   ] PROGRESS | Email content — To: burhan_nasir96@hotmail.com
2026-06-22 15:06:52 [INFO   ] PROGRESS | Subject: PlacementHub pre-seed intro with BURHAN SHAMUN NASIR
2026-06-22 15:06:52 [INFO   ] PROGRESS | Body:
2026-06-22 15:06:52 [INFO   ] PROGRESS |   Dear Sir/Madam,
2026-06-22 15:06:52 [INFO   ] PROGRESS |   I am reaching out to introduce PlacementHub and explore whether any of your investor, entrepreneur, or
2026-06-22 15:06:52 [INFO   ] PROGRESS |   HNI clients may be open to reviewing a strategic seed opportunity.
2026-06-22 15:06:52 [INFO   ] PROGRESS |   My name is Sandeep Jain. PlacementHub is currently in its pre-seed fundraising stage, and I am
2026-06-22 15:06:52 [INFO   ] PROGRESS |   soliciting strategic seed investment for the same. PlacementHub is a campus placement and employability
2026-06-22 15:06:52 [INFO   ] PROGRESS |   platform connecting students, colleges, and recruiters. The product is built and in early
2026-06-22 15:06:52 [INFO   ] PROGRESS |   commercialization.
2026-06-22 15:06:52 [INFO   ] PROGRESS |   For reference, the detailed business plan, including the business model and go-to-market strategies, is
2026-06-22 15:06:52 [INFO   ] PROGRESS |   available here:
2026-06-22 15:06:52 [INFO   ] PROGRESS |   PlacementHub Business Plan
2026-06-22 15:06:52 [INFO   ] PROGRESS |   For a Chartered Accountant firm, the relevance is mainly professional and strategic:
2026-06-22 15:06:52 [INFO   ] PROGRESS |   PlacementHub may require support across accounting, taxation, compliance, payroll, investor documentation, audit, and related professional services.
2026-06-22 15:06:52 [INFO   ] PROGRESS |   I would naturally be pleased to consider and prioritize firms that support PlacementHub during its early growth phase, subject to suitability and mutual agreement.
2026-06-22 15:06:52 [INFO   ] PROGRESS |   The relationship can begin with a simple review of the investment note and, where appropriate, introductions to suitable investor clients.
2026-06-22 15:06:52 [INFO   ] PROGRESS |   If the opportunity is worth a look, I would be happy to send the note and speak briefly about the round,
2026-06-22 15:06:52 [INFO   ] PROGRESS |   the platform, and the type of strategic investors we are looking for.
2026-06-22 15:06:52 [INFO   ] PROGRESS |   Please reply to this email or call me if you would like to explore it.
2026-06-22 15:06:52 [INFO   ] PROGRESS |   Warm Regards,
2026-06-22 15:06:52 [INFO   ] PROGRESS |   Sandeep Jain
2026-06-22 15:06:52 [INFO   ] PROGRESS |   Founder, PlacementHub
2026-06-22 15:06:52 [INFO   ] PROGRESS |   +91-9860090620
2026-06-22 15:06:52 [INFO   ] PROGRESS |   sandeepjain200019@gmail.com
2026-06-22 15:06:52 [INFO   ] PROGRESS |   Detailed Profile
2026-06-22 15:06:52 [INFO   ] PROGRESS |   Detailed Note on Funding Requirement
2026-06-22 15:06:52 [INFO   ] --------------------------------------------------------------
2026-06-22 15:06:52 [INFO   ] 
2026-06-22 15:06:52 [INFO   ] 
2026-06-22 15:06:52 [INFO   ] PROGRESS | Email preview — To: burhan_nasir96@hotmail.com | Subject: PlacementHub pre-seed intro with BURHAN SHAMUN NASIR
2026-06-22 15:06:53 [INFO   ] SENT (Brevo) -> burhan_nasir96@hotmail.com (BURHAN SHAMUN NASIR) | PlacementHub pre-seed intro with BURHAN SHAMUN NASIR | messageId=<202606220936.22180683623@smtp-relay.mailin.fr> (API accepted; run audit-brevo to confirm delivery)
2026-06-22 15:06:53 [INFO   ] Sleeping for 10 seconds
2026-06-22 15:07:03 [INFO   ] PROGRESS | Send 33/50 | SENT | burhan_nasir96@hotmail.com | BURHAN SHAMUN NASIR [Chartered Accountants & Company Secretaries] | ok=31 fail=2 skip=0
2026-06-22 15:07:03 [INFO   ] PROGRESS | Send 34/50 | SENDING | kulkarnichitkala@gmail.com | CHITKALA UMAKANT KULKARNI [Chartered Accountants & Company Secretaries] | ok=31 fail=2 skip=0
2026-06-22 15:07:19 [INFO   ] --------------------------------------------------------------
2026-06-22 15:07:19 [INFO   ] PROGRESS | Email content — To: kulkarnichitkala@gmail.com
2026-06-22 15:07:19 [INFO   ] PROGRESS | Subject: PlacementHub pre-seed intro with CHITKALA UMAKANT KULKARNI
2026-06-22 15:07:19 [INFO   ] PROGRESS | Body:
2026-06-22 15:07:19 [INFO   ] PROGRESS |   Dear Sir/Madam,
2026-06-22 15:07:19 [INFO   ] PROGRESS |   I am reaching out to introduce PlacementHub and explore whether any of your investor, entrepreneur, or
2026-06-22 15:07:19 [INFO   ] PROGRESS |   HNI clients may be open to reviewing a strategic seed opportunity.
2026-06-22 15:07:19 [INFO   ] PROGRESS |   My name is Sandeep Jain. PlacementHub is currently in its pre-seed fundraising stage, and I am
2026-06-22 15:07:19 [INFO   ] PROGRESS |   soliciting strategic seed investment for the same. PlacementHub is a campus placement and employability
2026-06-22 15:07:19 [INFO   ] PROGRESS |   platform connecting students, colleges, and recruiters. The product is built and in early
2026-06-22 15:07:19 [INFO   ] PROGRESS |   commercialization.
2026-06-22 15:07:19 [INFO   ] PROGRESS |   For reference, the detailed business plan, including the business model and go-to-market strategies, is
2026-06-22 15:07:19 [INFO   ] PROGRESS |   available here:
2026-06-22 15:07:19 [INFO   ] PROGRESS |   PlacementHub Business Plan
2026-06-22 15:07:19 [INFO   ] PROGRESS |   For a Chartered Accountant firm, the relevance is mainly professional and strategic:
2026-06-22 15:07:19 [INFO   ] PROGRESS |   PlacementHub may require support across accounting, taxation, compliance, payroll, investor documentation, audit, and related professional services.
2026-06-22 15:07:19 [INFO   ] PROGRESS |   I would naturally be pleased to consider and prioritize firms that support PlacementHub during its early growth phase, subject to suitability and mutual agreement.
2026-06-22 15:07:19 [INFO   ] PROGRESS |   The relationship can begin with a simple review of the investment note and, where appropriate, introductions to suitable investor clients.
2026-06-22 15:07:19 [INFO   ] PROGRESS |   If the opportunity is worth a look, I would be happy to send the note and speak briefly about the round,
2026-06-22 15:07:19 [INFO   ] PROGRESS |   the platform, and the type of strategic investors we are looking for.
2026-06-22 15:07:19 [INFO   ] PROGRESS |   Please reply to this email or call me if you would like to explore it.
2026-06-22 15:07:19 [INFO   ] PROGRESS |   Warm Regards,
2026-06-22 15:07:19 [INFO   ] PROGRESS |   Sandeep Jain
2026-06-22 15:07:19 [INFO   ] PROGRESS |   Founder, PlacementHub
2026-06-22 15:07:19 [INFO   ] PROGRESS |   +91-9860090620
2026-06-22 15:07:19 [INFO   ] PROGRESS |   sandeepjain200019@gmail.com
2026-06-22 15:07:19 [INFO   ] PROGRESS |   Detailed Profile
2026-06-22 15:07:19 [INFO   ] PROGRESS |   Detailed Note on Funding Requirement
2026-06-22 15:07:19 [INFO   ] --------------------------------------------------------------
2026-06-22 15:07:19 [INFO   ] 
2026-06-22 15:07:19 [INFO   ] 
2026-06-22 15:07:19 [INFO   ] PROGRESS | Email preview — To: kulkarnichitkala@gmail.com | Subject: PlacementHub pre-seed intro with CHITKALA UMAKANT KULKARNI
2026-06-22 15:07:20 [INFO   ] SENT (Brevo) -> kulkarnichitkala@gmail.com (CHITKALA UMAKANT KULKARNI) | PlacementHub pre-seed intro with CHITKALA UMAKANT KULKARNI | messageId=<202606220937.14650674834@smtp-relay.mailin.fr> (API accepted; run audit-brevo to confirm delivery)
2026-06-22 15:07:20 [INFO   ] Sleeping for 10 seconds
2026-06-22 15:07:30 [INFO   ] PROGRESS | Send 34/50 | SENT | kulkarnichitkala@gmail.com | CHITKALA UMAKANT KULKARNI [Chartered Accountants & Company Secretaries] | ok=32 fail=2 skip=0
2026-06-22 15:07:30 [INFO   ] PROGRESS | Send 35/50 | SENDING | nbpurohit@gmail.com | PUROHIT NILKANTH BALUSHANKAR [Chartered Accountants & Company Secretaries] | ok=32 fail=2 skip=0
2026-06-22 15:07:34 [INFO   ] --------------------------------------------------------------
2026-06-22 15:07:34 [INFO   ] PROGRESS | Email content — To: nbpurohit@gmail.com
2026-06-22 15:07:34 [INFO   ] PROGRESS | Subject: PlacementHub pre-seed intro with PUROHIT NILKANTH BALUSHANKAR
2026-06-22 15:07:34 [INFO   ] PROGRESS | Body:
2026-06-22 15:07:34 [INFO   ] PROGRESS |   Dear Sir/Madam,
2026-06-22 15:07:34 [INFO   ] PROGRESS |   I am reaching out to introduce PlacementHub and explore whether any of your investor, entrepreneur, or
2026-06-22 15:07:34 [INFO   ] PROGRESS |   HNI clients may be open to reviewing a strategic seed opportunity.
2026-06-22 15:07:34 [INFO   ] PROGRESS |   My name is Sandeep Jain. PlacementHub is currently in its pre-seed fundraising stage, and I am
2026-06-22 15:07:34 [INFO   ] PROGRESS |   soliciting strategic seed investment for the same. PlacementHub is a campus placement and employability
2026-06-22 15:07:34 [INFO   ] PROGRESS |   platform connecting students, colleges, and recruiters. The product is built and in early
2026-06-22 15:07:34 [INFO   ] PROGRESS |   commercialization.
2026-06-22 15:07:34 [INFO   ] PROGRESS |   For reference, the detailed business plan, including the business model and go-to-market strategies, is
2026-06-22 15:07:34 [INFO   ] PROGRESS |   available here:
2026-06-22 15:07:34 [INFO   ] PROGRESS |   PlacementHub Business Plan
2026-06-22 15:07:34 [INFO   ] PROGRESS |   For a Chartered Accountant firm, the relevance is mainly professional and strategic:
2026-06-22 15:07:34 [INFO   ] PROGRESS |   PlacementHub may require support across accounting, taxation, compliance, payroll, investor documentation, audit, and related professional services.
2026-06-22 15:07:34 [INFO   ] PROGRESS |   I would naturally be pleased to consider and prioritize firms that support PlacementHub during its early growth phase, subject to suitability and mutual agreement.
2026-06-22 15:07:34 [INFO   ] PROGRESS |   The relationship can begin with a simple review of the investment note and, where appropriate, introductions to suitable investor clients.
2026-06-22 15:07:34 [INFO   ] PROGRESS |   If the opportunity is worth a look, I would be happy to send the note and speak briefly about the round,
2026-06-22 15:07:34 [INFO   ] PROGRESS |   the platform, and the type of strategic investors we are looking for.
2026-06-22 15:07:34 [INFO   ] PROGRESS |   Please reply to this email or call me if you would like to explore it.
2026-06-22 15:07:34 [INFO   ] PROGRESS |   Warm Regards,
2026-06-22 15:07:34 [INFO   ] PROGRESS |   Sandeep Jain
2026-06-22 15:07:34 [INFO   ] PROGRESS |   Founder, PlacementHub
2026-06-22 15:07:34 [INFO   ] PROGRESS |   +91-9860090620
2026-06-22 15:07:34 [INFO   ] PROGRESS |   sandeepjain200019@gmail.com
2026-06-22 15:07:34 [INFO   ] PROGRESS |   Detailed Profile
2026-06-22 15:07:34 [INFO   ] PROGRESS |   Detailed Note on Funding Requirement
2026-06-22 15:07:34 [INFO   ] --------------------------------------------------------------
2026-06-22 15:07:34 [INFO   ] 
2026-06-22 15:07:34 [INFO   ] 
2026-06-22 15:07:34 [INFO   ] PROGRESS | Email preview — To: nbpurohit@gmail.com | Subject: PlacementHub pre-seed intro with PUROHIT NILKANTH BALUSHANKAR
2026-06-22 15:07:35 [INFO   ] SENT (Brevo) -> nbpurohit@gmail.com (PUROHIT NILKANTH BALUSHANKAR) | PlacementHub pre-seed intro with PUROHIT NILKANTH BALUSHANKAR | messageId=<202606220937.16368988633@smtp-relay.mailin.fr> (API accepted; run audit-brevo to confirm delivery)
2026-06-22 15:07:35 [INFO   ] Sleeping for 10 seconds
2026-06-22 15:07:45 [INFO   ] PROGRESS | Send 35/50 | SENT | nbpurohit@gmail.com | PUROHIT NILKANTH BALUSHANKAR [Chartered Accountants & Company Secretaries] | ok=33 fail=2 skip=0
2026-06-22 15:07:45 [INFO   ] PROGRESS | Send 36/50 | SENDING | jitendrachablani@gmail.com | JITENDRA VASHUDEV CHABLANI [Chartered Accountants & Company Secretaries] | ok=33 fail=2 skip=0
2026-06-22 15:07:47 [INFO   ] --------------------------------------------------------------
2026-06-22 15:07:47 [INFO   ] PROGRESS | Email content — To: jitendrachablani@gmail.com
2026-06-22 15:07:47 [INFO   ] PROGRESS | Subject: PlacementHub pre-seed intro with JITENDRA VASHUDEV CHABLANI
2026-06-22 15:07:47 [INFO   ] PROGRESS | Body:
2026-06-22 15:07:47 [INFO   ] PROGRESS |   Dear Sir/Madam,
2026-06-22 15:07:47 [INFO   ] PROGRESS |   I am reaching out to introduce PlacementHub and explore whether any of your investor, entrepreneur, or
2026-06-22 15:07:47 [INFO   ] PROGRESS |   HNI clients may be open to reviewing a strategic seed opportunity.
2026-06-22 15:07:47 [INFO   ] PROGRESS |   My name is Sandeep Jain. PlacementHub is currently in its pre-seed fundraising stage, and I am
2026-06-22 15:07:47 [INFO   ] PROGRESS |   soliciting strategic seed investment for the same. PlacementHub is a campus placement and employability
2026-06-22 15:07:47 [INFO   ] PROGRESS |   platform connecting students, colleges, and recruiters. The product is built and in early
2026-06-22 15:07:47 [INFO   ] PROGRESS |   commercialization.
2026-06-22 15:07:47 [INFO   ] PROGRESS |   For reference, the detailed business plan, including the business model and go-to-market strategies, is
2026-06-22 15:07:47 [INFO   ] PROGRESS |   available here:
2026-06-22 15:07:47 [INFO   ] PROGRESS |   PlacementHub Business Plan
2026-06-22 15:07:47 [INFO   ] PROGRESS |   For a Chartered Accountant firm, the relevance is mainly professional and strategic:
2026-06-22 15:07:47 [INFO   ] PROGRESS |   PlacementHub may require support across accounting, taxation, compliance, payroll, investor documentation, audit, and related professional services.
2026-06-22 15:07:47 [INFO   ] PROGRESS |   I would naturally be pleased to consider and prioritize firms that support PlacementHub during its early growth phase, subject to suitability and mutual agreement.
2026-06-22 15:07:47 [INFO   ] PROGRESS |   The relationship can begin with a simple review of the investment note and, where appropriate, introductions to suitable investor clients.
2026-06-22 15:07:47 [INFO   ] PROGRESS |   If the opportunity is worth a look, I would be happy to send the note and speak briefly about the round,
2026-06-22 15:07:47 [INFO   ] PROGRESS |   the platform, and the type of strategic investors we are looking for.
2026-06-22 15:07:47 [INFO   ] PROGRESS |   Please reply to this email or call me if you would like to explore it.
2026-06-22 15:07:47 [INFO   ] PROGRESS |   Warm Regards,
2026-06-22 15:07:47 [INFO   ] PROGRESS |   Sandeep Jain
2026-06-22 15:07:47 [INFO   ] PROGRESS |   Founder, PlacementHub
2026-06-22 15:07:47 [INFO   ] PROGRESS |   +91-9860090620
2026-06-22 15:07:47 [INFO   ] PROGRESS |   sandeepjain200019@gmail.com
2026-06-22 15:07:47 [INFO   ] PROGRESS |   Detailed Profile
2026-06-22 15:07:47 [INFO   ] PROGRESS |   Detailed Note on Funding Requirement
2026-06-22 15:07:47 [INFO   ] --------------------------------------------------------------
2026-06-22 15:07:47 [INFO   ] 
2026-06-22 15:07:47 [INFO   ] 
2026-06-22 15:07:47 [INFO   ] PROGRESS | Email preview — To: jitendrachablani@gmail.com | Subject: PlacementHub pre-seed intro with JITENDRA VASHUDEV CHABLANI
2026-06-22 15:07:48 [INFO   ] SENT (Brevo) -> jitendrachablani@gmail.com (JITENDRA VASHUDEV CHABLANI) | PlacementHub pre-seed intro with JITENDRA VASHUDEV CHABLANI | messageId=<202606220937.91288617493@smtp-relay.mailin.fr> (API accepted; run audit-brevo to confirm delivery)
2026-06-22 15:07:48 [INFO   ] Sleeping for 10 seconds
2026-06-22 15:07:58 [INFO   ] PROGRESS | Send 36/50 | SENT | jitendrachablani@gmail.com | JITENDRA VASHUDEV CHABLANI [Chartered Accountants & Company Secretaries] | ok=34 fail=2 skip=0
2026-06-22 15:07:58 [INFO   ] PROGRESS | Send 37/50 | SENDING | jain.shelly4@gmail.com | SHELLY JAIN [Chartered Accountants & Company Secretaries] | ok=34 fail=2 skip=0
2026-06-22 15:08:17 [INFO   ] --------------------------------------------------------------
2026-06-22 15:08:17 [INFO   ] PROGRESS | Email content — To: jain.shelly4@gmail.com
2026-06-22 15:08:17 [INFO   ] PROGRESS | Subject: PlacementHub pre-seed intro with SHELLY JAIN
2026-06-22 15:08:17 [INFO   ] PROGRESS | Body:
2026-06-22 15:08:17 [INFO   ] PROGRESS |   Dear Sir/Madam,
2026-06-22 15:08:17 [INFO   ] PROGRESS |   I am reaching out to introduce PlacementHub and explore whether any of your investor, entrepreneur, or
2026-06-22 15:08:17 [INFO   ] PROGRESS |   HNI clients may be open to reviewing a strategic seed opportunity.
2026-06-22 15:08:17 [INFO   ] PROGRESS |   My name is Sandeep Jain. PlacementHub is currently in its pre-seed fundraising stage, and I am
2026-06-22 15:08:17 [INFO   ] PROGRESS |   soliciting strategic seed investment for the same. PlacementHub is a campus placement and employability
2026-06-22 15:08:17 [INFO   ] PROGRESS |   platform connecting students, colleges, and recruiters. The product is built and in early
2026-06-22 15:08:17 [INFO   ] PROGRESS |   commercialization.
2026-06-22 15:08:17 [INFO   ] PROGRESS |   For reference, the detailed business plan, including the business model and go-to-market strategies, is
2026-06-22 15:08:17 [INFO   ] PROGRESS |   available here:
2026-06-22 15:08:17 [INFO   ] PROGRESS |   PlacementHub Business Plan
2026-06-22 15:08:17 [INFO   ] PROGRESS |   For a Chartered Accountant firm, the relevance is mainly professional and strategic:
2026-06-22 15:08:17 [INFO   ] PROGRESS |   PlacementHub may require support across accounting, taxation, compliance, payroll, investor documentation, audit, and related professional services.
2026-06-22 15:08:17 [INFO   ] PROGRESS |   I would naturally be pleased to consider and prioritize firms that support PlacementHub during its early growth phase, subject to suitability and mutual agreement.
2026-06-22 15:08:17 [INFO   ] PROGRESS |   The relationship can begin with a simple review of the investment note and, where appropriate, introductions to suitable investor clients.
2026-06-22 15:08:17 [INFO   ] PROGRESS |   If the opportunity is worth a look, I would be happy to send the note and speak briefly about the round,
2026-06-22 15:08:17 [INFO   ] PROGRESS |   the platform, and the type of strategic investors we are looking for.
2026-06-22 15:08:17 [INFO   ] PROGRESS |   Please reply to this email or call me if you would like to explore it.
2026-06-22 15:08:17 [INFO   ] PROGRESS |   Warm Regards,
2026-06-22 15:08:17 [INFO   ] PROGRESS |   Sandeep Jain
2026-06-22 15:08:17 [INFO   ] PROGRESS |   Founder, PlacementHub
2026-06-22 15:08:17 [INFO   ] PROGRESS |   +91-9860090620
2026-06-22 15:08:17 [INFO   ] PROGRESS |   sandeepjain200019@gmail.com
2026-06-22 15:08:17 [INFO   ] PROGRESS |   Detailed Profile
2026-06-22 15:08:17 [INFO   ] PROGRESS |   Detailed Note on Funding Requirement
2026-06-22 15:08:17 [INFO   ] --------------------------------------------------------------
2026-06-22 15:08:17 [INFO   ] 
2026-06-22 15:08:17 [INFO   ] 
2026-06-22 15:08:17 [INFO   ] PROGRESS | Email preview — To: jain.shelly4@gmail.com | Subject: PlacementHub pre-seed intro with SHELLY JAIN
2026-06-22 15:08:18 [INFO   ] SENT (Brevo) -> jain.shelly4@gmail.com (SHELLY JAIN) | PlacementHub pre-seed intro with SHELLY JAIN | messageId=<202606220938.26458539959@smtp-relay.mailin.fr> (API accepted; run audit-brevo to confirm delivery)
2026-06-22 15:08:18 [INFO   ] Sleeping for 10 seconds
2026-06-22 15:08:28 [INFO   ] PROGRESS | Send 37/50 | SENT | jain.shelly4@gmail.com | SHELLY JAIN [Chartered Accountants & Company Secretaries] | ok=35 fail=2 skip=0
2026-06-22 15:08:28 [INFO   ] PROGRESS | Send 38/50 | SENDING | saurabh.laddha@ymail.com | SAURABH MADHUSUDAN LADDHA [Chartered Accountants & Company Secretaries] | ok=35 fail=2 skip=0
2026-06-22 15:08:29 [INFO   ] --------------------------------------------------------------
2026-06-22 15:08:29 [INFO   ] PROGRESS | Email content — To: saurabh.laddha@ymail.com
2026-06-22 15:08:29 [INFO   ] PROGRESS | Subject: PlacementHub pre-seed intro with SAURABH MADHUSUDAN LADDHA
2026-06-22 15:08:29 [INFO   ] PROGRESS | Body:
2026-06-22 15:08:29 [INFO   ] PROGRESS |   Dear Sir/Madam,
2026-06-22 15:08:29 [INFO   ] PROGRESS |   I am reaching out to introduce PlacementHub and explore whether any of your investor, entrepreneur, or
2026-06-22 15:08:29 [INFO   ] PROGRESS |   HNI clients may be open to reviewing a strategic seed opportunity.
2026-06-22 15:08:29 [INFO   ] PROGRESS |   My name is Sandeep Jain. PlacementHub is currently in its pre-seed fundraising stage, and I am
2026-06-22 15:08:29 [INFO   ] PROGRESS |   soliciting strategic seed investment for the same. PlacementHub is a campus placement and employability
2026-06-22 15:08:29 [INFO   ] PROGRESS |   platform connecting students, colleges, and recruiters. The product is built and in early
2026-06-22 15:08:29 [INFO   ] PROGRESS |   commercialization.
2026-06-22 15:08:29 [INFO   ] PROGRESS |   For reference, the detailed business plan, including the business model and go-to-market strategies, is
2026-06-22 15:08:29 [INFO   ] PROGRESS |   available here:
2026-06-22 15:08:29 [INFO   ] PROGRESS |   PlacementHub Business Plan
2026-06-22 15:08:29 [INFO   ] PROGRESS |   For a Chartered Accountant firm, the relevance is mainly professional and strategic:
2026-06-22 15:08:29 [INFO   ] PROGRESS |   PlacementHub may require support across accounting, taxation, compliance, payroll, investor documentation, audit, and related professional services.
2026-06-22 15:08:29 [INFO   ] PROGRESS |   I would naturally be pleased to consider and prioritize firms that support PlacementHub during its early growth phase, subject to suitability and mutual agreement.
2026-06-22 15:08:29 [INFO   ] PROGRESS |   The relationship can begin with a simple review of the investment note and, where appropriate, introductions to suitable investor clients.
2026-06-22 15:08:29 [INFO   ] PROGRESS |   If the opportunity is worth a look, I would be happy to send the note and speak briefly about the round,
2026-06-22 15:08:29 [INFO   ] PROGRESS |   the platform, and the type of strategic investors we are looking for.
2026-06-22 15:08:29 [INFO   ] PROGRESS |   Please reply to this email or call me if you would like to explore it.
2026-06-22 15:08:29 [INFO   ] PROGRESS |   Warm Regards,
2026-06-22 15:08:29 [INFO   ] PROGRESS |   Sandeep Jain
2026-06-22 15:08:29 [INFO   ] PROGRESS |   Founder, PlacementHub
2026-06-22 15:08:29 [INFO   ] PROGRESS |   +91-9860090620
2026-06-22 15:08:29 [INFO   ] PROGRESS |   sandeepjain200019@gmail.com
2026-06-22 15:08:29 [INFO   ] PROGRESS |   Detailed Profile
2026-06-22 15:08:29 [INFO   ] PROGRESS |   Detailed Note on Funding Requirement
2026-06-22 15:08:29 [INFO   ] --------------------------------------------------------------
2026-06-22 15:08:29 [INFO   ] 
2026-06-22 15:08:29 [INFO   ] 
2026-06-22 15:08:29 [INFO   ] PROGRESS | Email preview — To: saurabh.laddha@ymail.com | Subject: PlacementHub pre-seed intro with SAURABH MADHUSUDAN LADDHA
2026-06-22 15:08:31 [INFO   ] SENT (Brevo) -> saurabh.laddha@ymail.com (SAURABH MADHUSUDAN LADDHA) | PlacementHub pre-seed intro with SAURABH MADHUSUDAN LADDHA | messageId=<202606220938.94151305135@smtp-relay.mailin.fr> (API accepted; run audit-brevo to confirm delivery)
2026-06-22 15:08:31 [INFO   ] Sleeping for 10 seconds
2026-06-22 15:08:41 [INFO   ] PROGRESS | Send 38/50 | SENT | saurabh.laddha@ymail.com | SAURABH MADHUSUDAN LADDHA [Chartered Accountants & Company Secretaries] | ok=36 fail=2 skip=0
2026-06-22 15:08:41 [INFO   ] PROGRESS | Send 39/50 | SENDING | ykyasin7@gmail.com | MOIN CHHOTU SHAIKH [Chartered Accountants & Company Secretaries] | ok=36 fail=2 skip=0
2026-06-22 15:08:42 [INFO   ] --------------------------------------------------------------
2026-06-22 15:08:42 [INFO   ] PROGRESS | Email content — To: ykyasin7@gmail.com
2026-06-22 15:08:42 [INFO   ] PROGRESS | Subject: PlacementHub pre-seed intro with MOIN CHHOTU SHAIKH
2026-06-22 15:08:42 [INFO   ] PROGRESS | Body:
2026-06-22 15:08:42 [INFO   ] PROGRESS |   Dear Sir/Madam,
2026-06-22 15:08:42 [INFO   ] PROGRESS |   I am reaching out to introduce PlacementHub and explore whether any of your investor, entrepreneur, or
2026-06-22 15:08:42 [INFO   ] PROGRESS |   HNI clients may be open to reviewing a strategic seed opportunity.
2026-06-22 15:08:42 [INFO   ] PROGRESS |   My name is Sandeep Jain. PlacementHub is currently in its pre-seed fundraising stage, and I am
2026-06-22 15:08:42 [INFO   ] PROGRESS |   soliciting strategic seed investment for the same. PlacementHub is a campus placement and employability
2026-06-22 15:08:42 [INFO   ] PROGRESS |   platform connecting students, colleges, and recruiters. The product is built and in early
2026-06-22 15:08:42 [INFO   ] PROGRESS |   commercialization.
2026-06-22 15:08:42 [INFO   ] PROGRESS |   For reference, the detailed business plan, including the business model and go-to-market strategies, is
2026-06-22 15:08:42 [INFO   ] PROGRESS |   available here:
2026-06-22 15:08:42 [INFO   ] PROGRESS |   PlacementHub Business Plan
2026-06-22 15:08:42 [INFO   ] PROGRESS |   For a Chartered Accountant firm, the relevance is mainly professional and strategic:
2026-06-22 15:08:42 [INFO   ] PROGRESS |   PlacementHub may require support across accounting, taxation, compliance, payroll, investor documentation, audit, and related professional services.
2026-06-22 15:08:42 [INFO   ] PROGRESS |   I would naturally be pleased to consider and prioritize firms that support PlacementHub during its early growth phase, subject to suitability and mutual agreement.
2026-06-22 15:08:42 [INFO   ] PROGRESS |   The relationship can begin with a simple review of the investment note and, where appropriate, introductions to suitable investor clients.
2026-06-22 15:08:42 [INFO   ] PROGRESS |   If the opportunity is worth a look, I would be happy to send the note and speak briefly about the round,
2026-06-22 15:08:42 [INFO   ] PROGRESS |   the platform, and the type of strategic investors we are looking for.
2026-06-22 15:08:42 [INFO   ] PROGRESS |   Please reply to this email or call me if you would like to explore it.
2026-06-22 15:08:42 [INFO   ] PROGRESS |   Warm Regards,
2026-06-22 15:08:42 [INFO   ] PROGRESS |   Sandeep Jain
2026-06-22 15:08:42 [INFO   ] PROGRESS |   Founder, PlacementHub
2026-06-22 15:08:42 [INFO   ] PROGRESS |   +91-9860090620
2026-06-22 15:08:42 [INFO   ] PROGRESS |   sandeepjain200019@gmail.com
2026-06-22 15:08:42 [INFO   ] PROGRESS |   Detailed Profile
2026-06-22 15:08:42 [INFO   ] PROGRESS |   Detailed Note on Funding Requirement
2026-06-22 15:08:42 [INFO   ] --------------------------------------------------------------
2026-06-22 15:08:42 [INFO   ] 
2026-06-22 15:08:42 [INFO   ] 
2026-06-22 15:08:42 [INFO   ] PROGRESS | Email preview — To: ykyasin7@gmail.com | Subject: PlacementHub pre-seed intro with MOIN CHHOTU SHAIKH
2026-06-22 15:08:43 [INFO   ] SENT (Brevo) -> ykyasin7@gmail.com (MOIN CHHOTU SHAIKH) | PlacementHub pre-seed intro with MOIN CHHOTU SHAIKH | messageId=<202606220938.61275914160@smtp-relay.mailin.fr> (API accepted; run audit-brevo to confirm delivery)
2026-06-22 15:08:43 [INFO   ] Sleeping for 10 seconds
2026-06-22 15:08:53 [INFO   ] PROGRESS | Send 39/50 | SENT | ykyasin7@gmail.com | MOIN CHHOTU SHAIKH [Chartered Accountants & Company Secretaries] | ok=37 fail=2 skip=0
2026-06-22 15:08:53 [INFO   ] PROGRESS | Send 40/50 | SENDING | gmm1721@yahoo.co.in | GAUTAM MULCHAND MEISHERI [Chartered Accountants & Company Secretaries] | ok=37 fail=2 skip=0
2026-06-22 15:09:06 [INFO   ] --------------------------------------------------------------
2026-06-22 15:09:06 [INFO   ] PROGRESS | Email content — To: gmm1721@yahoo.co.in
2026-06-22 15:09:06 [INFO   ] PROGRESS | Subject: PlacementHub pre-seed intro with GAUTAM MULCHAND MEISHERI
2026-06-22 15:09:06 [INFO   ] PROGRESS | Body:
2026-06-22 15:09:06 [INFO   ] PROGRESS |   Dear Sir/Madam,
2026-06-22 15:09:06 [INFO   ] PROGRESS |   I am reaching out to introduce PlacementHub and explore whether any of your investor, entrepreneur, or
2026-06-22 15:09:06 [INFO   ] PROGRESS |   HNI clients may be open to reviewing a strategic seed opportunity.
2026-06-22 15:09:06 [INFO   ] PROGRESS |   My name is Sandeep Jain. PlacementHub is currently in its pre-seed fundraising stage, and I am
2026-06-22 15:09:06 [INFO   ] PROGRESS |   soliciting strategic seed investment for the same. PlacementHub is a campus placement and employability
2026-06-22 15:09:06 [INFO   ] PROGRESS |   platform connecting students, colleges, and recruiters. The product is built and in early
2026-06-22 15:09:06 [INFO   ] PROGRESS |   commercialization.
2026-06-22 15:09:06 [INFO   ] PROGRESS |   For reference, the detailed business plan, including the business model and go-to-market strategies, is
2026-06-22 15:09:06 [INFO   ] PROGRESS |   available here:
2026-06-22 15:09:06 [INFO   ] PROGRESS |   PlacementHub Business Plan
2026-06-22 15:09:06 [INFO   ] PROGRESS |   For a Chartered Accountant firm, the relevance is mainly professional and strategic:
2026-06-22 15:09:06 [INFO   ] PROGRESS |   PlacementHub may require support across accounting, taxation, compliance, payroll, investor documentation, audit, and related professional services.
2026-06-22 15:09:06 [INFO   ] PROGRESS |   I would naturally be pleased to consider and prioritize firms that support PlacementHub during its early growth phase, subject to suitability and mutual agreement.
2026-06-22 15:09:06 [INFO   ] PROGRESS |   The relationship can begin with a simple review of the investment note and, where appropriate, introductions to suitable investor clients.
2026-06-22 15:09:06 [INFO   ] PROGRESS |   If the opportunity is worth a look, I would be happy to send the note and speak briefly about the round,
2026-06-22 15:09:06 [INFO   ] PROGRESS |   the platform, and the type of strategic investors we are looking for.
2026-06-22 15:09:06 [INFO   ] PROGRESS |   Please reply to this email or call me if you would like to explore it.
2026-06-22 15:09:06 [INFO   ] PROGRESS |   Warm Regards,
2026-06-22 15:09:06 [INFO   ] PROGRESS |   Sandeep Jain
2026-06-22 15:09:06 [INFO   ] PROGRESS |   Founder, PlacementHub
2026-06-22 15:09:06 [INFO   ] PROGRESS |   +91-9860090620
2026-06-22 15:09:06 [INFO   ] PROGRESS |   sandeepjain200019@gmail.com
2026-06-22 15:09:06 [INFO   ] PROGRESS |   Detailed Profile
2026-06-22 15:09:06 [INFO   ] PROGRESS |   Detailed Note on Funding Requirement
2026-06-22 15:09:06 [INFO   ] --------------------------------------------------------------
2026-06-22 15:09:06 [INFO   ] 
2026-06-22 15:09:06 [INFO   ] 
2026-06-22 15:09:06 [INFO   ] PROGRESS | Email preview — To: gmm1721@yahoo.co.in | Subject: PlacementHub pre-seed intro with GAUTAM MULCHAND MEISHERI
2026-06-22 15:09:07 [INFO   ] SENT (Brevo) -> gmm1721@yahoo.co.in (GAUTAM MULCHAND MEISHERI) | PlacementHub pre-seed intro with GAUTAM MULCHAND MEISHERI | messageId=<202606220939.73086578330@smtp-relay.mailin.fr> (API accepted; run audit-brevo to confirm delivery)
2026-06-22 15:09:07 [INFO   ] Sleeping for 10 seconds
2026-06-22 15:09:17 [INFO   ] PROGRESS | Send 40/50 | SENT | gmm1721@yahoo.co.in | GAUTAM MULCHAND MEISHERI [Chartered Accountants & Company Secretaries] | ok=38 fail=2 skip=0
2026-06-22 15:09:17 [INFO   ] PROGRESS | Send 41/50 | SENDING | jdchaplot@gmail.com | JYOTI RAVI BOHARA [Chartered Accountants & Company Secretaries] | ok=38 fail=2 skip=0
2026-06-22 15:09:17 [WARNING] NVIDIA call failed (attempt 1/5): HTTP Error 403: Forbidden — rotating key.
2026-06-22 15:09:28 [INFO   ] --------------------------------------------------------------
2026-06-22 15:09:28 [INFO   ] PROGRESS | Email content — To: jdchaplot@gmail.com
2026-06-22 15:09:28 [INFO   ] PROGRESS | Subject: PlacementHub pre-seed intro with JYOTI RAVI BOHARA
2026-06-22 15:09:28 [INFO   ] PROGRESS | Body:
2026-06-22 15:09:28 [INFO   ] PROGRESS |   Dear Sir/Madam,
2026-06-22 15:09:28 [INFO   ] PROGRESS |   I am reaching out to introduce PlacementHub and explore whether any of your investor, entrepreneur, or
2026-06-22 15:09:28 [INFO   ] PROGRESS |   HNI clients may be open to reviewing a strategic seed opportunity.
2026-06-22 15:09:28 [INFO   ] PROGRESS |   My name is Sandeep Jain. PlacementHub is currently in its pre-seed fundraising stage, and I am
2026-06-22 15:09:28 [INFO   ] PROGRESS |   soliciting strategic seed investment for the same. PlacementHub is a campus placement and employability
2026-06-22 15:09:28 [INFO   ] PROGRESS |   platform connecting students, colleges, and recruiters. The product is built and in early
2026-06-22 15:09:28 [INFO   ] PROGRESS |   commercialization.
2026-06-22 15:09:28 [INFO   ] PROGRESS |   For reference, the detailed business plan, including the business model and go-to-market strategies, is
2026-06-22 15:09:28 [INFO   ] PROGRESS |   available here:
2026-06-22 15:09:28 [INFO   ] PROGRESS |   PlacementHub Business Plan
2026-06-22 15:09:28 [INFO   ] PROGRESS |   For a Chartered Accountant firm, the relevance is mainly professional and strategic:
2026-06-22 15:09:28 [INFO   ] PROGRESS |   PlacementHub may require support across accounting, taxation, compliance, payroll, investor documentation, audit, and related professional services.
2026-06-22 15:09:28 [INFO   ] PROGRESS |   I would naturally be pleased to consider and prioritize firms that support PlacementHub during its early growth phase, subject to suitability and mutual agreement.
2026-06-22 15:09:28 [INFO   ] PROGRESS |   The relationship can begin with a simple review of the investment note and, where appropriate, introductions to suitable investor clients.
2026-06-22 15:09:28 [INFO   ] PROGRESS |   If the opportunity is worth a look, I would be happy to send the note and speak briefly about the round,
2026-06-22 15:09:28 [INFO   ] PROGRESS |   the platform, and the type of strategic investors we are looking for.
2026-06-22 15:09:28 [INFO   ] PROGRESS |   Please reply to this email or call me if you would like to explore it.
2026-06-22 15:09:28 [INFO   ] PROGRESS |   Warm Regards,
2026-06-22 15:09:28 [INFO   ] PROGRESS |   Sandeep Jain
2026-06-22 15:09:28 [INFO   ] PROGRESS |   Founder, PlacementHub
2026-06-22 15:09:28 [INFO   ] PROGRESS |   +91-9860090620
2026-06-22 15:09:28 [INFO   ] PROGRESS |   sandeepjain200019@gmail.com
2026-06-22 15:09:28 [INFO   ] PROGRESS |   Detailed Profile
2026-06-22 15:09:28 [INFO   ] PROGRESS |   Detailed Note on Funding Requirement
2026-06-22 15:09:28 [INFO   ] --------------------------------------------------------------
2026-06-22 15:09:28 [INFO   ] 
2026-06-22 15:09:28 [INFO   ] 
2026-06-22 15:09:28 [INFO   ] PROGRESS | Email preview — To: jdchaplot@gmail.com | Subject: PlacementHub pre-seed intro with JYOTI RAVI BOHARA
2026-06-22 15:09:29 [INFO   ] SENT (Brevo) -> jdchaplot@gmail.com (JYOTI RAVI BOHARA) | PlacementHub pre-seed intro with JYOTI RAVI BOHARA | messageId=<202606220939.28221734089@smtp-relay.mailin.fr> (API accepted; run audit-brevo to confirm delivery)
2026-06-22 15:09:29 [INFO   ] Sleeping for 10 seconds
2026-06-22 15:09:39 [INFO   ] PROGRESS | Send 41/50 | SENT | jdchaplot@gmail.com | JYOTI RAVI BOHARA [Chartered Accountants & Company Secretaries] | ok=39 fail=2 skip=0
2026-06-22 15:09:39 [INFO   ] PROGRESS | Send 42/50 | SENDING | caarbazofficial@gmail.com | MOHAMMED ARBAZ MOHAMMED YASIN KHAN [Chartered Accountants & Company Secretaries] | ok=39 fail=2 skip=0
2026-06-22 15:09:40 [INFO   ] --------------------------------------------------------------
2026-06-22 15:09:40 [INFO   ] PROGRESS | Email content — To: caarbazofficial@gmail.com
2026-06-22 15:09:40 [INFO   ] PROGRESS | Subject: PlacementHub pre-seed intro with MOHAMMED ARBAZ MOHAMMED YASIN KHAN
2026-06-22 15:09:40 [INFO   ] PROGRESS | Body:
2026-06-22 15:09:40 [INFO   ] PROGRESS |   Dear Sir/Madam,
2026-06-22 15:09:40 [INFO   ] PROGRESS |   I am reaching out to introduce PlacementHub and explore whether any of your investor, entrepreneur, or
2026-06-22 15:09:40 [INFO   ] PROGRESS |   HNI clients may be open to reviewing a strategic seed opportunity.
2026-06-22 15:09:40 [INFO   ] PROGRESS |   My name is Sandeep Jain. PlacementHub is currently in its pre-seed fundraising stage, and I am
2026-06-22 15:09:40 [INFO   ] PROGRESS |   soliciting strategic seed investment for the same. PlacementHub is a campus placement and employability
2026-06-22 15:09:40 [INFO   ] PROGRESS |   platform connecting students, colleges, and recruiters. The product is built and in early
2026-06-22 15:09:40 [INFO   ] PROGRESS |   commercialization.
2026-06-22 15:09:40 [INFO   ] PROGRESS |   For reference, the detailed business plan, including the business model and go-to-market strategies, is
2026-06-22 15:09:40 [INFO   ] PROGRESS |   available here:
2026-06-22 15:09:40 [INFO   ] PROGRESS |   PlacementHub Business Plan
2026-06-22 15:09:40 [INFO   ] PROGRESS |   For a Chartered Accountant firm, the relevance is mainly professional and strategic:
2026-06-22 15:09:40 [INFO   ] PROGRESS |   PlacementHub may require support across accounting, taxation, compliance, payroll, investor documentation, audit, and related professional services.
2026-06-22 15:09:40 [INFO   ] PROGRESS |   I would naturally be pleased to consider and prioritize firms that support PlacementHub during its early growth phase, subject to suitability and mutual agreement.
2026-06-22 15:09:40 [INFO   ] PROGRESS |   The relationship can begin with a simple review of the investment note and, where appropriate, introductions to suitable investor clients.
2026-06-22 15:09:40 [INFO   ] PROGRESS |   If the opportunity is worth a look, I would be happy to send the note and speak briefly about the round,
2026-06-22 15:09:40 [INFO   ] PROGRESS |   the platform, and the type of strategic investors we are looking for.
2026-06-22 15:09:40 [INFO   ] PROGRESS |   Please reply to this email or call me if you would like to explore it.
2026-06-22 15:09:40 [INFO   ] PROGRESS |   Warm Regards,
2026-06-22 15:09:40 [INFO   ] PROGRESS |   Sandeep Jain
2026-06-22 15:09:40 [INFO   ] PROGRESS |   Founder, PlacementHub
2026-06-22 15:09:40 [INFO   ] PROGRESS |   +91-9860090620
2026-06-22 15:09:40 [INFO   ] PROGRESS |   sandeepjain200019@gmail.com
2026-06-22 15:09:40 [INFO   ] PROGRESS |   Detailed Profile
2026-06-22 15:09:40 [INFO   ] PROGRESS |   Detailed Note on Funding Requirement
2026-06-22 15:09:40 [INFO   ] --------------------------------------------------------------
2026-06-22 15:09:40 [INFO   ] 
2026-06-22 15:09:40 [INFO   ] 
2026-06-22 15:09:40 [INFO   ] PROGRESS | Email preview — To: caarbazofficial@gmail.com | Subject: PlacementHub pre-seed intro with MOHAMMED ARBAZ MOHAMMED YASIN KHAN
2026-06-22 15:09:42 [INFO   ] SENT (Brevo) -> caarbazofficial@gmail.com (MOHAMMED ARBAZ MOHAMMED YASIN KHAN) | PlacementHub pre-seed intro with MOHAMMED ARBAZ MOHAMMED YASIN KHAN | messageId=<202606220939.54135838054@smtp-relay.mailin.fr> (API accepted; run audit-brevo to confirm delivery)
2026-06-22 15:09:42 [INFO   ] Sleeping for 10 seconds
2026-06-22 15:09:52 [INFO   ] PROGRESS | Send 42/50 | SENT | caarbazofficial@gmail.com | MOHAMMED ARBAZ MOHAMMED YASIN KHAN [Chartered Accountants & Company Secretaries] | ok=40 fail=2 skip=0
2026-06-22 15:09:52 [INFO   ] PROGRESS | Send 43/50 | SENDING | sds1984@gmail.com | SANJAY SHANTILAL DODHIYA [Chartered Accountants & Company Secretaries] | ok=40 fail=2 skip=0
2026-06-22 15:09:53 [INFO   ] --------------------------------------------------------------
2026-06-22 15:09:53 [INFO   ] PROGRESS | Email content — To: sds1984@gmail.com
2026-06-22 15:09:53 [INFO   ] PROGRESS | Subject: PlacementHub pre-seed intro with SANJAY SHANTILAL DODHIYA
2026-06-22 15:09:53 [INFO   ] PROGRESS | Body:
2026-06-22 15:09:53 [INFO   ] PROGRESS |   Dear Sir/Madam,
2026-06-22 15:09:53 [INFO   ] PROGRESS |   I am reaching out to introduce PlacementHub and explore whether any of your investor, entrepreneur, or
2026-06-22 15:09:53 [INFO   ] PROGRESS |   HNI clients may be open to reviewing a strategic seed opportunity.
2026-06-22 15:09:53 [INFO   ] PROGRESS |   My name is Sandeep Jain. PlacementHub is currently in its pre-seed fundraising stage, and I am
2026-06-22 15:09:53 [INFO   ] PROGRESS |   soliciting strategic seed investment for the same. PlacementHub is a campus placement and employability
2026-06-22 15:09:53 [INFO   ] PROGRESS |   platform connecting students, colleges, and recruiters. The product is built and in early
2026-06-22 15:09:53 [INFO   ] PROGRESS |   commercialization.
2026-06-22 15:09:53 [INFO   ] PROGRESS |   For reference, the detailed business plan, including the business model and go-to-market strategies, is
2026-06-22 15:09:53 [INFO   ] PROGRESS |   available here:
2026-06-22 15:09:53 [INFO   ] PROGRESS |   PlacementHub Business Plan
2026-06-22 15:09:53 [INFO   ] PROGRESS |   For a Chartered Accountant firm, the relevance is mainly professional and strategic:
2026-06-22 15:09:53 [INFO   ] PROGRESS |   PlacementHub may require support across accounting, taxation, compliance, payroll, investor documentation, audit, and related professional services.
2026-06-22 15:09:53 [INFO   ] PROGRESS |   I would naturally be pleased to consider and prioritize firms that support PlacementHub during its early growth phase, subject to suitability and mutual agreement.
2026-06-22 15:09:53 [INFO   ] PROGRESS |   The relationship can begin with a simple review of the investment note and, where appropriate, introductions to suitable investor clients.
2026-06-22 15:09:53 [INFO   ] PROGRESS |   If the opportunity is worth a look, I would be happy to send the note and speak briefly about the round,
2026-06-22 15:09:53 [INFO   ] PROGRESS |   the platform, and the type of strategic investors we are looking for.
2026-06-22 15:09:53 [INFO   ] PROGRESS |   Please reply to this email or call me if you would like to explore it.
2026-06-22 15:09:53 [INFO   ] PROGRESS |   Warm Regards,
2026-06-22 15:09:53 [INFO   ] PROGRESS |   Sandeep Jain
2026-06-22 15:09:53 [INFO   ] PROGRESS |   Founder, PlacementHub
2026-06-22 15:09:53 [INFO   ] PROGRESS |   +91-9860090620
2026-06-22 15:09:53 [INFO   ] PROGRESS |   sandeepjain200019@gmail.com
2026-06-22 15:09:53 [INFO   ] PROGRESS |   Detailed Profile
2026-06-22 15:09:53 [INFO   ] PROGRESS |   Detailed Note on Funding Requirement
2026-06-22 15:09:53 [INFO   ] --------------------------------------------------------------
2026-06-22 15:09:53 [INFO   ] 
2026-06-22 15:09:53 [INFO   ] 
2026-06-22 15:09:53 [INFO   ] PROGRESS | Email preview — To: sds1984@gmail.com | Subject: PlacementHub pre-seed intro with SANJAY SHANTILAL DODHIYA
2026-06-22 15:09:54 [INFO   ] SENT (Brevo) -> sds1984@gmail.com (SANJAY SHANTILAL DODHIYA) | PlacementHub pre-seed intro with SANJAY SHANTILAL DODHIYA | messageId=<202606220939.83417846088@smtp-relay.mailin.fr> (API accepted; run audit-brevo to confirm delivery)
2026-06-22 15:09:54 [INFO   ] Sleeping for 10 seconds
2026-06-22 15:10:04 [INFO   ] PROGRESS | Send 43/50 | SENT | sds1984@gmail.com | SANJAY SHANTILAL DODHIYA [Chartered Accountants & Company Secretaries] | ok=41 fail=2 skip=0
2026-06-22 15:10:04 [INFO   ] PROGRESS | Send 44/50 | SENDING | vivekm82@gmail.com | VIVEK AJIT MEHTA [Chartered Accountants & Company Secretaries] | ok=41 fail=2 skip=0
2026-06-22 15:10:06 [INFO   ] --------------------------------------------------------------
2026-06-22 15:10:06 [INFO   ] PROGRESS | Email content — To: vivekm82@gmail.com
2026-06-22 15:10:06 [INFO   ] PROGRESS | Subject: PlacementHub pre-seed intro with VIVEK AJIT MEHTA
2026-06-22 15:10:06 [INFO   ] PROGRESS | Body:
2026-06-22 15:10:06 [INFO   ] PROGRESS |   Dear Sir/Madam,
2026-06-22 15:10:06 [INFO   ] PROGRESS |   I am reaching out to introduce PlacementHub and explore whether any of your investor, entrepreneur, or
2026-06-22 15:10:06 [INFO   ] PROGRESS |   HNI clients may be open to reviewing a strategic seed opportunity.
2026-06-22 15:10:06 [INFO   ] PROGRESS |   My name is Sandeep Jain. PlacementHub is currently in its pre-seed fundraising stage, and I am
2026-06-22 15:10:06 [INFO   ] PROGRESS |   soliciting strategic seed investment for the same. PlacementHub is a campus placement and employability
2026-06-22 15:10:06 [INFO   ] PROGRESS |   platform connecting students, colleges, and recruiters. The product is built and in early
2026-06-22 15:10:06 [INFO   ] PROGRESS |   commercialization.
2026-06-22 15:10:06 [INFO   ] PROGRESS |   For reference, the detailed business plan, including the business model and go-to-market strategies, is
2026-06-22 15:10:06 [INFO   ] PROGRESS |   available here:
2026-06-22 15:10:06 [INFO   ] PROGRESS |   PlacementHub Business Plan
2026-06-22 15:10:06 [INFO   ] PROGRESS |   For a Chartered Accountant firm, the relevance is mainly professional and strategic:
2026-06-22 15:10:06 [INFO   ] PROGRESS |   PlacementHub may require support across accounting, taxation, compliance, payroll, investor documentation, audit, and related professional services.
2026-06-22 15:10:06 [INFO   ] PROGRESS |   I would naturally be pleased to consider and prioritize firms that support PlacementHub during its early growth phase, subject to suitability and mutual agreement.
2026-06-22 15:10:06 [INFO   ] PROGRESS |   The relationship can begin with a simple review of the investment note and, where appropriate, introductions to suitable investor clients.
2026-06-22 15:10:06 [INFO   ] PROGRESS |   If the opportunity is worth a look, I would be happy to send the note and speak briefly about the round,
2026-06-22 15:10:06 [INFO   ] PROGRESS |   the platform, and the type of strategic investors we are looking for.
2026-06-22 15:10:06 [INFO   ] PROGRESS |   Please reply to this email or call me if you would like to explore it.
2026-06-22 15:10:06 [INFO   ] PROGRESS |   Warm Regards,
2026-06-22 15:10:06 [INFO   ] PROGRESS |   Sandeep Jain
2026-06-22 15:10:06 [INFO   ] PROGRESS |   Founder, PlacementHub
2026-06-22 15:10:06 [INFO   ] PROGRESS |   +91-9860090620
2026-06-22 15:10:06 [INFO   ] PROGRESS |   sandeepjain200019@gmail.com
2026-06-22 15:10:06 [INFO   ] PROGRESS |   Detailed Profile
2026-06-22 15:10:06 [INFO   ] PROGRESS |   Detailed Note on Funding Requirement
2026-06-22 15:10:06 [INFO   ] --------------------------------------------------------------
2026-06-22 15:10:06 [INFO   ] 
2026-06-22 15:10:06 [INFO   ] 
2026-06-22 15:10:06 [INFO   ] PROGRESS | Email preview — To: vivekm82@gmail.com | Subject: PlacementHub pre-seed intro with VIVEK AJIT MEHTA
2026-06-22 15:10:07 [INFO   ] SENT (Brevo) -> vivekm82@gmail.com (VIVEK AJIT MEHTA) | PlacementHub pre-seed intro with VIVEK AJIT MEHTA | messageId=<202606220940.59025867878@smtp-relay.mailin.fr> (API accepted; run audit-brevo to confirm delivery)
2026-06-22 15:10:07 [INFO   ] Sleeping for 10 seconds
2026-06-22 15:10:17 [INFO   ] PROGRESS | Send 44/50 | SENT | vivekm82@gmail.com | VIVEK AJIT MEHTA [Chartered Accountants & Company Secretaries] | ok=42 fail=2 skip=0
2026-06-22 15:10:17 [INFO   ] PROGRESS | Send 45/50 | SENDING | cacpbhandari@gmail.com | CHANDANI PRAKASHMAL BHANDARI [Chartered Accountants & Company Secretaries] | ok=42 fail=2 skip=0
2026-06-22 15:10:18 [INFO   ] --------------------------------------------------------------
2026-06-22 15:10:18 [INFO   ] PROGRESS | Email content — To: cacpbhandari@gmail.com
2026-06-22 15:10:18 [INFO   ] PROGRESS | Subject: PlacementHub pre-seed intro with CHANDANI PRAKASHMAL BHANDARI
2026-06-22 15:10:18 [INFO   ] PROGRESS | Body:
2026-06-22 15:10:18 [INFO   ] PROGRESS |   Dear Sir/Madam,
2026-06-22 15:10:18 [INFO   ] PROGRESS |   I am reaching out to introduce PlacementHub and explore whether any of your investor, entrepreneur, or
2026-06-22 15:10:18 [INFO   ] PROGRESS |   HNI clients may be open to reviewing a strategic seed opportunity.
2026-06-22 15:10:18 [INFO   ] PROGRESS |   My name is Sandeep Jain. PlacementHub is currently in its pre-seed fundraising stage, and I am
2026-06-22 15:10:18 [INFO   ] PROGRESS |   soliciting strategic seed investment for the same. PlacementHub is a campus placement and employability
2026-06-22 15:10:18 [INFO   ] PROGRESS |   platform connecting students, colleges, and recruiters. The product is built and in early
2026-06-22 15:10:18 [INFO   ] PROGRESS |   commercialization.
2026-06-22 15:10:18 [INFO   ] PROGRESS |   For reference, the detailed business plan, including the business model and go-to-market strategies, is
2026-06-22 15:10:18 [INFO   ] PROGRESS |   available here:
2026-06-22 15:10:18 [INFO   ] PROGRESS |   PlacementHub Business Plan
2026-06-22 15:10:18 [INFO   ] PROGRESS |   For a Chartered Accountant firm, the relevance is mainly professional and strategic:
2026-06-22 15:10:18 [INFO   ] PROGRESS |   PlacementHub may require support across accounting, taxation, compliance, payroll, investor documentation, audit, and related professional services.
2026-06-22 15:10:18 [INFO   ] PROGRESS |   I would naturally be pleased to consider and prioritize firms that support PlacementHub during its early growth phase, subject to suitability and mutual agreement.
2026-06-22 15:10:18 [INFO   ] PROGRESS |   The relationship can begin with a simple review of the investment note and, where appropriate, introductions to suitable investor clients.
2026-06-22 15:10:18 [INFO   ] PROGRESS |   If the opportunity is worth a look, I would be happy to send the note and speak briefly about the round,
2026-06-22 15:10:18 [INFO   ] PROGRESS |   the platform, and the type of strategic investors we are looking for.
2026-06-22 15:10:18 [INFO   ] PROGRESS |   Please reply to this email or call me if you would like to explore it.
2026-06-22 15:10:18 [INFO   ] PROGRESS |   Warm Regards,
2026-06-22 15:10:18 [INFO   ] PROGRESS |   Sandeep Jain
2026-06-22 15:10:18 [INFO   ] PROGRESS |   Founder, PlacementHub
2026-06-22 15:10:18 [INFO   ] PROGRESS |   +91-9860090620
2026-06-22 15:10:18 [INFO   ] PROGRESS |   sandeepjain200019@gmail.com
2026-06-22 15:10:18 [INFO   ] PROGRESS |   Detailed Profile
2026-06-22 15:10:18 [INFO   ] PROGRESS |   Detailed Note on Funding Requirement
2026-06-22 15:10:18 [INFO   ] --------------------------------------------------------------
2026-06-22 15:10:18 [INFO   ] 
2026-06-22 15:10:18 [INFO   ] 
2026-06-22 15:10:18 [INFO   ] PROGRESS | Email preview — To: cacpbhandari@gmail.com | Subject: PlacementHub pre-seed intro with CHANDANI PRAKASHMAL BHANDARI
2026-06-22 15:10:20 [INFO   ] SENT (Brevo) -> cacpbhandari@gmail.com (CHANDANI PRAKASHMAL BHANDARI) | PlacementHub pre-seed intro with CHANDANI PRAKASHMAL BHANDARI | messageId=<202606220940.41117531265@smtp-relay.mailin.fr> (API accepted; run audit-brevo to confirm delivery)
2026-06-22 15:10:20 [INFO   ] Sleeping for 10 seconds
2026-06-22 15:10:30 [INFO   ] PROGRESS | Send 45/50 | SENT | cacpbhandari@gmail.com | CHANDANI PRAKASHMAL BHANDARI [Chartered Accountants & Company Secretaries] | ok=43 fail=2 skip=0
2026-06-22 15:10:30 [INFO   ] PROGRESS | Send 46/50 | SENDING | mlakkedghat@gmail.com | MUSTAFA AKBAR LAKKEDGHATWALA [Chartered Accountants & Company Secretaries] | ok=43 fail=2 skip=0
2026-06-22 15:10:34 [INFO   ] --------------------------------------------------------------
2026-06-22 15:10:34 [INFO   ] PROGRESS | Email content — To: mlakkedghat@gmail.com
2026-06-22 15:10:34 [INFO   ] PROGRESS | Subject: PlacementHub pre-seed intro with MUSTAFA AKBAR LAKKEDGHATWALA
2026-06-22 15:10:34 [INFO   ] PROGRESS | Body:
2026-06-22 15:10:34 [INFO   ] PROGRESS |   Dear Sir/Madam,
2026-06-22 15:10:34 [INFO   ] PROGRESS |   I am reaching out to introduce PlacementHub and explore whether any of your investor, entrepreneur, or
2026-06-22 15:10:34 [INFO   ] PROGRESS |   HNI clients may be open to reviewing a strategic seed opportunity.
2026-06-22 15:10:34 [INFO   ] PROGRESS |   My name is Sandeep Jain. PlacementHub is currently in its pre-seed fundraising stage, and I am
2026-06-22 15:10:34 [INFO   ] PROGRESS |   soliciting strategic seed investment for the same. PlacementHub is a campus placement and employability
2026-06-22 15:10:34 [INFO   ] PROGRESS |   platform connecting students, colleges, and recruiters. The product is built and in early
2026-06-22 15:10:34 [INFO   ] PROGRESS |   commercialization.
2026-06-22 15:10:34 [INFO   ] PROGRESS |   For reference, the detailed business plan, including the business model and go-to-market strategies, is
2026-06-22 15:10:34 [INFO   ] PROGRESS |   available here:
2026-06-22 15:10:34 [INFO   ] PROGRESS |   PlacementHub Business Plan
2026-06-22 15:10:34 [INFO   ] PROGRESS |   For a Chartered Accountant firm, the relevance is mainly professional and strategic:
2026-06-22 15:10:34 [INFO   ] PROGRESS |   PlacementHub may require support across accounting, taxation, compliance, payroll, investor documentation, audit, and related professional services.
2026-06-22 15:10:34 [INFO   ] PROGRESS |   I would naturally be pleased to consider and prioritize firms that support PlacementHub during its early growth phase, subject to suitability and mutual agreement.
2026-06-22 15:10:34 [INFO   ] PROGRESS |   The relationship can begin with a simple review of the investment note and, where appropriate, introductions to suitable investor clients.
2026-06-22 15:10:34 [INFO   ] PROGRESS |   If the opportunity is worth a look, I would be happy to send the note and speak briefly about the round,
2026-06-22 15:10:34 [INFO   ] PROGRESS |   the platform, and the type of strategic investors we are looking for.
2026-06-22 15:10:34 [INFO   ] PROGRESS |   Please reply to this email or call me if you would like to explore it.
2026-06-22 15:10:34 [INFO   ] PROGRESS |   Warm Regards,
2026-06-22 15:10:34 [INFO   ] PROGRESS |   Sandeep Jain
2026-06-22 15:10:34 [INFO   ] PROGRESS |   Founder, PlacementHub
2026-06-22 15:10:34 [INFO   ] PROGRESS |   +91-9860090620
2026-06-22 15:10:34 [INFO   ] PROGRESS |   sandeepjain200019@gmail.com
2026-06-22 15:10:34 [INFO   ] PROGRESS |   Detailed Profile
2026-06-22 15:10:34 [INFO   ] PROGRESS |   Detailed Note on Funding Requirement
2026-06-22 15:10:34 [INFO   ] --------------------------------------------------------------
2026-06-22 15:10:34 [INFO   ] 
2026-06-22 15:10:34 [INFO   ] 
2026-06-22 15:10:34 [INFO   ] PROGRESS | Email preview — To: mlakkedghat@gmail.com | Subject: PlacementHub pre-seed intro with MUSTAFA AKBAR LAKKEDGHATWALA
2026-06-22 15:10:36 [INFO   ] SENT (Brevo) -> mlakkedghat@gmail.com (MUSTAFA AKBAR LAKKEDGHATWALA) | PlacementHub pre-seed intro with MUSTAFA AKBAR LAKKEDGHATWALA | messageId=<202606220940.85382033764@smtp-relay.mailin.fr> (API accepted; run audit-brevo to confirm delivery)
2026-06-22 15:10:36 [INFO   ] Sleeping for 10 seconds
2026-06-22 15:10:46 [INFO   ] PROGRESS | Send 46/50 | SENT | mlakkedghat@gmail.com | MUSTAFA AKBAR LAKKEDGHATWALA [Chartered Accountants & Company Secretaries] | ok=44 fail=2 skip=0
2026-06-22 15:10:46 [INFO   ] PROGRESS | Send 47/50 | SENDING | carajendra89@gmail.com | RAJENDER KUMAR SHARMA [Chartered Accountants & Company Secretaries] | ok=44 fail=2 skip=0
2026-06-22 15:10:52 [INFO   ] --------------------------------------------------------------
2026-06-22 15:10:52 [INFO   ] PROGRESS | Email content — To: carajendra89@gmail.com
2026-06-22 15:10:52 [INFO   ] PROGRESS | Subject: PlacementHub pre-seed intro with RAJENDER KUMAR SHARMA
2026-06-22 15:10:52 [INFO   ] PROGRESS | Body:
2026-06-22 15:10:52 [INFO   ] PROGRESS |   Dear Sir/Madam,
2026-06-22 15:10:52 [INFO   ] PROGRESS |   I am reaching out to introduce PlacementHub and explore whether any of your investor, entrepreneur, or
2026-06-22 15:10:52 [INFO   ] PROGRESS |   HNI clients may be open to reviewing a strategic seed opportunity.
2026-06-22 15:10:52 [INFO   ] PROGRESS |   My name is Sandeep Jain. PlacementHub is currently in its pre-seed fundraising stage, and I am
2026-06-22 15:10:52 [INFO   ] PROGRESS |   soliciting strategic seed investment for the same. PlacementHub is a campus placement and employability
2026-06-22 15:10:52 [INFO   ] PROGRESS |   platform connecting students, colleges, and recruiters. The product is built and in early
2026-06-22 15:10:52 [INFO   ] PROGRESS |   commercialization.
2026-06-22 15:10:52 [INFO   ] PROGRESS |   For reference, the detailed business plan, including the business model and go-to-market strategies, is
2026-06-22 15:10:52 [INFO   ] PROGRESS |   available here:
2026-06-22 15:10:52 [INFO   ] PROGRESS |   PlacementHub Business Plan
2026-06-22 15:10:52 [INFO   ] PROGRESS |   For a Chartered Accountant firm, the relevance is mainly professional and strategic:
2026-06-22 15:10:52 [INFO   ] PROGRESS |   PlacementHub may require support across accounting, taxation, compliance, payroll, investor documentation, audit, and related professional services.
2026-06-22 15:10:52 [INFO   ] PROGRESS |   I would naturally be pleased to consider and prioritize firms that support PlacementHub during its early growth phase, subject to suitability and mutual agreement.
2026-06-22 15:10:52 [INFO   ] PROGRESS |   The relationship can begin with a simple review of the investment note and, where appropriate, introductions to suitable investor clients.
2026-06-22 15:10:52 [INFO   ] PROGRESS |   If the opportunity is worth a look, I would be happy to send the note and speak briefly about the round,
2026-06-22 15:10:52 [INFO   ] PROGRESS |   the platform, and the type of strategic investors we are looking for.
2026-06-22 15:10:52 [INFO   ] PROGRESS |   Please reply to this email or call me if you would like to explore it.
2026-06-22 15:10:52 [INFO   ] PROGRESS |   Warm Regards,
2026-06-22 15:10:52 [INFO   ] PROGRESS |   Sandeep Jain
2026-06-22 15:10:52 [INFO   ] PROGRESS |   Founder, PlacementHub
2026-06-22 15:10:52 [INFO   ] PROGRESS |   +91-9860090620
2026-06-22 15:10:52 [INFO   ] PROGRESS |   sandeepjain200019@gmail.com
2026-06-22 15:10:52 [INFO   ] PROGRESS |   Detailed Profile
2026-06-22 15:10:52 [INFO   ] PROGRESS |   Detailed Note on Funding Requirement
2026-06-22 15:10:52 [INFO   ] --------------------------------------------------------------
2026-06-22 15:10:52 [INFO   ] 
2026-06-22 15:10:52 [INFO   ] 
2026-06-22 15:10:52 [INFO   ] PROGRESS | Email preview — To: carajendra89@gmail.com | Subject: PlacementHub pre-seed intro with RAJENDER KUMAR SHARMA
2026-06-22 15:10:53 [INFO   ] SENT (Brevo) -> carajendra89@gmail.com (RAJENDER KUMAR SHARMA) | PlacementHub pre-seed intro with RAJENDER KUMAR SHARMA | messageId=<202606220940.80671647371@smtp-relay.mailin.fr> (API accepted; run audit-brevo to confirm delivery)
2026-06-22 15:10:53 [INFO   ] Sleeping for 10 seconds
2026-06-22 15:11:03 [INFO   ] PROGRESS | Send 47/50 | SENT | carajendra89@gmail.com | RAJENDER KUMAR SHARMA [Chartered Accountants & Company Secretaries] | ok=45 fail=2 skip=0
2026-06-22 15:11:03 [INFO   ] PROGRESS | Send 48/50 | SENDING | anuprita_gawande@yahoo.co.in | ANUPRITA ASHISH GAWANDE [Chartered Accountants & Company Secretaries] | ok=45 fail=2 skip=0
2026-06-22 15:11:24 [INFO   ] --------------------------------------------------------------
2026-06-22 15:11:24 [INFO   ] PROGRESS | Email content — To: anuprita_gawande@yahoo.co.in
2026-06-22 15:11:24 [INFO   ] PROGRESS | Subject: PlacementHub pre-seed intro with ANUPRITA ASHISH GAWANDE
2026-06-22 15:11:24 [INFO   ] PROGRESS | Body:
2026-06-22 15:11:24 [INFO   ] PROGRESS |   Dear Sir/Madam,
2026-06-22 15:11:24 [INFO   ] PROGRESS |   I am reaching out to introduce PlacementHub and explore whether any of your investor, entrepreneur, or
2026-06-22 15:11:24 [INFO   ] PROGRESS |   HNI clients may be open to reviewing a strategic seed opportunity.
2026-06-22 15:11:24 [INFO   ] PROGRESS |   My name is Sandeep Jain. PlacementHub is currently in its pre-seed fundraising stage, and I am
2026-06-22 15:11:24 [INFO   ] PROGRESS |   soliciting strategic seed investment for the same. PlacementHub is a campus placement and employability
2026-06-22 15:11:24 [INFO   ] PROGRESS |   platform connecting students, colleges, and recruiters. The product is built and in early
2026-06-22 15:11:24 [INFO   ] PROGRESS |   commercialization.
2026-06-22 15:11:24 [INFO   ] PROGRESS |   For reference, the detailed business plan, including the business model and go-to-market strategies, is
2026-06-22 15:11:24 [INFO   ] PROGRESS |   available here:
2026-06-22 15:11:24 [INFO   ] PROGRESS |   PlacementHub Business Plan
2026-06-22 15:11:24 [INFO   ] PROGRESS |   For a Chartered Accountant firm, the relevance is mainly professional and strategic:
2026-06-22 15:11:24 [INFO   ] PROGRESS |   PlacementHub may require support across accounting, taxation, compliance, payroll, investor documentation, audit, and related professional services.
2026-06-22 15:11:24 [INFO   ] PROGRESS |   I would naturally be pleased to consider and prioritize firms that support PlacementHub during its early growth phase, subject to suitability and mutual agreement.
2026-06-22 15:11:24 [INFO   ] PROGRESS |   The relationship can begin with a simple review of the investment note and, where appropriate, introductions to suitable investor clients.
2026-06-22 15:11:24 [INFO   ] PROGRESS |   If the opportunity is worth a look, I would be happy to send the note and speak briefly about the round,
2026-06-22 15:11:24 [INFO   ] PROGRESS |   the platform, and the type of strategic investors we are looking for.
2026-06-22 15:11:24 [INFO   ] PROGRESS |   Please reply to this email or call me if you would like to explore it.
2026-06-22 15:11:24 [INFO   ] PROGRESS |   Warm Regards,
2026-06-22 15:11:24 [INFO   ] PROGRESS |   Sandeep Jain
2026-06-22 15:11:24 [INFO   ] PROGRESS |   Founder, PlacementHub
2026-06-22 15:11:24 [INFO   ] PROGRESS |   +91-9860090620
2026-06-22 15:11:24 [INFO   ] PROGRESS |   sandeepjain200019@gmail.com
2026-06-22 15:11:24 [INFO   ] PROGRESS |   Detailed Profile
2026-06-22 15:11:24 [INFO   ] PROGRESS |   Detailed Note on Funding Requirement
2026-06-22 15:11:24 [INFO   ] --------------------------------------------------------------
2026-06-22 15:11:24 [INFO   ] 
2026-06-22 15:11:24 [INFO   ] 
2026-06-22 15:11:24 [INFO   ] PROGRESS | Email preview — To: anuprita_gawande@yahoo.co.in | Subject: PlacementHub pre-seed intro with ANUPRITA ASHISH GAWANDE
2026-06-22 15:11:26 [INFO   ] SENT (Brevo) -> anuprita_gawande@yahoo.co.in (ANUPRITA ASHISH GAWANDE) | PlacementHub pre-seed intro with ANUPRITA ASHISH GAWANDE | messageId=<202606220941.71537671974@smtp-relay.mailin.fr> (API accepted; run audit-brevo to confirm delivery)
2026-06-22 15:11:26 [INFO   ] Sleeping for 10 seconds
2026-06-22 15:11:36 [INFO   ] PROGRESS | Send 48/50 | SENT | anuprita_gawande@yahoo.co.in | ANUPRITA ASHISH GAWANDE [Chartered Accountants & Company Secretaries] | ok=46 fail=2 skip=0
2026-06-22 15:11:36 [INFO   ] PROGRESS | Send 49/50 | SENDING | yashika@jbtm.in | YASHIKA VINOD JAIN [Chartered Accountants & Company Secretaries] | ok=46 fail=2 skip=0
2026-06-22 15:11:38 [INFO   ] --------------------------------------------------------------
2026-06-22 15:11:38 [INFO   ] PROGRESS | Email content — To: yashika@jbtm.in
2026-06-22 15:11:38 [INFO   ] PROGRESS | Subject: PlacementHub pre-seed intro with YASHIKA VINOD JAIN
2026-06-22 15:11:38 [INFO   ] PROGRESS | Body:
2026-06-22 15:11:38 [INFO   ] PROGRESS |   Dear Sir/Madam,
2026-06-22 15:11:38 [INFO   ] PROGRESS |   I am reaching out to introduce PlacementHub and explore whether any of your investor, entrepreneur, or
2026-06-22 15:11:38 [INFO   ] PROGRESS |   HNI clients may be open to reviewing a strategic seed opportunity.
2026-06-22 15:11:38 [INFO   ] PROGRESS |   My name is Sandeep Jain. PlacementHub is currently in its pre-seed fundraising stage, and I am
2026-06-22 15:11:38 [INFO   ] PROGRESS |   soliciting strategic seed investment for the same. PlacementHub is a campus placement and employability
2026-06-22 15:11:38 [INFO   ] PROGRESS |   platform connecting students, colleges, and recruiters. The product is built and in early
2026-06-22 15:11:38 [INFO   ] PROGRESS |   commercialization.
2026-06-22 15:11:38 [INFO   ] PROGRESS |   For reference, the detailed business plan, including the business model and go-to-market strategies, is
2026-06-22 15:11:38 [INFO   ] PROGRESS |   available here:
2026-06-22 15:11:38 [INFO   ] PROGRESS |   PlacementHub Business Plan
2026-06-22 15:11:38 [INFO   ] PROGRESS |   For a Chartered Accountant firm, the relevance is mainly professional and strategic:
2026-06-22 15:11:38 [INFO   ] PROGRESS |   PlacementHub may require support across accounting, taxation, compliance, payroll, investor documentation, audit, and related professional services.
2026-06-22 15:11:38 [INFO   ] PROGRESS |   I would naturally be pleased to consider and prioritize firms that support PlacementHub during its early growth phase, subject to suitability and mutual agreement.
2026-06-22 15:11:38 [INFO   ] PROGRESS |   The relationship can begin with a simple review of the investment note and, where appropriate, introductions to suitable investor clients.
2026-06-22 15:11:38 [INFO   ] PROGRESS |   If the opportunity is worth a look, I would be happy to send the note and speak briefly about the round,
2026-06-22 15:11:38 [INFO   ] PROGRESS |   the platform, and the type of strategic investors we are looking for.
2026-06-22 15:11:38 [INFO   ] PROGRESS |   Please reply to this email or call me if you would like to explore it.
2026-06-22 15:11:38 [INFO   ] PROGRESS |   Warm Regards,
2026-06-22 15:11:38 [INFO   ] PROGRESS |   Sandeep Jain
2026-06-22 15:11:38 [INFO   ] PROGRESS |   Founder, PlacementHub
2026-06-22 15:11:38 [INFO   ] PROGRESS |   +91-9860090620
2026-06-22 15:11:38 [INFO   ] PROGRESS |   sandeepjain200019@gmail.com
2026-06-22 15:11:38 [INFO   ] PROGRESS |   Detailed Profile
2026-06-22 15:11:38 [INFO   ] PROGRESS |   Detailed Note on Funding Requirement
2026-06-22 15:11:38 [INFO   ] --------------------------------------------------------------
2026-06-22 15:11:38 [INFO   ] 
2026-06-22 15:11:38 [INFO   ] 
2026-06-22 15:11:38 [INFO   ] PROGRESS | Email preview — To: yashika@jbtm.in | Subject: PlacementHub pre-seed intro with YASHIKA VINOD JAIN
2026-06-22 15:11:39 [INFO   ] SENT (Brevo) -> yashika@jbtm.in (YASHIKA VINOD JAIN) | PlacementHub pre-seed intro with YASHIKA VINOD JAIN | messageId=<202606220941.74683314135@smtp-relay.mailin.fr> (API accepted; run audit-brevo to confirm delivery)
2026-06-22 15:11:39 [INFO   ] Sleeping for 10 seconds
2026-06-22 15:11:49 [INFO   ] PROGRESS | Send 49/50 | SENT | yashika@jbtm.in | YASHIKA VINOD JAIN [Chartered Accountants & Company Secretaries] | ok=47 fail=2 skip=0
2026-06-22 15:11:49 [INFO   ] PROGRESS | Send 50/50 | SENDING | rj4486@gmail.com | RAHUL PRAVEEN JAIN [Chartered Accountants & Company Secretaries] | ok=47 fail=2 skip=0
2026-06-22 15:11:51 [INFO   ] --------------------------------------------------------------
2026-06-22 15:11:51 [INFO   ] PROGRESS | Email content — To: rj4486@gmail.com
2026-06-22 15:11:51 [INFO   ] PROGRESS | Subject: PlacementHub pre-seed intro with RAHUL PRAVEEN JAIN
2026-06-22 15:11:51 [INFO   ] PROGRESS | Body:
2026-06-22 15:11:51 [INFO   ] PROGRESS |   Dear Sir/Madam,
2026-06-22 15:11:51 [INFO   ] PROGRESS |   I am reaching out to introduce PlacementHub and explore whether any of your investor, entrepreneur, or
2026-06-22 15:11:51 [INFO   ] PROGRESS |   HNI clients may be open to reviewing a strategic seed opportunity.
2026-06-22 15:11:51 [INFO   ] PROGRESS |   My name is Sandeep Jain. PlacementHub is currently in its pre-seed fundraising stage, and I am
2026-06-22 15:11:51 [INFO   ] PROGRESS |   soliciting strategic seed investment for the same. PlacementHub is a campus placement and employability
2026-06-22 15:11:51 [INFO   ] PROGRESS |   platform connecting students, colleges, and recruiters. The product is built and in early
2026-06-22 15:11:51 [INFO   ] PROGRESS |   commercialization.
2026-06-22 15:11:51 [INFO   ] PROGRESS |   For reference, the detailed business plan, including the business model and go-to-market strategies, is
2026-06-22 15:11:51 [INFO   ] PROGRESS |   available here:
2026-06-22 15:11:51 [INFO   ] PROGRESS |   PlacementHub Business Plan
2026-06-22 15:11:51 [INFO   ] PROGRESS |   For a Chartered Accountant firm, the relevance is mainly professional and strategic:
2026-06-22 15:11:51 [INFO   ] PROGRESS |   PlacementHub may require support across accounting, taxation, compliance, payroll, investor documentation, audit, and related professional services.
2026-06-22 15:11:51 [INFO   ] PROGRESS |   I would naturally be pleased to consider and prioritize firms that support PlacementHub during its early growth phase, subject to suitability and mutual agreement.
2026-06-22 15:11:51 [INFO   ] PROGRESS |   The relationship can begin with a simple review of the investment note and, where appropriate, introductions to suitable investor clients.
2026-06-22 15:11:51 [INFO   ] PROGRESS |   If the opportunity is worth a look, I would be happy to send the note and speak briefly about the round,
2026-06-22 15:11:51 [INFO   ] PROGRESS |   the platform, and the type of strategic investors we are looking for.
2026-06-22 15:11:51 [INFO   ] PROGRESS |   Please reply to this email or call me if you would like to explore it.
2026-06-22 15:11:51 [INFO   ] PROGRESS |   Warm Regards,
2026-06-22 15:11:51 [INFO   ] PROGRESS |   Sandeep Jain
2026-06-22 15:11:51 [INFO   ] PROGRESS |   Founder, PlacementHub
2026-06-22 15:11:51 [INFO   ] PROGRESS |   +91-9860090620
2026-06-22 15:11:51 [INFO   ] PROGRESS |   sandeepjain200019@gmail.com
2026-06-22 15:11:51 [INFO   ] PROGRESS |   Detailed Profile
2026-06-22 15:11:51 [INFO   ] PROGRESS |   Detailed Note on Funding Requirement
2026-06-22 15:11:51 [INFO   ] --------------------------------------------------------------
2026-06-22 15:11:51 [INFO   ] 
2026-06-22 15:11:51 [INFO   ] 
2026-06-22 15:11:51 [INFO   ] PROGRESS | Email preview — To: rj4486@gmail.com | Subject: PlacementHub pre-seed intro with RAHUL PRAVEEN JAIN
2026-06-22 15:11:52 [INFO   ] SENT (Brevo) -> rj4486@gmail.com (RAHUL PRAVEEN JAIN) | PlacementHub pre-seed intro with RAHUL PRAVEEN JAIN | messageId=<202606220941.51902426802@smtp-relay.mailin.fr> (API accepted; run audit-brevo to confirm delivery)
2026-06-22 15:11:52 [INFO   ] Sleeping for 10 seconds
2026-06-22 15:12:02 [INFO   ] PROGRESS | Send 50/50 | SENT | rj4486@gmail.com | RAHUL PRAVEEN JAIN [Chartered Accountants & Company Secretaries] | ok=48 fail=2 skip=0
2026-06-22 15:12:08 [INFO   ] CA send complete: {'sent': 48, 'failed': 2, 'skipped': 0, 'queue_size': 50, 'ca_only': True, 'ca_bulk_unsent': 524, 'sent_ca_connect': 48, 'sent_by_industry': {'ca_cs_firms': 48}, 'send_limit': 50}
2026-06-22 15:12:08 [INFO   ] PROGRESS | Done — CA send — 48 sent, 2 failed, 476 unsent in ca_bulk.db
